ISO-10303-21;
HEADER;
FILE_DESCRIPTION(('Open CASCADE Model'),'2;1');
FILE_NAME('Open CASCADE Shape Model','2026-09-25T16:48:57',('Author'),(
    'Open CASCADE'),'Open CASCADE STEP processor 8.0','build123d',
  'Unknown');
FILE_SCHEMA(('AUTOMOTIVE_DESIGN { 1 0 10303 214 1 1 1 1 }'));
ENDSEC;
DATA;
#1 = APPLICATION_PROTOCOL_DEFINITION('international standard',
  'automotive_design',2000,#2);
#2 = APPLICATION_CONTEXT(
  'core data for automotive mechanical design processes');
#3 = SHAPE_DEFINITION_REPRESENTATION(#4,#10);
#4 = PRODUCT_DEFINITION_SHAPE('','',#5);
#5 = PRODUCT_DEFINITION('design','',#6,#9);
#6 = PRODUCT_DEFINITION_FORMATION('','',#7);
#7 = PRODUCT('=>[0:1:1:2]','=>[0:1:1:2]','',(#8));
#8 = PRODUCT_CONTEXT('',#2,'mechanical');
#9 = PRODUCT_DEFINITION_CONTEXT('part definition',#2,'design');
#10 = SHAPE_REPRESENTATION('',(#11,#15),#19);
#11 = AXIS2_PLACEMENT_3D('',#12,#13,#14);
#12 = CARTESIAN_POINT('',(0.,0.,0.));
#13 = DIRECTION('',(0.,0.,1.));
#14 = DIRECTION('',(1.,0.,-0.));
#15 = AXIS2_PLACEMENT_3D('',#16,#17,#18);
#16 = CARTESIAN_POINT('',(22.745167296258,23.2,68.114320623485));
#17 = DIRECTION('',(0.,-1.,0.));
#18 = DIRECTION('',(0.165853892681,0.,0.986150336552));
#19 = ( GEOMETRIC_REPRESENTATION_CONTEXT(3) 
GLOBAL_UNCERTAINTY_ASSIGNED_CONTEXT((#23)) GLOBAL_UNIT_ASSIGNED_CONTEXT(
(#20,#21,#22)) REPRESENTATION_CONTEXT('Context #1',
  '3D Context with UNIT and UNCERTAINTY') );
#20 = ( LENGTH_UNIT() NAMED_UNIT(*) SI_UNIT(.MILLI.,.METRE.) );
#21 = ( NAMED_UNIT(*) PLANE_ANGLE_UNIT() SI_UNIT($,.RADIAN.) );
#22 = ( NAMED_UNIT(*) SI_UNIT($,.STERADIAN.) SOLID_ANGLE_UNIT() );
#23 = UNCERTAINTY_MEASURE_WITH_UNIT(LENGTH_MEASURE(1.E-07),#20,
  'distance_accuracy_value','confusion accuracy');
#24 = PRODUCT_RELATED_PRODUCT_CATEGORY('part',$,(#7));
#25 = SHAPE_DEFINITION_REPRESENTATION(#26,#32);
#26 = PRODUCT_DEFINITION_SHAPE('','',#27);
#27 = PRODUCT_DEFINITION('design','',#28,#31);
#28 = PRODUCT_DEFINITION_FORMATION('','',#29);
#29 = PRODUCT('COMPOUND','COMPOUND','',(#30));
#30 = PRODUCT_CONTEXT('',#2,'mechanical');
#31 = PRODUCT_DEFINITION_CONTEXT('part definition',#2,'design');
#32 = ADVANCED_BREP_SHAPE_REPRESENTATION('',(#11,#33),#5661);
#33 = MANIFOLD_SOLID_BREP('',#34);
#34 = CLOSED_SHELL('',(#35,#153,#1678,#1921,#3112,#3139,#3166,#3193,
    #3220,#3247,#3274,#3301,#3328,#3355,#3382,#3409,#3436,#3463,#3490,
    #3517,#3544,#3571,#3598,#3625,#3652,#3679,#3706,#3733,#3760,#3787,
    #3814,#3841,#3868,#3895,#3922,#3949,#3976,#4003,#4030,#4057,#4084,
    #4111,#4138,#4219,#4266,#4369,#4396,#4472,#4521,#4571,#4598,#4672,
    #4719,#4773,#4798,#4823,#4900,#5000,#5048,#5101,#5196,#5250,#5367,
    #5374,#5445,#5494,#5544,#5571,#5600,#5607,#5620,#5627,#5654));
#35 = ADVANCED_FACE('',(#36),#50,.F.);
#36 = FACE_BOUND('',#37,.F.);
#37 = EDGE_LOOP('',(#38,#73,#101,#129));
#38 = ORIENTED_EDGE('',*,*,#39,.F.);
#39 = EDGE_CURVE('',#40,#42,#44,.T.);
#40 = VERTEX_POINT('',#41);
#41 = CARTESIAN_POINT('',(-57.66236268447,52.943738449108,0.));
#42 = VERTEX_POINT('',#43);
#43 = CARTESIAN_POINT('',(-74.094123689,29.867399003446,0.));
#44 = SURFACE_CURVE('',#45,(#49,#61),.PCURVE_S1.);
#45 = LINE('',#46,#47);
#46 = CARTESIAN_POINT('',(-57.5449,53.1087,0.));
#47 = VECTOR('',#48,1.);
#48 = DIRECTION('',(-0.580037564085,-0.814589727563,0.));
#49 = PCURVE('',#50,#55);
#50 = PLANE('',#51);
#51 = AXIS2_PLACEMENT_3D('',#52,#53,#54);
#52 = CARTESIAN_POINT('',(-57.66236268447,52.943738449108,0.));
#53 = DIRECTION('',(0.814589727563,-0.580037564085,0.));
#54 = DIRECTION('',(-0.580037564085,-0.814589727563,0.));
#55 = DEFINITIONAL_REPRESENTATION('',(#56),#60);
#56 = LINE('',#57,#58);
#57 = CARTESIAN_POINT('',(-0.202508754175,0.));
#58 = VECTOR('',#59,1.);
#59 = DIRECTION('',(1.,0.));
#60 = ( GEOMETRIC_REPRESENTATION_CONTEXT(2) 
PARAMETRIC_REPRESENTATION_CONTEXT() REPRESENTATION_CONTEXT('2D SPACE',''
  ) );
#61 = PCURVE('',#62,#67);
#62 = PLANE('',#63);
#63 = AXIS2_PLACEMENT_3D('',#64,#65,#66);
#64 = CARTESIAN_POINT('',(-49.38161818633,14.312043986805,0.));
#65 = DIRECTION('',(0.,0.,1.));
#66 = DIRECTION('',(1.,0.,-0.));
#67 = DEFINITIONAL_REPRESENTATION('',(#68),#72);
#68 = LINE('',#69,#70);
#69 = CARTESIAN_POINT('',(-8.163281813667,38.796656013195));
#70 = VECTOR('',#71,1.);
#71 = DIRECTION('',(-0.580037564085,-0.814589727563));
#72 = ( GEOMETRIC_REPRESENTATION_CONTEXT(2) 
PARAMETRIC_REPRESENTATION_CONTEXT() REPRESENTATION_CONTEXT('2D SPACE',''
  ) );
#73 = ORIENTED_EDGE('',*,*,#74,.T.);
#74 = EDGE_CURVE('',#40,#75,#77,.T.);
#75 = VERTEX_POINT('',#76);
#76 = CARTESIAN_POINT('',(-57.66236268447,52.943738449108,7.2));
#77 = SURFACE_CURVE('',#78,(#82,#89),.PCURVE_S1.);
#78 = LINE('',#79,#80);
#79 = CARTESIAN_POINT('',(-57.66236268447,52.943738449108,0.));
#80 = VECTOR('',#81,1.);
#81 = DIRECTION('',(0.,0.,1.));
#82 = PCURVE('',#50,#83);
#83 = DEFINITIONAL_REPRESENTATION('',(#84),#88);
#84 = LINE('',#85,#86);
#85 = CARTESIAN_POINT('',(0.,0.));
#86 = VECTOR('',#87,1.);
#87 = DIRECTION('',(0.,-1.));
#88 = ( GEOMETRIC_REPRESENTATION_CONTEXT(2) 
PARAMETRIC_REPRESENTATION_CONTEXT() REPRESENTATION_CONTEXT('2D SPACE',''
  ) );
#89 = PCURVE('',#90,#95);
#90 = CYLINDRICAL_SURFACE('',#91,4.);
#91 = AXIS2_PLACEMENT_3D('',#92,#93,#94);
#92 = CARTESIAN_POINT('',(-54.40400377422,50.623588192769,0.));
#93 = DIRECTION('',(-0.,0.,-1.));
#94 = DIRECTION('',(-0.580037564085,-0.814589727563,0.));
#95 = DEFINITIONAL_REPRESENTATION('',(#96),#100);
#96 = LINE('',#97,#98);
#97 = CARTESIAN_POINT('',(1.570796326795,0.));
#98 = VECTOR('',#99,1.);
#99 = DIRECTION('',(0.,-1.));
#100 = ( GEOMETRIC_REPRESENTATION_CONTEXT(2) 
PARAMETRIC_REPRESENTATION_CONTEXT() REPRESENTATION_CONTEXT('2D SPACE',''
  ) );
#101 = ORIENTED_EDGE('',*,*,#102,.T.);
#102 = EDGE_CURVE('',#75,#103,#105,.T.);
#103 = VERTEX_POINT('',#104);
#104 = CARTESIAN_POINT('',(-74.094123689,29.867399003446,7.2));
#105 = SURFACE_CURVE('',#106,(#110,#117),.PCURVE_S1.);
#106 = LINE('',#107,#108);
#107 = CARTESIAN_POINT('',(-57.5449,53.1087,7.2));
#108 = VECTOR('',#109,1.);
#109 = DIRECTION('',(-0.580037564085,-0.814589727563,0.));
#110 = PCURVE('',#50,#111);
#111 = DEFINITIONAL_REPRESENTATION('',(#112),#116);
#112 = LINE('',#113,#114);
#113 = CARTESIAN_POINT('',(-0.202508754175,-7.2));
#114 = VECTOR('',#115,1.);
#115 = DIRECTION('',(1.,0.));
#116 = ( GEOMETRIC_REPRESENTATION_CONTEXT(2) 
PARAMETRIC_REPRESENTATION_CONTEXT() REPRESENTATION_CONTEXT('2D SPACE',''
  ) );
#117 = PCURVE('',#118,#123);
#118 = PLANE('',#119);
#119 = AXIS2_PLACEMENT_3D('',#120,#121,#122);
#120 = CARTESIAN_POINT('',(-49.38161818633,14.312043986805,7.2));
#121 = DIRECTION('',(0.,0.,1.));
#122 = DIRECTION('',(1.,0.,-0.));
#123 = DEFINITIONAL_REPRESENTATION('',(#124),#128);
#124 = LINE('',#125,#126);
#125 = CARTESIAN_POINT('',(-8.163281813667,38.796656013195));
#126 = VECTOR('',#127,1.);
#127 = DIRECTION('',(-0.580037564085,-0.814589727563));
#128 = ( GEOMETRIC_REPRESENTATION_CONTEXT(2) 
PARAMETRIC_REPRESENTATION_CONTEXT() REPRESENTATION_CONTEXT('2D SPACE',''
  ) );
#129 = ORIENTED_EDGE('',*,*,#130,.F.);
#130 = EDGE_CURVE('',#42,#103,#131,.T.);
#131 = SURFACE_CURVE('',#132,(#136,#142),.PCURVE_S1.);
#132 = LINE('',#133,#134);
#133 = CARTESIAN_POINT('',(-74.094123689,29.867399003446,0.));
#134 = VECTOR('',#135,1.);
#135 = DIRECTION('',(-0.,0.,1.));
#136 = PCURVE('',#50,#137);
#137 = DEFINITIONAL_REPRESENTATION('',(#138),#141);
#138 = B_SPLINE_CURVE_WITH_KNOTS('',1,(#139,#140),.UNSPECIFIED.,.F.,.F.,
  (2,2),(0.,7.2),.PIECEWISE_BEZIER_KNOTS.);
#139 = CARTESIAN_POINT('',(28.328787688872,0.));
#140 = CARTESIAN_POINT('',(28.328787688872,-7.2));
#141 = ( GEOMETRIC_REPRESENTATION_CONTEXT(2) 
PARAMETRIC_REPRESENTATION_CONTEXT() REPRESENTATION_CONTEXT('2D SPACE',''
  ) );
#142 = PCURVE('',#143,#148);
#143 = PLANE('',#144);
#144 = AXIS2_PLACEMENT_3D('',#145,#146,#147);
#145 = CARTESIAN_POINT('',(-67.17096020689,-11.29702522273,-0.));
#146 = DIRECTION('',(0.986150336552,0.165853892681,0.));
#147 = DIRECTION('',(-0.165853892681,0.986150336552,0.));
#148 = DEFINITIONAL_REPRESENTATION('',(#149),#152);
#149 = B_SPLINE_CURVE_WITH_KNOTS('',1,(#150,#151),.UNSPECIFIED.,.F.,.F.,
  (2,2),(0.,7.2),.PIECEWISE_BEZIER_KNOTS.);
#150 = CARTESIAN_POINT('',(41.742544417812,0.));
#151 = CARTESIAN_POINT('',(41.742544417812,7.2));
#152 = ( GEOMETRIC_REPRESENTATION_CONTEXT(2) 
PARAMETRIC_REPRESENTATION_CONTEXT() REPRESENTATION_CONTEXT('2D SPACE',''
  ) );
#153 = ADVANCED_FACE('',(#154,#1452,#1565),#62,.F.);
#154 = FACE_BOUND('',#155,.F.);
#155 = EDGE_LOOP('',(#156,#157,#178,#206,#239,#267,#300,#328,#361,#389,
    #422,#450,#483,#511,#544,#572,#605,#633,#666,#694,#727,#755,#788,
    #816,#849,#877,#910,#938,#971,#999,#1032,#1060,#1093,#1121,#1154,
    #1182,#1215,#1243,#1276,#1304,#1337,#1365,#1398,#1426));
#156 = ORIENTED_EDGE('',*,*,#39,.T.);
#157 = ORIENTED_EDGE('',*,*,#158,.F.);
#158 = EDGE_CURVE('',#159,#42,#161,.T.);
#159 = VERTEX_POINT('',#160);
#160 = CARTESIAN_POINT('',(-63.83779864299,-31.11566405526,0.));
#161 = SURFACE_CURVE('',#162,(#166,#172),.PCURVE_S1.);
#162 = LINE('',#163,#164);
#163 = CARTESIAN_POINT('',(-69.02055955053,-0.299496097927,0.));
#164 = VECTOR('',#165,1.);
#165 = DIRECTION('',(-0.165853892681,0.986150336552,0.));
#166 = PCURVE('',#62,#167);
#167 = DEFINITIONAL_REPRESENTATION('',(#168),#171);
#168 = B_SPLINE_CURVE_WITH_KNOTS('',1,(#169,#170),.UNSPECIFIED.,.F.,.F.,
  (2,2),(-31.43447422414,49.380847358871),.PIECEWISE_BEZIER_KNOTS.);
#169 = CARTESIAN_POINT('',(-14.42541144974,-45.61065742022));
#170 = CARTESIAN_POINT('',(-27.82894712256,34.085399157464));
#171 = ( GEOMETRIC_REPRESENTATION_CONTEXT(2) 
PARAMETRIC_REPRESENTATION_CONTEXT() REPRESENTATION_CONTEXT('2D SPACE',''
  ) );
#172 = PCURVE('',#143,#173);
#173 = DEFINITIONAL_REPRESENTATION('',(#174),#177);
#174 = B_SPLINE_CURVE_WITH_KNOTS('',1,(#175,#176),.UNSPECIFIED.,.F.,.F.,
  (2,2),(-31.43447422414,49.380847358871),.PIECEWISE_BEZIER_KNOTS.);
#175 = CARTESIAN_POINT('',(-20.28249392542,0.));
#176 = CARTESIAN_POINT('',(60.53282765759,0.));
#177 = ( GEOMETRIC_REPRESENTATION_CONTEXT(2) 
PARAMETRIC_REPRESENTATION_CONTEXT() REPRESENTATION_CONTEXT('2D SPACE',''
  ) );
#178 = ORIENTED_EDGE('',*,*,#179,.T.);
#179 = EDGE_CURVE('',#159,#180,#182,.T.);
#180 = VERTEX_POINT('',#181);
#181 = CARTESIAN_POINT('',(-51.35974827735,-30.27302120488,0.));
#182 = SURFACE_CURVE('',#183,(#187,#194),.PCURVE_S1.);
#183 = LINE('',#184,#185);
#184 = CARTESIAN_POINT('',(-67.8484,-31.3865,0.));
#185 = VECTOR('',#186,1.);
#186 = DIRECTION('',(0.997727618073,6.737655477943E-02,0.));
#187 = PCURVE('',#62,#188);
#188 = DEFINITIONAL_REPRESENTATION('',(#189),#193);
#189 = LINE('',#190,#191);
#190 = CARTESIAN_POINT('',(-18.46678181366,-45.6985439868));
#191 = VECTOR('',#192,1.);
#192 = DIRECTION('',(0.997727618073,6.737655477943E-02));
#193 = ( GEOMETRIC_REPRESENTATION_CONTEXT(2) 
PARAMETRIC_REPRESENTATION_CONTEXT() REPRESENTATION_CONTEXT('2D SPACE',''
  ) );
#194 = PCURVE('',#195,#200);
#195 = PLANE('',#196);
#196 = AXIS2_PLACEMENT_3D('',#197,#198,#199);
#197 = CARTESIAN_POINT('',(-66.4123555498,-31.28952390571,0.));
#198 = DIRECTION('',(-6.737655477943E-02,0.997727618073,0.));
#199 = DIRECTION('',(0.997727618073,6.737655477943E-02,0.));
#200 = DEFINITIONAL_REPRESENTATION('',(#201),#205);
#201 = LINE('',#202,#203);
#202 = CARTESIAN_POINT('',(-1.439315123869,-0.));
#203 = VECTOR('',#204,1.);
#204 = DIRECTION('',(1.,0.));
#205 = ( GEOMETRIC_REPRESENTATION_CONTEXT(2) 
PARAMETRIC_REPRESENTATION_CONTEXT() REPRESENTATION_CONTEXT('2D SPACE',''
  ) );
#206 = ORIENTED_EDGE('',*,*,#207,.F.);
#207 = EDGE_CURVE('',#208,#180,#210,.T.);
#208 = VERTEX_POINT('',#209);
#209 = CARTESIAN_POINT('',(-48.58550777416,-28.87741531788,0.));
#210 = SURFACE_CURVE('',#211,(#216,#227),.PCURVE_S1.);
#211 = CIRCLE('',#212,4.);
#212 = AXIS2_PLACEMENT_3D('',#213,#214,#215);
#213 = CARTESIAN_POINT('',(-51.62925449646,-26.28211073258,0.));
#214 = DIRECTION('',(0.,0.,-1.));
#215 = DIRECTION('',(0.648826146324,0.760936680576,0.));
#216 = PCURVE('',#62,#217);
#217 = DEFINITIONAL_REPRESENTATION('',(#218),#226);
#218 = ( BOUNDED_CURVE() B_SPLINE_CURVE(2,(#219,#220,#221,#222,#223,#224
,#225),.UNSPECIFIED.,.T.,.F.) B_SPLINE_CURVE_WITH_KNOTS((1,2,2,2,2,1),(
    -2.094395102393,0.,2.094395102393,4.188790204786,6.28318530718,
8.377580409573),.UNSPECIFIED.) CURVE() GEOMETRIC_REPRESENTATION_ITEM() 
RATIONAL_B_SPLINE_CURVE((1.,0.5,1.,0.5,1.,0.5,1.)) REPRESENTATION_ITEM(
  '') );
#219 = CARTESIAN_POINT('',(0.34766827516,-37.55040799708));
#220 = CARTESIAN_POINT('',(5.619592243563,-42.04560739993));
#221 = CARTESIAN_POINT('',(-0.909326618584,-44.36362778197));
#222 = CARTESIAN_POINT('',(-7.43824548073,-46.681648164));
#223 = CARTESIAN_POINT('',(-6.181250586986,-39.86842837912));
#224 = CARTESIAN_POINT('',(-4.924255693242,-33.05520859423));
#225 = CARTESIAN_POINT('',(0.34766827516,-37.55040799708));
#226 = ( GEOMETRIC_REPRESENTATION_CONTEXT(2) 
PARAMETRIC_REPRESENTATION_CONTEXT() REPRESENTATION_CONTEXT('2D SPACE',''
  ) );
#227 = PCURVE('',#228,#233);
#228 = CYLINDRICAL_SURFACE('',#229,4.);
#229 = AXIS2_PLACEMENT_3D('',#230,#231,#232);
#230 = CARTESIAN_POINT('',(-51.62925449646,-26.28211073258,0.));
#231 = DIRECTION('',(0.,0.,-1.));
#232 = DIRECTION('',(0.648826146324,0.760936680576,0.));
#233 = DEFINITIONAL_REPRESENTATION('',(#234),#238);
#234 = LINE('',#235,#236);
#235 = CARTESIAN_POINT('',(0.,0.));
#236 = VECTOR('',#237,1.);
#237 = DIRECTION('',(1.,0.));
#238 = ( GEOMETRIC_REPRESENTATION_CONTEXT(2) 
PARAMETRIC_REPRESENTATION_CONTEXT() REPRESENTATION_CONTEXT('2D SPACE',''
  ) );
#239 = ORIENTED_EDGE('',*,*,#240,.T.);
#240 = EDGE_CURVE('',#208,#241,#243,.T.);
#241 = VERTEX_POINT('',#242);
#242 = CARTESIAN_POINT('',(-21.93074853804,2.383014197166,0.));
#243 = SURFACE_CURVE('',#244,(#248,#255),.PCURVE_S1.);
#244 = LINE('',#245,#246);
#245 = CARTESIAN_POINT('',(-49.6787,-30.1595,0.));
#246 = VECTOR('',#247,1.);
#247 = DIRECTION('',(0.648826146324,0.760936680576,0.));
#248 = PCURVE('',#62,#249);
#249 = DEFINITIONAL_REPRESENTATION('',(#250),#254);
#250 = LINE('',#251,#252);
#251 = CARTESIAN_POINT('',(-0.297081813667,-44.4715439868));
#252 = VECTOR('',#253,1.);
#253 = DIRECTION('',(0.648826146324,0.760936680576));
#254 = ( GEOMETRIC_REPRESENTATION_CONTEXT(2) 
PARAMETRIC_REPRESENTATION_CONTEXT() REPRESENTATION_CONTEXT('2D SPACE',''
  ) );
#255 = PCURVE('',#256,#261);
#256 = PLANE('',#257);
#257 = AXIS2_PLACEMENT_3D('',#258,#259,#260);
#258 = CARTESIAN_POINT('',(-48.58550777416,-28.87741531788,0.));
#259 = DIRECTION('',(-0.760936680576,0.648826146324,0.));
#260 = DIRECTION('',(0.648826146324,0.760936680576,0.));
#261 = DEFINITIONAL_REPRESENTATION('',(#262),#266);
#262 = LINE('',#263,#264);
#263 = CARTESIAN_POINT('',(-1.684876961307,-0.));
#264 = VECTOR('',#265,1.);
#265 = DIRECTION('',(1.,0.));
#266 = ( GEOMETRIC_REPRESENTATION_CONTEXT(2) 
PARAMETRIC_REPRESENTATION_CONTEXT() REPRESENTATION_CONTEXT('2D SPACE',''
  ) );
#267 = ORIENTED_EDGE('',*,*,#268,.F.);
#268 = EDGE_CURVE('',#269,#241,#271,.T.);
#269 = VERTEX_POINT('',#270);
#270 = CARTESIAN_POINT('',(-20.98380526278,5.251070213891,0.));
#271 = SURFACE_CURVE('',#272,(#277,#288),.PCURVE_S1.);
#272 = CIRCLE('',#273,4.);
#273 = AXIS2_PLACEMENT_3D('',#274,#275,#276);
#274 = CARTESIAN_POINT('',(-24.97449526034,4.978318782462,0.));
#275 = DIRECTION('',(0.,0.,-1.));
#276 = DIRECTION('',(-6.818785785709E-02,0.997672499391,0.));
#277 = PCURVE('',#62,#278);
#278 = DEFINITIONAL_REPRESENTATION('',(#279),#287);
#279 = ( BOUNDED_CURVE() B_SPLINE_CURVE(2,(#280,#281,#282,#283,#284,#285
,#286),.UNSPECIFIED.,.T.,.F.) B_SPLINE_CURVE_WITH_KNOTS((1,2,2,2,2,1),(
    -2.094395102393,0.,2.094395102393,4.188790204786,6.28318530718,
8.377580409573),.UNSPECIFIED.) CURVE() GEOMETRIC_REPRESENTATION_ITEM() 
RATIONAL_B_SPLINE_CURVE((1.,0.5,1.,0.5,1.,0.5,1.)) REPRESENTATION_ITEM(
  '') );
#280 = CARTESIAN_POINT('',(24.134371494556,-5.343035206779));
#281 = CARTESIAN_POINT('',(31.046449327593,-4.870615869708));
#282 = CARTESIAN_POINT('',(27.999537558217,-11.09286053458));
#283 = CARTESIAN_POINT('',(24.952625788841,-17.31510519947));
#284 = CARTESIAN_POINT('',(21.08745972518,-11.56527987166));
#285 = CARTESIAN_POINT('',(17.222293661519,-5.81545454385));
#286 = CARTESIAN_POINT('',(24.134371494556,-5.343035206779));
#287 = ( GEOMETRIC_REPRESENTATION_CONTEXT(2) 
PARAMETRIC_REPRESENTATION_CONTEXT() REPRESENTATION_CONTEXT('2D SPACE',''
  ) );
#288 = PCURVE('',#289,#294);
#289 = CYLINDRICAL_SURFACE('',#290,4.);
#290 = AXIS2_PLACEMENT_3D('',#291,#292,#293);
#291 = CARTESIAN_POINT('',(-24.97449526034,4.978318782462,0.));
#292 = DIRECTION('',(0.,0.,-1.));
#293 = DIRECTION('',(-6.818785785709E-02,0.997672499391,0.));
#294 = DEFINITIONAL_REPRESENTATION('',(#295),#299);
#295 = LINE('',#296,#297);
#296 = CARTESIAN_POINT('',(0.,0.));
#297 = VECTOR('',#298,1.);
#298 = DIRECTION('',(1.,0.));
#299 = ( GEOMETRIC_REPRESENTATION_CONTEXT(2) 
PARAMETRIC_REPRESENTATION_CONTEXT() REPRESENTATION_CONTEXT('2D SPACE',''
  ) );
#300 = ORIENTED_EDGE('',*,*,#301,.T.);
#301 = EDGE_CURVE('',#269,#302,#304,.T.);
#302 = VERTEX_POINT('',#303);
#303 = CARTESIAN_POINT('',(-23.6162023849,43.76628830032,0.));
#304 = SURFACE_CURVE('',#305,(#309,#316),.PCURVE_S1.);
#305 = LINE('',#306,#307);
#306 = CARTESIAN_POINT('',(-20.8726,3.624,0.));
#307 = VECTOR('',#308,1.);
#308 = DIRECTION('',(-6.818785785709E-02,0.997672499391,0.));
#309 = PCURVE('',#62,#310);
#310 = DEFINITIONAL_REPRESENTATION('',(#311),#315);
#311 = LINE('',#312,#313);
#312 = CARTESIAN_POINT('',(28.509018186333,-10.6880439868));
#313 = VECTOR('',#314,1.);
#314 = DIRECTION('',(-6.818785785709E-02,0.997672499391));
#315 = ( GEOMETRIC_REPRESENTATION_CONTEXT(2) 
PARAMETRIC_REPRESENTATION_CONTEXT() REPRESENTATION_CONTEXT('2D SPACE',''
  ) );
#316 = PCURVE('',#317,#322);
#317 = PLANE('',#318);
#318 = AXIS2_PLACEMENT_3D('',#319,#320,#321);
#319 = CARTESIAN_POINT('',(-20.98380526278,5.251070213891,0.));
#320 = DIRECTION('',(-0.997672499391,-6.818785785709E-02,0.));
#321 = DIRECTION('',(-6.818785785709E-02,0.997672499391,0.));
#322 = DEFINITIONAL_REPRESENTATION('',(#323),#327);
#323 = LINE('',#324,#325);
#324 = CARTESIAN_POINT('',(-1.630866055629,-0.));
#325 = VECTOR('',#326,1.);
#326 = DIRECTION('',(1.,0.));
#327 = ( GEOMETRIC_REPRESENTATION_CONTEXT(2) 
PARAMETRIC_REPRESENTATION_CONTEXT() REPRESENTATION_CONTEXT('2D SPACE',''
  ) );
#328 = ORIENTED_EDGE('',*,*,#329,.F.);
#329 = EDGE_CURVE('',#330,#302,#332,.T.);
#330 = VERTEX_POINT('',#331);
#331 = CARTESIAN_POINT('',(-23.6837669999,44.27397727833,0.));
#332 = SURFACE_CURVE('',#333,(#338,#349),.PCURVE_S1.);
#333 = CIRCLE('',#334,4.);
#334 = AXIS2_PLACEMENT_3D('',#335,#336,#337);
#335 = CARTESIAN_POINT('',(-27.60689238246,43.493536868892,0.));
#336 = DIRECTION('',(0.,0.,-1.));
#337 = DIRECTION('',(-0.19511010236,0.980781345641,0.));
#338 = PCURVE('',#62,#339);
#339 = DEFINITIONAL_REPRESENTATION('',(#340),#348);
#340 = ( BOUNDED_CURVE() B_SPLINE_CURVE(2,(#341,#342,#343,#344,#345,#346
,#347),.UNSPECIFIED.,.T.,.F.) B_SPLINE_CURVE_WITH_KNOTS((1,2,2,2,2,1),(
    -2.094395102393,0.,2.094395102393,4.188790204786,6.28318530718,
8.377580409573),.UNSPECIFIED.) CURVE() GEOMETRIC_REPRESENTATION_ITEM() 
RATIONAL_B_SPLINE_CURVE((1.,0.5,1.,0.5,1.,0.5,1.)) REPRESENTATION_ITEM(
  '') );
#341 = CARTESIAN_POINT('',(20.994285394428,33.104618264651));
#342 = CARTESIAN_POINT('',(27.789337881492,34.456380706077));
#343 = CARTESIAN_POINT('',(25.562472252117,27.895811411518));
#344 = CARTESIAN_POINT('',(23.335606622742,21.335242116959));
#345 = CARTESIAN_POINT('',(18.767419765054,26.544048970092));
#346 = CARTESIAN_POINT('',(14.199232907365,31.752855823224));
#347 = CARTESIAN_POINT('',(20.994285394428,33.104618264651));
#348 = ( GEOMETRIC_REPRESENTATION_CONTEXT(2) 
PARAMETRIC_REPRESENTATION_CONTEXT() REPRESENTATION_CONTEXT('2D SPACE',''
  ) );
#349 = PCURVE('',#350,#355);
#350 = CYLINDRICAL_SURFACE('',#351,4.);
#351 = AXIS2_PLACEMENT_3D('',#352,#353,#354);
#352 = CARTESIAN_POINT('',(-27.60689238246,43.493536868892,0.));
#353 = DIRECTION('',(0.,0.,-1.));
#354 = DIRECTION('',(-0.19511010236,0.980781345641,0.));
#355 = DEFINITIONAL_REPRESENTATION('',(#356),#360);
#356 = LINE('',#357,#358);
#357 = CARTESIAN_POINT('',(0.,0.));
#358 = VECTOR('',#359,1.);
#359 = DIRECTION('',(1.,0.));
#360 = ( GEOMETRIC_REPRESENTATION_CONTEXT(2) 
PARAMETRIC_REPRESENTATION_CONTEXT() REPRESENTATION_CONTEXT('2D SPACE',''
  ) );
#361 = ORIENTED_EDGE('',*,*,#362,.T.);
#362 = EDGE_CURVE('',#330,#363,#365,.T.);
#363 = VERTEX_POINT('',#364);
#364 = CARTESIAN_POINT('',(-24.06745597265,46.20270870971,0.));
#365 = SURFACE_CURVE('',#366,(#370,#377),.PCURVE_S1.);
#366 = LINE('',#367,#368);
#367 = CARTESIAN_POINT('',(-23.6337,44.0223,0.));
#368 = VECTOR('',#369,1.);
#369 = DIRECTION('',(-0.19511010236,0.980781345641,0.));
#370 = PCURVE('',#62,#371);
#371 = DEFINITIONAL_REPRESENTATION('',(#372),#376);
#372 = LINE('',#373,#374);
#373 = CARTESIAN_POINT('',(25.747918186333,29.710256013195));
#374 = VECTOR('',#375,1.);
#375 = DIRECTION('',(-0.19511010236,0.980781345641));
#376 = ( GEOMETRIC_REPRESENTATION_CONTEXT(2) 
PARAMETRIC_REPRESENTATION_CONTEXT() REPRESENTATION_CONTEXT('2D SPACE',''
  ) );
#377 = PCURVE('',#378,#383);
#378 = PLANE('',#379);
#379 = AXIS2_PLACEMENT_3D('',#380,#381,#382);
#380 = CARTESIAN_POINT('',(-23.6837669999,44.27397727833,0.));
#381 = DIRECTION('',(-0.980781345641,-0.19511010236,0.));
#382 = DIRECTION('',(-0.19511010236,0.980781345641,0.));
#383 = DEFINITIONAL_REPRESENTATION('',(#384),#388);
#384 = LINE('',#385,#386);
#385 = CARTESIAN_POINT('',(-0.256608957184,-0.));
#386 = VECTOR('',#387,1.);
#387 = DIRECTION('',(1.,0.));
#388 = ( GEOMETRIC_REPRESENTATION_CONTEXT(2) 
PARAMETRIC_REPRESENTATION_CONTEXT() REPRESENTATION_CONTEXT('2D SPACE',''
  ) );
#389 = ORIENTED_EDGE('',*,*,#390,.F.);
#390 = EDGE_CURVE('',#391,#363,#393,.T.);
#391 = VERTEX_POINT('',#392);
#392 = CARTESIAN_POINT('',(-24.20285809483,46.708018082604,0.));
#393 = SURFACE_CURVE('',#394,(#399,#410),.PCURVE_S1.);
#394 = CIRCLE('',#395,4.);
#395 = AXIS2_PLACEMENT_3D('',#396,#397,#398);
#396 = CARTESIAN_POINT('',(-27.99058135521,45.422268300272,0.));
#397 = DIRECTION('',(0.,0.,-1.));
#398 = DIRECTION('',(-0.321437445583,0.946930815095,0.));
#399 = PCURVE('',#62,#400);
#400 = DEFINITIONAL_REPRESENTATION('',(#401),#409);
#401 = ( BOUNDED_CURVE() B_SPLINE_CURVE(2,(#402,#403,#404,#405,#406,#407
,#408),.UNSPECIFIED.,.T.,.F.) B_SPLINE_CURVE_WITH_KNOTS((1,2,2,2,2,1),(
    -2.094395102393,0.,2.094395102393,4.188790204786,6.28318530718,
8.377580409573),.UNSPECIFIED.) CURVE() GEOMETRIC_REPRESENTATION_ITEM() 
RATIONAL_B_SPLINE_CURVE((1.,0.5,1.,0.5,1.,0.5,1.)) REPRESENTATION_ITEM(
  '') );
#402 = CARTESIAN_POINT('',(20.105287048785,34.897947573848));
#403 = CARTESIAN_POINT('',(26.665816180776,37.124931522667));
#404 = CARTESIAN_POINT('',(25.314176288279,30.329854657686));
#405 = CARTESIAN_POINT('',(23.962536395781,23.534777792704));
#406 = CARTESIAN_POINT('',(18.753647156288,28.102870708866));
#407 = CARTESIAN_POINT('',(13.544757916795,32.670963625028));
#408 = CARTESIAN_POINT('',(20.105287048785,34.897947573848));
#409 = ( GEOMETRIC_REPRESENTATION_CONTEXT(2) 
PARAMETRIC_REPRESENTATION_CONTEXT() REPRESENTATION_CONTEXT('2D SPACE',''
  ) );
#410 = PCURVE('',#411,#416);
#411 = CYLINDRICAL_SURFACE('',#412,4.);
#412 = AXIS2_PLACEMENT_3D('',#413,#414,#415);
#413 = CARTESIAN_POINT('',(-27.99058135521,45.422268300272,0.));
#414 = DIRECTION('',(0.,0.,-1.));
#415 = DIRECTION('',(-0.321437445583,0.946930815095,0.));
#416 = DEFINITIONAL_REPRESENTATION('',(#417),#421);
#417 = LINE('',#418,#419);
#418 = CARTESIAN_POINT('',(0.,0.));
#419 = VECTOR('',#420,1.);
#420 = DIRECTION('',(1.,0.));
#421 = ( GEOMETRIC_REPRESENTATION_CONTEXT(2) 
PARAMETRIC_REPRESENTATION_CONTEXT() REPRESENTATION_CONTEXT('2D SPACE',''
  ) );
#422 = ORIENTED_EDGE('',*,*,#423,.T.);
#423 = EDGE_CURVE('',#391,#424,#426,.T.);
#424 = VERTEX_POINT('',#425);
#425 = CARTESIAN_POINT('',(-24.83323105872,48.565049964594,0.));
#426 = SURFACE_CURVE('',#427,(#431,#438),.PCURVE_S1.);
#427 = LINE('',#428,#429);
#428 = CARTESIAN_POINT('',(-24.1186,46.4598,0.));
#429 = VECTOR('',#430,1.);
#430 = DIRECTION('',(-0.321437445583,0.946930815095,0.));
#431 = PCURVE('',#62,#432);
#432 = DEFINITIONAL_REPRESENTATION('',(#433),#437);
#433 = LINE('',#434,#435);
#434 = CARTESIAN_POINT('',(25.263018186333,32.147756013195));
#435 = VECTOR('',#436,1.);
#436 = DIRECTION('',(-0.321437445583,0.946930815095));
#437 = ( GEOMETRIC_REPRESENTATION_CONTEXT(2) 
PARAMETRIC_REPRESENTATION_CONTEXT() REPRESENTATION_CONTEXT('2D SPACE',''
  ) );
#438 = PCURVE('',#439,#444);
#439 = PLANE('',#440);
#440 = AXIS2_PLACEMENT_3D('',#441,#442,#443);
#441 = CARTESIAN_POINT('',(-24.20285809483,46.708018082604,0.));
#442 = DIRECTION('',(-0.946930815095,-0.321437445583,0.));
#443 = DIRECTION('',(-0.321437445583,0.946930815095,0.));
#444 = DEFINITIONAL_REPRESENTATION('',(#445),#449);
#445 = LINE('',#446,#447);
#446 = CARTESIAN_POINT('',(-0.262129058055,-0.));
#447 = VECTOR('',#448,1.);
#448 = DIRECTION('',(1.,0.));
#449 = ( GEOMETRIC_REPRESENTATION_CONTEXT(2) 
PARAMETRIC_REPRESENTATION_CONTEXT() REPRESENTATION_CONTEXT('2D SPACE',''
  ) );
#450 = ORIENTED_EDGE('',*,*,#451,.F.);
#451 = EDGE_CURVE('',#452,#424,#454,.T.);
#452 = VERTEX_POINT('',#453);
#453 = CARTESIAN_POINT('',(-25.03344984715,49.048427555779,0.));
#454 = SURFACE_CURVE('',#455,(#460,#471),.PCURVE_S1.);
#455 = CIRCLE('',#456,4.);
#456 = AXIS2_PLACEMENT_3D('',#457,#458,#459);
#457 = CARTESIAN_POINT('',(-28.6209543191,47.279300182262,0.));
#458 = DIRECTION('',(0.,0.,-1.));
#459 = DIRECTION('',(-0.442281843379,0.896876117988,0.));
#460 = PCURVE('',#62,#461);
#461 = DEFINITIONAL_REPRESENTATION('',(#462),#470);
#462 = ( BOUNDED_CURVE() B_SPLINE_CURVE(2,(#463,#464,#465,#466,#467,#468
,#469),.UNSPECIFIED.,.T.,.F.) B_SPLINE_CURVE_WITH_KNOTS((1,2,2,2,2,1),(
    -2.094395102393,0.,2.094395102393,4.188790204786,6.28318530718,
8.377580409573),.UNSPECIFIED.) CURVE() GEOMETRIC_REPRESENTATION_ITEM() 
RATIONAL_B_SPLINE_CURVE((1.,0.5,1.,0.5,1.,0.5,1.)) REPRESENTATION_ITEM(
  '') );
#463 = CARTESIAN_POINT('',(18.991536493707,36.554760667408));
#464 = CARTESIAN_POINT('',(25.205276511508,39.618979163401));
#465 = CARTESIAN_POINT('',(24.752097562883,32.705613207477));
#466 = CARTESIAN_POINT('',(24.298918614258,25.792247251553));
#467 = CARTESIAN_POINT('',(18.538357545082,29.641394711485));
#468 = CARTESIAN_POINT('',(12.777796475907,33.490542171416));
#469 = CARTESIAN_POINT('',(18.991536493707,36.554760667408));
#470 = ( GEOMETRIC_REPRESENTATION_CONTEXT(2) 
PARAMETRIC_REPRESENTATION_CONTEXT() REPRESENTATION_CONTEXT('2D SPACE',''
  ) );
#471 = PCURVE('',#472,#477);
#472 = CYLINDRICAL_SURFACE('',#473,4.);
#473 = AXIS2_PLACEMENT_3D('',#474,#475,#476);
#474 = CARTESIAN_POINT('',(-28.6209543191,47.279300182262,0.));
#475 = DIRECTION('',(0.,0.,-1.));
#476 = DIRECTION('',(-0.442281843379,0.896876117988,0.));
#477 = DEFINITIONAL_REPRESENTATION('',(#478),#482);
#478 = LINE('',#479,#480);
#479 = CARTESIAN_POINT('',(0.,0.));
#480 = VECTOR('',#481,1.);
#481 = DIRECTION('',(1.,0.));
#482 = ( GEOMETRIC_REPRESENTATION_CONTEXT(2) 
PARAMETRIC_REPRESENTATION_CONTEXT() REPRESENTATION_CONTEXT('2D SPACE',''
  ) );
#483 = ORIENTED_EDGE('',*,*,#484,.T.);
#484 = EDGE_CURVE('',#452,#485,#487,.T.);
#485 = VERTEX_POINT('',#486);
#486 = CARTESIAN_POINT('',(-25.90071599627,50.807103180225,0.));
#487 = SURFACE_CURVE('',#488,(#492,#499),.PCURVE_S1.);
#488 = LINE('',#489,#490);
#489 = CARTESIAN_POINT('',(-24.9175,48.8133,0.));
#490 = VECTOR('',#491,1.);
#491 = DIRECTION('',(-0.442281843379,0.896876117988,0.));
#492 = PCURVE('',#62,#493);
#493 = DEFINITIONAL_REPRESENTATION('',(#494),#498);
#494 = LINE('',#495,#496);
#495 = CARTESIAN_POINT('',(24.464118186333,34.501256013195));
#496 = VECTOR('',#497,1.);
#497 = DIRECTION('',(-0.442281843379,0.896876117988));
#498 = ( GEOMETRIC_REPRESENTATION_CONTEXT(2) 
PARAMETRIC_REPRESENTATION_CONTEXT() REPRESENTATION_CONTEXT('2D SPACE',''
  ) );
#499 = PCURVE('',#500,#505);
#500 = PLANE('',#501);
#501 = AXIS2_PLACEMENT_3D('',#502,#503,#504);
#502 = CARTESIAN_POINT('',(-25.03344984715,49.048427555779,0.));
#503 = DIRECTION('',(-0.896876117988,-0.442281843379,0.));
#504 = DIRECTION('',(-0.442281843379,0.896876117988,0.));
#505 = DEFINITIONAL_REPRESENTATION('',(#506),#510);
#506 = LINE('',#507,#508);
#507 = CARTESIAN_POINT('',(-0.262162801599,-0.));
#508 = VECTOR('',#509,1.);
#509 = DIRECTION('',(1.,0.));
#510 = ( GEOMETRIC_REPRESENTATION_CONTEXT(2) 
PARAMETRIC_REPRESENTATION_CONTEXT() REPRESENTATION_CONTEXT('2D SPACE',''
  ) );
#511 = ORIENTED_EDGE('',*,*,#512,.F.);
#512 = EDGE_CURVE('',#513,#485,#515,.T.);
#513 = VERTEX_POINT('',#514);
#514 = CARTESIAN_POINT('',(-26.1623982738,51.26034092772,0.));
#515 = SURFACE_CURVE('',#516,(#521,#532),.PCURVE_S1.);
#516 = CIRCLE('',#517,4.);
#517 = AXIS2_PLACEMENT_3D('',#518,#519,#520);
#518 = CARTESIAN_POINT('',(-29.48822046823,49.037975806708,0.));
#519 = DIRECTION('',(0.,0.,-1.));
#520 = DIRECTION('',(-0.555591280253,0.831455548606,0.));
#521 = PCURVE('',#62,#522);
#522 = DEFINITIONAL_REPRESENTATION('',(#523),#531);
#523 = ( BOUNDED_CURVE() B_SPLINE_CURVE(2,(#524,#525,#526,#527,#528,#529
,#530),.UNSPECIFIED.,.T.,.F.) B_SPLINE_CURVE_WITH_KNOTS((1,2,2,2,2,1),(
    -2.094395102393,0.,2.094395102393,4.188790204786,6.28318530718,
8.377580409573),.UNSPECIFIED.) CURVE() GEOMETRIC_REPRESENTATION_ITEM() 
RATIONAL_B_SPLINE_CURVE((1.,0.5,1.,0.5,1.,0.5,1.)) REPRESENTATION_ITEM(
  '') );
#524 = CARTESIAN_POINT('',(17.671032597091,38.051754014325));
#525 = CARTESIAN_POINT('',(23.431525614771,41.901003316886));
#526 = CARTESIAN_POINT('',(23.884826787449,34.987645373972));
#527 = CARTESIAN_POINT('',(24.338127960126,28.074287431059));
#528 = CARTESIAN_POINT('',(18.124333769769,31.138396071412));
#529 = CARTESIAN_POINT('',(11.910539579412,34.202504711764));
#530 = CARTESIAN_POINT('',(17.671032597091,38.051754014325));
#531 = ( GEOMETRIC_REPRESENTATION_CONTEXT(2) 
PARAMETRIC_REPRESENTATION_CONTEXT() REPRESENTATION_CONTEXT('2D SPACE',''
  ) );
#532 = PCURVE('',#533,#538);
#533 = CYLINDRICAL_SURFACE('',#534,4.);
#534 = AXIS2_PLACEMENT_3D('',#535,#536,#537);
#535 = CARTESIAN_POINT('',(-29.48822046823,49.037975806708,0.));
#536 = DIRECTION('',(0.,0.,-1.));
#537 = DIRECTION('',(-0.555591280253,0.831455548606,0.));
#538 = DEFINITIONAL_REPRESENTATION('',(#539),#543);
#539 = LINE('',#540,#541);
#540 = CARTESIAN_POINT('',(0.,0.));
#541 = VECTOR('',#542,1.);
#542 = DIRECTION('',(1.,0.));
#543 = ( GEOMETRIC_REPRESENTATION_CONTEXT(2) 
PARAMETRIC_REPRESENTATION_CONTEXT() REPRESENTATION_CONTEXT('2D SPACE',''
  ) );
#544 = ORIENTED_EDGE('',*,*,#545,.T.);
#545 = EDGE_CURVE('',#513,#546,#548,.T.);
#546 = VERTEX_POINT('',#547);
#547 = CARTESIAN_POINT('',(-27.25187289343,52.890765575754,0.));
#548 = SURFACE_CURVE('',#549,(#553,#560),.PCURVE_S1.);
#549 = LINE('',#550,#551);
#550 = CARTESIAN_POINT('',(-26.0167,51.0423,0.));
#551 = VECTOR('',#552,1.);
#552 = DIRECTION('',(-0.555591280253,0.831455548606,0.));
#553 = PCURVE('',#62,#554);
#554 = DEFINITIONAL_REPRESENTATION('',(#555),#559);
#555 = LINE('',#556,#557);
#556 = CARTESIAN_POINT('',(23.364918186333,36.730256013195));
#557 = VECTOR('',#558,1.);
#558 = DIRECTION('',(-0.555591280253,0.831455548606));
#559 = ( GEOMETRIC_REPRESENTATION_CONTEXT(2) 
PARAMETRIC_REPRESENTATION_CONTEXT() REPRESENTATION_CONTEXT('2D SPACE',''
  ) );
#560 = PCURVE('',#561,#566);
#561 = PLANE('',#562);
#562 = AXIS2_PLACEMENT_3D('',#563,#564,#565);
#563 = CARTESIAN_POINT('',(-26.1623982738,51.26034092772,0.));
#564 = DIRECTION('',(-0.831455548606,-0.555591280253,0.));
#565 = DIRECTION('',(-0.555591280253,0.831455548606,0.));
#566 = DEFINITIONAL_REPRESENTATION('',(#567),#571);
#567 = LINE('',#568,#569);
#568 = CARTESIAN_POINT('',(-0.262240029651,-0.));
#569 = VECTOR('',#570,1.);
#570 = DIRECTION('',(1.,0.));
#571 = ( GEOMETRIC_REPRESENTATION_CONTEXT(2) 
PARAMETRIC_REPRESENTATION_CONTEXT() REPRESENTATION_CONTEXT('2D SPACE',''
  ) );
#572 = ORIENTED_EDGE('',*,*,#573,.F.);
#573 = EDGE_CURVE('',#574,#546,#576,.T.);
#574 = VERTEX_POINT('',#575);
#575 = CARTESIAN_POINT('',(-27.57032132255,53.305767140611,0.));
#576 = SURFACE_CURVE('',#577,(#582,#593),.PCURVE_S1.);
#577 = CIRCLE('',#578,4.);
#578 = AXIS2_PLACEMENT_3D('',#579,#580,#581);
#579 = CARTESIAN_POINT('',(-30.57769508786,50.668400454743,0.));
#580 = DIRECTION('',(0.,0.,-1.));
#581 = DIRECTION('',(-0.659341671467,0.751843441327,0.));
#582 = PCURVE('',#62,#583);
#583 = DEFINITIONAL_REPRESENTATION('',(#584),#592);
#584 = ( BOUNDED_CURVE() B_SPLINE_CURVE(2,(#585,#586,#587,#588,#589,#590
,#591),.UNSPECIFIED.,.T.,.F.) B_SPLINE_CURVE_WITH_KNOTS((1,2,2,2,2,1),(
    -2.094395102393,0.,2.094395102393,4.188790204786,6.28318530718,
8.377580409573),.UNSPECIFIED.) CURVE() GEOMETRIC_REPRESENTATION_ITEM() 
RATIONAL_B_SPLINE_CURVE((1.,0.5,1.,0.5,1.,0.5,1.)) REPRESENTATION_ITEM(
  '') );
#585 = CARTESIAN_POINT('',(16.166556412604,39.363730233247));
#586 = CARTESIAN_POINT('',(21.37548057147,43.93178333136));
#587 = CARTESIAN_POINT('',(22.727068520839,37.136696134339));
#588 = CARTESIAN_POINT('',(24.078656470208,30.341608937318));
#589 = CARTESIAN_POINT('',(17.518144361973,32.568643036226));
#590 = CARTESIAN_POINT('',(10.957632253738,34.795677135134));
#591 = CARTESIAN_POINT('',(16.166556412604,39.363730233247));
#592 = ( GEOMETRIC_REPRESENTATION_CONTEXT(2) 
PARAMETRIC_REPRESENTATION_CONTEXT() REPRESENTATION_CONTEXT('2D SPACE',''
  ) );
#593 = PCURVE('',#594,#599);
#594 = CYLINDRICAL_SURFACE('',#595,4.);
#595 = AXIS2_PLACEMENT_3D('',#596,#597,#598);
#596 = CARTESIAN_POINT('',(-30.57769508786,50.668400454743,0.));
#597 = DIRECTION('',(0.,0.,-1.));
#598 = DIRECTION('',(-0.659341671467,0.751843441327,0.));
#599 = DEFINITIONAL_REPRESENTATION('',(#600),#604);
#600 = LINE('',#601,#602);
#601 = CARTESIAN_POINT('',(0.,0.));
#602 = VECTOR('',#603,1.);
#603 = DIRECTION('',(1.,0.));
#604 = ( GEOMETRIC_REPRESENTATION_CONTEXT(2) 
PARAMETRIC_REPRESENTATION_CONTEXT() REPRESENTATION_CONTEXT('2D SPACE',''
  ) );
#605 = ORIENTED_EDGE('',*,*,#606,.T.);
#606 = EDGE_CURVE('',#574,#607,#609,.T.);
#607 = VERTEX_POINT('',#608);
#608 = CARTESIAN_POINT('',(-28.86335839165,54.780209727612,0.));
#609 = SURFACE_CURVE('',#610,(#614,#621),.PCURVE_S1.);
#610 = LINE('',#611,#612);
#611 = CARTESIAN_POINT('',(-27.3975,53.1087,0.));
#612 = VECTOR('',#613,1.);
#613 = DIRECTION('',(-0.659341671467,0.751843441327,0.));
#614 = PCURVE('',#62,#615);
#615 = DEFINITIONAL_REPRESENTATION('',(#616),#620);
#616 = LINE('',#617,#618);
#617 = CARTESIAN_POINT('',(21.984118186333,38.796656013195));
#618 = VECTOR('',#619,1.);
#619 = DIRECTION('',(-0.659341671467,0.751843441327));
#620 = ( GEOMETRIC_REPRESENTATION_CONTEXT(2) 
PARAMETRIC_REPRESENTATION_CONTEXT() REPRESENTATION_CONTEXT('2D SPACE',''
  ) );
#621 = PCURVE('',#622,#627);
#622 = PLANE('',#623);
#623 = AXIS2_PLACEMENT_3D('',#624,#625,#626);
#624 = CARTESIAN_POINT('',(-27.57032132255,53.305767140611,0.));
#625 = DIRECTION('',(-0.751843441327,-0.659341671467,0.));
#626 = DIRECTION('',(-0.659341671467,0.751843441327,0.));
#627 = DEFINITIONAL_REPRESENTATION('',(#628),#632);
#628 = LINE('',#629,#630);
#629 = CARTESIAN_POINT('',(-0.262111936845,-0.));
#630 = VECTOR('',#631,1.);
#631 = DIRECTION('',(1.,0.));
#632 = ( GEOMETRIC_REPRESENTATION_CONTEXT(2) 
PARAMETRIC_REPRESENTATION_CONTEXT() REPRESENTATION_CONTEXT('2D SPACE',''
  ) );
#633 = ORIENTED_EDGE('',*,*,#634,.F.);
#634 = EDGE_CURVE('',#635,#607,#637,.T.);
#635 = VERTEX_POINT('',#636);
#636 = CARTESIAN_POINT('',(-29.23328568685,55.150146837063,0.));
#637 = SURFACE_CURVE('',#638,(#643,#654),.PCURVE_S1.);
#638 = CIRCLE('',#639,4.);
#639 = AXIS2_PLACEMENT_3D('',#640,#641,#642);
#640 = CARTESIAN_POINT('',(-31.87073215696,52.142843041744,0.));
#641 = DIRECTION('',(0.,0.,-1.));
#642 = DIRECTION('',(-0.75182594883,0.659361617526,0.));
#643 = PCURVE('',#62,#644);
#644 = DEFINITIONAL_REPRESENTATION('',(#645),#653);
#645 = ( BOUNDED_CURVE() B_SPLINE_CURVE(2,(#646,#647,#648,#649,#650,#651
,#652),.UNSPECIFIED.,.T.,.F.) B_SPLINE_CURVE_WITH_KNOTS((1,2,2,2,2,1),(
    -2.094395102393,0.,2.094395102393,4.188790204786,6.28318530718,
8.377580409573),.UNSPECIFIED.) CURVE() GEOMETRIC_REPRESENTATION_ITEM() 
RATIONAL_B_SPLINE_CURVE((1.,0.5,1.,0.5,1.,0.5,1.)) REPRESENTATION_ITEM(
  '') );
#646 = CARTESIAN_POINT('',(14.503582234054,40.468245525043));
#647 = CARTESIAN_POINT('',(19.071773522516,45.677048492329));
#648 = CARTESIAN_POINT('',(21.298633571263,39.116477303531));
#649 = CARTESIAN_POINT('',(23.525493620009,32.555906114732));
#650 = CARTESIAN_POINT('',(16.7304422828,33.907674336244));
#651 = CARTESIAN_POINT('',(9.935390945591,35.259442557756));
#652 = CARTESIAN_POINT('',(14.503582234054,40.468245525043));
#653 = ( GEOMETRIC_REPRESENTATION_CONTEXT(2) 
PARAMETRIC_REPRESENTATION_CONTEXT() REPRESENTATION_CONTEXT('2D SPACE',''
  ) );
#654 = PCURVE('',#655,#660);
#655 = CYLINDRICAL_SURFACE('',#656,4.);
#656 = AXIS2_PLACEMENT_3D('',#657,#658,#659);
#657 = CARTESIAN_POINT('',(-31.87073215696,52.142843041744,0.));
#658 = DIRECTION('',(0.,0.,-1.));
#659 = DIRECTION('',(-0.75182594883,0.659361617526,0.));
#660 = DEFINITIONAL_REPRESENTATION('',(#661),#665);
#661 = LINE('',#662,#663);
#662 = CARTESIAN_POINT('',(0.,0.));
#663 = VECTOR('',#664,1.);
#664 = DIRECTION('',(1.,0.));
#665 = ( GEOMETRIC_REPRESENTATION_CONTEXT(2) 
PARAMETRIC_REPRESENTATION_CONTEXT() REPRESENTATION_CONTEXT('2D SPACE',''
  ) );
#666 = ORIENTED_EDGE('',*,*,#667,.T.);
#667 = EDGE_CURVE('',#635,#668,#670,.T.);
#668 = VERTEX_POINT('',#669);
#669 = CARTESIAN_POINT('',(-30.70756362355,56.443108707476,0.));
#670 = SURFACE_CURVE('',#671,(#675,#682),.PCURVE_S1.);
#671 = LINE('',#672,#673);
#672 = CARTESIAN_POINT('',(-29.0362,54.9773,0.));
#673 = VECTOR('',#674,1.);
#674 = DIRECTION('',(-0.75182594883,0.659361617526,0.));
#675 = PCURVE('',#62,#676);
#676 = DEFINITIONAL_REPRESENTATION('',(#677),#681);
#677 = LINE('',#678,#679);
#678 = CARTESIAN_POINT('',(20.345418186333,40.665256013195));
#679 = VECTOR('',#680,1.);
#680 = DIRECTION('',(-0.75182594883,0.659361617526));
#681 = ( GEOMETRIC_REPRESENTATION_CONTEXT(2) 
PARAMETRIC_REPRESENTATION_CONTEXT() REPRESENTATION_CONTEXT('2D SPACE',''
  ) );
#682 = PCURVE('',#683,#688);
#683 = PLANE('',#684);
#684 = AXIS2_PLACEMENT_3D('',#685,#686,#687);
#685 = CARTESIAN_POINT('',(-29.23328568685,55.150146837063,0.));
#686 = DIRECTION('',(-0.659361617526,-0.75182594883,0.));
#687 = DIRECTION('',(-0.75182594883,0.659361617526,0.));
#688 = DEFINITIONAL_REPRESENTATION('',(#689),#693);
#689 = LINE('',#690,#691);
#690 = CARTESIAN_POINT('',(-0.262142703592,-0.));
#691 = VECTOR('',#692,1.);
#692 = DIRECTION('',(1.,0.));
#693 = ( GEOMETRIC_REPRESENTATION_CONTEXT(2) 
PARAMETRIC_REPRESENTATION_CONTEXT() REPRESENTATION_CONTEXT('2D SPACE',''
  ) );
#694 = ORIENTED_EDGE('',*,*,#695,.F.);
#695 = EDGE_CURVE('',#696,#668,#698,.T.);
#696 = VERTEX_POINT('',#697);
#697 = CARTESIAN_POINT('',(-31.12271932039,56.761676785675,0.));
#698 = SURFACE_CURVE('',#699,(#704,#715),.PCURVE_S1.);
#699 = CIRCLE('',#700,4.);
#700 = AXIS2_PLACEMENT_3D('',#701,#702,#703);
#701 = CARTESIAN_POINT('',(-33.34501009365,53.435804912157,0.));
#702 = DIRECTION('',(0.,0.,-1.));
#703 = DIRECTION('',(-0.831467968379,0.555572693316,0.));
#704 = PCURVE('',#62,#705);
#705 = DEFINITIONAL_REPRESENTATION('',(#706),#714);
#706 = ( BOUNDED_CURVE() B_SPLINE_CURVE(2,(#707,#708,#709,#710,#711,#712
,#713),.UNSPECIFIED.,.T.,.F.) B_SPLINE_CURVE_WITH_KNOTS((1,2,2,2,2,1),(
    -2.094395102393,0.,2.094395102393,4.188790204786,6.28318530718,
8.377580409573),.UNSPECIFIED.) CURVE() GEOMETRIC_REPRESENTATION_ITEM() 
RATIONAL_B_SPLINE_CURVE((1.,0.5,1.,0.5,1.,0.5,1.)) REPRESENTATION_ITEM(
  '') );
#707 = CARTESIAN_POINT('',(12.710736219157,41.346051698617));
#708 = CARTESIAN_POINT('',(16.559856747645,47.106630763015));
#709 = CARTESIAN_POINT('',(19.624104293678,40.892905070918));
#710 = CARTESIAN_POINT('',(22.688351839711,34.67917937882));
#711 = CARTESIAN_POINT('',(15.77498376519,35.13232600652));
#712 = CARTESIAN_POINT('',(8.861615690669,35.58547263422));
#713 = CARTESIAN_POINT('',(12.710736219157,41.346051698617));
#714 = ( GEOMETRIC_REPRESENTATION_CONTEXT(2) 
PARAMETRIC_REPRESENTATION_CONTEXT() REPRESENTATION_CONTEXT('2D SPACE',''
  ) );
#715 = PCURVE('',#716,#721);
#716 = CYLINDRICAL_SURFACE('',#717,4.);
#717 = AXIS2_PLACEMENT_3D('',#718,#719,#720);
#718 = CARTESIAN_POINT('',(-33.34501009365,53.435804912157,0.));
#719 = DIRECTION('',(0.,0.,-1.));
#720 = DIRECTION('',(-0.831467968379,0.555572693316,0.));
#721 = DEFINITIONAL_REPRESENTATION('',(#722),#726);
#722 = LINE('',#723,#724);
#723 = CARTESIAN_POINT('',(0.,0.));
#724 = VECTOR('',#725,1.);
#725 = DIRECTION('',(1.,0.));
#726 = ( GEOMETRIC_REPRESENTATION_CONTEXT(2) 
PARAMETRIC_REPRESENTATION_CONTEXT() REPRESENTATION_CONTEXT('2D SPACE',''
  ) );
#727 = ORIENTED_EDGE('',*,*,#728,.T.);
#728 = EDGE_CURVE('',#696,#729,#731,.T.);
#729 = VERTEX_POINT('',#730);
#730 = CARTESIAN_POINT('',(-32.75319314922,57.851131546307,0.));
#731 = SURFACE_CURVE('',#732,(#736,#743),.PCURVE_S1.);
#732 = LINE('',#733,#734);
#733 = CARTESIAN_POINT('',(-30.9047,56.616,0.));
#734 = VECTOR('',#735,1.);
#735 = DIRECTION('',(-0.831467968379,0.555572693316,0.));
#736 = PCURVE('',#62,#737);
#737 = DEFINITIONAL_REPRESENTATION('',(#738),#742);
#738 = LINE('',#739,#740);
#739 = CARTESIAN_POINT('',(18.476918186333,42.303956013195));
#740 = VECTOR('',#741,1.);
#741 = DIRECTION('',(-0.831467968379,0.555572693316));
#742 = ( GEOMETRIC_REPRESENTATION_CONTEXT(2) 
PARAMETRIC_REPRESENTATION_CONTEXT() REPRESENTATION_CONTEXT('2D SPACE',''
  ) );
#743 = PCURVE('',#744,#749);
#744 = PLANE('',#745);
#745 = AXIS2_PLACEMENT_3D('',#746,#747,#748);
#746 = CARTESIAN_POINT('',(-31.12271932039,56.761676785675,0.));
#747 = DIRECTION('',(-0.555572693316,-0.831467968379,0.));
#748 = DIRECTION('',(-0.831467968379,0.555572693316,0.));
#749 = DEFINITIONAL_REPRESENTATION('',(#750),#754);
#750 = LINE('',#751,#752);
#751 = CARTESIAN_POINT('',(-0.262210125565,-0.));
#752 = VECTOR('',#753,1.);
#753 = DIRECTION('',(1.,0.));
#754 = ( GEOMETRIC_REPRESENTATION_CONTEXT(2) 
PARAMETRIC_REPRESENTATION_CONTEXT() REPRESENTATION_CONTEXT('2D SPACE',''
  ) );
#755 = ORIENTED_EDGE('',*,*,#756,.F.);
#756 = EDGE_CURVE('',#757,#729,#759,.T.);
#757 = VERTEX_POINT('',#758);
#758 = CARTESIAN_POINT('',(-33.20635654896,58.11276414474,0.));
#759 = SURFACE_CURVE('',#760,(#765,#776),.PCURVE_S1.);
#760 = CIRCLE('',#761,4.);
#761 = AXIS2_PLACEMENT_3D('',#762,#763,#764);
#762 = CARTESIAN_POINT('',(-34.97548392248,54.525259672789,0.));
#763 = DIRECTION('',(0.,0.,-1.));
#764 = DIRECTION('',(-0.896876117988,0.442281843379,0.));
#765 = PCURVE('',#62,#766);
#766 = DEFINITIONAL_REPRESENTATION('',(#767),#775);
#767 = ( BOUNDED_CURVE() B_SPLINE_CURVE(2,(#768,#769,#770,#771,#772,#773
,#774),.UNSPECIFIED.,.T.,.F.) B_SPLINE_CURVE_WITH_KNOTS((1,2,2,2,2,1),(
    -2.094395102393,0.,2.094395102393,4.188790204786,6.28318530718,
8.377580409573),.UNSPECIFIED.) CURVE() GEOMETRIC_REPRESENTATION_ITEM() 
RATIONAL_B_SPLINE_CURVE((1.,0.5,1.,0.5,1.,0.5,1.)) REPRESENTATION_ITEM(
  '') );
#768 = CARTESIAN_POINT('',(10.818629791895,41.9823430595));
#769 = CARTESIAN_POINT('',(13.882848287887,48.196083077301));
#770 = CARTESIAN_POINT('',(17.731995747819,42.435522008125));
#771 = CARTESIAN_POINT('',(21.58114320775,36.67496093895));
#772 = CARTESIAN_POINT('',(14.667777251827,36.221781990325));
#773 = CARTESIAN_POINT('',(7.754411295903,35.7686030417));
#774 = CARTESIAN_POINT('',(10.818629791895,41.9823430595));
#775 = ( GEOMETRIC_REPRESENTATION_CONTEXT(2) 
PARAMETRIC_REPRESENTATION_CONTEXT() REPRESENTATION_CONTEXT('2D SPACE',''
  ) );
#776 = PCURVE('',#777,#782);
#777 = CYLINDRICAL_SURFACE('',#778,4.);
#778 = AXIS2_PLACEMENT_3D('',#779,#780,#781);
#779 = CARTESIAN_POINT('',(-34.97548392248,54.525259672789,0.));
#780 = DIRECTION('',(0.,0.,-1.));
#781 = DIRECTION('',(-0.896876117988,0.442281843379,0.));
#782 = DEFINITIONAL_REPRESENTATION('',(#783),#787);
#783 = LINE('',#784,#785);
#784 = CARTESIAN_POINT('',(0.,0.));
#785 = VECTOR('',#786,1.);
#786 = DIRECTION('',(1.,0.));
#787 = ( GEOMETRIC_REPRESENTATION_CONTEXT(2) 
PARAMETRIC_REPRESENTATION_CONTEXT() REPRESENTATION_CONTEXT('2D SPACE',''
  ) );
#788 = ORIENTED_EDGE('',*,*,#789,.T.);
#789 = EDGE_CURVE('',#757,#790,#792,.T.);
#790 = VERTEX_POINT('',#791);
#791 = CARTESIAN_POINT('',(-34.96509574341,58.980061642513,0.));
#792 = SURFACE_CURVE('',#793,(#797,#804),.PCURVE_S1.);
#793 = LINE('',#794,#795);
#794 = CARTESIAN_POINT('',(-32.9712,57.9968,0.));
#795 = VECTOR('',#796,1.);
#796 = DIRECTION('',(-0.896876117988,0.442281843379,0.));
#797 = PCURVE('',#62,#798);
#798 = DEFINITIONAL_REPRESENTATION('',(#799),#803);
#799 = LINE('',#800,#801);
#800 = CARTESIAN_POINT('',(16.410418186333,43.684756013195));
#801 = VECTOR('',#802,1.);
#802 = DIRECTION('',(-0.896876117988,0.442281843379));
#803 = ( GEOMETRIC_REPRESENTATION_CONTEXT(2) 
PARAMETRIC_REPRESENTATION_CONTEXT() REPRESENTATION_CONTEXT('2D SPACE',''
  ) );
#804 = PCURVE('',#805,#810);
#805 = PLANE('',#806);
#806 = AXIS2_PLACEMENT_3D('',#807,#808,#809);
#807 = CARTESIAN_POINT('',(-33.20635654896,58.112764144741,0.));
#808 = DIRECTION('',(-0.442281843379,-0.896876117988,0.));
#809 = DIRECTION('',(-0.896876117988,0.442281843379,0.));
#810 = DEFINITIONAL_REPRESENTATION('',(#811),#815);
#811 = LINE('',#812,#813);
#812 = CARTESIAN_POINT('',(-0.26219512846,-0.));
#813 = VECTOR('',#814,1.);
#814 = DIRECTION('',(1.,0.));
#815 = ( GEOMETRIC_REPRESENTATION_CONTEXT(2) 
PARAMETRIC_REPRESENTATION_CONTEXT() REPRESENTATION_CONTEXT('2D SPACE',''
  ) );
#816 = ORIENTED_EDGE('',*,*,#817,.F.);
#817 = EDGE_CURVE('',#818,#790,#820,.T.);
#818 = VERTEX_POINT('',#819);
#819 = CARTESIAN_POINT('',(-35.44842434607,59.180263801343,0.));
#820 = SURFACE_CURVE('',#821,(#826,#837),.PCURVE_S1.);
#821 = CIRCLE('',#822,4.);
#822 = AXIS2_PLACEMENT_3D('',#823,#824,#825);
#823 = CARTESIAN_POINT('',(-36.73422311693,55.392557170561,0.));
#824 = DIRECTION('',(0.,0.,-1.));
#825 = DIRECTION('',(-0.946926657695,0.321449692714,0.));
#826 = PCURVE('',#62,#827);
#827 = DEFINITIONAL_REPRESENTATION('',(#828),#836);
#828 = ( BOUNDED_CURVE() B_SPLINE_CURVE(2,(#829,#830,#831,#832,#833,#834
,#835),.UNSPECIFIED.,.T.,.F.) B_SPLINE_CURVE_WITH_KNOTS((1,2,2,2,2,1),(
    -2.094395102393,0.,2.094395102393,4.188790204786,6.28318530718,
8.377580409573),.UNSPECIFIED.) CURVE() GEOMETRIC_REPRESENTATION_ITEM() 
RATIONAL_B_SPLINE_CURVE((1.,0.5,1.,0.5,1.,0.5,1.)) REPRESENTATION_ITEM(
  '') );
#829 = CARTESIAN_POINT('',(8.85968843862,42.366311954611));
#830 = CARTESIAN_POINT('',(11.086757238051,48.926812283291));
#831 = CARTESIAN_POINT('',(15.654782784508,43.717863962668));
#832 = CARTESIAN_POINT('',(20.222808330964,38.508915642045));
#833 = CARTESIAN_POINT('',(13.427713985076,37.157363633989));
#834 = CARTESIAN_POINT('',(6.632619639188,35.805811625932));
#835 = CARTESIAN_POINT('',(8.85968843862,42.366311954611));
#836 = ( GEOMETRIC_REPRESENTATION_CONTEXT(2) 
PARAMETRIC_REPRESENTATION_CONTEXT() REPRESENTATION_CONTEXT('2D SPACE',''
  ) );
#837 = PCURVE('',#838,#843);
#838 = CYLINDRICAL_SURFACE('',#839,4.);
#839 = AXIS2_PLACEMENT_3D('',#840,#841,#842);
#840 = CARTESIAN_POINT('',(-36.73422311693,55.392557170561,0.));
#841 = DIRECTION('',(0.,0.,-1.));
#842 = DIRECTION('',(-0.946926657695,0.321449692714,0.));
#843 = DEFINITIONAL_REPRESENTATION('',(#844),#848);
#844 = LINE('',#845,#846);
#845 = CARTESIAN_POINT('',(0.,0.));
#846 = VECTOR('',#847,1.);
#847 = DIRECTION('',(1.,0.));
#848 = ( GEOMETRIC_REPRESENTATION_CONTEXT(2) 
PARAMETRIC_REPRESENTATION_CONTEXT() REPRESENTATION_CONTEXT('2D SPACE',''
  ) );
#849 = ORIENTED_EDGE('',*,*,#850,.T.);
#850 = EDGE_CURVE('',#818,#851,#853,.T.);
#851 = VERTEX_POINT('',#852);
#852 = CARTESIAN_POINT('',(-37.30526841874,59.810599795926,0.));
#853 = SURFACE_CURVE('',#854,(#858,#865),.PCURVE_S1.);
#854 = LINE('',#855,#856);
#855 = CARTESIAN_POINT('',(-35.2002,59.096,0.));
#856 = VECTOR('',#857,1.);
#857 = DIRECTION('',(-0.946926657695,0.321449692714,0.));
#858 = PCURVE('',#62,#859);
#859 = DEFINITIONAL_REPRESENTATION('',(#860),#864);
#860 = LINE('',#861,#862);
#861 = CARTESIAN_POINT('',(14.181418186333,44.783956013195));
#862 = VECTOR('',#863,1.);
#863 = DIRECTION('',(-0.946926657695,0.321449692714));
#864 = ( GEOMETRIC_REPRESENTATION_CONTEXT(2) 
PARAMETRIC_REPRESENTATION_CONTEXT() REPRESENTATION_CONTEXT('2D SPACE',''
  ) );
#865 = PCURVE('',#866,#871);
#866 = PLANE('',#867);
#867 = AXIS2_PLACEMENT_3D('',#868,#869,#870);
#868 = CARTESIAN_POINT('',(-35.44842434607,59.180263801343,0.));
#869 = DIRECTION('',(-0.321449692714,-0.946926657695,0.));
#870 = DIRECTION('',(-0.946926657695,0.321449692714,0.));
#871 = DEFINITIONAL_REPRESENTATION('',(#872),#876);
#872 = LINE('',#873,#874);
#873 = CARTESIAN_POINT('',(-0.262136823437,-0.));
#874 = VECTOR('',#875,1.);
#875 = DIRECTION('',(1.,0.));
#876 = ( GEOMETRIC_REPRESENTATION_CONTEXT(2) 
PARAMETRIC_REPRESENTATION_CONTEXT() REPRESENTATION_CONTEXT('2D SPACE',''
  ) );
#877 = ORIENTED_EDGE('',*,*,#878,.F.);
#878 = EDGE_CURVE('',#879,#851,#881,.T.);
#879 = VERTEX_POINT('',#880);
#880 = CARTESIAN_POINT('',(-37.81081239611,59.946055468345,0.));
#881 = SURFACE_CURVE('',#882,(#887,#898),.PCURVE_S1.);
#882 = CIRCLE('',#883,4.);
#883 = AXIS2_PLACEMENT_3D('',#884,#885,#886);
#884 = CARTESIAN_POINT('',(-38.59106718959,56.022893165145,0.));
#885 = DIRECTION('',(0.,0.,-1.));
#886 = DIRECTION('',(-0.9807905758,0.19506369837,0.));
#887 = PCURVE('',#62,#888);
#888 = DEFINITIONAL_REPRESENTATION('',(#889),#897);
#889 = ( BOUNDED_CURVE() B_SPLINE_CURVE(2,(#890,#891,#892,#893,#894,#895
,#896),.UNSPECIFIED.,.T.,.F.) B_SPLINE_CURVE_WITH_KNOTS((1,2,2,2,2,1),(
    -2.094395102393,0.,2.094395102393,4.188790204786,6.28318530718,
8.377580409573),.UNSPECIFIED.) CURVE() GEOMETRIC_REPRESENTATION_ITEM() 
RATIONAL_B_SPLINE_CURVE((1.,0.5,1.,0.5,1.,0.5,1.)) REPRESENTATION_ITEM(
  '') );
#890 = CARTESIAN_POINT('',(6.867388693535,42.491103971821));
#891 = CARTESIAN_POINT('',(8.218829638695,49.286220407302));
#892 = CARTESIAN_POINT('',(13.427852620915,44.718279999339));
#893 = CARTESIAN_POINT('',(18.636875603135,40.150339591376));
#894 = CARTESIAN_POINT('',(12.076411675755,37.923163563858));
#895 = CARTESIAN_POINT('',(5.515947748376,35.69598753634));
#896 = CARTESIAN_POINT('',(6.867388693535,42.491103971821));
#897 = ( GEOMETRIC_REPRESENTATION_CONTEXT(2) 
PARAMETRIC_REPRESENTATION_CONTEXT() REPRESENTATION_CONTEXT('2D SPACE',''
  ) );
#898 = PCURVE('',#899,#904);
#899 = CYLINDRICAL_SURFACE('',#900,4.);
#900 = AXIS2_PLACEMENT_3D('',#901,#902,#903);
#901 = CARTESIAN_POINT('',(-38.59106718959,56.022893165145,0.));
#902 = DIRECTION('',(0.,0.,-1.));
#903 = DIRECTION('',(-0.9807905758,0.19506369837,0.));
#904 = DEFINITIONAL_REPRESENTATION('',(#905),#909);
#905 = LINE('',#906,#907);
#906 = CARTESIAN_POINT('',(0.,0.));
#907 = VECTOR('',#908,1.);
#908 = DIRECTION('',(1.,0.));
#909 = ( GEOMETRIC_REPRESENTATION_CONTEXT(2) 
PARAMETRIC_REPRESENTATION_CONTEXT() REPRESENTATION_CONTEXT('2D SPACE',''
  ) );
#910 = ORIENTED_EDGE('',*,*,#911,.T.);
#911 = EDGE_CURVE('',#879,#912,#914,.T.);
#912 = VERTEX_POINT('',#913);
#913 = CARTESIAN_POINT('',(-39.73415713122,60.328578247956,0.));
#914 = SURFACE_CURVE('',#915,(#919,#926),.PCURVE_S1.);
#915 = LINE('',#916,#917);
#916 = CARTESIAN_POINT('',(-37.5536,59.8949,0.));
#917 = VECTOR('',#918,1.);
#918 = DIRECTION('',(-0.9807905758,0.19506369837,0.));
#919 = PCURVE('',#62,#920);
#920 = DEFINITIONAL_REPRESENTATION('',(#921),#925);
#921 = LINE('',#922,#923);
#922 = CARTESIAN_POINT('',(11.828018186333,45.582856013195));
#923 = VECTOR('',#924,1.);
#924 = DIRECTION('',(-0.9807905758,0.19506369837));
#925 = ( GEOMETRIC_REPRESENTATION_CONTEXT(2) 
PARAMETRIC_REPRESENTATION_CONTEXT() REPRESENTATION_CONTEXT('2D SPACE',''
  ) );
#926 = PCURVE('',#927,#932);
#927 = PLANE('',#928);
#928 = AXIS2_PLACEMENT_3D('',#929,#930,#931);
#929 = CARTESIAN_POINT('',(-37.81081239611,59.946055468345,0.));
#930 = DIRECTION('',(-0.19506369837,-0.9807905758,0.));
#931 = DIRECTION('',(-0.9807905758,0.19506369837,0.));
#932 = DEFINITIONAL_REPRESENTATION('',(#933),#937);
#933 = LINE('',#934,#935);
#934 = CARTESIAN_POINT('',(-0.262250068936,-0.));
#935 = VECTOR('',#936,1.);
#936 = DIRECTION('',(1.,0.));
#937 = ( GEOMETRIC_REPRESENTATION_CONTEXT(2) 
PARAMETRIC_REPRESENTATION_CONTEXT() REPRESENTATION_CONTEXT('2D SPACE',''
  ) );
#938 = ORIENTED_EDGE('',*,*,#939,.F.);
#939 = EDGE_CURVE('',#940,#912,#942,.T.);
#940 = VERTEX_POINT('',#941);
#941 = CARTESIAN_POINT('',(-40.25271573446,60.39684615259,0.));
#942 = SURFACE_CURVE('',#943,(#948,#959),.PCURVE_S1.);
#943 = CIRCLE('',#944,4.);
#944 = AXIS2_PLACEMENT_3D('',#945,#946,#947);
#945 = CARTESIAN_POINT('',(-40.5144119247,56.405415944756,0.));
#946 = DIRECTION('',(0.,0.,-1.));
#947 = DIRECTION('',(-0.997857551959,6.542404755987E-02,0.));
#948 = PCURVE('',#62,#949);
#949 = DEFINITIONAL_REPRESENTATION('',(#950),#958);
#950 = ( BOUNDED_CURVE() B_SPLINE_CURVE(2,(#951,#952,#953,#954,#955,#956
,#957),.UNSPECIFIED.,.T.,.F.) B_SPLINE_CURVE_WITH_KNOTS((1,2,2,2,2,1),(
    -2.094395102393,0.,2.094395102393,4.188790204786,6.28318530718,
8.377580409573),.UNSPECIFIED.) CURVE() GEOMETRIC_REPRESENTATION_ITEM() 
RATIONAL_B_SPLINE_CURVE((1.,0.5,1.,0.5,1.,0.5,1.)) REPRESENTATION_ITEM(
  '') );
#951 = CARTESIAN_POINT('',(4.875776053794,42.35506814819));
#952 = CARTESIAN_POINT('',(5.329047151436,49.268428063025));
#953 = CARTESIAN_POINT('',(11.089556914367,45.419203820248));
#954 = CARTESIAN_POINT('',(16.850066677297,41.569979577472));
#955 = CARTESIAN_POINT('',(10.636285816725,38.505843905413));
#956 = CARTESIAN_POINT('',(4.422504956152,35.441708233355));
#957 = CARTESIAN_POINT('',(4.875776053794,42.35506814819));
#958 = ( GEOMETRIC_REPRESENTATION_CONTEXT(2) 
PARAMETRIC_REPRESENTATION_CONTEXT() REPRESENTATION_CONTEXT('2D SPACE',''
  ) );
#959 = PCURVE('',#960,#965);
#960 = CYLINDRICAL_SURFACE('',#961,4.);
#961 = AXIS2_PLACEMENT_3D('',#962,#963,#964);
#962 = CARTESIAN_POINT('',(-40.5144119247,56.405415944756,0.));
#963 = DIRECTION('',(0.,0.,-1.));
#964 = DIRECTION('',(-0.997857551959,6.542404755987E-02,0.));
#965 = DEFINITIONAL_REPRESENTATION('',(#966),#970);
#966 = LINE('',#967,#968);
#967 = CARTESIAN_POINT('',(0.,0.));
#968 = VECTOR('',#969,1.);
#969 = DIRECTION('',(1.,0.));
#970 = ( GEOMETRIC_REPRESENTATION_CONTEXT(2) 
PARAMETRIC_REPRESENTATION_CONTEXT() REPRESENTATION_CONTEXT('2D SPACE',''
  ) );
#971 = ORIENTED_EDGE('',*,*,#972,.T.);
#972 = EDGE_CURVE('',#940,#973,#975,.T.);
#973 = VERTEX_POINT('',#974);
#974 = CARTESIAN_POINT('',(-42.20950380976,60.525142015914,0.));
#975 = SURFACE_CURVE('',#976,(#980,#987),.PCURVE_S1.);
#976 = LINE('',#977,#978);
#977 = CARTESIAN_POINT('',(-39.9912,60.3797,0.));
#978 = VECTOR('',#979,1.);
#979 = DIRECTION('',(-0.997857551959,6.542404755987E-02,0.));
#980 = PCURVE('',#62,#981);
#981 = DEFINITIONAL_REPRESENTATION('',(#982),#986);
#982 = LINE('',#983,#984);
#983 = CARTESIAN_POINT('',(9.390418186333,46.067656013195));
#984 = VECTOR('',#985,1.);
#985 = DIRECTION('',(-0.997857551959,6.542404755987E-02));
#986 = ( GEOMETRIC_REPRESENTATION_CONTEXT(2) 
PARAMETRIC_REPRESENTATION_CONTEXT() REPRESENTATION_CONTEXT('2D SPACE',''
  ) );
#987 = PCURVE('',#988,#993);
#988 = PLANE('',#989);
#989 = AXIS2_PLACEMENT_3D('',#990,#991,#992);
#990 = CARTESIAN_POINT('',(-40.25271573446,60.39684615259,0.));
#991 = DIRECTION('',(-6.542404755987E-02,-0.997857551959,0.));
#992 = DIRECTION('',(-0.997857551959,6.542404755987E-02,0.));
#993 = DEFINITIONAL_REPRESENTATION('',(#994),#998);
#994 = LINE('',#995,#996);
#995 = CARTESIAN_POINT('',(-0.262077221294,-0.));
#996 = VECTOR('',#997,1.);
#997 = DIRECTION('',(1.,0.));
#998 = ( GEOMETRIC_REPRESENTATION_CONTEXT(2) 
PARAMETRIC_REPRESENTATION_CONTEXT() REPRESENTATION_CONTEXT('2D SPACE',''
  ) );
#999 = ORIENTED_EDGE('',*,*,#1000,.F.);
#1000 = EDGE_CURVE('',#1001,#973,#1003,.T.);
#1001 = VERTEX_POINT('',#1002);
#1002 = CARTESIAN_POINT('',(-42.73289619023,60.525142015914,0.));
#1003 = SURFACE_CURVE('',#1004,(#1009,#1020),.PCURVE_S1.);
#1004 = CIRCLE('',#1005,4.);
#1005 = AXIS2_PLACEMENT_3D('',#1006,#1007,#1008);
#1006 = CARTESIAN_POINT('',(-42.4712,56.53371180808,0.));
#1007 = DIRECTION('',(-0.,0.,-1.));
#1008 = DIRECTION('',(-0.997857551959,-6.542404755987E-02,0.));
#1009 = PCURVE('',#62,#1010);
#1010 = DEFINITIONAL_REPRESENTATION('',(#1011),#1019);
#1011 = ( BOUNDED_CURVE() B_SPLINE_CURVE(2,(#1012,#1013,#1014,#1015,
#1016,#1017,#1018),.UNSPECIFIED.,.T.,.F.) B_SPLINE_CURVE_WITH_KNOTS((1,2
    ,2,2,2,1),(-2.094395102393,0.,2.094395102393,4.188790204786,
6.28318530718,8.377580409573),.UNSPECIFIED.) CURVE() 
GEOMETRIC_REPRESENTATION_ITEM() RATIONAL_B_SPLINE_CURVE((1.,0.5,1.,0.5,
1.,0.5,1.)) REPRESENTATION_ITEM('') );
#1012 = CARTESIAN_POINT('',(2.918987978498,41.959971631035));
#1013 = CARTESIAN_POINT('',(2.465716880856,48.873331545869));
#1014 = CARTESIAN_POINT('',(8.679497741429,45.809195873811));
#1015 = CARTESIAN_POINT('',(14.893278602002,42.745060201753));
#1016 = CARTESIAN_POINT('',(9.132768839071,38.895835958977));
#1017 = CARTESIAN_POINT('',(3.37225907614,35.0466117162));
#1018 = CARTESIAN_POINT('',(2.918987978498,41.959971631035));
#1019 = ( GEOMETRIC_REPRESENTATION_CONTEXT(2) 
PARAMETRIC_REPRESENTATION_CONTEXT() REPRESENTATION_CONTEXT('2D SPACE',''
  ) );
#1020 = PCURVE('',#1021,#1026);
#1021 = CYLINDRICAL_SURFACE('',#1022,4.);
#1022 = AXIS2_PLACEMENT_3D('',#1023,#1024,#1025);
#1023 = CARTESIAN_POINT('',(-42.4712,56.53371180808,0.));
#1024 = DIRECTION('',(-0.,0.,-1.));
#1025 = DIRECTION('',(-0.997857551959,-6.542404755987E-02,0.));
#1026 = DEFINITIONAL_REPRESENTATION('',(#1027),#1031);
#1027 = LINE('',#1028,#1029);
#1028 = CARTESIAN_POINT('',(0.,0.));
#1029 = VECTOR('',#1030,1.);
#1030 = DIRECTION('',(1.,0.));
#1031 = ( GEOMETRIC_REPRESENTATION_CONTEXT(2) 
PARAMETRIC_REPRESENTATION_CONTEXT() REPRESENTATION_CONTEXT('2D SPACE',''
  ) );
#1032 = ORIENTED_EDGE('',*,*,#1033,.T.);
#1033 = EDGE_CURVE('',#1001,#1034,#1036,.T.);
#1034 = VERTEX_POINT('',#1035);
#1035 = CARTESIAN_POINT('',(-44.68968426553,60.39684615259,0.));
#1036 = SURFACE_CURVE('',#1037,(#1041,#1048),.PCURVE_S1.);
#1037 = LINE('',#1038,#1039);
#1038 = CARTESIAN_POINT('',(-42.4712,60.5423,0.));
#1039 = VECTOR('',#1040,1.);
#1040 = DIRECTION('',(-0.997857551959,-6.542404755987E-02,0.));
#1041 = PCURVE('',#62,#1042);
#1042 = DEFINITIONAL_REPRESENTATION('',(#1043),#1047);
#1043 = LINE('',#1044,#1045);
#1044 = CARTESIAN_POINT('',(6.910418186333,46.230256013195));
#1045 = VECTOR('',#1046,1.);
#1046 = DIRECTION('',(-0.997857551959,-6.542404755987E-02));
#1047 = ( GEOMETRIC_REPRESENTATION_CONTEXT(2) 
PARAMETRIC_REPRESENTATION_CONTEXT() REPRESENTATION_CONTEXT('2D SPACE',''
  ) );
#1048 = PCURVE('',#1049,#1054);
#1049 = PLANE('',#1050);
#1050 = AXIS2_PLACEMENT_3D('',#1051,#1052,#1053);
#1051 = CARTESIAN_POINT('',(-42.73289619023,60.525142015914,0.));
#1052 = DIRECTION('',(6.542404755987E-02,-0.997857551959,0.));
#1053 = DIRECTION('',(-0.997857551959,-6.542404755987E-02,0.));
#1054 = DEFINITIONAL_REPRESENTATION('',(#1055),#1059);
#1055 = LINE('',#1056,#1057);
#1056 = CARTESIAN_POINT('',(-0.262258064516,0.));
#1057 = VECTOR('',#1058,1.);
#1058 = DIRECTION('',(1.,0.));
#1059 = ( GEOMETRIC_REPRESENTATION_CONTEXT(2) 
PARAMETRIC_REPRESENTATION_CONTEXT() REPRESENTATION_CONTEXT('2D SPACE',''
  ) );
#1060 = ORIENTED_EDGE('',*,*,#1061,.F.);
#1061 = EDGE_CURVE('',#1062,#1034,#1064,.T.);
#1062 = VERTEX_POINT('',#1063);
#1063 = CARTESIAN_POINT('',(-45.20824286877,60.328578247956,0.));
#1064 = SURFACE_CURVE('',#1065,(#1070,#1081),.PCURVE_S1.);
#1065 = CIRCLE('',#1066,4.);
#1066 = AXIS2_PLACEMENT_3D('',#1067,#1068,#1069);
#1067 = CARTESIAN_POINT('',(-44.42798807529,56.405415944756,0.));
#1068 = DIRECTION('',(-0.,0.,-1.));
#1069 = DIRECTION('',(-0.9807905758,-0.19506369837,0.));
#1070 = PCURVE('',#62,#1071);
#1071 = DEFINITIONAL_REPRESENTATION('',(#1072),#1080);
#1072 = ( BOUNDED_CURVE() B_SPLINE_CURVE(2,(#1073,#1074,#1075,#1076,
#1077,#1078,#1079),.UNSPECIFIED.,.T.,.F.) B_SPLINE_CURVE_WITH_KNOTS((1,2
    ,2,2,2,1),(-2.094395102393,0.,2.094395102393,4.188790204786,
6.28318530718,8.377580409573),.UNSPECIFIED.) CURVE() 
GEOMETRIC_REPRESENTATION_ITEM() RATIONAL_B_SPLINE_CURVE((1.,0.5,1.,0.5,
1.,0.5,1.)) REPRESENTATION_ITEM('') );
#1073 = CARTESIAN_POINT('',(1.030467807837,41.313117164469));
#1074 = CARTESIAN_POINT('',(-0.320973137322,48.10823359995));
#1075 = CARTESIAN_POINT('',(6.239490790057,45.881057572432));
#1076 = CARTESIAN_POINT('',(12.799954717437,43.653881544914));
#1077 = CARTESIAN_POINT('',(7.590931735217,39.085941136951));
#1078 = CARTESIAN_POINT('',(2.381908752997,34.518000728987));
#1079 = CARTESIAN_POINT('',(1.030467807837,41.313117164469));
#1080 = ( GEOMETRIC_REPRESENTATION_CONTEXT(2) 
PARAMETRIC_REPRESENTATION_CONTEXT() REPRESENTATION_CONTEXT('2D SPACE',''
  ) );
#1081 = PCURVE('',#1082,#1087);
#1082 = CYLINDRICAL_SURFACE('',#1083,4.);
#1083 = AXIS2_PLACEMENT_3D('',#1084,#1085,#1086);
#1084 = CARTESIAN_POINT('',(-44.42798807529,56.405415944756,0.));
#1085 = DIRECTION('',(-0.,0.,-1.));
#1086 = DIRECTION('',(-0.9807905758,-0.19506369837,0.));
#1087 = DEFINITIONAL_REPRESENTATION('',(#1088),#1092);
#1088 = LINE('',#1089,#1090);
#1089 = CARTESIAN_POINT('',(0.,0.));
#1090 = VECTOR('',#1091,1.);
#1091 = DIRECTION('',(1.,0.));
#1092 = ( GEOMETRIC_REPRESENTATION_CONTEXT(2) 
PARAMETRIC_REPRESENTATION_CONTEXT() REPRESENTATION_CONTEXT('2D SPACE',''
  ) );
#1093 = ORIENTED_EDGE('',*,*,#1094,.T.);
#1094 = EDGE_CURVE('',#1062,#1095,#1097,.T.);
#1095 = VERTEX_POINT('',#1096);
#1096 = CARTESIAN_POINT('',(-47.13158760388,59.946055468345,0.));
#1097 = SURFACE_CURVE('',#1098,(#1102,#1109),.PCURVE_S1.);
#1098 = LINE('',#1099,#1100);
#1099 = CARTESIAN_POINT('',(-44.9512,60.3797,0.));
#1100 = VECTOR('',#1101,1.);
#1101 = DIRECTION('',(-0.9807905758,-0.19506369837,0.));
#1102 = PCURVE('',#62,#1103);
#1103 = DEFINITIONAL_REPRESENTATION('',(#1104),#1108);
#1104 = LINE('',#1105,#1106);
#1105 = CARTESIAN_POINT('',(4.430418186333,46.067656013195));
#1106 = VECTOR('',#1107,1.);
#1107 = DIRECTION('',(-0.9807905758,-0.19506369837));
#1108 = ( GEOMETRIC_REPRESENTATION_CONTEXT(2) 
PARAMETRIC_REPRESENTATION_CONTEXT() REPRESENTATION_CONTEXT('2D SPACE',''
  ) );
#1109 = PCURVE('',#1110,#1115);
#1110 = PLANE('',#1111);
#1111 = AXIS2_PLACEMENT_3D('',#1112,#1113,#1114);
#1112 = CARTESIAN_POINT('',(-45.20824286877,60.328578247956,0.));
#1113 = DIRECTION('',(0.19506369837,-0.9807905758,0.));
#1114 = DIRECTION('',(-0.9807905758,-0.19506369837,0.));
#1115 = DEFINITIONAL_REPRESENTATION('',(#1116),#1120);
#1116 = LINE('',#1117,#1118);
#1117 = CARTESIAN_POINT('',(-0.262077221294,0.));
#1118 = VECTOR('',#1119,1.);
#1119 = DIRECTION('',(1.,0.));
#1120 = ( GEOMETRIC_REPRESENTATION_CONTEXT(2) 
PARAMETRIC_REPRESENTATION_CONTEXT() REPRESENTATION_CONTEXT('2D SPACE',''
  ) );
#1121 = ORIENTED_EDGE('',*,*,#1122,.F.);
#1122 = EDGE_CURVE('',#1123,#1095,#1125,.T.);
#1123 = VERTEX_POINT('',#1124);
#1124 = CARTESIAN_POINT('',(-47.63713158125,59.810599795926,0.));
#1125 = SURFACE_CURVE('',#1126,(#1131,#1142),.PCURVE_S1.);
#1126 = CIRCLE('',#1127,4.);
#1127 = AXIS2_PLACEMENT_3D('',#1128,#1129,#1130);
#1128 = CARTESIAN_POINT('',(-46.3513328104,56.022893165145,0.));
#1129 = DIRECTION('',(-0.,0.,-1.));
#1130 = DIRECTION('',(-0.946926657695,-0.321449692714,0.));
#1131 = PCURVE('',#62,#1132);
#1132 = DEFINITIONAL_REPRESENTATION('',(#1133),#1141);
#1133 = ( BOUNDED_CURVE() B_SPLINE_CURVE(2,(#1134,#1135,#1136,#1137,
#1138,#1139,#1140),.UNSPECIFIED.,.T.,.F.) B_SPLINE_CURVE_WITH_KNOTS((1,2
    ,2,2,2,1),(-2.094395102393,0.,2.094395102393,4.188790204786,
6.28318530718,8.377580409573),.UNSPECIFIED.) CURVE() 
GEOMETRIC_REPRESENTATION_ITEM() RATIONAL_B_SPLINE_CURVE((1.,0.5,1.,0.5,
1.,0.5,1.)) REPRESENTATION_ITEM('') );
#1134 = CARTESIAN_POINT('',(-0.757421254851,40.425050407484));
#1135 = CARTESIAN_POINT('',(-2.984490054283,46.985550736163));
#1136 = CARTESIAN_POINT('',(3.810604291605,45.633998728107));
#1137 = CARTESIAN_POINT('',(10.605698637493,44.28244672005));
#1138 = CARTESIAN_POINT('',(6.037673091037,39.073498399428));
#1139 = CARTESIAN_POINT('',(1.46964754458,33.864550078805));
#1140 = CARTESIAN_POINT('',(-0.757421254851,40.425050407484));
#1141 = ( GEOMETRIC_REPRESENTATION_CONTEXT(2) 
PARAMETRIC_REPRESENTATION_CONTEXT() REPRESENTATION_CONTEXT('2D SPACE',''
  ) );
#1142 = PCURVE('',#1143,#1148);
#1143 = CYLINDRICAL_SURFACE('',#1144,4.);
#1144 = AXIS2_PLACEMENT_3D('',#1145,#1146,#1147);
#1145 = CARTESIAN_POINT('',(-46.3513328104,56.022893165145,0.));
#1146 = DIRECTION('',(-0.,0.,-1.));
#1147 = DIRECTION('',(-0.946926657695,-0.321449692714,0.));
#1148 = DEFINITIONAL_REPRESENTATION('',(#1149),#1153);
#1149 = LINE('',#1150,#1151);
#1150 = CARTESIAN_POINT('',(0.,0.));
#1151 = VECTOR('',#1152,1.);
#1152 = DIRECTION('',(1.,0.));
#1153 = ( GEOMETRIC_REPRESENTATION_CONTEXT(2) 
PARAMETRIC_REPRESENTATION_CONTEXT() REPRESENTATION_CONTEXT('2D SPACE',''
  ) );
#1154 = ORIENTED_EDGE('',*,*,#1155,.T.);
#1155 = EDGE_CURVE('',#1123,#1156,#1158,.T.);
#1156 = VERTEX_POINT('',#1157);
#1157 = CARTESIAN_POINT('',(-49.49397565392,59.180263801343,0.));
#1158 = SURFACE_CURVE('',#1159,(#1163,#1170),.PCURVE_S1.);
#1159 = LINE('',#1160,#1161);
#1160 = CARTESIAN_POINT('',(-47.3888,59.8949,0.));
#1161 = VECTOR('',#1162,1.);
#1162 = DIRECTION('',(-0.946926657695,-0.321449692714,0.));
#1163 = PCURVE('',#62,#1164);
#1164 = DEFINITIONAL_REPRESENTATION('',(#1165),#1169);
#1165 = LINE('',#1166,#1167);
#1166 = CARTESIAN_POINT('',(1.992818186333,45.582856013195));
#1167 = VECTOR('',#1168,1.);
#1168 = DIRECTION('',(-0.946926657695,-0.321449692714));
#1169 = ( GEOMETRIC_REPRESENTATION_CONTEXT(2) 
PARAMETRIC_REPRESENTATION_CONTEXT() REPRESENTATION_CONTEXT('2D SPACE',''
  ) );
#1170 = PCURVE('',#1171,#1176);
#1171 = PLANE('',#1172);
#1172 = AXIS2_PLACEMENT_3D('',#1173,#1174,#1175);
#1173 = CARTESIAN_POINT('',(-47.63713158125,59.810599795926,0.));
#1174 = DIRECTION('',(0.321449692714,-0.946926657695,0.));
#1175 = DIRECTION('',(-0.946926657695,-0.321449692714,0.));
#1176 = DEFINITIONAL_REPRESENTATION('',(#1177),#1181);
#1177 = LINE('',#1178,#1179);
#1178 = CARTESIAN_POINT('',(-0.262250068936,0.));
#1179 = VECTOR('',#1180,1.);
#1180 = DIRECTION('',(1.,0.));
#1181 = ( GEOMETRIC_REPRESENTATION_CONTEXT(2) 
PARAMETRIC_REPRESENTATION_CONTEXT() REPRESENTATION_CONTEXT('2D SPACE',''
  ) );
#1182 = ORIENTED_EDGE('',*,*,#1183,.F.);
#1183 = EDGE_CURVE('',#1184,#1156,#1186,.T.);
#1184 = VERTEX_POINT('',#1185);
#1185 = CARTESIAN_POINT('',(-49.97730425658,58.980061642513,0.));
#1186 = SURFACE_CURVE('',#1187,(#1192,#1203),.PCURVE_S1.);
#1187 = CIRCLE('',#1188,4.);
#1188 = AXIS2_PLACEMENT_3D('',#1189,#1190,#1191);
#1189 = CARTESIAN_POINT('',(-48.20817688306,55.392557170561,0.));
#1190 = DIRECTION('',(-0.,0.,-1.));
#1191 = DIRECTION('',(-0.896876117988,-0.442281843379,0.));
#1192 = PCURVE('',#62,#1193);
#1193 = DEFINITIONAL_REPRESENTATION('',(#1194),#1202);
#1194 = ( BOUNDED_CURVE() B_SPLINE_CURVE(2,(#1195,#1196,#1197,#1198,
#1199,#1200,#1201),.UNSPECIFIED.,.T.,.F.) B_SPLINE_CURVE_WITH_KNOTS((1,2
    ,2,2,2,1),(-2.094395102393,0.,2.094395102393,4.188790204786,
6.28318530718,8.377580409573),.UNSPECIFIED.) CURVE() 
GEOMETRIC_REPRESENTATION_ITEM() RATIONAL_B_SPLINE_CURVE((1.,0.5,1.,0.5,
1.,0.5,1.)) REPRESENTATION_ITEM('') );
#1195 = CARTESIAN_POINT('',(-2.414063168688,39.311385810239));
#1196 = CARTESIAN_POINT('',(-5.47828166468,45.52512582804));
#1197 = CARTESIAN_POINT('',(1.435084291244,45.071946879415));
#1198 = CARTESIAN_POINT('',(8.348450247167,44.61876793079));
#1199 = CARTESIAN_POINT('',(4.499302787236,38.858206861614));
#1200 = CARTESIAN_POINT('',(0.650155327305,33.097645792438));
#1201 = CARTESIAN_POINT('',(-2.414063168688,39.311385810239));
#1202 = ( GEOMETRIC_REPRESENTATION_CONTEXT(2) 
PARAMETRIC_REPRESENTATION_CONTEXT() REPRESENTATION_CONTEXT('2D SPACE',''
  ) );
#1203 = PCURVE('',#1204,#1209);
#1204 = CYLINDRICAL_SURFACE('',#1205,4.);
#1205 = AXIS2_PLACEMENT_3D('',#1206,#1207,#1208);
#1206 = CARTESIAN_POINT('',(-48.20817688306,55.392557170561,0.));
#1207 = DIRECTION('',(-0.,0.,-1.));
#1208 = DIRECTION('',(-0.896876117988,-0.442281843379,0.));
#1209 = DEFINITIONAL_REPRESENTATION('',(#1210),#1214);
#1210 = LINE('',#1211,#1212);
#1211 = CARTESIAN_POINT('',(0.,0.));
#1212 = VECTOR('',#1213,1.);
#1213 = DIRECTION('',(1.,0.));
#1214 = ( GEOMETRIC_REPRESENTATION_CONTEXT(2) 
PARAMETRIC_REPRESENTATION_CONTEXT() REPRESENTATION_CONTEXT('2D SPACE',''
  ) );
#1215 = ORIENTED_EDGE('',*,*,#1216,.T.);
#1216 = EDGE_CURVE('',#1184,#1217,#1219,.T.);
#1217 = VERTEX_POINT('',#1218);
#1218 = CARTESIAN_POINT('',(-51.73604345103,58.112764144741,0.));
#1219 = SURFACE_CURVE('',#1220,(#1224,#1231),.PCURVE_S1.);
#1220 = LINE('',#1221,#1222);
#1221 = CARTESIAN_POINT('',(-49.7422,59.096,0.));
#1222 = VECTOR('',#1223,1.);
#1223 = DIRECTION('',(-0.896876117988,-0.442281843379,0.));
#1224 = PCURVE('',#62,#1225);
#1225 = DEFINITIONAL_REPRESENTATION('',(#1226),#1230);
#1226 = LINE('',#1227,#1228);
#1227 = CARTESIAN_POINT('',(-0.360581813667,44.783956013195));
#1228 = VECTOR('',#1229,1.);
#1229 = DIRECTION('',(-0.896876117988,-0.442281843379));
#1230 = ( GEOMETRIC_REPRESENTATION_CONTEXT(2) 
PARAMETRIC_REPRESENTATION_CONTEXT() REPRESENTATION_CONTEXT('2D SPACE',''
  ) );
#1231 = PCURVE('',#1232,#1237);
#1232 = PLANE('',#1233);
#1233 = AXIS2_PLACEMENT_3D('',#1234,#1235,#1236);
#1234 = CARTESIAN_POINT('',(-49.97730425658,58.980061642513,0.));
#1235 = DIRECTION('',(0.442281843379,-0.896876117988,0.));
#1236 = DIRECTION('',(-0.896876117988,-0.442281843379,0.));
#1237 = DEFINITIONAL_REPRESENTATION('',(#1238),#1242);
#1238 = LINE('',#1239,#1240);
#1239 = CARTESIAN_POINT('',(-0.262136823437,0.));
#1240 = VECTOR('',#1241,1.);
#1241 = DIRECTION('',(1.,0.));
#1242 = ( GEOMETRIC_REPRESENTATION_CONTEXT(2) 
PARAMETRIC_REPRESENTATION_CONTEXT() REPRESENTATION_CONTEXT('2D SPACE',''
  ) );
#1243 = ORIENTED_EDGE('',*,*,#1244,.F.);
#1244 = EDGE_CURVE('',#1245,#1217,#1247,.T.);
#1245 = VERTEX_POINT('',#1246);
#1246 = CARTESIAN_POINT('',(-52.18920685078,57.851131546307,0.));
#1247 = SURFACE_CURVE('',#1248,(#1253,#1264),.PCURVE_S1.);
#1248 = CIRCLE('',#1249,4.);
#1249 = AXIS2_PLACEMENT_3D('',#1250,#1251,#1252);
#1250 = CARTESIAN_POINT('',(-49.96691607751,54.525259672789,0.));
#1251 = DIRECTION('',(-0.,0.,-1.));
#1252 = DIRECTION('',(-0.831467968379,-0.555572693316,0.));
#1253 = PCURVE('',#62,#1254);
#1254 = DEFINITIONAL_REPRESENTATION('',(#1255),#1263);
#1255 = ( BOUNDED_CURVE() B_SPLINE_CURVE(2,(#1256,#1257,#1258,#1259,
#1260,#1261,#1262),.UNSPECIFIED.,.T.,.F.) B_SPLINE_CURVE_WITH_KNOTS((1,2
    ,2,2,2,1),(-2.094395102393,0.,2.094395102393,4.188790204786,
6.28318530718,8.377580409573),.UNSPECIFIED.) CURVE() 
GEOMETRIC_REPRESENTATION_ITEM() RATIONAL_B_SPLINE_CURVE((1.,0.5,1.,0.5,
1.,0.5,1.)) REPRESENTATION_ITEM('') );
#1256 = CARTESIAN_POINT('',(-3.9111697647,37.990924912718));
#1257 = CARTESIAN_POINT('',(-7.760290293187,43.751503977115));
#1258 = CARTESIAN_POINT('',(-0.846922218666,44.204650604815));
#1259 = CARTESIAN_POINT('',(6.066445855854,44.657797232515));
#1260 = CARTESIAN_POINT('',(3.002198309821,38.444071540418));
#1261 = CARTESIAN_POINT('',(-6.204923621173E-02,32.23034584832));
#1262 = CARTESIAN_POINT('',(-3.9111697647,37.990924912718));
#1263 = ( GEOMETRIC_REPRESENTATION_CONTEXT(2) 
PARAMETRIC_REPRESENTATION_CONTEXT() REPRESENTATION_CONTEXT('2D SPACE',''
  ) );
#1264 = PCURVE('',#1265,#1270);
#1265 = CYLINDRICAL_SURFACE('',#1266,4.);
#1266 = AXIS2_PLACEMENT_3D('',#1267,#1268,#1269);
#1267 = CARTESIAN_POINT('',(-49.96691607751,54.525259672789,0.));
#1268 = DIRECTION('',(-0.,0.,-1.));
#1269 = DIRECTION('',(-0.831467968379,-0.555572693316,0.));
#1270 = DEFINITIONAL_REPRESENTATION('',(#1271),#1275);
#1271 = LINE('',#1272,#1273);
#1272 = CARTESIAN_POINT('',(0.,0.));
#1273 = VECTOR('',#1274,1.);
#1274 = DIRECTION('',(1.,0.));
#1275 = ( GEOMETRIC_REPRESENTATION_CONTEXT(2) 
PARAMETRIC_REPRESENTATION_CONTEXT() REPRESENTATION_CONTEXT('2D SPACE',''
  ) );
#1276 = ORIENTED_EDGE('',*,*,#1277,.T.);
#1277 = EDGE_CURVE('',#1245,#1278,#1280,.T.);
#1278 = VERTEX_POINT('',#1279);
#1279 = CARTESIAN_POINT('',(-53.8196806796,56.761676785675,0.));
#1280 = SURFACE_CURVE('',#1281,(#1285,#1292),.PCURVE_S1.);
#1281 = LINE('',#1282,#1283);
#1282 = CARTESIAN_POINT('',(-51.9712,57.9968,0.));
#1283 = VECTOR('',#1284,1.);
#1284 = DIRECTION('',(-0.831467968379,-0.555572693316,0.));
#1285 = PCURVE('',#62,#1286);
#1286 = DEFINITIONAL_REPRESENTATION('',(#1287),#1291);
#1287 = LINE('',#1288,#1289);
#1288 = CARTESIAN_POINT('',(-2.589581813667,43.684756013195));
#1289 = VECTOR('',#1290,1.);
#1290 = DIRECTION('',(-0.831467968379,-0.555572693316));
#1291 = ( GEOMETRIC_REPRESENTATION_CONTEXT(2) 
PARAMETRIC_REPRESENTATION_CONTEXT() REPRESENTATION_CONTEXT('2D SPACE',''
  ) );
#1292 = PCURVE('',#1293,#1298);
#1293 = PLANE('',#1294);
#1294 = AXIS2_PLACEMENT_3D('',#1295,#1296,#1297);
#1295 = CARTESIAN_POINT('',(-52.18920685078,57.851131546307,0.));
#1296 = DIRECTION('',(0.555572693316,-0.831467968379,0.));
#1297 = DIRECTION('',(-0.831467968379,-0.555572693316,0.));
#1298 = DEFINITIONAL_REPRESENTATION('',(#1299),#1303);
#1299 = LINE('',#1300,#1301);
#1300 = CARTESIAN_POINT('',(-0.26219512846,0.));
#1301 = VECTOR('',#1302,1.);
#1302 = DIRECTION('',(1.,0.));
#1303 = ( GEOMETRIC_REPRESENTATION_CONTEXT(2) 
PARAMETRIC_REPRESENTATION_CONTEXT() REPRESENTATION_CONTEXT('2D SPACE',''
  ) );
#1304 = ORIENTED_EDGE('',*,*,#1305,.F.);
#1305 = EDGE_CURVE('',#1306,#1278,#1308,.T.);
#1306 = VERTEX_POINT('',#1307);
#1307 = CARTESIAN_POINT('',(-54.23483637644,56.443108707476,0.));
#1308 = SURFACE_CURVE('',#1309,(#1314,#1325),.PCURVE_S1.);
#1309 = CIRCLE('',#1310,4.);
#1310 = AXIS2_PLACEMENT_3D('',#1311,#1312,#1313);
#1311 = CARTESIAN_POINT('',(-51.59738990634,53.435804912157,0.));
#1312 = DIRECTION('',(-0.,0.,-1.));
#1313 = DIRECTION('',(-0.75182594883,-0.659361617526,0.));
#1314 = PCURVE('',#62,#1315);
#1315 = DEFINITIONAL_REPRESENTATION('',(#1316),#1324);
#1316 = ( BOUNDED_CURVE() B_SPLINE_CURVE(2,(#1317,#1318,#1319,#1320,
#1321,#1322,#1323),.UNSPECIFIED.,.T.,.F.) B_SPLINE_CURVE_WITH_KNOTS((1,2
    ,2,2,2,1),(-2.094395102393,0.,2.094395102393,4.188790204786,
6.28318530718,8.377580409573),.UNSPECIFIED.) CURVE() 
GEOMETRIC_REPRESENTATION_ITEM() RATIONAL_B_SPLINE_CURVE((1.,0.5,1.,0.5,
1.,0.5,1.)) REPRESENTATION_ITEM('') );
#1317 = CARTESIAN_POINT('',(-5.223075515328,36.486314455248));
#1318 = CARTESIAN_POINT('',(-9.791266803791,41.695117422535));
#1319 = CARTESIAN_POINT('',(-2.996215466581,43.046885644047));
#1320 = CARTESIAN_POINT('',(3.798835870628,44.398653865559));
#1321 = CARTESIAN_POINT('',(1.571975821881,37.83808267676));
#1322 = CARTESIAN_POINT('',(-0.654884226865,31.277511487962));
#1323 = CARTESIAN_POINT('',(-5.223075515328,36.486314455248));
#1324 = ( GEOMETRIC_REPRESENTATION_CONTEXT(2) 
PARAMETRIC_REPRESENTATION_CONTEXT() REPRESENTATION_CONTEXT('2D SPACE',''
  ) );
#1325 = PCURVE('',#1326,#1331);
#1326 = CYLINDRICAL_SURFACE('',#1327,4.);
#1327 = AXIS2_PLACEMENT_3D('',#1328,#1329,#1330);
#1328 = CARTESIAN_POINT('',(-51.59738990634,53.435804912157,0.));
#1329 = DIRECTION('',(-0.,0.,-1.));
#1330 = DIRECTION('',(-0.75182594883,-0.659361617526,0.));
#1331 = DEFINITIONAL_REPRESENTATION('',(#1332),#1336);
#1332 = LINE('',#1333,#1334);
#1333 = CARTESIAN_POINT('',(0.,0.));
#1334 = VECTOR('',#1335,1.);
#1335 = DIRECTION('',(1.,0.));
#1336 = ( GEOMETRIC_REPRESENTATION_CONTEXT(2) 
PARAMETRIC_REPRESENTATION_CONTEXT() REPRESENTATION_CONTEXT('2D SPACE',''
  ) );
#1337 = ORIENTED_EDGE('',*,*,#1338,.T.);
#1338 = EDGE_CURVE('',#1306,#1339,#1341,.T.);
#1339 = VERTEX_POINT('',#1340);
#1340 = CARTESIAN_POINT('',(-55.70911431314,55.150146837063,0.));
#1341 = SURFACE_CURVE('',#1342,(#1346,#1353),.PCURVE_S1.);
#1342 = LINE('',#1343,#1344);
#1343 = CARTESIAN_POINT('',(-54.0377,56.616,0.));
#1344 = VECTOR('',#1345,1.);
#1345 = DIRECTION('',(-0.75182594883,-0.659361617526,0.));
#1346 = PCURVE('',#62,#1347);
#1347 = DEFINITIONAL_REPRESENTATION('',(#1348),#1352);
#1348 = LINE('',#1349,#1350);
#1349 = CARTESIAN_POINT('',(-4.656081813667,42.303956013195));
#1350 = VECTOR('',#1351,1.);
#1351 = DIRECTION('',(-0.75182594883,-0.659361617526));
#1352 = ( GEOMETRIC_REPRESENTATION_CONTEXT(2) 
PARAMETRIC_REPRESENTATION_CONTEXT() REPRESENTATION_CONTEXT('2D SPACE',''
  ) );
#1353 = PCURVE('',#1354,#1359);
#1354 = PLANE('',#1355);
#1355 = AXIS2_PLACEMENT_3D('',#1356,#1357,#1358);
#1356 = CARTESIAN_POINT('',(-54.23483637644,56.443108707476,0.));
#1357 = DIRECTION('',(0.659361617526,-0.75182594883,0.));
#1358 = DIRECTION('',(-0.75182594883,-0.659361617526,0.));
#1359 = DEFINITIONAL_REPRESENTATION('',(#1360),#1364);
#1360 = LINE('',#1361,#1362);
#1361 = CARTESIAN_POINT('',(-0.262210125565,0.));
#1362 = VECTOR('',#1363,1.);
#1363 = DIRECTION('',(1.,0.));
#1364 = ( GEOMETRIC_REPRESENTATION_CONTEXT(2) 
PARAMETRIC_REPRESENTATION_CONTEXT() REPRESENTATION_CONTEXT('2D SPACE',''
  ) );
#1365 = ORIENTED_EDGE('',*,*,#1366,.F.);
#1366 = EDGE_CURVE('',#1367,#1339,#1369,.T.);
#1367 = VERTEX_POINT('',#1368);
#1368 = CARTESIAN_POINT('',(-56.07904160834,54.780209727612,0.));
#1369 = SURFACE_CURVE('',#1370,(#1375,#1386),.PCURVE_S1.);
#1370 = CIRCLE('',#1371,4.);
#1371 = AXIS2_PLACEMENT_3D('',#1372,#1373,#1374);
#1372 = CARTESIAN_POINT('',(-53.07166784304,52.142843041744,0.));
#1373 = DIRECTION('',(-0.,0.,-1.));
#1374 = DIRECTION('',(-0.659341671467,-0.751843441327,0.));
#1375 = PCURVE('',#62,#1376);
#1376 = DEFINITIONAL_REPRESENTATION('',(#1377),#1385);
#1377 = ( BOUNDED_CURVE() B_SPLINE_CURVE(2,(#1378,#1379,#1380,#1381,
#1382,#1383,#1384),.UNSPECIFIED.,.T.,.F.) B_SPLINE_CURVE_WITH_KNOTS((1,2
    ,2,2,2,1),(-2.094395102393,0.,2.094395102393,4.188790204786,
6.28318530718,8.377580409573),.UNSPECIFIED.) CURVE() 
GEOMETRIC_REPRESENTATION_ITEM() RATIONAL_B_SPLINE_CURVE((1.,0.5,1.,0.5,
1.,0.5,1.)) REPRESENTATION_ITEM('') );
#1378 = CARTESIAN_POINT('',(-6.327416342575,34.823425289629));
#1379 = CARTESIAN_POINT('',(-11.53634050144,39.391478387742));
#1380 = CARTESIAN_POINT('',(-4.975828393206,41.61851248665));
#1381 = CARTESIAN_POINT('',(1.584683715029,43.845546585559));
#1382 = CARTESIAN_POINT('',(0.23309576566,37.050459388537));
#1383 = CARTESIAN_POINT('',(-1.118492183709,30.255372191516));
#1384 = CARTESIAN_POINT('',(-6.327416342575,34.823425289629));
#1385 = ( GEOMETRIC_REPRESENTATION_CONTEXT(2) 
PARAMETRIC_REPRESENTATION_CONTEXT() REPRESENTATION_CONTEXT('2D SPACE',''
  ) );
#1386 = PCURVE('',#1387,#1392);
#1387 = CYLINDRICAL_SURFACE('',#1388,4.);
#1388 = AXIS2_PLACEMENT_3D('',#1389,#1390,#1391);
#1389 = CARTESIAN_POINT('',(-53.07166784304,52.142843041744,0.));
#1390 = DIRECTION('',(-0.,0.,-1.));
#1391 = DIRECTION('',(-0.659341671467,-0.751843441327,0.));
#1392 = DEFINITIONAL_REPRESENTATION('',(#1393),#1397);
#1393 = LINE('',#1394,#1395);
#1394 = CARTESIAN_POINT('',(0.,0.));
#1395 = VECTOR('',#1396,1.);
#1396 = DIRECTION('',(1.,0.));
#1397 = ( GEOMETRIC_REPRESENTATION_CONTEXT(2) 
PARAMETRIC_REPRESENTATION_CONTEXT() REPRESENTATION_CONTEXT('2D SPACE',''
  ) );
#1398 = ORIENTED_EDGE('',*,*,#1399,.T.);
#1399 = EDGE_CURVE('',#1367,#1400,#1402,.T.);
#1400 = VERTEX_POINT('',#1401);
#1401 = CARTESIAN_POINT('',(-57.41137753953,53.260954878638,0.));
#1402 = SURFACE_CURVE('',#1403,(#1407,#1414),.PCURVE_S1.);
#1403 = LINE('',#1404,#1405);
#1404 = CARTESIAN_POINT('',(-55.9062,54.9773,0.));
#1405 = VECTOR('',#1406,1.);
#1406 = DIRECTION('',(-0.659341671467,-0.751843441327,0.));
#1407 = PCURVE('',#62,#1408);
#1408 = DEFINITIONAL_REPRESENTATION('',(#1409),#1413);
#1409 = LINE('',#1410,#1411);
#1410 = CARTESIAN_POINT('',(-6.524581813667,40.665256013195));
#1411 = VECTOR('',#1412,1.);
#1412 = DIRECTION('',(-0.659341671467,-0.751843441327));
#1413 = ( GEOMETRIC_REPRESENTATION_CONTEXT(2) 
PARAMETRIC_REPRESENTATION_CONTEXT() REPRESENTATION_CONTEXT('2D SPACE',''
  ) );
#1414 = PCURVE('',#1415,#1420);
#1415 = PLANE('',#1416);
#1416 = AXIS2_PLACEMENT_3D('',#1417,#1418,#1419);
#1417 = CARTESIAN_POINT('',(-56.07904160834,54.780209727612,0.));
#1418 = DIRECTION('',(0.751843441327,-0.659341671467,0.));
#1419 = DIRECTION('',(-0.659341671467,-0.751843441327,0.));
#1420 = DEFINITIONAL_REPRESENTATION('',(#1421),#1425);
#1421 = LINE('',#1422,#1423);
#1422 = CARTESIAN_POINT('',(-0.262142703592,0.));
#1423 = VECTOR('',#1424,1.);
#1424 = DIRECTION('',(1.,0.));
#1425 = ( GEOMETRIC_REPRESENTATION_CONTEXT(2) 
PARAMETRIC_REPRESENTATION_CONTEXT() REPRESENTATION_CONTEXT('2D SPACE',''
  ) );
#1426 = ORIENTED_EDGE('',*,*,#1427,.F.);
#1427 = EDGE_CURVE('',#40,#1400,#1428,.T.);
#1428 = SURFACE_CURVE('',#1429,(#1434,#1445),.PCURVE_S1.);
#1429 = CIRCLE('',#1430,4.);
#1430 = AXIS2_PLACEMENT_3D('',#1431,#1432,#1433);
#1431 = CARTESIAN_POINT('',(-54.40400377422,50.623588192769,0.));
#1432 = DIRECTION('',(-0.,0.,-1.));
#1433 = DIRECTION('',(-0.580037564085,-0.814589727563,0.));
#1434 = PCURVE('',#62,#1435);
#1435 = DEFINITIONAL_REPRESENTATION('',(#1436),#1444);
#1436 = ( BOUNDED_CURVE() B_SPLINE_CURVE(2,(#1437,#1438,#1439,#1440,
#1441,#1442,#1443),.UNSPECIFIED.,.T.,.F.) B_SPLINE_CURVE_WITH_KNOTS((1,2
    ,2,2,2,1),(-2.094395102393,0.,2.094395102393,4.188790204786,
6.28318530718,8.377580409573),.UNSPECIFIED.) CURVE() 
GEOMETRIC_REPRESENTATION_ITEM() RATIONAL_B_SPLINE_CURVE((1.,0.5,1.,0.5,
1.,0.5,1.)) REPRESENTATION_ITEM('') );
#1437 = CARTESIAN_POINT('',(-7.342535844232,33.053185295713));
#1438 = CARTESIAN_POINT('',(-12.98617902608,37.071803420885));
#1439 = CARTESIAN_POINT('',(-6.684132050649,39.950032723676));
#1440 = CARTESIAN_POINT('',(-0.382085075217,42.828262026466));
#1441 = CARTESIAN_POINT('',(-1.040488868799,35.931414598504));
#1442 = CARTESIAN_POINT('',(-1.698892662382,29.034567170541));
#1443 = CARTESIAN_POINT('',(-7.342535844232,33.053185295713));
#1444 = ( GEOMETRIC_REPRESENTATION_CONTEXT(2) 
PARAMETRIC_REPRESENTATION_CONTEXT() REPRESENTATION_CONTEXT('2D SPACE',''
  ) );
#1445 = PCURVE('',#90,#1446);
#1446 = DEFINITIONAL_REPRESENTATION('',(#1447),#1451);
#1447 = LINE('',#1448,#1449);
#1448 = CARTESIAN_POINT('',(0.,0.));
#1449 = VECTOR('',#1450,1.);
#1450 = DIRECTION('',(1.,0.));
#1451 = ( GEOMETRIC_REPRESENTATION_CONTEXT(2) 
PARAMETRIC_REPRESENTATION_CONTEXT() REPRESENTATION_CONTEXT('2D SPACE',''
  ) );
#1452 = FACE_BOUND('',#1453,.F.);
#1453 = EDGE_LOOP('',(#1454,#1482,#1515,#1541));
#1454 = ORIENTED_EDGE('',*,*,#1455,.T.);
#1455 = EDGE_CURVE('',#1456,#1458,#1460,.T.);
#1456 = VERTEX_POINT('',#1457);
#1457 = CARTESIAN_POINT('',(-51.78793130923,28.6854996176,0.));
#1458 = VERTEX_POINT('',#1459);
#1459 = CARTESIAN_POINT('',(-52.69034025783,27.418178598411,0.));
#1460 = SURFACE_CURVE('',#1461,(#1465,#1471),.PCURVE_S1.);
#1461 = LINE('',#1462,#1463);
#1462 = CARTESIAN_POINT('',(-55.23001692036,23.851518913395,
    1.734723475977E-18));
#1463 = VECTOR('',#1464,1.);
#1464 = DIRECTION('',(-0.580037178045,-0.814590002447,0.));
#1465 = PCURVE('',#62,#1466);
#1466 = DEFINITIONAL_REPRESENTATION('',(#1467),#1470);
#1467 = B_SPLINE_CURVE_WITH_KNOTS('',1,(#1468,#1469),.UNSPECIFIED.,.F.,
  .F.,(2,2),(-5.934249978131,-4.378472206022),.PIECEWISE_BEZIER_KNOTS.);
#1468 = CARTESIAN_POINT('',(-2.406313122907,14.373455630795));
#1469 = CARTESIAN_POINT('',(-3.308722071505,13.106134611606));
#1470 = ( GEOMETRIC_REPRESENTATION_CONTEXT(2) 
PARAMETRIC_REPRESENTATION_CONTEXT() REPRESENTATION_CONTEXT('2D SPACE',''
  ) );
#1471 = PCURVE('',#1472,#1477);
#1472 = PLANE('',#1473);
#1473 = AXIS2_PLACEMENT_3D('',#1474,#1475,#1476);
#1474 = CARTESIAN_POINT('',(-52.69034025783,27.418178598411,-2.E-02));
#1475 = DIRECTION('',(-0.814590002447,0.580037178045,0.));
#1476 = DIRECTION('',(0.580037178045,0.814590002447,0.));
#1477 = DEFINITIONAL_REPRESENTATION('',(#1478),#1481);
#1478 = B_SPLINE_CURVE_WITH_KNOTS('',1,(#1479,#1480),.UNSPECIFIED.,.F.,
  .F.,(2,2),(-5.934249978131,-4.378472206022),.PIECEWISE_BEZIER_KNOTS.);
#1479 = CARTESIAN_POINT('',(1.555777772109,-2.E-02));
#1480 = CARTESIAN_POINT('',(0.,-2.E-02));
#1481 = ( GEOMETRIC_REPRESENTATION_CONTEXT(2) 
PARAMETRIC_REPRESENTATION_CONTEXT() REPRESENTATION_CONTEXT('2D SPACE',''
  ) );
#1482 = ORIENTED_EDGE('',*,*,#1483,.T.);
#1483 = EDGE_CURVE('',#1458,#1484,#1486,.T.);
#1484 = VERTEX_POINT('',#1485);
#1485 = CARTESIAN_POINT('',(-53.34708816616,31.323134703787,0.));
#1486 = SURFACE_CURVE('',#1487,(#1492,#1503),.PCURVE_S1.);
#1487 = CIRCLE('',#1488,2.8);
#1488 = AXIS2_PLACEMENT_3D('',#1489,#1490,#1491);
#1489 = CARTESIAN_POINT('',(-54.97119226468,29.042282696936,0.));
#1490 = DIRECTION('',(0.,-0.,-1.));
#1491 = DIRECTION('',(1.,0.,-0.));
#1492 = PCURVE('',#62,#1493);
#1493 = DEFINITIONAL_REPRESENTATION('',(#1494),#1502);
#1494 = ( BOUNDED_CURVE() B_SPLINE_CURVE(2,(#1495,#1496,#1497,#1498,
#1499,#1500,#1501),.UNSPECIFIED.,.T.,.F.) B_SPLINE_CURVE_WITH_KNOTS((1,2
    ,2,2,2,1),(-2.094395102393,0.,2.094395102393,4.188790204786,
6.28318530718,8.377580409573),.UNSPECIFIED.) CURVE() 
GEOMETRIC_REPRESENTATION_ITEM() RATIONAL_B_SPLINE_CURVE((1.,0.5,1.,0.5,
1.,0.5,1.)) REPRESENTATION_ITEM('') );
#1495 = CARTESIAN_POINT('',(-2.789574078356,14.730238710131));
#1496 = CARTESIAN_POINT('',(-2.789574078356,9.880496448938));
#1497 = CARTESIAN_POINT('',(-6.989574078356,12.305367579534));
#1498 = CARTESIAN_POINT('',(-11.18957407835,14.730238710131));
#1499 = CARTESIAN_POINT('',(-6.989574078356,17.155109840727));
#1500 = CARTESIAN_POINT('',(-2.789574078356,19.579980971324));
#1501 = CARTESIAN_POINT('',(-2.789574078356,14.730238710131));
#1502 = ( GEOMETRIC_REPRESENTATION_CONTEXT(2) 
PARAMETRIC_REPRESENTATION_CONTEXT() REPRESENTATION_CONTEXT('2D SPACE',''
  ) );
#1503 = PCURVE('',#1504,#1509);
#1504 = CYLINDRICAL_SURFACE('',#1505,2.8);
#1505 = AXIS2_PLACEMENT_3D('',#1506,#1507,#1508);
#1506 = CARTESIAN_POINT('',(-54.97119226468,29.042282696936,-2.E-02));
#1507 = DIRECTION('',(-0.,-0.,-1.));
#1508 = DIRECTION('',(1.,0.,-0.));
#1509 = DEFINITIONAL_REPRESENTATION('',(#1510),#1514);
#1510 = LINE('',#1511,#1512);
#1511 = CARTESIAN_POINT('',(-6.28318530718,-2.E-02));
#1512 = VECTOR('',#1513,1.);
#1513 = DIRECTION('',(1.,-0.));
#1514 = ( GEOMETRIC_REPRESENTATION_CONTEXT(2) 
PARAMETRIC_REPRESENTATION_CONTEXT() REPRESENTATION_CONTEXT('2D SPACE',''
  ) );
#1515 = ORIENTED_EDGE('',*,*,#1516,.T.);
#1516 = EDGE_CURVE('',#1484,#1517,#1519,.T.);
#1517 = VERTEX_POINT('',#1518);
#1518 = CARTESIAN_POINT('',(-52.07976714697,30.420725755188,0.));
#1519 = SURFACE_CURVE('',#1520,(#1524,#1530),.PCURVE_S1.);
#1520 = LINE('',#1521,#1522);
#1521 = CARTESIAN_POINT('',(-47.37896395486,27.073470559438,0.));
#1522 = VECTOR('',#1523,1.);
#1523 = DIRECTION('',(0.814590002447,-0.580037178045,0.));
#1524 = PCURVE('',#62,#1525);
#1525 = DEFINITIONAL_REPRESENTATION('',(#1526),#1529);
#1526 = B_SPLINE_CURVE_WITH_KNOTS('',1,(#1527,#1528),.UNSPECIFIED.,.F.,
  .F.,(2,2),(-7.32653751381,-5.770759741701),.PIECEWISE_BEZIER_KNOTS.);
#1527 = CARTESIAN_POINT('',(-3.965469979831,17.011090716981));
#1528 = CARTESIAN_POINT('',(-2.698148960642,16.108681768383));
#1529 = ( GEOMETRIC_REPRESENTATION_CONTEXT(2) 
PARAMETRIC_REPRESENTATION_CONTEXT() REPRESENTATION_CONTEXT('2D SPACE',''
  ) );
#1530 = PCURVE('',#1531,#1536);
#1531 = PLANE('',#1532);
#1532 = AXIS2_PLACEMENT_3D('',#1533,#1534,#1535);
#1533 = CARTESIAN_POINT('',(-52.07976714697,30.420725755188,-2.E-02));
#1534 = DIRECTION('',(-0.580037178045,-0.814590002447,0.));
#1535 = DIRECTION('',(-0.814590002447,0.580037178045,0.));
#1536 = DEFINITIONAL_REPRESENTATION('',(#1537),#1540);
#1537 = B_SPLINE_CURVE_WITH_KNOTS('',1,(#1538,#1539),.UNSPECIFIED.,.F.,
  .F.,(2,2),(-7.32653751381,-5.770759741701),.PIECEWISE_BEZIER_KNOTS.);
#1538 = CARTESIAN_POINT('',(1.555777772109,-2.E-02));
#1539 = CARTESIAN_POINT('',(0.,-2.E-02));
#1540 = ( GEOMETRIC_REPRESENTATION_CONTEXT(2) 
PARAMETRIC_REPRESENTATION_CONTEXT() REPRESENTATION_CONTEXT('2D SPACE',''
  ) );
#1541 = ORIENTED_EDGE('',*,*,#1542,.T.);
#1542 = EDGE_CURVE('',#1517,#1456,#1543,.T.);
#1543 = SURFACE_CURVE('',#1544,(#1548,#1554),.PCURVE_S1.);
#1544 = LINE('',#1545,#1546);
#1545 = CARTESIAN_POINT('',(-50.5793967416,21.499676292347,0.));
#1546 = VECTOR('',#1547,1.);
#1547 = DIRECTION('',(0.165853892681,-0.986150336552,0.));
#1548 = PCURVE('',#62,#1549);
#1549 = DEFINITIONAL_REPRESENTATION('',(#1550),#1553);
#1550 = B_SPLINE_CURVE_WITH_KNOTS('',1,(#1551,#1552),.UNSPECIFIED.,.F.,
  .F.,(2,2),(-9.046338202376,-7.286742253087),.PIECEWISE_BEZIER_KNOTS.);
#1551 = CARTESIAN_POINT('',(-2.698148960642,16.108681768383));
#1552 = CARTESIAN_POINT('',(-2.406313122907,14.373455630795));
#1553 = ( GEOMETRIC_REPRESENTATION_CONTEXT(2) 
PARAMETRIC_REPRESENTATION_CONTEXT() REPRESENTATION_CONTEXT('2D SPACE',''
  ) );
#1554 = PCURVE('',#1555,#1560);
#1555 = PLANE('',#1556);
#1556 = AXIS2_PLACEMENT_3D('',#1557,#1558,#1559);
#1557 = CARTESIAN_POINT('',(-51.78793130923,28.6854996176,-2.E-02));
#1558 = DIRECTION('',(-0.986150336552,-0.165853892681,0.));
#1559 = DIRECTION('',(-0.165853892681,0.986150336552,0.));
#1560 = DEFINITIONAL_REPRESENTATION('',(#1561),#1564);
#1561 = B_SPLINE_CURVE_WITH_KNOTS('',1,(#1562,#1563),.UNSPECIFIED.,.F.,
  .F.,(2,2),(-9.046338202376,-7.286742253087),.PIECEWISE_BEZIER_KNOTS.);
#1562 = CARTESIAN_POINT('',(1.759595949289,-2.E-02));
#1563 = CARTESIAN_POINT('',(0.,-2.E-02));
#1564 = ( GEOMETRIC_REPRESENTATION_CONTEXT(2) 
PARAMETRIC_REPRESENTATION_CONTEXT() REPRESENTATION_CONTEXT('2D SPACE',''
  ) );
#1565 = FACE_BOUND('',#1566,.F.);
#1566 = EDGE_LOOP('',(#1567,#1595,#1628,#1654));
#1567 = ORIENTED_EDGE('',*,*,#1568,.T.);
#1568 = EDGE_CURVE('',#1569,#1571,#1573,.T.);
#1569 = VERTEX_POINT('',#1570);
#1570 = CARTESIAN_POINT('',(-29.82341436134,40.124707069217,0.));
#1571 = VERTEX_POINT('',#1572);
#1572 = CARTESIAN_POINT('',(-33.40887848747,35.08936909119,0.));
#1573 = SURFACE_CURVE('',#1574,(#1578,#1584),.PCURVE_S1.);
#1574 = LINE('',#1575,#1576);
#1575 = CARTESIAN_POINT('',(-41.00440273872,24.42240091637,
    5.551115123126E-17));
#1576 = VECTOR('',#1577,1.);
#1577 = DIRECTION('',(-0.580037178045,-0.814590002447,0.));
#1578 = PCURVE('',#62,#1579);
#1579 = DEFINITIONAL_REPRESENTATION('',(#1580),#1583);
#1580 = B_SPLINE_CURVE_WITH_KNOTS('',1,(#1581,#1582),.UNSPECIFIED.,.F.,
  .F.,(2,2),(-19.27633055363,-13.09489208409),.PIECEWISE_BEZIER_KNOTS.);
#1581 = CARTESIAN_POINT('',(19.558203824992,25.812663082411));
#1582 = CARTESIAN_POINT('',(15.972739698863,20.777325104384));
#1583 = ( GEOMETRIC_REPRESENTATION_CONTEXT(2) 
PARAMETRIC_REPRESENTATION_CONTEXT() REPRESENTATION_CONTEXT('2D SPACE',''
  ) );
#1584 = PCURVE('',#1585,#1590);
#1585 = PLANE('',#1586);
#1586 = AXIS2_PLACEMENT_3D('',#1587,#1588,#1589);
#1587 = CARTESIAN_POINT('',(-33.40887848747,35.08936909119,-0.5));
#1588 = DIRECTION('',(-0.814590002447,0.580037178045,0.));
#1589 = DIRECTION('',(0.580037178045,0.814590002447,0.));
#1590 = DEFINITIONAL_REPRESENTATION('',(#1591),#1594);
#1591 = B_SPLINE_CURVE_WITH_KNOTS('',1,(#1592,#1593),.UNSPECIFIED.,.F.,
  .F.,(2,2),(-19.27633055363,-13.09489208409),.PIECEWISE_BEZIER_KNOTS.);
#1592 = CARTESIAN_POINT('',(6.181438469541,-0.5));
#1593 = CARTESIAN_POINT('',(0.,-0.5));
#1594 = ( GEOMETRIC_REPRESENTATION_CONTEXT(2) 
PARAMETRIC_REPRESENTATION_CONTEXT() REPRESENTATION_CONTEXT('2D SPACE',''
  ) );
#1595 = ORIENTED_EDGE('',*,*,#1596,.T.);
#1596 = EDGE_CURVE('',#1571,#1597,#1599,.T.);
#1597 = VERTEX_POINT('',#1598);
#1598 = CARTESIAN_POINT('',(-36.01827865894,50.604596474155,0.));
#1599 = SURFACE_CURVE('',#1600,(#1605,#1616),.PCURVE_S1.);
#1600 = CIRCLE('',#1601,11.125);
#1601 = AXIS2_PLACEMENT_3D('',#1602,#1603,#1604);
#1602 = CARTESIAN_POINT('',(-42.47119226468,41.542282696936,0.));
#1603 = DIRECTION('',(0.,-0.,-1.));
#1604 = DIRECTION('',(1.,0.,-0.));
#1605 = PCURVE('',#62,#1606);
#1606 = DEFINITIONAL_REPRESENTATION('',(#1607),#1615);
#1607 = ( BOUNDED_CURVE() B_SPLINE_CURVE(2,(#1608,#1609,#1610,#1611,
#1612,#1613,#1614),.UNSPECIFIED.,.T.,.F.) B_SPLINE_CURVE_WITH_KNOTS((1,2
    ,2,2,2,1),(-2.094395102393,0.,2.094395102393,4.188790204786,
6.28318530718,8.377580409573),.UNSPECIFIED.) CURVE() 
GEOMETRIC_REPRESENTATION_ITEM() RATIONAL_B_SPLINE_CURVE((1.,0.5,1.,0.5,
1.,0.5,1.)) REPRESENTATION_ITEM('') );
#1608 = CARTESIAN_POINT('',(18.035425921644,27.230238710131));
#1609 = CARTESIAN_POINT('',(18.035425921644,7.961173475927));
#1610 = CARTESIAN_POINT('',(1.347925921644,17.595706093029));
#1611 = CARTESIAN_POINT('',(-15.33957407835,27.230238710131));
#1612 = CARTESIAN_POINT('',(1.347925921644,36.864771327233));
#1613 = CARTESIAN_POINT('',(18.035425921644,46.499303944334));
#1614 = CARTESIAN_POINT('',(18.035425921644,27.230238710131));
#1615 = ( GEOMETRIC_REPRESENTATION_CONTEXT(2) 
PARAMETRIC_REPRESENTATION_CONTEXT() REPRESENTATION_CONTEXT('2D SPACE',''
  ) );
#1616 = PCURVE('',#1617,#1622);
#1617 = CYLINDRICAL_SURFACE('',#1618,11.125);
#1618 = AXIS2_PLACEMENT_3D('',#1619,#1620,#1621);
#1619 = CARTESIAN_POINT('',(-42.47119226468,41.542282696936,-0.5));
#1620 = DIRECTION('',(-0.,-0.,-1.));
#1621 = DIRECTION('',(1.,0.,-0.));
#1622 = DEFINITIONAL_REPRESENTATION('',(#1623),#1627);
#1623 = LINE('',#1624,#1625);
#1624 = CARTESIAN_POINT('',(-6.28318530718,-0.5));
#1625 = VECTOR('',#1626,1.);
#1626 = DIRECTION('',(1.,-0.));
#1627 = ( GEOMETRIC_REPRESENTATION_CONTEXT(2) 
PARAMETRIC_REPRESENTATION_CONTEXT() REPRESENTATION_CONTEXT('2D SPACE',''
  ) );
#1628 = ORIENTED_EDGE('',*,*,#1629,.T.);
#1629 = EDGE_CURVE('',#1597,#1630,#1632,.T.);
#1630 = VERTEX_POINT('',#1631);
#1631 = CARTESIAN_POINT('',(-30.98294068091,47.019132348026,0.));
#1632 = SURFACE_CURVE('',#1633,(#1637,#1643),.PCURVE_S1.);
#1633 = LINE('',#1634,#1635);
#1634 = CARTESIAN_POINT('',(-29.36029837949,45.863713230845,0.));
#1635 = VECTOR('',#1636,1.);
#1636 = DIRECTION('',(0.814590002447,-0.580037178045,0.));
#1637 = PCURVE('',#62,#1638);
#1638 = DEFINITIONAL_REPRESENTATION('',(#1639),#1642);
#1639 = B_SPLINE_CURVE_WITH_KNOTS('',1,(#1640,#1641),.UNSPECIFIED.,.F.,
  .F.,(2,2),(-8.173412710014,-1.991974240473),.PIECEWISE_BEZIER_KNOTS.);
#1640 = CARTESIAN_POINT('',(13.363339527391,36.29255248735));
#1641 = CARTESIAN_POINT('',(18.398677505417,32.707088361221));
#1642 = ( GEOMETRIC_REPRESENTATION_CONTEXT(2) 
PARAMETRIC_REPRESENTATION_CONTEXT() REPRESENTATION_CONTEXT('2D SPACE',''
  ) );
#1643 = PCURVE('',#1644,#1649);
#1644 = PLANE('',#1645);
#1645 = AXIS2_PLACEMENT_3D('',#1646,#1647,#1648);
#1646 = CARTESIAN_POINT('',(-30.98294068091,47.019132348026,-0.5));
#1647 = DIRECTION('',(-0.580037178045,-0.814590002447,0.));
#1648 = DIRECTION('',(-0.814590002447,0.580037178045,0.));
#1649 = DEFINITIONAL_REPRESENTATION('',(#1650),#1653);
#1650 = B_SPLINE_CURVE_WITH_KNOTS('',1,(#1651,#1652),.UNSPECIFIED.,.F.,
  .F.,(2,2),(-8.173412710014,-1.991974240473),.PIECEWISE_BEZIER_KNOTS.);
#1651 = CARTESIAN_POINT('',(6.181438469541,-0.5));
#1652 = CARTESIAN_POINT('',(0.,-0.5));
#1653 = ( GEOMETRIC_REPRESENTATION_CONTEXT(2) 
PARAMETRIC_REPRESENTATION_CONTEXT() REPRESENTATION_CONTEXT('2D SPACE',''
  ) );
#1654 = ORIENTED_EDGE('',*,*,#1655,.T.);
#1655 = EDGE_CURVE('',#1630,#1569,#1656,.T.);
#1656 = SURFACE_CURVE('',#1657,(#1661,#1667),.PCURVE_S1.);
#1657 = LINE('',#1658,#1659);
#1658 = CARTESIAN_POINT('',(-27.98149392435,29.172835940541,0.));
#1659 = VECTOR('',#1660,1.);
#1660 = DIRECTION('',(0.165853892681,-0.986150336552,0.));
#1661 = PCURVE('',#62,#1662);
#1662 = DEFINITIONAL_REPRESENTATION('',(#1663),#1666);
#1663 = B_SPLINE_CURVE_WITH_KNOTS('',1,(#1664,#1665),.UNSPECIFIED.,.F.,
  .F.,(2,2),(-18.0969328367,-11.1056810739),.PIECEWISE_BEZIER_KNOTS.);
#1664 = CARTESIAN_POINT('',(18.398677505417,32.707088361221));
#1665 = CARTESIAN_POINT('',(19.558203824992,25.812663082411));
#1666 = ( GEOMETRIC_REPRESENTATION_CONTEXT(2) 
PARAMETRIC_REPRESENTATION_CONTEXT() REPRESENTATION_CONTEXT('2D SPACE',''
  ) );
#1667 = PCURVE('',#1668,#1673);
#1668 = PLANE('',#1669);
#1669 = AXIS2_PLACEMENT_3D('',#1670,#1671,#1672);
#1670 = CARTESIAN_POINT('',(-29.82341436134,40.124707069217,-0.5));
#1671 = DIRECTION('',(-0.986150336552,-0.165853892681,0.));
#1672 = DIRECTION('',(-0.165853892681,0.986150336552,0.));
#1673 = DEFINITIONAL_REPRESENTATION('',(#1674),#1677);
#1674 = B_SPLINE_CURVE_WITH_KNOTS('',1,(#1675,#1676),.UNSPECIFIED.,.F.,
  .F.,(2,2),(-18.0969328367,-11.1056810739),.PIECEWISE_BEZIER_KNOTS.);
#1675 = CARTESIAN_POINT('',(6.991251762801,-0.5));
#1676 = CARTESIAN_POINT('',(0.,-0.5));
#1677 = ( GEOMETRIC_REPRESENTATION_CONTEXT(2) 
PARAMETRIC_REPRESENTATION_CONTEXT() REPRESENTATION_CONTEXT('2D SPACE',''
  ) );
#1678 = ADVANCED_FACE('',(#1679),#143,.F.);
#1679 = FACE_BOUND('',#1680,.F.);
#1680 = EDGE_LOOP('',(#1681,#1682,#1683,#1704,#1746,#1772,#1798,#1824,
    #1850,#1876,#1902));
#1681 = ORIENTED_EDGE('',*,*,#158,.T.);
#1682 = ORIENTED_EDGE('',*,*,#130,.T.);
#1683 = ORIENTED_EDGE('',*,*,#1684,.F.);
#1684 = EDGE_CURVE('',#1685,#103,#1687,.T.);
#1685 = VERTEX_POINT('',#1686);
#1686 = CARTESIAN_POINT('',(-67.7898174249,-7.617363298902,7.2));
#1687 = SURFACE_CURVE('',#1688,(#1692,#1698),.PCURVE_S1.);
#1688 = LINE('',#1689,#1690);
#1689 = CARTESIAN_POINT('',(-69.02055955053,-0.299496097927,7.2));
#1690 = VECTOR('',#1691,1.);
#1691 = DIRECTION('',(-0.165853892681,0.986150336552,0.));
#1692 = PCURVE('',#143,#1693);
#1693 = DEFINITIONAL_REPRESENTATION('',(#1694),#1697);
#1694 = B_SPLINE_CURVE_WITH_KNOTS('',1,(#1695,#1696),.UNSPECIFIED.,.F.,
  .F.,(2,2),(-28.86008941816,49.380847358871),.PIECEWISE_BEZIER_KNOTS.);
#1695 = CARTESIAN_POINT('',(-17.70810911944,7.2));
#1696 = CARTESIAN_POINT('',(60.53282765759,7.2));
#1697 = ( GEOMETRIC_REPRESENTATION_CONTEXT(2) 
PARAMETRIC_REPRESENTATION_CONTEXT() REPRESENTATION_CONTEXT('2D SPACE',''
  ) );
#1698 = PCURVE('',#118,#1699);
#1699 = DEFINITIONAL_REPRESENTATION('',(#1700),#1703);
#1700 = B_SPLINE_CURVE_WITH_KNOTS('',1,(#1701,#1702),.UNSPECIFIED.,.F.,
  .F.,(2,2),(-28.86008941816,49.380847358871),.PIECEWISE_BEZIER_KNOTS.);
#1701 = CARTESIAN_POINT('',(-14.85238319107,-43.07192697738));
#1702 = CARTESIAN_POINT('',(-27.82894712256,34.085399157464));
#1703 = ( GEOMETRIC_REPRESENTATION_CONTEXT(2) 
PARAMETRIC_REPRESENTATION_CONTEXT() REPRESENTATION_CONTEXT('2D SPACE',''
  ) );
#1704 = ORIENTED_EDGE('',*,*,#1705,.F.);
#1705 = EDGE_CURVE('',#1706,#1685,#1708,.T.);
#1706 = VERTEX_POINT('',#1707);
#1707 = CARTESIAN_POINT('',(-67.7898174249,-7.617363298902,43.2));
#1708 = SURFACE_CURVE('',#1709,(#1714,#1721),.PCURVE_S1.);
#1709 = ELLIPSE('',#1710,18.351463453094,18.);
#1710 = AXIS2_PLACEMENT_3D('',#1711,#1712,#1713);
#1711 = CARTESIAN_POINT('',(-67.7898174249,-7.617363298902,25.2));
#1712 = DIRECTION('',(0.986150336552,0.165853892681,0.));
#1713 = DIRECTION('',(0.165853892681,-0.986150336552,0.));
#1714 = PCURVE('',#143,#1715);
#1715 = DEFINITIONAL_REPRESENTATION('',(#1716),#1720);
#1716 = ELLIPSE('',#1717,18.351463453094,18.);
#1717 = AXIS2_PLACEMENT_2D('',#1718,#1719);
#1718 = CARTESIAN_POINT('',(3.731339723208,25.2));
#1719 = DIRECTION('',(-1.,0.));
#1720 = ( GEOMETRIC_REPRESENTATION_CONTEXT(2) 
PARAMETRIC_REPRESENTATION_CONTEXT() REPRESENTATION_CONTEXT('2D SPACE',''
  ) );
#1721 = PCURVE('',#1722,#1727);
#1722 = CYLINDRICAL_SURFACE('',#1723,18.);
#1723 = AXIS2_PLACEMENT_3D('',#1724,#1725,#1726);
#1724 = CARTESIAN_POINT('',(-21.44116972931,-8.980540866134,25.2));
#1725 = DIRECTION('',(0.999567765842,-2.939866475228E-02,-0.));
#1726 = DIRECTION('',(-0.,0.,-1.));
#1727 = DEFINITIONAL_REPRESENTATION('',(#1728),#1745);
#1728 = B_SPLINE_CURVE_WITH_KNOTS('',8,(#1729,#1730,#1731,#1732,#1733,
    #1734,#1735,#1736,#1737,#1738,#1739,#1740,#1741,#1742,#1743,#1744),
  .UNSPECIFIED.,.F.,.F.,(9,7,9),(4.712388980385,6.28318530718,
    7.853981633974),.UNSPECIFIED.);
#1729 = CARTESIAN_POINT('',(-3.14159265359,-46.36868982718));
#1730 = CARTESIAN_POINT('',(-2.94524311274,-45.66686144762));
#1731 = CARTESIAN_POINT('',(-2.748893571888,-44.96503290138));
#1732 = CARTESIAN_POINT('',(-2.552544031038,-44.30443648324));
#1733 = CARTESIAN_POINT('',(-2.356194490179,-43.72629622268));
#1734 = CARTESIAN_POINT('',(-2.159844949342,-43.2667761147));
#1735 = CARTESIAN_POINT('',(-1.963495408491,-42.95179731168));
#1736 = CARTESIAN_POINT('',(-1.767145867644,-42.7943072413));
#1737 = CARTESIAN_POINT('',(-1.374446785946,-42.7943072413));
#1738 = CARTESIAN_POINT('',(-1.178097245096,-42.95179731168));
#1739 = CARTESIAN_POINT('',(-0.981747704245,-43.26677611461));
#1740 = CARTESIAN_POINT('',(-0.785398163394,-43.72629622256));
#1741 = CARTESIAN_POINT('',(-0.589048622546,-44.30443648312));
#1742 = CARTESIAN_POINT('',(-0.392699081699,-44.96503290141));
#1743 = CARTESIAN_POINT('',(-0.196349540849,-45.66686144762));
#1744 = CARTESIAN_POINT('',(-2.960594732334E-16,-46.36868982718));
#1745 = ( GEOMETRIC_REPRESENTATION_CONTEXT(2) 
PARAMETRIC_REPRESENTATION_CONTEXT() REPRESENTATION_CONTEXT('2D SPACE',''
  ) );
#1746 = ORIENTED_EDGE('',*,*,#1747,.T.);
#1747 = EDGE_CURVE('',#1706,#1748,#1750,.T.);
#1748 = VERTEX_POINT('',#1749);
#1749 = CARTESIAN_POINT('',(-68.29709436658,-4.601146322152,43.2));
#1750 = SURFACE_CURVE('',#1751,(#1755,#1761),.PCURVE_S1.);
#1751 = LINE('',#1752,#1753);
#1752 = CARTESIAN_POINT('',(-66.97545849483,-12.45945847063,43.2));
#1753 = VECTOR('',#1754,1.);
#1754 = DIRECTION('',(-0.165853892681,0.986150336552,0.));
#1755 = PCURVE('',#143,#1756);
#1756 = DEFINITIONAL_REPRESENTATION('',(#1757),#1760);
#1757 = B_SPLINE_CURVE_WITH_KNOTS('',1,(#1758,#1759),.UNSPECIFIED.,.F.,
  .F.,(2,2),(4.910098381811,15.141890295828),.PIECEWISE_BEZIER_KNOTS.);
#1758 = CARTESIAN_POINT('',(3.731339723208,43.2));
#1759 = CARTESIAN_POINT('',(13.963131637225,43.2));
#1760 = ( GEOMETRIC_REPRESENTATION_CONTEXT(2) 
PARAMETRIC_REPRESENTATION_CONTEXT() REPRESENTATION_CONTEXT('2D SPACE',''
  ) );
#1761 = PCURVE('',#1762,#1767);
#1762 = PLANE('',#1763);
#1763 = AXIS2_PLACEMENT_3D('',#1764,#1765,#1766);
#1764 = CARTESIAN_POINT('',(-21.35297373505,-5.981837568607,43.2));
#1765 = DIRECTION('',(0.,0.,1.));
#1766 = DIRECTION('',(-2.939866475228E-02,-0.999567765842,0.));
#1767 = DEFINITIONAL_REPRESENTATION('',(#1768),#1771);
#1768 = B_SPLINE_CURVE_WITH_KNOTS('',1,(#1769,#1770),.UNSPECIFIED.,.F.,
  .F.,(2,2),(4.910098381811,15.141890295828),.PIECEWISE_BEZIER_KNOTS.);
#1769 = CARTESIAN_POINT('',(3.,-46.36868982718));
#1770 = CARTESIAN_POINT('',(-7.035834739995,-48.36157387881));
#1771 = ( GEOMETRIC_REPRESENTATION_CONTEXT(2) 
PARAMETRIC_REPRESENTATION_CONTEXT() REPRESENTATION_CONTEXT('2D SPACE',''
  ) );
#1772 = ORIENTED_EDGE('',*,*,#1773,.F.);
#1773 = EDGE_CURVE('',#1774,#1748,#1776,.T.);
#1774 = VERTEX_POINT('',#1775);
#1775 = CARTESIAN_POINT('',(-68.63527899437,-2.590335004319,45.2));
#1776 = SURFACE_CURVE('',#1777,(#1781,#1787),.PCURVE_S1.);
#1777 = LINE('',#1778,#1779);
#1778 = CARTESIAN_POINT('',(-65.83261222602,-19.25470586814,
    28.625226707215));
#1779 = VECTOR('',#1780,1.);
#1780 = DIRECTION('',(0.118404762945,-0.70402264873,-0.700237404162));
#1781 = PCURVE('',#143,#1782);
#1782 = DEFINITIONAL_REPRESENTATION('',(#1783),#1786);
#1783 = B_SPLINE_CURVE_WITH_KNOTS('',1,(#1784,#1785),.UNSPECIFIED.,.F.,
  .F.,(2,2),(-23.67021983439,-20.81404564531),.PIECEWISE_BEZIER_KNOTS.);
#1784 = CARTESIAN_POINT('',(8.828968460178,45.2));
#1785 = CARTESIAN_POINT('',(6.78991696539,43.2));
#1786 = ( GEOMETRIC_REPRESENTATION_CONTEXT(2) 
PARAMETRIC_REPRESENTATION_CONTEXT() REPRESENTATION_CONTEXT('2D SPACE',''
  ) );
#1787 = PCURVE('',#1788,#1793);
#1788 = PLANE('',#1789);
#1789 = AXIS2_PLACEMENT_3D('',#1790,#1791,#1792);
#1790 = CARTESIAN_POINT('',(-21.35297373505,-5.981837568607,43.2));
#1791 = DIRECTION('',(2.078799520417E-02,0.706801145483,-0.707106781187)
  );
#1792 = DIRECTION('',(2.078799520416E-02,0.706801145483,0.707106781187)
  );
#1793 = DEFINITIONAL_REPRESENTATION('',(#1794),#1797);
#1794 = B_SPLINE_CURVE_WITH_KNOTS('',1,(#1795,#1796),.UNSPECIFIED.,.F.,
  .F.,(2,2),(-23.67021983439,-20.81404564531),.PIECEWISE_BEZIER_KNOTS.);
#1795 = CARTESIAN_POINT('',(2.828427124746,-47.36157387881));
#1796 = CARTESIAN_POINT('',(0.,-46.96442025816));
#1797 = ( GEOMETRIC_REPRESENTATION_CONTEXT(2) 
PARAMETRIC_REPRESENTATION_CONTEXT() REPRESENTATION_CONTEXT('2D SPACE',''
  ) );
#1798 = ORIENTED_EDGE('',*,*,#1799,.F.);
#1799 = EDGE_CURVE('',#1800,#1774,#1802,.T.);
#1800 = VERTEX_POINT('',#1801);
#1801 = CARTESIAN_POINT('',(-68.63527899437,-2.590335004319,46.4));
#1802 = SURFACE_CURVE('',#1803,(#1807,#1813),.PCURVE_S1.);
#1803 = LINE('',#1804,#1805);
#1804 = CARTESIAN_POINT('',(-68.63527899437,-2.590335004319,22.6));
#1805 = VECTOR('',#1806,1.);
#1806 = DIRECTION('',(0.,-0.,-1.));
#1807 = PCURVE('',#143,#1808);
#1808 = DEFINITIONAL_REPRESENTATION('',(#1809),#1812);
#1809 = B_SPLINE_CURVE_WITH_KNOTS('',1,(#1810,#1811),.UNSPECIFIED.,.F.,
  .F.,(2,2),(-23.8,-22.6),.PIECEWISE_BEZIER_KNOTS.);
#1810 = CARTESIAN_POINT('',(8.828968460178,46.4));
#1811 = CARTESIAN_POINT('',(8.828968460178,45.2));
#1812 = ( GEOMETRIC_REPRESENTATION_CONTEXT(2) 
PARAMETRIC_REPRESENTATION_CONTEXT() REPRESENTATION_CONTEXT('2D SPACE',''
  ) );
#1813 = PCURVE('',#1814,#1819);
#1814 = PLANE('',#1815);
#1815 = AXIS2_PLACEMENT_3D('',#1816,#1817,#1818);
#1816 = CARTESIAN_POINT('',(-21.29417640555,-3.982702036923,45.2));
#1817 = DIRECTION('',(2.939866475228E-02,0.999567765842,-0.));
#1818 = DIRECTION('',(0.,0.,1.));
#1819 = DEFINITIONAL_REPRESENTATION('',(#1820),#1823);
#1820 = B_SPLINE_CURVE_WITH_KNOTS('',1,(#1821,#1822),.UNSPECIFIED.,.F.,
  .F.,(2,2),(-23.8,-22.6),.PIECEWISE_BEZIER_KNOTS.);
#1821 = CARTESIAN_POINT('',(1.2,-47.36157387881));
#1822 = CARTESIAN_POINT('',(0.,-47.36157387881));
#1823 = ( GEOMETRIC_REPRESENTATION_CONTEXT(2) 
PARAMETRIC_REPRESENTATION_CONTEXT() REPRESENTATION_CONTEXT('2D SPACE',''
  ) );
#1824 = ORIENTED_EDGE('',*,*,#1825,.F.);
#1825 = EDGE_CURVE('',#1826,#1800,#1828,.T.);
#1826 = VERTEX_POINT('',#1827);
#1827 = CARTESIAN_POINT('',(-64.06978651923,-29.73628779506,46.4));
#1828 = SURFACE_CURVE('',#1829,(#1833,#1839),.PCURVE_S1.);
#1829 = LINE('',#1830,#1831);
#1830 = CARTESIAN_POINT('',(-67.13813598787,-11.49219468247,46.4));
#1831 = VECTOR('',#1832,1.);
#1832 = DIRECTION('',(-0.165853892681,0.986150336552,0.));
#1833 = PCURVE('',#143,#1834);
#1834 = DEFINITIONAL_REPRESENTATION('',(#1835),#1838);
#1835 = B_SPLINE_CURVE_WITH_KNOTS('',1,(#1836,#1837),.UNSPECIFIED.,.F.,
  .F.,(2,2),(-18.50031626656,14.161042090125),.PIECEWISE_BEZIER_KNOTS.);
#1836 = CARTESIAN_POINT('',(-18.69822671946,46.4));
#1837 = CARTESIAN_POINT('',(13.963131637225,46.4));
#1838 = ( GEOMETRIC_REPRESENTATION_CONTEXT(2) 
PARAMETRIC_REPRESENTATION_CONTEXT() REPRESENTATION_CONTEXT('2D SPACE',''
  ) );
#1839 = PCURVE('',#1840,#1845);
#1840 = PLANE('',#1841);
#1841 = AXIS2_PLACEMENT_3D('',#1842,#1843,#1844);
#1842 = CARTESIAN_POINT('',(-21.29417640555,-3.982702036923,46.4));
#1843 = DIRECTION('',(0.,0.,1.));
#1844 = DIRECTION('',(-2.939866475228E-02,-0.999567765842,0.));
#1845 = DEFINITIONAL_REPRESENTATION('',(#1846),#1849);
#1846 = B_SPLINE_CURVE_WITH_KNOTS('',1,(#1847,#1848),.UNSPECIFIED.,.F.,
  .F.,(2,2),(-18.50031626656,14.161042090125),.PIECEWISE_BEZIER_KNOTS.);
#1847 = CARTESIAN_POINT('',(27.,-42.));
#1848 = CARTESIAN_POINT('',(-5.035834739995,-48.36157387881));
#1849 = ( GEOMETRIC_REPRESENTATION_CONTEXT(2) 
PARAMETRIC_REPRESENTATION_CONTEXT() REPRESENTATION_CONTEXT('2D SPACE',''
  ) );
#1850 = ORIENTED_EDGE('',*,*,#1851,.T.);
#1851 = EDGE_CURVE('',#1826,#1852,#1854,.T.);
#1852 = VERTEX_POINT('',#1853);
#1853 = CARTESIAN_POINT('',(-64.06978651923,-29.73628779506,7.2));
#1854 = SURFACE_CURVE('',#1855,(#1859,#1865),.PCURVE_S1.);
#1855 = LINE('',#1856,#1857);
#1856 = CARTESIAN_POINT('',(-64.06978651923,-29.73628779506,3.595));
#1857 = VECTOR('',#1858,1.);
#1858 = DIRECTION('',(0.,-0.,-1.));
#1859 = PCURVE('',#143,#1860);
#1860 = DEFINITIONAL_REPRESENTATION('',(#1861),#1864);
#1861 = B_SPLINE_CURVE_WITH_KNOTS('',1,(#1862,#1863),.UNSPECIFIED.,.F.,
  .F.,(2,2),(-42.805,-3.595),.PIECEWISE_BEZIER_KNOTS.);
#1862 = CARTESIAN_POINT('',(-18.69822671946,46.4));
#1863 = CARTESIAN_POINT('',(-18.69822671946,7.19));
#1864 = ( GEOMETRIC_REPRESENTATION_CONTEXT(2) 
PARAMETRIC_REPRESENTATION_CONTEXT() REPRESENTATION_CONTEXT('2D SPACE',''
  ) );
#1865 = PCURVE('',#1866,#1871);
#1866 = PLANE('',#1867);
#1867 = AXIS2_PLACEMENT_3D('',#1868,#1869,#1870);
#1868 = CARTESIAN_POINT('',(-22.08794035386,-30.97103171466,7.19));
#1869 = DIRECTION('',(2.939866475228E-02,0.999567765842,-0.));
#1870 = DIRECTION('',(0.,0.,1.));
#1871 = DEFINITIONAL_REPRESENTATION('',(#1872),#1875);
#1872 = B_SPLINE_CURVE_WITH_KNOTS('',1,(#1873,#1874),.UNSPECIFIED.,.F.,
  .F.,(2,2),(-42.805,-3.595),.PIECEWISE_BEZIER_KNOTS.);
#1873 = CARTESIAN_POINT('',(39.21,-42.));
#1874 = CARTESIAN_POINT('',(0.,-42.));
#1875 = ( GEOMETRIC_REPRESENTATION_CONTEXT(2) 
PARAMETRIC_REPRESENTATION_CONTEXT() REPRESENTATION_CONTEXT('2D SPACE',''
  ) );
#1876 = ORIENTED_EDGE('',*,*,#1877,.F.);
#1877 = EDGE_CURVE('',#1878,#1852,#1880,.T.);
#1878 = VERTEX_POINT('',#1879);
#1879 = CARTESIAN_POINT('',(-63.83779864299,-31.11566405526,7.2));
#1880 = SURFACE_CURVE('',#1881,(#1885,#1891),.PCURVE_S1.);
#1881 = LINE('',#1882,#1883);
#1882 = CARTESIAN_POINT('',(-69.02055955053,-0.299496097927,7.2));
#1883 = VECTOR('',#1884,1.);
#1884 = DIRECTION('',(-0.165853892681,0.986150336552,0.));
#1885 = PCURVE('',#143,#1886);
#1886 = DEFINITIONAL_REPRESENTATION('',(#1887),#1890);
#1887 = B_SPLINE_CURVE_WITH_KNOTS('',1,(#1888,#1889),.UNSPECIFIED.,.F.,
  .F.,(2,2),(-31.43447422414,-29.67395078061),.PIECEWISE_BEZIER_KNOTS.);
#1888 = CARTESIAN_POINT('',(-20.28249392542,7.2));
#1889 = CARTESIAN_POINT('',(-18.52197048189,7.2));
#1890 = ( GEOMETRIC_REPRESENTATION_CONTEXT(2) 
PARAMETRIC_REPRESENTATION_CONTEXT() REPRESENTATION_CONTEXT('2D SPACE',''
  ) );
#1891 = PCURVE('',#1892,#1897);
#1892 = PLANE('',#1893);
#1893 = AXIS2_PLACEMENT_3D('',#1894,#1895,#1896);
#1894 = CARTESIAN_POINT('',(-49.38161818633,14.312043986805,7.2));
#1895 = DIRECTION('',(0.,0.,1.));
#1896 = DIRECTION('',(1.,0.,-0.));
#1897 = DEFINITIONAL_REPRESENTATION('',(#1898),#1901);
#1898 = B_SPLINE_CURVE_WITH_KNOTS('',1,(#1899,#1900),.UNSPECIFIED.,.F.,
  .F.,(2,2),(-31.43447422414,-29.67395078061),.PIECEWISE_BEZIER_KNOTS.);
#1899 = CARTESIAN_POINT('',(-14.42541144974,-45.61065742022));
#1900 = CARTESIAN_POINT('',(-14.71740111601,-43.87451663387));
#1901 = ( GEOMETRIC_REPRESENTATION_CONTEXT(2) 
PARAMETRIC_REPRESENTATION_CONTEXT() REPRESENTATION_CONTEXT('2D SPACE',''
  ) );
#1902 = ORIENTED_EDGE('',*,*,#1903,.T.);
#1903 = EDGE_CURVE('',#1878,#159,#1904,.T.);
#1904 = SURFACE_CURVE('',#1905,(#1909,#1915),.PCURVE_S1.);
#1905 = LINE('',#1906,#1907);
#1906 = CARTESIAN_POINT('',(-63.83779864299,-31.11566405526,0.));
#1907 = VECTOR('',#1908,1.);
#1908 = DIRECTION('',(0.,0.,-1.));
#1909 = PCURVE('',#143,#1910);
#1910 = DEFINITIONAL_REPRESENTATION('',(#1911),#1914);
#1911 = B_SPLINE_CURVE_WITH_KNOTS('',1,(#1912,#1913),.UNSPECIFIED.,.F.,
  .F.,(2,2),(-7.2,0.),.PIECEWISE_BEZIER_KNOTS.);
#1912 = CARTESIAN_POINT('',(-20.09697517501,7.2));
#1913 = CARTESIAN_POINT('',(-20.09697517501,0.));
#1914 = ( GEOMETRIC_REPRESENTATION_CONTEXT(2) 
PARAMETRIC_REPRESENTATION_CONTEXT() REPRESENTATION_CONTEXT('2D SPACE',''
  ) );
#1915 = PCURVE('',#195,#1916);
#1916 = DEFINITIONAL_REPRESENTATION('',(#1917),#1920);
#1917 = B_SPLINE_CURVE_WITH_KNOTS('',1,(#1918,#1919),.UNSPECIFIED.,.F.,
  .F.,(2,2),(-7.2,0.),.PIECEWISE_BEZIER_KNOTS.);
#1918 = CARTESIAN_POINT('',(2.58042060796,-7.2));
#1919 = CARTESIAN_POINT('',(2.58042060796,0.));
#1920 = ( GEOMETRIC_REPRESENTATION_CONTEXT(2) 
PARAMETRIC_REPRESENTATION_CONTEXT() REPRESENTATION_CONTEXT('2D SPACE',''
  ) );
#1921 = ADVANCED_FACE('',(#1922,#2999),#118,.T.);
#1922 = FACE_BOUND('',#1923,.T.);
#1923 = EDGE_LOOP('',(#1924,#1925,#1926,#1949,#1977,#2004,#2032,#2055,
    #2083,#2106,#2134,#2157,#2185,#2208,#2236,#2259,#2287,#2310,#2338,
    #2361,#2389,#2412,#2440,#2463,#2491,#2514,#2542,#2565,#2593,#2616,
    #2644,#2667,#2695,#2718,#2746,#2769,#2797,#2820,#2848,#2871,#2899,
    #2922,#2950,#2973));
#1924 = ORIENTED_EDGE('',*,*,#102,.T.);
#1925 = ORIENTED_EDGE('',*,*,#1684,.F.);
#1926 = ORIENTED_EDGE('',*,*,#1927,.F.);
#1927 = EDGE_CURVE('',#1928,#1685,#1930,.T.);
#1928 = VERTEX_POINT('',#1929);
#1929 = CARTESIAN_POINT('',(-59.57546237026,-7.858958795135,7.2));
#1930 = SURFACE_CURVE('',#1931,(#1935,#1942),.PCURVE_S1.);
#1931 = LINE('',#1932,#1933);
#1932 = CARTESIAN_POINT('',(-21.44116972931,-8.980540866134,7.2));
#1933 = VECTOR('',#1934,1.);
#1934 = DIRECTION('',(-0.999567765842,2.939866475228E-02,0.));
#1935 = PCURVE('',#118,#1936);
#1936 = DEFINITIONAL_REPRESENTATION('',(#1937),#1941);
#1937 = LINE('',#1938,#1939);
#1938 = CARTESIAN_POINT('',(27.940448457021,-23.29258485293));
#1939 = VECTOR('',#1940,1.);
#1940 = DIRECTION('',(-0.999567765842,2.939866475228E-02));
#1941 = ( GEOMETRIC_REPRESENTATION_CONTEXT(2) 
PARAMETRIC_REPRESENTATION_CONTEXT() REPRESENTATION_CONTEXT('2D SPACE',''
  ) );
#1942 = PCURVE('',#1722,#1943);
#1943 = DEFINITIONAL_REPRESENTATION('',(#1944),#1948);
#1944 = LINE('',#1945,#1946);
#1945 = CARTESIAN_POINT('',(-0.,0.));
#1946 = VECTOR('',#1947,1.);
#1947 = DIRECTION('',(-0.,-1.));
#1948 = ( GEOMETRIC_REPRESENTATION_CONTEXT(2) 
PARAMETRIC_REPRESENTATION_CONTEXT() REPRESENTATION_CONTEXT('2D SPACE',''
  ) );
#1949 = ORIENTED_EDGE('',*,*,#1950,.F.);
#1950 = EDGE_CURVE('',#1951,#1928,#1953,.T.);
#1951 = VERTEX_POINT('',#1952);
#1952 = CARTESIAN_POINT('',(-37.61320476075,17.898151906125,7.2));
#1953 = SURFACE_CURVE('',#1954,(#1958,#1965),.PCURVE_S1.);
#1954 = LINE('',#1955,#1956);
#1955 = CARTESIAN_POINT('',(-37.61320476075,17.898151906125,7.2));
#1956 = VECTOR('',#1957,1.);
#1957 = DIRECTION('',(-0.648826158162,-0.760936670482,0.));
#1958 = PCURVE('',#118,#1959);
#1959 = DEFINITIONAL_REPRESENTATION('',(#1960),#1964);
#1960 = LINE('',#1961,#1962);
#1961 = CARTESIAN_POINT('',(11.768413425582,3.58610791932));
#1962 = VECTOR('',#1963,1.);
#1963 = DIRECTION('',(-0.648826158162,-0.760936670482));
#1964 = ( GEOMETRIC_REPRESENTATION_CONTEXT(2) 
PARAMETRIC_REPRESENTATION_CONTEXT() REPRESENTATION_CONTEXT('2D SPACE',''
  ) );
#1965 = PCURVE('',#1966,#1971);
#1966 = CYLINDRICAL_SURFACE('',#1967,18.);
#1967 = AXIS2_PLACEMENT_3D('',#1968,#1969,#1970);
#1968 = CARTESIAN_POINT('',(-37.61320476075,17.898151906125,25.2));
#1969 = DIRECTION('',(0.648826158162,0.760936670482,-0.));
#1970 = DIRECTION('',(0.,-0.,-1.));
#1971 = DEFINITIONAL_REPRESENTATION('',(#1972),#1976);
#1972 = LINE('',#1973,#1974);
#1973 = CARTESIAN_POINT('',(-0.,0.));
#1974 = VECTOR('',#1975,1.);
#1975 = DIRECTION('',(-0.,-1.));
#1976 = ( GEOMETRIC_REPRESENTATION_CONTEXT(2) 
PARAMETRIC_REPRESENTATION_CONTEXT() REPRESENTATION_CONTEXT('2D SPACE',''
  ) );
#1977 = ORIENTED_EDGE('',*,*,#1978,.T.);
#1978 = EDGE_CURVE('',#1951,#1979,#1981,.T.);
#1979 = VERTEX_POINT('',#1980);
#1980 = CARTESIAN_POINT('',(-21.13708067563,3.849492265664,7.2));
#1981 = SURFACE_CURVE('',#1982,(#1986,#1993),.PCURVE_S1.);
#1982 = LINE('',#1983,#1984);
#1983 = CARTESIAN_POINT('',(-36.90106570525,17.290933900503,7.2));
#1984 = VECTOR('',#1985,1.);
#1985 = DIRECTION('',(0.760936670482,-0.648826158162,0.));
#1986 = PCURVE('',#118,#1987);
#1987 = DEFINITIONAL_REPRESENTATION('',(#1988),#1992);
#1988 = LINE('',#1989,#1990);
#1989 = CARTESIAN_POINT('',(12.480552481078,2.978889913698));
#1990 = VECTOR('',#1991,1.);
#1991 = DIRECTION('',(0.760936670482,-0.648826158162));
#1992 = ( GEOMETRIC_REPRESENTATION_CONTEXT(2) 
PARAMETRIC_REPRESENTATION_CONTEXT() REPRESENTATION_CONTEXT('2D SPACE',''
  ) );
#1993 = PCURVE('',#1994,#1999);
#1994 = PLANE('',#1995);
#1995 = AXIS2_PLACEMENT_3D('',#1996,#1997,#1998);
#1996 = CARTESIAN_POINT('',(-31.14524306165,12.383129561746,26.795));
#1997 = DIRECTION('',(-0.648826158162,-0.760936670482,0.));
#1998 = DIRECTION('',(0.760936670482,-0.648826158162,0.));
#1999 = DEFINITIONAL_REPRESENTATION('',(#2000),#2003);
#2000 = B_SPLINE_CURVE_WITH_KNOTS('',1,(#2001,#2002),.UNSPECIFIED.,.F.,
  .F.,(2,2),(-5.935871647564,20.93021806245),.PIECEWISE_BEZIER_KNOTS.);
#2001 = CARTESIAN_POINT('',(-13.5,-19.595));
#2002 = CARTESIAN_POINT('',(13.366089710013,-19.595));
#2003 = ( GEOMETRIC_REPRESENTATION_CONTEXT(2) 
PARAMETRIC_REPRESENTATION_CONTEXT() REPRESENTATION_CONTEXT('2D SPACE',''
  ) );
#2004 = ORIENTED_EDGE('',*,*,#2005,.F.);
#2005 = EDGE_CURVE('',#2006,#1979,#2008,.T.);
#2006 = VERTEX_POINT('',#2007);
#2007 = CARTESIAN_POINT('',(-20.98380526278,5.251070213891,7.2));
#2008 = SURFACE_CURVE('',#2009,(#2014,#2025),.PCURVE_S1.);
#2009 = CIRCLE('',#2010,4.);
#2010 = AXIS2_PLACEMENT_3D('',#2011,#2012,#2013);
#2011 = CARTESIAN_POINT('',(-24.97449526034,4.978318782462,7.2));
#2012 = DIRECTION('',(0.,0.,-1.));
#2013 = DIRECTION('',(-6.818785785709E-02,0.997672499391,0.));
#2014 = PCURVE('',#118,#2015);
#2015 = DEFINITIONAL_REPRESENTATION('',(#2016),#2024);
#2016 = ( BOUNDED_CURVE() B_SPLINE_CURVE(2,(#2017,#2018,#2019,#2020,
#2021,#2022,#2023),.UNSPECIFIED.,.T.,.F.) B_SPLINE_CURVE_WITH_KNOTS((1,2
    ,2,2,2,1),(-2.094395102393,0.,2.094395102393,4.188790204786,
6.28318530718,8.377580409573),.UNSPECIFIED.) CURVE() 
GEOMETRIC_REPRESENTATION_ITEM() RATIONAL_B_SPLINE_CURVE((1.,0.5,1.,0.5,
1.,0.5,1.)) REPRESENTATION_ITEM('') );
#2017 = CARTESIAN_POINT('',(24.134371494556,-5.343035206779));
#2018 = CARTESIAN_POINT('',(31.046449327593,-4.870615869708));
#2019 = CARTESIAN_POINT('',(27.999537558217,-11.09286053458));
#2020 = CARTESIAN_POINT('',(24.952625788841,-17.31510519947));
#2021 = CARTESIAN_POINT('',(21.08745972518,-11.56527987166));
#2022 = CARTESIAN_POINT('',(17.222293661519,-5.81545454385));
#2023 = CARTESIAN_POINT('',(24.134371494556,-5.343035206779));
#2024 = ( GEOMETRIC_REPRESENTATION_CONTEXT(2) 
PARAMETRIC_REPRESENTATION_CONTEXT() REPRESENTATION_CONTEXT('2D SPACE',''
  ) );
#2025 = PCURVE('',#289,#2026);
#2026 = DEFINITIONAL_REPRESENTATION('',(#2027),#2031);
#2027 = LINE('',#2028,#2029);
#2028 = CARTESIAN_POINT('',(0.,-7.2));
#2029 = VECTOR('',#2030,1.);
#2030 = DIRECTION('',(1.,0.));
#2031 = ( GEOMETRIC_REPRESENTATION_CONTEXT(2) 
PARAMETRIC_REPRESENTATION_CONTEXT() REPRESENTATION_CONTEXT('2D SPACE',''
  ) );
#2032 = ORIENTED_EDGE('',*,*,#2033,.T.);
#2033 = EDGE_CURVE('',#2006,#2034,#2036,.T.);
#2034 = VERTEX_POINT('',#2035);
#2035 = CARTESIAN_POINT('',(-23.6162023849,43.76628830032,7.2));
#2036 = SURFACE_CURVE('',#2037,(#2041,#2048),.PCURVE_S1.);
#2037 = LINE('',#2038,#2039);
#2038 = CARTESIAN_POINT('',(-20.8726,3.624,7.2));
#2039 = VECTOR('',#2040,1.);
#2040 = DIRECTION('',(-6.818785785709E-02,0.997672499391,0.));
#2041 = PCURVE('',#118,#2042);
#2042 = DEFINITIONAL_REPRESENTATION('',(#2043),#2047);
#2043 = LINE('',#2044,#2045);
#2044 = CARTESIAN_POINT('',(28.509018186333,-10.6880439868));
#2045 = VECTOR('',#2046,1.);
#2046 = DIRECTION('',(-6.818785785709E-02,0.997672499391));
#2047 = ( GEOMETRIC_REPRESENTATION_CONTEXT(2) 
PARAMETRIC_REPRESENTATION_CONTEXT() REPRESENTATION_CONTEXT('2D SPACE',''
  ) );
#2048 = PCURVE('',#317,#2049);
#2049 = DEFINITIONAL_REPRESENTATION('',(#2050),#2054);
#2050 = LINE('',#2051,#2052);
#2051 = CARTESIAN_POINT('',(-1.630866055629,-7.2));
#2052 = VECTOR('',#2053,1.);
#2053 = DIRECTION('',(1.,0.));
#2054 = ( GEOMETRIC_REPRESENTATION_CONTEXT(2) 
PARAMETRIC_REPRESENTATION_CONTEXT() REPRESENTATION_CONTEXT('2D SPACE',''
  ) );
#2055 = ORIENTED_EDGE('',*,*,#2056,.F.);
#2056 = EDGE_CURVE('',#2057,#2034,#2059,.T.);
#2057 = VERTEX_POINT('',#2058);
#2058 = CARTESIAN_POINT('',(-23.6837669999,44.27397727833,7.2));
#2059 = SURFACE_CURVE('',#2060,(#2065,#2076),.PCURVE_S1.);
#2060 = CIRCLE('',#2061,4.);
#2061 = AXIS2_PLACEMENT_3D('',#2062,#2063,#2064);
#2062 = CARTESIAN_POINT('',(-27.60689238246,43.493536868892,7.2));
#2063 = DIRECTION('',(0.,0.,-1.));
#2064 = DIRECTION('',(-0.19511010236,0.980781345641,0.));
#2065 = PCURVE('',#118,#2066);
#2066 = DEFINITIONAL_REPRESENTATION('',(#2067),#2075);
#2067 = ( BOUNDED_CURVE() B_SPLINE_CURVE(2,(#2068,#2069,#2070,#2071,
#2072,#2073,#2074),.UNSPECIFIED.,.T.,.F.) B_SPLINE_CURVE_WITH_KNOTS((1,2
    ,2,2,2,1),(-2.094395102393,0.,2.094395102393,4.188790204786,
6.28318530718,8.377580409573),.UNSPECIFIED.) CURVE() 
GEOMETRIC_REPRESENTATION_ITEM() RATIONAL_B_SPLINE_CURVE((1.,0.5,1.,0.5,
1.,0.5,1.)) REPRESENTATION_ITEM('') );
#2068 = CARTESIAN_POINT('',(20.994285394428,33.104618264651));
#2069 = CARTESIAN_POINT('',(27.789337881492,34.456380706077));
#2070 = CARTESIAN_POINT('',(25.562472252117,27.895811411518));
#2071 = CARTESIAN_POINT('',(23.335606622742,21.335242116959));
#2072 = CARTESIAN_POINT('',(18.767419765054,26.544048970092));
#2073 = CARTESIAN_POINT('',(14.199232907365,31.752855823224));
#2074 = CARTESIAN_POINT('',(20.994285394428,33.104618264651));
#2075 = ( GEOMETRIC_REPRESENTATION_CONTEXT(2) 
PARAMETRIC_REPRESENTATION_CONTEXT() REPRESENTATION_CONTEXT('2D SPACE',''
  ) );
#2076 = PCURVE('',#350,#2077);
#2077 = DEFINITIONAL_REPRESENTATION('',(#2078),#2082);
#2078 = LINE('',#2079,#2080);
#2079 = CARTESIAN_POINT('',(0.,-7.2));
#2080 = VECTOR('',#2081,1.);
#2081 = DIRECTION('',(1.,0.));
#2082 = ( GEOMETRIC_REPRESENTATION_CONTEXT(2) 
PARAMETRIC_REPRESENTATION_CONTEXT() REPRESENTATION_CONTEXT('2D SPACE',''
  ) );
#2083 = ORIENTED_EDGE('',*,*,#2084,.T.);
#2084 = EDGE_CURVE('',#2057,#2085,#2087,.T.);
#2085 = VERTEX_POINT('',#2086);
#2086 = CARTESIAN_POINT('',(-24.06745597265,46.20270870971,7.2));
#2087 = SURFACE_CURVE('',#2088,(#2092,#2099),.PCURVE_S1.);
#2088 = LINE('',#2089,#2090);
#2089 = CARTESIAN_POINT('',(-23.6337,44.0223,7.2));
#2090 = VECTOR('',#2091,1.);
#2091 = DIRECTION('',(-0.19511010236,0.980781345641,0.));
#2092 = PCURVE('',#118,#2093);
#2093 = DEFINITIONAL_REPRESENTATION('',(#2094),#2098);
#2094 = LINE('',#2095,#2096);
#2095 = CARTESIAN_POINT('',(25.747918186333,29.710256013195));
#2096 = VECTOR('',#2097,1.);
#2097 = DIRECTION('',(-0.19511010236,0.980781345641));
#2098 = ( GEOMETRIC_REPRESENTATION_CONTEXT(2) 
PARAMETRIC_REPRESENTATION_CONTEXT() REPRESENTATION_CONTEXT('2D SPACE',''
  ) );
#2099 = PCURVE('',#378,#2100);
#2100 = DEFINITIONAL_REPRESENTATION('',(#2101),#2105);
#2101 = LINE('',#2102,#2103);
#2102 = CARTESIAN_POINT('',(-0.256608957184,-7.2));
#2103 = VECTOR('',#2104,1.);
#2104 = DIRECTION('',(1.,0.));
#2105 = ( GEOMETRIC_REPRESENTATION_CONTEXT(2) 
PARAMETRIC_REPRESENTATION_CONTEXT() REPRESENTATION_CONTEXT('2D SPACE',''
  ) );
#2106 = ORIENTED_EDGE('',*,*,#2107,.F.);
#2107 = EDGE_CURVE('',#2108,#2085,#2110,.T.);
#2108 = VERTEX_POINT('',#2109);
#2109 = CARTESIAN_POINT('',(-24.20285809483,46.708018082604,7.2));
#2110 = SURFACE_CURVE('',#2111,(#2116,#2127),.PCURVE_S1.);
#2111 = CIRCLE('',#2112,4.);
#2112 = AXIS2_PLACEMENT_3D('',#2113,#2114,#2115);
#2113 = CARTESIAN_POINT('',(-27.99058135521,45.422268300272,7.2));
#2114 = DIRECTION('',(0.,0.,-1.));
#2115 = DIRECTION('',(-0.321437445583,0.946930815095,0.));
#2116 = PCURVE('',#118,#2117);
#2117 = DEFINITIONAL_REPRESENTATION('',(#2118),#2126);
#2118 = ( BOUNDED_CURVE() B_SPLINE_CURVE(2,(#2119,#2120,#2121,#2122,
#2123,#2124,#2125),.UNSPECIFIED.,.T.,.F.) B_SPLINE_CURVE_WITH_KNOTS((1,2
    ,2,2,2,1),(-2.094395102393,0.,2.094395102393,4.188790204786,
6.28318530718,8.377580409573),.UNSPECIFIED.) CURVE() 
GEOMETRIC_REPRESENTATION_ITEM() RATIONAL_B_SPLINE_CURVE((1.,0.5,1.,0.5,
1.,0.5,1.)) REPRESENTATION_ITEM('') );
#2119 = CARTESIAN_POINT('',(20.105287048785,34.897947573848));
#2120 = CARTESIAN_POINT('',(26.665816180776,37.124931522667));
#2121 = CARTESIAN_POINT('',(25.314176288279,30.329854657686));
#2122 = CARTESIAN_POINT('',(23.962536395781,23.534777792704));
#2123 = CARTESIAN_POINT('',(18.753647156288,28.102870708866));
#2124 = CARTESIAN_POINT('',(13.544757916795,32.670963625028));
#2125 = CARTESIAN_POINT('',(20.105287048785,34.897947573848));
#2126 = ( GEOMETRIC_REPRESENTATION_CONTEXT(2) 
PARAMETRIC_REPRESENTATION_CONTEXT() REPRESENTATION_CONTEXT('2D SPACE',''
  ) );
#2127 = PCURVE('',#411,#2128);
#2128 = DEFINITIONAL_REPRESENTATION('',(#2129),#2133);
#2129 = LINE('',#2130,#2131);
#2130 = CARTESIAN_POINT('',(0.,-7.2));
#2131 = VECTOR('',#2132,1.);
#2132 = DIRECTION('',(1.,0.));
#2133 = ( GEOMETRIC_REPRESENTATION_CONTEXT(2) 
PARAMETRIC_REPRESENTATION_CONTEXT() REPRESENTATION_CONTEXT('2D SPACE',''
  ) );
#2134 = ORIENTED_EDGE('',*,*,#2135,.T.);
#2135 = EDGE_CURVE('',#2108,#2136,#2138,.T.);
#2136 = VERTEX_POINT('',#2137);
#2137 = CARTESIAN_POINT('',(-24.83323105872,48.565049964594,7.2));
#2138 = SURFACE_CURVE('',#2139,(#2143,#2150),.PCURVE_S1.);
#2139 = LINE('',#2140,#2141);
#2140 = CARTESIAN_POINT('',(-24.1186,46.4598,7.2));
#2141 = VECTOR('',#2142,1.);
#2142 = DIRECTION('',(-0.321437445583,0.946930815095,0.));
#2143 = PCURVE('',#118,#2144);
#2144 = DEFINITIONAL_REPRESENTATION('',(#2145),#2149);
#2145 = LINE('',#2146,#2147);
#2146 = CARTESIAN_POINT('',(25.263018186333,32.147756013195));
#2147 = VECTOR('',#2148,1.);
#2148 = DIRECTION('',(-0.321437445583,0.946930815095));
#2149 = ( GEOMETRIC_REPRESENTATION_CONTEXT(2) 
PARAMETRIC_REPRESENTATION_CONTEXT() REPRESENTATION_CONTEXT('2D SPACE',''
  ) );
#2150 = PCURVE('',#439,#2151);
#2151 = DEFINITIONAL_REPRESENTATION('',(#2152),#2156);
#2152 = LINE('',#2153,#2154);
#2153 = CARTESIAN_POINT('',(-0.262129058055,-7.2));
#2154 = VECTOR('',#2155,1.);
#2155 = DIRECTION('',(1.,0.));
#2156 = ( GEOMETRIC_REPRESENTATION_CONTEXT(2) 
PARAMETRIC_REPRESENTATION_CONTEXT() REPRESENTATION_CONTEXT('2D SPACE',''
  ) );
#2157 = ORIENTED_EDGE('',*,*,#2158,.F.);
#2158 = EDGE_CURVE('',#2159,#2136,#2161,.T.);
#2159 = VERTEX_POINT('',#2160);
#2160 = CARTESIAN_POINT('',(-25.03344984715,49.048427555779,7.2));
#2161 = SURFACE_CURVE('',#2162,(#2167,#2178),.PCURVE_S1.);
#2162 = CIRCLE('',#2163,4.);
#2163 = AXIS2_PLACEMENT_3D('',#2164,#2165,#2166);
#2164 = CARTESIAN_POINT('',(-28.6209543191,47.279300182262,7.2));
#2165 = DIRECTION('',(0.,0.,-1.));
#2166 = DIRECTION('',(-0.442281843379,0.896876117988,0.));
#2167 = PCURVE('',#118,#2168);
#2168 = DEFINITIONAL_REPRESENTATION('',(#2169),#2177);
#2169 = ( BOUNDED_CURVE() B_SPLINE_CURVE(2,(#2170,#2171,#2172,#2173,
#2174,#2175,#2176),.UNSPECIFIED.,.T.,.F.) B_SPLINE_CURVE_WITH_KNOTS((1,2
    ,2,2,2,1),(-2.094395102393,0.,2.094395102393,4.188790204786,
6.28318530718,8.377580409573),.UNSPECIFIED.) CURVE() 
GEOMETRIC_REPRESENTATION_ITEM() RATIONAL_B_SPLINE_CURVE((1.,0.5,1.,0.5,
1.,0.5,1.)) REPRESENTATION_ITEM('') );
#2170 = CARTESIAN_POINT('',(18.991536493707,36.554760667408));
#2171 = CARTESIAN_POINT('',(25.205276511508,39.618979163401));
#2172 = CARTESIAN_POINT('',(24.752097562883,32.705613207477));
#2173 = CARTESIAN_POINT('',(24.298918614258,25.792247251553));
#2174 = CARTESIAN_POINT('',(18.538357545082,29.641394711485));
#2175 = CARTESIAN_POINT('',(12.777796475907,33.490542171416));
#2176 = CARTESIAN_POINT('',(18.991536493707,36.554760667408));
#2177 = ( GEOMETRIC_REPRESENTATION_CONTEXT(2) 
PARAMETRIC_REPRESENTATION_CONTEXT() REPRESENTATION_CONTEXT('2D SPACE',''
  ) );
#2178 = PCURVE('',#472,#2179);
#2179 = DEFINITIONAL_REPRESENTATION('',(#2180),#2184);
#2180 = LINE('',#2181,#2182);
#2181 = CARTESIAN_POINT('',(0.,-7.2));
#2182 = VECTOR('',#2183,1.);
#2183 = DIRECTION('',(1.,0.));
#2184 = ( GEOMETRIC_REPRESENTATION_CONTEXT(2) 
PARAMETRIC_REPRESENTATION_CONTEXT() REPRESENTATION_CONTEXT('2D SPACE',''
  ) );
#2185 = ORIENTED_EDGE('',*,*,#2186,.T.);
#2186 = EDGE_CURVE('',#2159,#2187,#2189,.T.);
#2187 = VERTEX_POINT('',#2188);
#2188 = CARTESIAN_POINT('',(-25.90071599627,50.807103180225,7.2));
#2189 = SURFACE_CURVE('',#2190,(#2194,#2201),.PCURVE_S1.);
#2190 = LINE('',#2191,#2192);
#2191 = CARTESIAN_POINT('',(-24.9175,48.8133,7.2));
#2192 = VECTOR('',#2193,1.);
#2193 = DIRECTION('',(-0.442281843379,0.896876117988,0.));
#2194 = PCURVE('',#118,#2195);
#2195 = DEFINITIONAL_REPRESENTATION('',(#2196),#2200);
#2196 = LINE('',#2197,#2198);
#2197 = CARTESIAN_POINT('',(24.464118186333,34.501256013195));
#2198 = VECTOR('',#2199,1.);
#2199 = DIRECTION('',(-0.442281843379,0.896876117988));
#2200 = ( GEOMETRIC_REPRESENTATION_CONTEXT(2) 
PARAMETRIC_REPRESENTATION_CONTEXT() REPRESENTATION_CONTEXT('2D SPACE',''
  ) );
#2201 = PCURVE('',#500,#2202);
#2202 = DEFINITIONAL_REPRESENTATION('',(#2203),#2207);
#2203 = LINE('',#2204,#2205);
#2204 = CARTESIAN_POINT('',(-0.262162801599,-7.2));
#2205 = VECTOR('',#2206,1.);
#2206 = DIRECTION('',(1.,0.));
#2207 = ( GEOMETRIC_REPRESENTATION_CONTEXT(2) 
PARAMETRIC_REPRESENTATION_CONTEXT() REPRESENTATION_CONTEXT('2D SPACE',''
  ) );
#2208 = ORIENTED_EDGE('',*,*,#2209,.F.);
#2209 = EDGE_CURVE('',#2210,#2187,#2212,.T.);
#2210 = VERTEX_POINT('',#2211);
#2211 = CARTESIAN_POINT('',(-26.1623982738,51.26034092772,7.2));
#2212 = SURFACE_CURVE('',#2213,(#2218,#2229),.PCURVE_S1.);
#2213 = CIRCLE('',#2214,4.);
#2214 = AXIS2_PLACEMENT_3D('',#2215,#2216,#2217);
#2215 = CARTESIAN_POINT('',(-29.48822046823,49.037975806708,7.2));
#2216 = DIRECTION('',(0.,0.,-1.));
#2217 = DIRECTION('',(-0.555591280253,0.831455548606,0.));
#2218 = PCURVE('',#118,#2219);
#2219 = DEFINITIONAL_REPRESENTATION('',(#2220),#2228);
#2220 = ( BOUNDED_CURVE() B_SPLINE_CURVE(2,(#2221,#2222,#2223,#2224,
#2225,#2226,#2227),.UNSPECIFIED.,.T.,.F.) B_SPLINE_CURVE_WITH_KNOTS((1,2
    ,2,2,2,1),(-2.094395102393,0.,2.094395102393,4.188790204786,
6.28318530718,8.377580409573),.UNSPECIFIED.) CURVE() 
GEOMETRIC_REPRESENTATION_ITEM() RATIONAL_B_SPLINE_CURVE((1.,0.5,1.,0.5,
1.,0.5,1.)) REPRESENTATION_ITEM('') );
#2221 = CARTESIAN_POINT('',(17.671032597091,38.051754014325));
#2222 = CARTESIAN_POINT('',(23.431525614771,41.901003316886));
#2223 = CARTESIAN_POINT('',(23.884826787449,34.987645373972));
#2224 = CARTESIAN_POINT('',(24.338127960126,28.074287431059));
#2225 = CARTESIAN_POINT('',(18.124333769769,31.138396071412));
#2226 = CARTESIAN_POINT('',(11.910539579412,34.202504711764));
#2227 = CARTESIAN_POINT('',(17.671032597091,38.051754014325));
#2228 = ( GEOMETRIC_REPRESENTATION_CONTEXT(2) 
PARAMETRIC_REPRESENTATION_CONTEXT() REPRESENTATION_CONTEXT('2D SPACE',''
  ) );
#2229 = PCURVE('',#533,#2230);
#2230 = DEFINITIONAL_REPRESENTATION('',(#2231),#2235);
#2231 = LINE('',#2232,#2233);
#2232 = CARTESIAN_POINT('',(0.,-7.2));
#2233 = VECTOR('',#2234,1.);
#2234 = DIRECTION('',(1.,0.));
#2235 = ( GEOMETRIC_REPRESENTATION_CONTEXT(2) 
PARAMETRIC_REPRESENTATION_CONTEXT() REPRESENTATION_CONTEXT('2D SPACE',''
  ) );
#2236 = ORIENTED_EDGE('',*,*,#2237,.T.);
#2237 = EDGE_CURVE('',#2210,#2238,#2240,.T.);
#2238 = VERTEX_POINT('',#2239);
#2239 = CARTESIAN_POINT('',(-27.25187289343,52.890765575754,7.2));
#2240 = SURFACE_CURVE('',#2241,(#2245,#2252),.PCURVE_S1.);
#2241 = LINE('',#2242,#2243);
#2242 = CARTESIAN_POINT('',(-26.0167,51.0423,7.2));
#2243 = VECTOR('',#2244,1.);
#2244 = DIRECTION('',(-0.555591280253,0.831455548606,0.));
#2245 = PCURVE('',#118,#2246);
#2246 = DEFINITIONAL_REPRESENTATION('',(#2247),#2251);
#2247 = LINE('',#2248,#2249);
#2248 = CARTESIAN_POINT('',(23.364918186333,36.730256013195));
#2249 = VECTOR('',#2250,1.);
#2250 = DIRECTION('',(-0.555591280253,0.831455548606));
#2251 = ( GEOMETRIC_REPRESENTATION_CONTEXT(2) 
PARAMETRIC_REPRESENTATION_CONTEXT() REPRESENTATION_CONTEXT('2D SPACE',''
  ) );
#2252 = PCURVE('',#561,#2253);
#2253 = DEFINITIONAL_REPRESENTATION('',(#2254),#2258);
#2254 = LINE('',#2255,#2256);
#2255 = CARTESIAN_POINT('',(-0.262240029651,-7.2));
#2256 = VECTOR('',#2257,1.);
#2257 = DIRECTION('',(1.,0.));
#2258 = ( GEOMETRIC_REPRESENTATION_CONTEXT(2) 
PARAMETRIC_REPRESENTATION_CONTEXT() REPRESENTATION_CONTEXT('2D SPACE',''
  ) );
#2259 = ORIENTED_EDGE('',*,*,#2260,.F.);
#2260 = EDGE_CURVE('',#2261,#2238,#2263,.T.);
#2261 = VERTEX_POINT('',#2262);
#2262 = CARTESIAN_POINT('',(-27.57032132255,53.305767140611,7.2));
#2263 = SURFACE_CURVE('',#2264,(#2269,#2280),.PCURVE_S1.);
#2264 = CIRCLE('',#2265,4.);
#2265 = AXIS2_PLACEMENT_3D('',#2266,#2267,#2268);
#2266 = CARTESIAN_POINT('',(-30.57769508786,50.668400454743,7.2));
#2267 = DIRECTION('',(0.,0.,-1.));
#2268 = DIRECTION('',(-0.659341671467,0.751843441327,0.));
#2269 = PCURVE('',#118,#2270);
#2270 = DEFINITIONAL_REPRESENTATION('',(#2271),#2279);
#2271 = ( BOUNDED_CURVE() B_SPLINE_CURVE(2,(#2272,#2273,#2274,#2275,
#2276,#2277,#2278),.UNSPECIFIED.,.T.,.F.) B_SPLINE_CURVE_WITH_KNOTS((1,2
    ,2,2,2,1),(-2.094395102393,0.,2.094395102393,4.188790204786,
6.28318530718,8.377580409573),.UNSPECIFIED.) CURVE() 
GEOMETRIC_REPRESENTATION_ITEM() RATIONAL_B_SPLINE_CURVE((1.,0.5,1.,0.5,
1.,0.5,1.)) REPRESENTATION_ITEM('') );
#2272 = CARTESIAN_POINT('',(16.166556412604,39.363730233247));
#2273 = CARTESIAN_POINT('',(21.37548057147,43.93178333136));
#2274 = CARTESIAN_POINT('',(22.727068520839,37.136696134339));
#2275 = CARTESIAN_POINT('',(24.078656470208,30.341608937318));
#2276 = CARTESIAN_POINT('',(17.518144361973,32.568643036226));
#2277 = CARTESIAN_POINT('',(10.957632253738,34.795677135134));
#2278 = CARTESIAN_POINT('',(16.166556412604,39.363730233247));
#2279 = ( GEOMETRIC_REPRESENTATION_CONTEXT(2) 
PARAMETRIC_REPRESENTATION_CONTEXT() REPRESENTATION_CONTEXT('2D SPACE',''
  ) );
#2280 = PCURVE('',#594,#2281);
#2281 = DEFINITIONAL_REPRESENTATION('',(#2282),#2286);
#2282 = LINE('',#2283,#2284);
#2283 = CARTESIAN_POINT('',(0.,-7.2));
#2284 = VECTOR('',#2285,1.);
#2285 = DIRECTION('',(1.,0.));
#2286 = ( GEOMETRIC_REPRESENTATION_CONTEXT(2) 
PARAMETRIC_REPRESENTATION_CONTEXT() REPRESENTATION_CONTEXT('2D SPACE',''
  ) );
#2287 = ORIENTED_EDGE('',*,*,#2288,.T.);
#2288 = EDGE_CURVE('',#2261,#2289,#2291,.T.);
#2289 = VERTEX_POINT('',#2290);
#2290 = CARTESIAN_POINT('',(-28.86335839165,54.780209727612,7.2));
#2291 = SURFACE_CURVE('',#2292,(#2296,#2303),.PCURVE_S1.);
#2292 = LINE('',#2293,#2294);
#2293 = CARTESIAN_POINT('',(-27.3975,53.1087,7.2));
#2294 = VECTOR('',#2295,1.);
#2295 = DIRECTION('',(-0.659341671467,0.751843441327,0.));
#2296 = PCURVE('',#118,#2297);
#2297 = DEFINITIONAL_REPRESENTATION('',(#2298),#2302);
#2298 = LINE('',#2299,#2300);
#2299 = CARTESIAN_POINT('',(21.984118186333,38.796656013195));
#2300 = VECTOR('',#2301,1.);
#2301 = DIRECTION('',(-0.659341671467,0.751843441327));
#2302 = ( GEOMETRIC_REPRESENTATION_CONTEXT(2) 
PARAMETRIC_REPRESENTATION_CONTEXT() REPRESENTATION_CONTEXT('2D SPACE',''
  ) );
#2303 = PCURVE('',#622,#2304);
#2304 = DEFINITIONAL_REPRESENTATION('',(#2305),#2309);
#2305 = LINE('',#2306,#2307);
#2306 = CARTESIAN_POINT('',(-0.262111936845,-7.2));
#2307 = VECTOR('',#2308,1.);
#2308 = DIRECTION('',(1.,0.));
#2309 = ( GEOMETRIC_REPRESENTATION_CONTEXT(2) 
PARAMETRIC_REPRESENTATION_CONTEXT() REPRESENTATION_CONTEXT('2D SPACE',''
  ) );
#2310 = ORIENTED_EDGE('',*,*,#2311,.F.);
#2311 = EDGE_CURVE('',#2312,#2289,#2314,.T.);
#2312 = VERTEX_POINT('',#2313);
#2313 = CARTESIAN_POINT('',(-29.23328568685,55.150146837063,7.2));
#2314 = SURFACE_CURVE('',#2315,(#2320,#2331),.PCURVE_S1.);
#2315 = CIRCLE('',#2316,4.);
#2316 = AXIS2_PLACEMENT_3D('',#2317,#2318,#2319);
#2317 = CARTESIAN_POINT('',(-31.87073215696,52.142843041744,7.2));
#2318 = DIRECTION('',(0.,0.,-1.));
#2319 = DIRECTION('',(-0.75182594883,0.659361617526,0.));
#2320 = PCURVE('',#118,#2321);
#2321 = DEFINITIONAL_REPRESENTATION('',(#2322),#2330);
#2322 = ( BOUNDED_CURVE() B_SPLINE_CURVE(2,(#2323,#2324,#2325,#2326,
#2327,#2328,#2329),.UNSPECIFIED.,.T.,.F.) B_SPLINE_CURVE_WITH_KNOTS((1,2
    ,2,2,2,1),(-2.094395102393,0.,2.094395102393,4.188790204786,
6.28318530718,8.377580409573),.UNSPECIFIED.) CURVE() 
GEOMETRIC_REPRESENTATION_ITEM() RATIONAL_B_SPLINE_CURVE((1.,0.5,1.,0.5,
1.,0.5,1.)) REPRESENTATION_ITEM('') );
#2323 = CARTESIAN_POINT('',(14.503582234054,40.468245525043));
#2324 = CARTESIAN_POINT('',(19.071773522516,45.677048492329));
#2325 = CARTESIAN_POINT('',(21.298633571263,39.116477303531));
#2326 = CARTESIAN_POINT('',(23.525493620009,32.555906114732));
#2327 = CARTESIAN_POINT('',(16.7304422828,33.907674336244));
#2328 = CARTESIAN_POINT('',(9.935390945591,35.259442557756));
#2329 = CARTESIAN_POINT('',(14.503582234054,40.468245525043));
#2330 = ( GEOMETRIC_REPRESENTATION_CONTEXT(2) 
PARAMETRIC_REPRESENTATION_CONTEXT() REPRESENTATION_CONTEXT('2D SPACE',''
  ) );
#2331 = PCURVE('',#655,#2332);
#2332 = DEFINITIONAL_REPRESENTATION('',(#2333),#2337);
#2333 = LINE('',#2334,#2335);
#2334 = CARTESIAN_POINT('',(0.,-7.2));
#2335 = VECTOR('',#2336,1.);
#2336 = DIRECTION('',(1.,0.));
#2337 = ( GEOMETRIC_REPRESENTATION_CONTEXT(2) 
PARAMETRIC_REPRESENTATION_CONTEXT() REPRESENTATION_CONTEXT('2D SPACE',''
  ) );
#2338 = ORIENTED_EDGE('',*,*,#2339,.T.);
#2339 = EDGE_CURVE('',#2312,#2340,#2342,.T.);
#2340 = VERTEX_POINT('',#2341);
#2341 = CARTESIAN_POINT('',(-30.70756362355,56.443108707476,7.2));
#2342 = SURFACE_CURVE('',#2343,(#2347,#2354),.PCURVE_S1.);
#2343 = LINE('',#2344,#2345);
#2344 = CARTESIAN_POINT('',(-29.0362,54.9773,7.2));
#2345 = VECTOR('',#2346,1.);
#2346 = DIRECTION('',(-0.75182594883,0.659361617526,0.));
#2347 = PCURVE('',#118,#2348);
#2348 = DEFINITIONAL_REPRESENTATION('',(#2349),#2353);
#2349 = LINE('',#2350,#2351);
#2350 = CARTESIAN_POINT('',(20.345418186333,40.665256013195));
#2351 = VECTOR('',#2352,1.);
#2352 = DIRECTION('',(-0.75182594883,0.659361617526));
#2353 = ( GEOMETRIC_REPRESENTATION_CONTEXT(2) 
PARAMETRIC_REPRESENTATION_CONTEXT() REPRESENTATION_CONTEXT('2D SPACE',''
  ) );
#2354 = PCURVE('',#683,#2355);
#2355 = DEFINITIONAL_REPRESENTATION('',(#2356),#2360);
#2356 = LINE('',#2357,#2358);
#2357 = CARTESIAN_POINT('',(-0.262142703592,-7.2));
#2358 = VECTOR('',#2359,1.);
#2359 = DIRECTION('',(1.,0.));
#2360 = ( GEOMETRIC_REPRESENTATION_CONTEXT(2) 
PARAMETRIC_REPRESENTATION_CONTEXT() REPRESENTATION_CONTEXT('2D SPACE',''
  ) );
#2361 = ORIENTED_EDGE('',*,*,#2362,.F.);
#2362 = EDGE_CURVE('',#2363,#2340,#2365,.T.);
#2363 = VERTEX_POINT('',#2364);
#2364 = CARTESIAN_POINT('',(-31.12271932039,56.761676785675,7.2));
#2365 = SURFACE_CURVE('',#2366,(#2371,#2382),.PCURVE_S1.);
#2366 = CIRCLE('',#2367,4.);
#2367 = AXIS2_PLACEMENT_3D('',#2368,#2369,#2370);
#2368 = CARTESIAN_POINT('',(-33.34501009365,53.435804912157,7.2));
#2369 = DIRECTION('',(0.,0.,-1.));
#2370 = DIRECTION('',(-0.831467968379,0.555572693316,0.));
#2371 = PCURVE('',#118,#2372);
#2372 = DEFINITIONAL_REPRESENTATION('',(#2373),#2381);
#2373 = ( BOUNDED_CURVE() B_SPLINE_CURVE(2,(#2374,#2375,#2376,#2377,
#2378,#2379,#2380),.UNSPECIFIED.,.T.,.F.) B_SPLINE_CURVE_WITH_KNOTS((1,2
    ,2,2,2,1),(-2.094395102393,0.,2.094395102393,4.188790204786,
6.28318530718,8.377580409573),.UNSPECIFIED.) CURVE() 
GEOMETRIC_REPRESENTATION_ITEM() RATIONAL_B_SPLINE_CURVE((1.,0.5,1.,0.5,
1.,0.5,1.)) REPRESENTATION_ITEM('') );
#2374 = CARTESIAN_POINT('',(12.710736219157,41.346051698617));
#2375 = CARTESIAN_POINT('',(16.559856747645,47.106630763015));
#2376 = CARTESIAN_POINT('',(19.624104293678,40.892905070918));
#2377 = CARTESIAN_POINT('',(22.688351839711,34.67917937882));
#2378 = CARTESIAN_POINT('',(15.77498376519,35.13232600652));
#2379 = CARTESIAN_POINT('',(8.861615690669,35.58547263422));
#2380 = CARTESIAN_POINT('',(12.710736219157,41.346051698617));
#2381 = ( GEOMETRIC_REPRESENTATION_CONTEXT(2) 
PARAMETRIC_REPRESENTATION_CONTEXT() REPRESENTATION_CONTEXT('2D SPACE',''
  ) );
#2382 = PCURVE('',#716,#2383);
#2383 = DEFINITIONAL_REPRESENTATION('',(#2384),#2388);
#2384 = LINE('',#2385,#2386);
#2385 = CARTESIAN_POINT('',(0.,-7.2));
#2386 = VECTOR('',#2387,1.);
#2387 = DIRECTION('',(1.,0.));
#2388 = ( GEOMETRIC_REPRESENTATION_CONTEXT(2) 
PARAMETRIC_REPRESENTATION_CONTEXT() REPRESENTATION_CONTEXT('2D SPACE',''
  ) );
#2389 = ORIENTED_EDGE('',*,*,#2390,.T.);
#2390 = EDGE_CURVE('',#2363,#2391,#2393,.T.);
#2391 = VERTEX_POINT('',#2392);
#2392 = CARTESIAN_POINT('',(-32.75319314922,57.851131546307,7.2));
#2393 = SURFACE_CURVE('',#2394,(#2398,#2405),.PCURVE_S1.);
#2394 = LINE('',#2395,#2396);
#2395 = CARTESIAN_POINT('',(-30.9047,56.616,7.2));
#2396 = VECTOR('',#2397,1.);
#2397 = DIRECTION('',(-0.831467968379,0.555572693316,0.));
#2398 = PCURVE('',#118,#2399);
#2399 = DEFINITIONAL_REPRESENTATION('',(#2400),#2404);
#2400 = LINE('',#2401,#2402);
#2401 = CARTESIAN_POINT('',(18.476918186333,42.303956013195));
#2402 = VECTOR('',#2403,1.);
#2403 = DIRECTION('',(-0.831467968379,0.555572693316));
#2404 = ( GEOMETRIC_REPRESENTATION_CONTEXT(2) 
PARAMETRIC_REPRESENTATION_CONTEXT() REPRESENTATION_CONTEXT('2D SPACE',''
  ) );
#2405 = PCURVE('',#744,#2406);
#2406 = DEFINITIONAL_REPRESENTATION('',(#2407),#2411);
#2407 = LINE('',#2408,#2409);
#2408 = CARTESIAN_POINT('',(-0.262210125565,-7.2));
#2409 = VECTOR('',#2410,1.);
#2410 = DIRECTION('',(1.,0.));
#2411 = ( GEOMETRIC_REPRESENTATION_CONTEXT(2) 
PARAMETRIC_REPRESENTATION_CONTEXT() REPRESENTATION_CONTEXT('2D SPACE',''
  ) );
#2412 = ORIENTED_EDGE('',*,*,#2413,.F.);
#2413 = EDGE_CURVE('',#2414,#2391,#2416,.T.);
#2414 = VERTEX_POINT('',#2415);
#2415 = CARTESIAN_POINT('',(-33.20635654896,58.11276414474,7.2));
#2416 = SURFACE_CURVE('',#2417,(#2422,#2433),.PCURVE_S1.);
#2417 = CIRCLE('',#2418,4.);
#2418 = AXIS2_PLACEMENT_3D('',#2419,#2420,#2421);
#2419 = CARTESIAN_POINT('',(-34.97548392248,54.525259672789,7.2));
#2420 = DIRECTION('',(0.,0.,-1.));
#2421 = DIRECTION('',(-0.896876117988,0.442281843379,0.));
#2422 = PCURVE('',#118,#2423);
#2423 = DEFINITIONAL_REPRESENTATION('',(#2424),#2432);
#2424 = ( BOUNDED_CURVE() B_SPLINE_CURVE(2,(#2425,#2426,#2427,#2428,
#2429,#2430,#2431),.UNSPECIFIED.,.T.,.F.) B_SPLINE_CURVE_WITH_KNOTS((1,2
    ,2,2,2,1),(-2.094395102393,0.,2.094395102393,4.188790204786,
6.28318530718,8.377580409573),.UNSPECIFIED.) CURVE() 
GEOMETRIC_REPRESENTATION_ITEM() RATIONAL_B_SPLINE_CURVE((1.,0.5,1.,0.5,
1.,0.5,1.)) REPRESENTATION_ITEM('') );
#2425 = CARTESIAN_POINT('',(10.818629791895,41.9823430595));
#2426 = CARTESIAN_POINT('',(13.882848287887,48.196083077301));
#2427 = CARTESIAN_POINT('',(17.731995747819,42.435522008125));
#2428 = CARTESIAN_POINT('',(21.58114320775,36.67496093895));
#2429 = CARTESIAN_POINT('',(14.667777251827,36.221781990325));
#2430 = CARTESIAN_POINT('',(7.754411295903,35.7686030417));
#2431 = CARTESIAN_POINT('',(10.818629791895,41.9823430595));
#2432 = ( GEOMETRIC_REPRESENTATION_CONTEXT(2) 
PARAMETRIC_REPRESENTATION_CONTEXT() REPRESENTATION_CONTEXT('2D SPACE',''
  ) );
#2433 = PCURVE('',#777,#2434);
#2434 = DEFINITIONAL_REPRESENTATION('',(#2435),#2439);
#2435 = LINE('',#2436,#2437);
#2436 = CARTESIAN_POINT('',(0.,-7.2));
#2437 = VECTOR('',#2438,1.);
#2438 = DIRECTION('',(1.,0.));
#2439 = ( GEOMETRIC_REPRESENTATION_CONTEXT(2) 
PARAMETRIC_REPRESENTATION_CONTEXT() REPRESENTATION_CONTEXT('2D SPACE',''
  ) );
#2440 = ORIENTED_EDGE('',*,*,#2441,.T.);
#2441 = EDGE_CURVE('',#2414,#2442,#2444,.T.);
#2442 = VERTEX_POINT('',#2443);
#2443 = CARTESIAN_POINT('',(-34.96509574341,58.980061642513,7.2));
#2444 = SURFACE_CURVE('',#2445,(#2449,#2456),.PCURVE_S1.);
#2445 = LINE('',#2446,#2447);
#2446 = CARTESIAN_POINT('',(-32.9712,57.9968,7.2));
#2447 = VECTOR('',#2448,1.);
#2448 = DIRECTION('',(-0.896876117988,0.442281843379,0.));
#2449 = PCURVE('',#118,#2450);
#2450 = DEFINITIONAL_REPRESENTATION('',(#2451),#2455);
#2451 = LINE('',#2452,#2453);
#2452 = CARTESIAN_POINT('',(16.410418186333,43.684756013195));
#2453 = VECTOR('',#2454,1.);
#2454 = DIRECTION('',(-0.896876117988,0.442281843379));
#2455 = ( GEOMETRIC_REPRESENTATION_CONTEXT(2) 
PARAMETRIC_REPRESENTATION_CONTEXT() REPRESENTATION_CONTEXT('2D SPACE',''
  ) );
#2456 = PCURVE('',#805,#2457);
#2457 = DEFINITIONAL_REPRESENTATION('',(#2458),#2462);
#2458 = LINE('',#2459,#2460);
#2459 = CARTESIAN_POINT('',(-0.26219512846,-7.2));
#2460 = VECTOR('',#2461,1.);
#2461 = DIRECTION('',(1.,0.));
#2462 = ( GEOMETRIC_REPRESENTATION_CONTEXT(2) 
PARAMETRIC_REPRESENTATION_CONTEXT() REPRESENTATION_CONTEXT('2D SPACE',''
  ) );
#2463 = ORIENTED_EDGE('',*,*,#2464,.F.);
#2464 = EDGE_CURVE('',#2465,#2442,#2467,.T.);
#2465 = VERTEX_POINT('',#2466);
#2466 = CARTESIAN_POINT('',(-35.44842434607,59.180263801343,7.2));
#2467 = SURFACE_CURVE('',#2468,(#2473,#2484),.PCURVE_S1.);
#2468 = CIRCLE('',#2469,4.);
#2469 = AXIS2_PLACEMENT_3D('',#2470,#2471,#2472);
#2470 = CARTESIAN_POINT('',(-36.73422311693,55.392557170561,7.2));
#2471 = DIRECTION('',(0.,0.,-1.));
#2472 = DIRECTION('',(-0.946926657695,0.321449692714,0.));
#2473 = PCURVE('',#118,#2474);
#2474 = DEFINITIONAL_REPRESENTATION('',(#2475),#2483);
#2475 = ( BOUNDED_CURVE() B_SPLINE_CURVE(2,(#2476,#2477,#2478,#2479,
#2480,#2481,#2482),.UNSPECIFIED.,.T.,.F.) B_SPLINE_CURVE_WITH_KNOTS((1,2
    ,2,2,2,1),(-2.094395102393,0.,2.094395102393,4.188790204786,
6.28318530718,8.377580409573),.UNSPECIFIED.) CURVE() 
GEOMETRIC_REPRESENTATION_ITEM() RATIONAL_B_SPLINE_CURVE((1.,0.5,1.,0.5,
1.,0.5,1.)) REPRESENTATION_ITEM('') );
#2476 = CARTESIAN_POINT('',(8.85968843862,42.366311954611));
#2477 = CARTESIAN_POINT('',(11.086757238051,48.926812283291));
#2478 = CARTESIAN_POINT('',(15.654782784508,43.717863962668));
#2479 = CARTESIAN_POINT('',(20.222808330964,38.508915642045));
#2480 = CARTESIAN_POINT('',(13.427713985076,37.157363633989));
#2481 = CARTESIAN_POINT('',(6.632619639188,35.805811625932));
#2482 = CARTESIAN_POINT('',(8.85968843862,42.366311954611));
#2483 = ( GEOMETRIC_REPRESENTATION_CONTEXT(2) 
PARAMETRIC_REPRESENTATION_CONTEXT() REPRESENTATION_CONTEXT('2D SPACE',''
  ) );
#2484 = PCURVE('',#838,#2485);
#2485 = DEFINITIONAL_REPRESENTATION('',(#2486),#2490);
#2486 = LINE('',#2487,#2488);
#2487 = CARTESIAN_POINT('',(0.,-7.2));
#2488 = VECTOR('',#2489,1.);
#2489 = DIRECTION('',(1.,0.));
#2490 = ( GEOMETRIC_REPRESENTATION_CONTEXT(2) 
PARAMETRIC_REPRESENTATION_CONTEXT() REPRESENTATION_CONTEXT('2D SPACE',''
  ) );
#2491 = ORIENTED_EDGE('',*,*,#2492,.T.);
#2492 = EDGE_CURVE('',#2465,#2493,#2495,.T.);
#2493 = VERTEX_POINT('',#2494);
#2494 = CARTESIAN_POINT('',(-37.30526841874,59.810599795926,7.2));
#2495 = SURFACE_CURVE('',#2496,(#2500,#2507),.PCURVE_S1.);
#2496 = LINE('',#2497,#2498);
#2497 = CARTESIAN_POINT('',(-35.2002,59.096,7.2));
#2498 = VECTOR('',#2499,1.);
#2499 = DIRECTION('',(-0.946926657695,0.321449692714,0.));
#2500 = PCURVE('',#118,#2501);
#2501 = DEFINITIONAL_REPRESENTATION('',(#2502),#2506);
#2502 = LINE('',#2503,#2504);
#2503 = CARTESIAN_POINT('',(14.181418186333,44.783956013195));
#2504 = VECTOR('',#2505,1.);
#2505 = DIRECTION('',(-0.946926657695,0.321449692714));
#2506 = ( GEOMETRIC_REPRESENTATION_CONTEXT(2) 
PARAMETRIC_REPRESENTATION_CONTEXT() REPRESENTATION_CONTEXT('2D SPACE',''
  ) );
#2507 = PCURVE('',#866,#2508);
#2508 = DEFINITIONAL_REPRESENTATION('',(#2509),#2513);
#2509 = LINE('',#2510,#2511);
#2510 = CARTESIAN_POINT('',(-0.262136823437,-7.2));
#2511 = VECTOR('',#2512,1.);
#2512 = DIRECTION('',(1.,0.));
#2513 = ( GEOMETRIC_REPRESENTATION_CONTEXT(2) 
PARAMETRIC_REPRESENTATION_CONTEXT() REPRESENTATION_CONTEXT('2D SPACE',''
  ) );
#2514 = ORIENTED_EDGE('',*,*,#2515,.F.);
#2515 = EDGE_CURVE('',#2516,#2493,#2518,.T.);
#2516 = VERTEX_POINT('',#2517);
#2517 = CARTESIAN_POINT('',(-37.81081239611,59.946055468345,7.2));
#2518 = SURFACE_CURVE('',#2519,(#2524,#2535),.PCURVE_S1.);
#2519 = CIRCLE('',#2520,4.);
#2520 = AXIS2_PLACEMENT_3D('',#2521,#2522,#2523);
#2521 = CARTESIAN_POINT('',(-38.59106718959,56.022893165145,7.2));
#2522 = DIRECTION('',(0.,0.,-1.));
#2523 = DIRECTION('',(-0.9807905758,0.19506369837,0.));
#2524 = PCURVE('',#118,#2525);
#2525 = DEFINITIONAL_REPRESENTATION('',(#2526),#2534);
#2526 = ( BOUNDED_CURVE() B_SPLINE_CURVE(2,(#2527,#2528,#2529,#2530,
#2531,#2532,#2533),.UNSPECIFIED.,.T.,.F.) B_SPLINE_CURVE_WITH_KNOTS((1,2
    ,2,2,2,1),(-2.094395102393,0.,2.094395102393,4.188790204786,
6.28318530718,8.377580409573),.UNSPECIFIED.) CURVE() 
GEOMETRIC_REPRESENTATION_ITEM() RATIONAL_B_SPLINE_CURVE((1.,0.5,1.,0.5,
1.,0.5,1.)) REPRESENTATION_ITEM('') );
#2527 = CARTESIAN_POINT('',(6.867388693535,42.491103971821));
#2528 = CARTESIAN_POINT('',(8.218829638695,49.286220407302));
#2529 = CARTESIAN_POINT('',(13.427852620915,44.718279999339));
#2530 = CARTESIAN_POINT('',(18.636875603135,40.150339591376));
#2531 = CARTESIAN_POINT('',(12.076411675755,37.923163563858));
#2532 = CARTESIAN_POINT('',(5.515947748376,35.69598753634));
#2533 = CARTESIAN_POINT('',(6.867388693535,42.491103971821));
#2534 = ( GEOMETRIC_REPRESENTATION_CONTEXT(2) 
PARAMETRIC_REPRESENTATION_CONTEXT() REPRESENTATION_CONTEXT('2D SPACE',''
  ) );
#2535 = PCURVE('',#899,#2536);
#2536 = DEFINITIONAL_REPRESENTATION('',(#2537),#2541);
#2537 = LINE('',#2538,#2539);
#2538 = CARTESIAN_POINT('',(0.,-7.2));
#2539 = VECTOR('',#2540,1.);
#2540 = DIRECTION('',(1.,0.));
#2541 = ( GEOMETRIC_REPRESENTATION_CONTEXT(2) 
PARAMETRIC_REPRESENTATION_CONTEXT() REPRESENTATION_CONTEXT('2D SPACE',''
  ) );
#2542 = ORIENTED_EDGE('',*,*,#2543,.T.);
#2543 = EDGE_CURVE('',#2516,#2544,#2546,.T.);
#2544 = VERTEX_POINT('',#2545);
#2545 = CARTESIAN_POINT('',(-39.73415713122,60.328578247956,7.2));
#2546 = SURFACE_CURVE('',#2547,(#2551,#2558),.PCURVE_S1.);
#2547 = LINE('',#2548,#2549);
#2548 = CARTESIAN_POINT('',(-37.5536,59.8949,7.2));
#2549 = VECTOR('',#2550,1.);
#2550 = DIRECTION('',(-0.9807905758,0.19506369837,0.));
#2551 = PCURVE('',#118,#2552);
#2552 = DEFINITIONAL_REPRESENTATION('',(#2553),#2557);
#2553 = LINE('',#2554,#2555);
#2554 = CARTESIAN_POINT('',(11.828018186333,45.582856013195));
#2555 = VECTOR('',#2556,1.);
#2556 = DIRECTION('',(-0.9807905758,0.19506369837));
#2557 = ( GEOMETRIC_REPRESENTATION_CONTEXT(2) 
PARAMETRIC_REPRESENTATION_CONTEXT() REPRESENTATION_CONTEXT('2D SPACE',''
  ) );
#2558 = PCURVE('',#927,#2559);
#2559 = DEFINITIONAL_REPRESENTATION('',(#2560),#2564);
#2560 = LINE('',#2561,#2562);
#2561 = CARTESIAN_POINT('',(-0.262250068936,-7.2));
#2562 = VECTOR('',#2563,1.);
#2563 = DIRECTION('',(1.,0.));
#2564 = ( GEOMETRIC_REPRESENTATION_CONTEXT(2) 
PARAMETRIC_REPRESENTATION_CONTEXT() REPRESENTATION_CONTEXT('2D SPACE',''
  ) );
#2565 = ORIENTED_EDGE('',*,*,#2566,.F.);
#2566 = EDGE_CURVE('',#2567,#2544,#2569,.T.);
#2567 = VERTEX_POINT('',#2568);
#2568 = CARTESIAN_POINT('',(-40.25271573446,60.39684615259,7.2));
#2569 = SURFACE_CURVE('',#2570,(#2575,#2586),.PCURVE_S1.);
#2570 = CIRCLE('',#2571,4.);
#2571 = AXIS2_PLACEMENT_3D('',#2572,#2573,#2574);
#2572 = CARTESIAN_POINT('',(-40.5144119247,56.405415944756,7.2));
#2573 = DIRECTION('',(0.,0.,-1.));
#2574 = DIRECTION('',(-0.997857551959,6.542404755987E-02,0.));
#2575 = PCURVE('',#118,#2576);
#2576 = DEFINITIONAL_REPRESENTATION('',(#2577),#2585);
#2577 = ( BOUNDED_CURVE() B_SPLINE_CURVE(2,(#2578,#2579,#2580,#2581,
#2582,#2583,#2584),.UNSPECIFIED.,.T.,.F.) B_SPLINE_CURVE_WITH_KNOTS((1,2
    ,2,2,2,1),(-2.094395102393,0.,2.094395102393,4.188790204786,
6.28318530718,8.377580409573),.UNSPECIFIED.) CURVE() 
GEOMETRIC_REPRESENTATION_ITEM() RATIONAL_B_SPLINE_CURVE((1.,0.5,1.,0.5,
1.,0.5,1.)) REPRESENTATION_ITEM('') );
#2578 = CARTESIAN_POINT('',(4.875776053794,42.35506814819));
#2579 = CARTESIAN_POINT('',(5.329047151436,49.268428063025));
#2580 = CARTESIAN_POINT('',(11.089556914367,45.419203820248));
#2581 = CARTESIAN_POINT('',(16.850066677297,41.569979577472));
#2582 = CARTESIAN_POINT('',(10.636285816725,38.505843905413));
#2583 = CARTESIAN_POINT('',(4.422504956152,35.441708233355));
#2584 = CARTESIAN_POINT('',(4.875776053794,42.35506814819));
#2585 = ( GEOMETRIC_REPRESENTATION_CONTEXT(2) 
PARAMETRIC_REPRESENTATION_CONTEXT() REPRESENTATION_CONTEXT('2D SPACE',''
  ) );
#2586 = PCURVE('',#960,#2587);
#2587 = DEFINITIONAL_REPRESENTATION('',(#2588),#2592);
#2588 = LINE('',#2589,#2590);
#2589 = CARTESIAN_POINT('',(0.,-7.2));
#2590 = VECTOR('',#2591,1.);
#2591 = DIRECTION('',(1.,0.));
#2592 = ( GEOMETRIC_REPRESENTATION_CONTEXT(2) 
PARAMETRIC_REPRESENTATION_CONTEXT() REPRESENTATION_CONTEXT('2D SPACE',''
  ) );
#2593 = ORIENTED_EDGE('',*,*,#2594,.T.);
#2594 = EDGE_CURVE('',#2567,#2595,#2597,.T.);
#2595 = VERTEX_POINT('',#2596);
#2596 = CARTESIAN_POINT('',(-42.20950380976,60.525142015914,7.2));
#2597 = SURFACE_CURVE('',#2598,(#2602,#2609),.PCURVE_S1.);
#2598 = LINE('',#2599,#2600);
#2599 = CARTESIAN_POINT('',(-39.9912,60.3797,7.2));
#2600 = VECTOR('',#2601,1.);
#2601 = DIRECTION('',(-0.997857551959,6.542404755987E-02,0.));
#2602 = PCURVE('',#118,#2603);
#2603 = DEFINITIONAL_REPRESENTATION('',(#2604),#2608);
#2604 = LINE('',#2605,#2606);
#2605 = CARTESIAN_POINT('',(9.390418186333,46.067656013195));
#2606 = VECTOR('',#2607,1.);
#2607 = DIRECTION('',(-0.997857551959,6.542404755987E-02));
#2608 = ( GEOMETRIC_REPRESENTATION_CONTEXT(2) 
PARAMETRIC_REPRESENTATION_CONTEXT() REPRESENTATION_CONTEXT('2D SPACE',''
  ) );
#2609 = PCURVE('',#988,#2610);
#2610 = DEFINITIONAL_REPRESENTATION('',(#2611),#2615);
#2611 = LINE('',#2612,#2613);
#2612 = CARTESIAN_POINT('',(-0.262077221294,-7.2));
#2613 = VECTOR('',#2614,1.);
#2614 = DIRECTION('',(1.,0.));
#2615 = ( GEOMETRIC_REPRESENTATION_CONTEXT(2) 
PARAMETRIC_REPRESENTATION_CONTEXT() REPRESENTATION_CONTEXT('2D SPACE',''
  ) );
#2616 = ORIENTED_EDGE('',*,*,#2617,.F.);
#2617 = EDGE_CURVE('',#2618,#2595,#2620,.T.);
#2618 = VERTEX_POINT('',#2619);
#2619 = CARTESIAN_POINT('',(-42.73289619023,60.525142015914,7.2));
#2620 = SURFACE_CURVE('',#2621,(#2626,#2637),.PCURVE_S1.);
#2621 = CIRCLE('',#2622,4.);
#2622 = AXIS2_PLACEMENT_3D('',#2623,#2624,#2625);
#2623 = CARTESIAN_POINT('',(-42.4712,56.53371180808,7.2));
#2624 = DIRECTION('',(-0.,0.,-1.));
#2625 = DIRECTION('',(-0.997857551959,-6.542404755987E-02,0.));
#2626 = PCURVE('',#118,#2627);
#2627 = DEFINITIONAL_REPRESENTATION('',(#2628),#2636);
#2628 = ( BOUNDED_CURVE() B_SPLINE_CURVE(2,(#2629,#2630,#2631,#2632,
#2633,#2634,#2635),.UNSPECIFIED.,.T.,.F.) B_SPLINE_CURVE_WITH_KNOTS((1,2
    ,2,2,2,1),(-2.094395102393,0.,2.094395102393,4.188790204786,
6.28318530718,8.377580409573),.UNSPECIFIED.) CURVE() 
GEOMETRIC_REPRESENTATION_ITEM() RATIONAL_B_SPLINE_CURVE((1.,0.5,1.,0.5,
1.,0.5,1.)) REPRESENTATION_ITEM('') );
#2629 = CARTESIAN_POINT('',(2.918987978498,41.959971631035));
#2630 = CARTESIAN_POINT('',(2.465716880856,48.873331545869));
#2631 = CARTESIAN_POINT('',(8.679497741429,45.809195873811));
#2632 = CARTESIAN_POINT('',(14.893278602002,42.745060201753));
#2633 = CARTESIAN_POINT('',(9.132768839071,38.895835958977));
#2634 = CARTESIAN_POINT('',(3.37225907614,35.0466117162));
#2635 = CARTESIAN_POINT('',(2.918987978498,41.959971631035));
#2636 = ( GEOMETRIC_REPRESENTATION_CONTEXT(2) 
PARAMETRIC_REPRESENTATION_CONTEXT() REPRESENTATION_CONTEXT('2D SPACE',''
  ) );
#2637 = PCURVE('',#1021,#2638);
#2638 = DEFINITIONAL_REPRESENTATION('',(#2639),#2643);
#2639 = LINE('',#2640,#2641);
#2640 = CARTESIAN_POINT('',(0.,-7.2));
#2641 = VECTOR('',#2642,1.);
#2642 = DIRECTION('',(1.,0.));
#2643 = ( GEOMETRIC_REPRESENTATION_CONTEXT(2) 
PARAMETRIC_REPRESENTATION_CONTEXT() REPRESENTATION_CONTEXT('2D SPACE',''
  ) );
#2644 = ORIENTED_EDGE('',*,*,#2645,.T.);
#2645 = EDGE_CURVE('',#2618,#2646,#2648,.T.);
#2646 = VERTEX_POINT('',#2647);
#2647 = CARTESIAN_POINT('',(-44.68968426553,60.39684615259,7.2));
#2648 = SURFACE_CURVE('',#2649,(#2653,#2660),.PCURVE_S1.);
#2649 = LINE('',#2650,#2651);
#2650 = CARTESIAN_POINT('',(-42.4712,60.5423,7.2));
#2651 = VECTOR('',#2652,1.);
#2652 = DIRECTION('',(-0.997857551959,-6.542404755987E-02,0.));
#2653 = PCURVE('',#118,#2654);
#2654 = DEFINITIONAL_REPRESENTATION('',(#2655),#2659);
#2655 = LINE('',#2656,#2657);
#2656 = CARTESIAN_POINT('',(6.910418186333,46.230256013195));
#2657 = VECTOR('',#2658,1.);
#2658 = DIRECTION('',(-0.997857551959,-6.542404755987E-02));
#2659 = ( GEOMETRIC_REPRESENTATION_CONTEXT(2) 
PARAMETRIC_REPRESENTATION_CONTEXT() REPRESENTATION_CONTEXT('2D SPACE',''
  ) );
#2660 = PCURVE('',#1049,#2661);
#2661 = DEFINITIONAL_REPRESENTATION('',(#2662),#2666);
#2662 = LINE('',#2663,#2664);
#2663 = CARTESIAN_POINT('',(-0.262258064516,-7.2));
#2664 = VECTOR('',#2665,1.);
#2665 = DIRECTION('',(1.,0.));
#2666 = ( GEOMETRIC_REPRESENTATION_CONTEXT(2) 
PARAMETRIC_REPRESENTATION_CONTEXT() REPRESENTATION_CONTEXT('2D SPACE',''
  ) );
#2667 = ORIENTED_EDGE('',*,*,#2668,.F.);
#2668 = EDGE_CURVE('',#2669,#2646,#2671,.T.);
#2669 = VERTEX_POINT('',#2670);
#2670 = CARTESIAN_POINT('',(-45.20824286877,60.328578247956,7.2));
#2671 = SURFACE_CURVE('',#2672,(#2677,#2688),.PCURVE_S1.);
#2672 = CIRCLE('',#2673,4.);
#2673 = AXIS2_PLACEMENT_3D('',#2674,#2675,#2676);
#2674 = CARTESIAN_POINT('',(-44.42798807529,56.405415944756,7.2));
#2675 = DIRECTION('',(-0.,0.,-1.));
#2676 = DIRECTION('',(-0.9807905758,-0.19506369837,0.));
#2677 = PCURVE('',#118,#2678);
#2678 = DEFINITIONAL_REPRESENTATION('',(#2679),#2687);
#2679 = ( BOUNDED_CURVE() B_SPLINE_CURVE(2,(#2680,#2681,#2682,#2683,
#2684,#2685,#2686),.UNSPECIFIED.,.T.,.F.) B_SPLINE_CURVE_WITH_KNOTS((1,2
    ,2,2,2,1),(-2.094395102393,0.,2.094395102393,4.188790204786,
6.28318530718,8.377580409573),.UNSPECIFIED.) CURVE() 
GEOMETRIC_REPRESENTATION_ITEM() RATIONAL_B_SPLINE_CURVE((1.,0.5,1.,0.5,
1.,0.5,1.)) REPRESENTATION_ITEM('') );
#2680 = CARTESIAN_POINT('',(1.030467807837,41.313117164469));
#2681 = CARTESIAN_POINT('',(-0.320973137322,48.10823359995));
#2682 = CARTESIAN_POINT('',(6.239490790057,45.881057572432));
#2683 = CARTESIAN_POINT('',(12.799954717437,43.653881544914));
#2684 = CARTESIAN_POINT('',(7.590931735217,39.085941136951));
#2685 = CARTESIAN_POINT('',(2.381908752997,34.518000728987));
#2686 = CARTESIAN_POINT('',(1.030467807837,41.313117164469));
#2687 = ( GEOMETRIC_REPRESENTATION_CONTEXT(2) 
PARAMETRIC_REPRESENTATION_CONTEXT() REPRESENTATION_CONTEXT('2D SPACE',''
  ) );
#2688 = PCURVE('',#1082,#2689);
#2689 = DEFINITIONAL_REPRESENTATION('',(#2690),#2694);
#2690 = LINE('',#2691,#2692);
#2691 = CARTESIAN_POINT('',(0.,-7.2));
#2692 = VECTOR('',#2693,1.);
#2693 = DIRECTION('',(1.,0.));
#2694 = ( GEOMETRIC_REPRESENTATION_CONTEXT(2) 
PARAMETRIC_REPRESENTATION_CONTEXT() REPRESENTATION_CONTEXT('2D SPACE',''
  ) );
#2695 = ORIENTED_EDGE('',*,*,#2696,.T.);
#2696 = EDGE_CURVE('',#2669,#2697,#2699,.T.);
#2697 = VERTEX_POINT('',#2698);
#2698 = CARTESIAN_POINT('',(-47.13158760388,59.946055468345,7.2));
#2699 = SURFACE_CURVE('',#2700,(#2704,#2711),.PCURVE_S1.);
#2700 = LINE('',#2701,#2702);
#2701 = CARTESIAN_POINT('',(-44.9512,60.3797,7.2));
#2702 = VECTOR('',#2703,1.);
#2703 = DIRECTION('',(-0.9807905758,-0.19506369837,0.));
#2704 = PCURVE('',#118,#2705);
#2705 = DEFINITIONAL_REPRESENTATION('',(#2706),#2710);
#2706 = LINE('',#2707,#2708);
#2707 = CARTESIAN_POINT('',(4.430418186333,46.067656013195));
#2708 = VECTOR('',#2709,1.);
#2709 = DIRECTION('',(-0.9807905758,-0.19506369837));
#2710 = ( GEOMETRIC_REPRESENTATION_CONTEXT(2) 
PARAMETRIC_REPRESENTATION_CONTEXT() REPRESENTATION_CONTEXT('2D SPACE',''
  ) );
#2711 = PCURVE('',#1110,#2712);
#2712 = DEFINITIONAL_REPRESENTATION('',(#2713),#2717);
#2713 = LINE('',#2714,#2715);
#2714 = CARTESIAN_POINT('',(-0.262077221294,-7.2));
#2715 = VECTOR('',#2716,1.);
#2716 = DIRECTION('',(1.,0.));
#2717 = ( GEOMETRIC_REPRESENTATION_CONTEXT(2) 
PARAMETRIC_REPRESENTATION_CONTEXT() REPRESENTATION_CONTEXT('2D SPACE',''
  ) );
#2718 = ORIENTED_EDGE('',*,*,#2719,.F.);
#2719 = EDGE_CURVE('',#2720,#2697,#2722,.T.);
#2720 = VERTEX_POINT('',#2721);
#2721 = CARTESIAN_POINT('',(-47.63713158125,59.810599795926,7.2));
#2722 = SURFACE_CURVE('',#2723,(#2728,#2739),.PCURVE_S1.);
#2723 = CIRCLE('',#2724,4.);
#2724 = AXIS2_PLACEMENT_3D('',#2725,#2726,#2727);
#2725 = CARTESIAN_POINT('',(-46.3513328104,56.022893165145,7.2));
#2726 = DIRECTION('',(-0.,0.,-1.));
#2727 = DIRECTION('',(-0.946926657695,-0.321449692714,0.));
#2728 = PCURVE('',#118,#2729);
#2729 = DEFINITIONAL_REPRESENTATION('',(#2730),#2738);
#2730 = ( BOUNDED_CURVE() B_SPLINE_CURVE(2,(#2731,#2732,#2733,#2734,
#2735,#2736,#2737),.UNSPECIFIED.,.T.,.F.) B_SPLINE_CURVE_WITH_KNOTS((1,2
    ,2,2,2,1),(-2.094395102393,0.,2.094395102393,4.188790204786,
6.28318530718,8.377580409573),.UNSPECIFIED.) CURVE() 
GEOMETRIC_REPRESENTATION_ITEM() RATIONAL_B_SPLINE_CURVE((1.,0.5,1.,0.5,
1.,0.5,1.)) REPRESENTATION_ITEM('') );
#2731 = CARTESIAN_POINT('',(-0.757421254851,40.425050407484));
#2732 = CARTESIAN_POINT('',(-2.984490054283,46.985550736163));
#2733 = CARTESIAN_POINT('',(3.810604291605,45.633998728107));
#2734 = CARTESIAN_POINT('',(10.605698637493,44.28244672005));
#2735 = CARTESIAN_POINT('',(6.037673091037,39.073498399428));
#2736 = CARTESIAN_POINT('',(1.46964754458,33.864550078805));
#2737 = CARTESIAN_POINT('',(-0.757421254851,40.425050407484));
#2738 = ( GEOMETRIC_REPRESENTATION_CONTEXT(2) 
PARAMETRIC_REPRESENTATION_CONTEXT() REPRESENTATION_CONTEXT('2D SPACE',''
  ) );
#2739 = PCURVE('',#1143,#2740);
#2740 = DEFINITIONAL_REPRESENTATION('',(#2741),#2745);
#2741 = LINE('',#2742,#2743);
#2742 = CARTESIAN_POINT('',(0.,-7.2));
#2743 = VECTOR('',#2744,1.);
#2744 = DIRECTION('',(1.,0.));
#2745 = ( GEOMETRIC_REPRESENTATION_CONTEXT(2) 
PARAMETRIC_REPRESENTATION_CONTEXT() REPRESENTATION_CONTEXT('2D SPACE',''
  ) );
#2746 = ORIENTED_EDGE('',*,*,#2747,.T.);
#2747 = EDGE_CURVE('',#2720,#2748,#2750,.T.);
#2748 = VERTEX_POINT('',#2749);
#2749 = CARTESIAN_POINT('',(-49.49397565392,59.180263801343,7.2));
#2750 = SURFACE_CURVE('',#2751,(#2755,#2762),.PCURVE_S1.);
#2751 = LINE('',#2752,#2753);
#2752 = CARTESIAN_POINT('',(-47.3888,59.8949,7.2));
#2753 = VECTOR('',#2754,1.);
#2754 = DIRECTION('',(-0.946926657695,-0.321449692714,0.));
#2755 = PCURVE('',#118,#2756);
#2756 = DEFINITIONAL_REPRESENTATION('',(#2757),#2761);
#2757 = LINE('',#2758,#2759);
#2758 = CARTESIAN_POINT('',(1.992818186333,45.582856013195));
#2759 = VECTOR('',#2760,1.);
#2760 = DIRECTION('',(-0.946926657695,-0.321449692714));
#2761 = ( GEOMETRIC_REPRESENTATION_CONTEXT(2) 
PARAMETRIC_REPRESENTATION_CONTEXT() REPRESENTATION_CONTEXT('2D SPACE',''
  ) );
#2762 = PCURVE('',#1171,#2763);
#2763 = DEFINITIONAL_REPRESENTATION('',(#2764),#2768);
#2764 = LINE('',#2765,#2766);
#2765 = CARTESIAN_POINT('',(-0.262250068936,-7.2));
#2766 = VECTOR('',#2767,1.);
#2767 = DIRECTION('',(1.,0.));
#2768 = ( GEOMETRIC_REPRESENTATION_CONTEXT(2) 
PARAMETRIC_REPRESENTATION_CONTEXT() REPRESENTATION_CONTEXT('2D SPACE',''
  ) );
#2769 = ORIENTED_EDGE('',*,*,#2770,.F.);
#2770 = EDGE_CURVE('',#2771,#2748,#2773,.T.);
#2771 = VERTEX_POINT('',#2772);
#2772 = CARTESIAN_POINT('',(-49.97730425658,58.980061642513,7.2));
#2773 = SURFACE_CURVE('',#2774,(#2779,#2790),.PCURVE_S1.);
#2774 = CIRCLE('',#2775,4.);
#2775 = AXIS2_PLACEMENT_3D('',#2776,#2777,#2778);
#2776 = CARTESIAN_POINT('',(-48.20817688306,55.392557170561,7.2));
#2777 = DIRECTION('',(-0.,0.,-1.));
#2778 = DIRECTION('',(-0.896876117988,-0.442281843379,0.));
#2779 = PCURVE('',#118,#2780);
#2780 = DEFINITIONAL_REPRESENTATION('',(#2781),#2789);
#2781 = ( BOUNDED_CURVE() B_SPLINE_CURVE(2,(#2782,#2783,#2784,#2785,
#2786,#2787,#2788),.UNSPECIFIED.,.T.,.F.) B_SPLINE_CURVE_WITH_KNOTS((1,2
    ,2,2,2,1),(-2.094395102393,0.,2.094395102393,4.188790204786,
6.28318530718,8.377580409573),.UNSPECIFIED.) CURVE() 
GEOMETRIC_REPRESENTATION_ITEM() RATIONAL_B_SPLINE_CURVE((1.,0.5,1.,0.5,
1.,0.5,1.)) REPRESENTATION_ITEM('') );
#2782 = CARTESIAN_POINT('',(-2.414063168688,39.311385810239));
#2783 = CARTESIAN_POINT('',(-5.47828166468,45.52512582804));
#2784 = CARTESIAN_POINT('',(1.435084291244,45.071946879415));
#2785 = CARTESIAN_POINT('',(8.348450247167,44.61876793079));
#2786 = CARTESIAN_POINT('',(4.499302787236,38.858206861614));
#2787 = CARTESIAN_POINT('',(0.650155327305,33.097645792438));
#2788 = CARTESIAN_POINT('',(-2.414063168688,39.311385810239));
#2789 = ( GEOMETRIC_REPRESENTATION_CONTEXT(2) 
PARAMETRIC_REPRESENTATION_CONTEXT() REPRESENTATION_CONTEXT('2D SPACE',''
  ) );
#2790 = PCURVE('',#1204,#2791);
#2791 = DEFINITIONAL_REPRESENTATION('',(#2792),#2796);
#2792 = LINE('',#2793,#2794);
#2793 = CARTESIAN_POINT('',(0.,-7.2));
#2794 = VECTOR('',#2795,1.);
#2795 = DIRECTION('',(1.,0.));
#2796 = ( GEOMETRIC_REPRESENTATION_CONTEXT(2) 
PARAMETRIC_REPRESENTATION_CONTEXT() REPRESENTATION_CONTEXT('2D SPACE',''
  ) );
#2797 = ORIENTED_EDGE('',*,*,#2798,.T.);
#2798 = EDGE_CURVE('',#2771,#2799,#2801,.T.);
#2799 = VERTEX_POINT('',#2800);
#2800 = CARTESIAN_POINT('',(-51.73604345103,58.112764144741,7.2));
#2801 = SURFACE_CURVE('',#2802,(#2806,#2813),.PCURVE_S1.);
#2802 = LINE('',#2803,#2804);
#2803 = CARTESIAN_POINT('',(-49.7422,59.096,7.2));
#2804 = VECTOR('',#2805,1.);
#2805 = DIRECTION('',(-0.896876117988,-0.442281843379,0.));
#2806 = PCURVE('',#118,#2807);
#2807 = DEFINITIONAL_REPRESENTATION('',(#2808),#2812);
#2808 = LINE('',#2809,#2810);
#2809 = CARTESIAN_POINT('',(-0.360581813667,44.783956013195));
#2810 = VECTOR('',#2811,1.);
#2811 = DIRECTION('',(-0.896876117988,-0.442281843379));
#2812 = ( GEOMETRIC_REPRESENTATION_CONTEXT(2) 
PARAMETRIC_REPRESENTATION_CONTEXT() REPRESENTATION_CONTEXT('2D SPACE',''
  ) );
#2813 = PCURVE('',#1232,#2814);
#2814 = DEFINITIONAL_REPRESENTATION('',(#2815),#2819);
#2815 = LINE('',#2816,#2817);
#2816 = CARTESIAN_POINT('',(-0.262136823437,-7.2));
#2817 = VECTOR('',#2818,1.);
#2818 = DIRECTION('',(1.,0.));
#2819 = ( GEOMETRIC_REPRESENTATION_CONTEXT(2) 
PARAMETRIC_REPRESENTATION_CONTEXT() REPRESENTATION_CONTEXT('2D SPACE',''
  ) );
#2820 = ORIENTED_EDGE('',*,*,#2821,.F.);
#2821 = EDGE_CURVE('',#2822,#2799,#2824,.T.);
#2822 = VERTEX_POINT('',#2823);
#2823 = CARTESIAN_POINT('',(-52.18920685078,57.851131546307,7.2));
#2824 = SURFACE_CURVE('',#2825,(#2830,#2841),.PCURVE_S1.);
#2825 = CIRCLE('',#2826,4.);
#2826 = AXIS2_PLACEMENT_3D('',#2827,#2828,#2829);
#2827 = CARTESIAN_POINT('',(-49.96691607751,54.525259672789,7.2));
#2828 = DIRECTION('',(-0.,0.,-1.));
#2829 = DIRECTION('',(-0.831467968379,-0.555572693316,0.));
#2830 = PCURVE('',#118,#2831);
#2831 = DEFINITIONAL_REPRESENTATION('',(#2832),#2840);
#2832 = ( BOUNDED_CURVE() B_SPLINE_CURVE(2,(#2833,#2834,#2835,#2836,
#2837,#2838,#2839),.UNSPECIFIED.,.T.,.F.) B_SPLINE_CURVE_WITH_KNOTS((1,2
    ,2,2,2,1),(-2.094395102393,0.,2.094395102393,4.188790204786,
6.28318530718,8.377580409573),.UNSPECIFIED.) CURVE() 
GEOMETRIC_REPRESENTATION_ITEM() RATIONAL_B_SPLINE_CURVE((1.,0.5,1.,0.5,
1.,0.5,1.)) REPRESENTATION_ITEM('') );
#2833 = CARTESIAN_POINT('',(-3.9111697647,37.990924912718));
#2834 = CARTESIAN_POINT('',(-7.760290293187,43.751503977115));
#2835 = CARTESIAN_POINT('',(-0.846922218666,44.204650604815));
#2836 = CARTESIAN_POINT('',(6.066445855854,44.657797232515));
#2837 = CARTESIAN_POINT('',(3.002198309821,38.444071540418));
#2838 = CARTESIAN_POINT('',(-6.204923621172E-02,32.23034584832));
#2839 = CARTESIAN_POINT('',(-3.9111697647,37.990924912718));
#2840 = ( GEOMETRIC_REPRESENTATION_CONTEXT(2) 
PARAMETRIC_REPRESENTATION_CONTEXT() REPRESENTATION_CONTEXT('2D SPACE',''
  ) );
#2841 = PCURVE('',#1265,#2842);
#2842 = DEFINITIONAL_REPRESENTATION('',(#2843),#2847);
#2843 = LINE('',#2844,#2845);
#2844 = CARTESIAN_POINT('',(0.,-7.2));
#2845 = VECTOR('',#2846,1.);
#2846 = DIRECTION('',(1.,0.));
#2847 = ( GEOMETRIC_REPRESENTATION_CONTEXT(2) 
PARAMETRIC_REPRESENTATION_CONTEXT() REPRESENTATION_CONTEXT('2D SPACE',''
  ) );
#2848 = ORIENTED_EDGE('',*,*,#2849,.T.);
#2849 = EDGE_CURVE('',#2822,#2850,#2852,.T.);
#2850 = VERTEX_POINT('',#2851);
#2851 = CARTESIAN_POINT('',(-53.8196806796,56.761676785675,7.2));
#2852 = SURFACE_CURVE('',#2853,(#2857,#2864),.PCURVE_S1.);
#2853 = LINE('',#2854,#2855);
#2854 = CARTESIAN_POINT('',(-51.9712,57.9968,7.2));
#2855 = VECTOR('',#2856,1.);
#2856 = DIRECTION('',(-0.831467968379,-0.555572693316,0.));
#2857 = PCURVE('',#118,#2858);
#2858 = DEFINITIONAL_REPRESENTATION('',(#2859),#2863);
#2859 = LINE('',#2860,#2861);
#2860 = CARTESIAN_POINT('',(-2.589581813667,43.684756013195));
#2861 = VECTOR('',#2862,1.);
#2862 = DIRECTION('',(-0.831467968379,-0.555572693316));
#2863 = ( GEOMETRIC_REPRESENTATION_CONTEXT(2) 
PARAMETRIC_REPRESENTATION_CONTEXT() REPRESENTATION_CONTEXT('2D SPACE',''
  ) );
#2864 = PCURVE('',#1293,#2865);
#2865 = DEFINITIONAL_REPRESENTATION('',(#2866),#2870);
#2866 = LINE('',#2867,#2868);
#2867 = CARTESIAN_POINT('',(-0.26219512846,-7.2));
#2868 = VECTOR('',#2869,1.);
#2869 = DIRECTION('',(1.,0.));
#2870 = ( GEOMETRIC_REPRESENTATION_CONTEXT(2) 
PARAMETRIC_REPRESENTATION_CONTEXT() REPRESENTATION_CONTEXT('2D SPACE',''
  ) );
#2871 = ORIENTED_EDGE('',*,*,#2872,.F.);
#2872 = EDGE_CURVE('',#2873,#2850,#2875,.T.);
#2873 = VERTEX_POINT('',#2874);
#2874 = CARTESIAN_POINT('',(-54.23483637644,56.443108707476,7.2));
#2875 = SURFACE_CURVE('',#2876,(#2881,#2892),.PCURVE_S1.);
#2876 = CIRCLE('',#2877,4.);
#2877 = AXIS2_PLACEMENT_3D('',#2878,#2879,#2880);
#2878 = CARTESIAN_POINT('',(-51.59738990634,53.435804912157,7.2));
#2879 = DIRECTION('',(-0.,0.,-1.));
#2880 = DIRECTION('',(-0.75182594883,-0.659361617526,0.));
#2881 = PCURVE('',#118,#2882);
#2882 = DEFINITIONAL_REPRESENTATION('',(#2883),#2891);
#2883 = ( BOUNDED_CURVE() B_SPLINE_CURVE(2,(#2884,#2885,#2886,#2887,
#2888,#2889,#2890),.UNSPECIFIED.,.T.,.F.) B_SPLINE_CURVE_WITH_KNOTS((1,2
    ,2,2,2,1),(-2.094395102393,0.,2.094395102393,4.188790204786,
6.28318530718,8.377580409573),.UNSPECIFIED.) CURVE() 
GEOMETRIC_REPRESENTATION_ITEM() RATIONAL_B_SPLINE_CURVE((1.,0.5,1.,0.5,
1.,0.5,1.)) REPRESENTATION_ITEM('') );
#2884 = CARTESIAN_POINT('',(-5.223075515328,36.486314455248));
#2885 = CARTESIAN_POINT('',(-9.791266803791,41.695117422535));
#2886 = CARTESIAN_POINT('',(-2.996215466581,43.046885644047));
#2887 = CARTESIAN_POINT('',(3.798835870628,44.398653865559));
#2888 = CARTESIAN_POINT('',(1.571975821881,37.83808267676));
#2889 = CARTESIAN_POINT('',(-0.654884226865,31.277511487962));
#2890 = CARTESIAN_POINT('',(-5.223075515328,36.486314455248));
#2891 = ( GEOMETRIC_REPRESENTATION_CONTEXT(2) 
PARAMETRIC_REPRESENTATION_CONTEXT() REPRESENTATION_CONTEXT('2D SPACE',''
  ) );
#2892 = PCURVE('',#1326,#2893);
#2893 = DEFINITIONAL_REPRESENTATION('',(#2894),#2898);
#2894 = LINE('',#2895,#2896);
#2895 = CARTESIAN_POINT('',(0.,-7.2));
#2896 = VECTOR('',#2897,1.);
#2897 = DIRECTION('',(1.,0.));
#2898 = ( GEOMETRIC_REPRESENTATION_CONTEXT(2) 
PARAMETRIC_REPRESENTATION_CONTEXT() REPRESENTATION_CONTEXT('2D SPACE',''
  ) );
#2899 = ORIENTED_EDGE('',*,*,#2900,.T.);
#2900 = EDGE_CURVE('',#2873,#2901,#2903,.T.);
#2901 = VERTEX_POINT('',#2902);
#2902 = CARTESIAN_POINT('',(-55.70911431314,55.150146837063,7.2));
#2903 = SURFACE_CURVE('',#2904,(#2908,#2915),.PCURVE_S1.);
#2904 = LINE('',#2905,#2906);
#2905 = CARTESIAN_POINT('',(-54.0377,56.616,7.2));
#2906 = VECTOR('',#2907,1.);
#2907 = DIRECTION('',(-0.75182594883,-0.659361617526,0.));
#2908 = PCURVE('',#118,#2909);
#2909 = DEFINITIONAL_REPRESENTATION('',(#2910),#2914);
#2910 = LINE('',#2911,#2912);
#2911 = CARTESIAN_POINT('',(-4.656081813667,42.303956013195));
#2912 = VECTOR('',#2913,1.);
#2913 = DIRECTION('',(-0.75182594883,-0.659361617526));
#2914 = ( GEOMETRIC_REPRESENTATION_CONTEXT(2) 
PARAMETRIC_REPRESENTATION_CONTEXT() REPRESENTATION_CONTEXT('2D SPACE',''
  ) );
#2915 = PCURVE('',#1354,#2916);
#2916 = DEFINITIONAL_REPRESENTATION('',(#2917),#2921);
#2917 = LINE('',#2918,#2919);
#2918 = CARTESIAN_POINT('',(-0.262210125565,-7.2));
#2919 = VECTOR('',#2920,1.);
#2920 = DIRECTION('',(1.,0.));
#2921 = ( GEOMETRIC_REPRESENTATION_CONTEXT(2) 
PARAMETRIC_REPRESENTATION_CONTEXT() REPRESENTATION_CONTEXT('2D SPACE',''
  ) );
#2922 = ORIENTED_EDGE('',*,*,#2923,.F.);
#2923 = EDGE_CURVE('',#2924,#2901,#2926,.T.);
#2924 = VERTEX_POINT('',#2925);
#2925 = CARTESIAN_POINT('',(-56.07904160834,54.780209727612,7.2));
#2926 = SURFACE_CURVE('',#2927,(#2932,#2943),.PCURVE_S1.);
#2927 = CIRCLE('',#2928,4.);
#2928 = AXIS2_PLACEMENT_3D('',#2929,#2930,#2931);
#2929 = CARTESIAN_POINT('',(-53.07166784304,52.142843041744,7.2));
#2930 = DIRECTION('',(-0.,0.,-1.));
#2931 = DIRECTION('',(-0.659341671467,-0.751843441327,0.));
#2932 = PCURVE('',#118,#2933);
#2933 = DEFINITIONAL_REPRESENTATION('',(#2934),#2942);
#2934 = ( BOUNDED_CURVE() B_SPLINE_CURVE(2,(#2935,#2936,#2937,#2938,
#2939,#2940,#2941),.UNSPECIFIED.,.T.,.F.) B_SPLINE_CURVE_WITH_KNOTS((1,2
    ,2,2,2,1),(-2.094395102393,0.,2.094395102393,4.188790204786,
6.28318530718,8.377580409573),.UNSPECIFIED.) CURVE() 
GEOMETRIC_REPRESENTATION_ITEM() RATIONAL_B_SPLINE_CURVE((1.,0.5,1.,0.5,
1.,0.5,1.)) REPRESENTATION_ITEM('') );
#2935 = CARTESIAN_POINT('',(-6.327416342575,34.823425289629));
#2936 = CARTESIAN_POINT('',(-11.53634050144,39.391478387742));
#2937 = CARTESIAN_POINT('',(-4.975828393206,41.61851248665));
#2938 = CARTESIAN_POINT('',(1.584683715029,43.845546585559));
#2939 = CARTESIAN_POINT('',(0.23309576566,37.050459388537));
#2940 = CARTESIAN_POINT('',(-1.118492183709,30.255372191516));
#2941 = CARTESIAN_POINT('',(-6.327416342575,34.823425289629));
#2942 = ( GEOMETRIC_REPRESENTATION_CONTEXT(2) 
PARAMETRIC_REPRESENTATION_CONTEXT() REPRESENTATION_CONTEXT('2D SPACE',''
  ) );
#2943 = PCURVE('',#1387,#2944);
#2944 = DEFINITIONAL_REPRESENTATION('',(#2945),#2949);
#2945 = LINE('',#2946,#2947);
#2946 = CARTESIAN_POINT('',(0.,-7.2));
#2947 = VECTOR('',#2948,1.);
#2948 = DIRECTION('',(1.,0.));
#2949 = ( GEOMETRIC_REPRESENTATION_CONTEXT(2) 
PARAMETRIC_REPRESENTATION_CONTEXT() REPRESENTATION_CONTEXT('2D SPACE',''
  ) );
#2950 = ORIENTED_EDGE('',*,*,#2951,.T.);
#2951 = EDGE_CURVE('',#2924,#2952,#2954,.T.);
#2952 = VERTEX_POINT('',#2953);
#2953 = CARTESIAN_POINT('',(-57.41137753953,53.260954878638,7.2));
#2954 = SURFACE_CURVE('',#2955,(#2959,#2966),.PCURVE_S1.);
#2955 = LINE('',#2956,#2957);
#2956 = CARTESIAN_POINT('',(-55.9062,54.9773,7.2));
#2957 = VECTOR('',#2958,1.);
#2958 = DIRECTION('',(-0.659341671467,-0.751843441327,0.));
#2959 = PCURVE('',#118,#2960);
#2960 = DEFINITIONAL_REPRESENTATION('',(#2961),#2965);
#2961 = LINE('',#2962,#2963);
#2962 = CARTESIAN_POINT('',(-6.524581813667,40.665256013195));
#2963 = VECTOR('',#2964,1.);
#2964 = DIRECTION('',(-0.659341671467,-0.751843441327));
#2965 = ( GEOMETRIC_REPRESENTATION_CONTEXT(2) 
PARAMETRIC_REPRESENTATION_CONTEXT() REPRESENTATION_CONTEXT('2D SPACE',''
  ) );
#2966 = PCURVE('',#1415,#2967);
#2967 = DEFINITIONAL_REPRESENTATION('',(#2968),#2972);
#2968 = LINE('',#2969,#2970);
#2969 = CARTESIAN_POINT('',(-0.262142703592,-7.2));
#2970 = VECTOR('',#2971,1.);
#2971 = DIRECTION('',(1.,0.));
#2972 = ( GEOMETRIC_REPRESENTATION_CONTEXT(2) 
PARAMETRIC_REPRESENTATION_CONTEXT() REPRESENTATION_CONTEXT('2D SPACE',''
  ) );
#2973 = ORIENTED_EDGE('',*,*,#2974,.F.);
#2974 = EDGE_CURVE('',#75,#2952,#2975,.T.);
#2975 = SURFACE_CURVE('',#2976,(#2981,#2992),.PCURVE_S1.);
#2976 = CIRCLE('',#2977,4.);
#2977 = AXIS2_PLACEMENT_3D('',#2978,#2979,#2980);
#2978 = CARTESIAN_POINT('',(-54.40400377422,50.623588192769,7.2));
#2979 = DIRECTION('',(-0.,0.,-1.));
#2980 = DIRECTION('',(-0.580037564085,-0.814589727563,0.));
#2981 = PCURVE('',#118,#2982);
#2982 = DEFINITIONAL_REPRESENTATION('',(#2983),#2991);
#2983 = ( BOUNDED_CURVE() B_SPLINE_CURVE(2,(#2984,#2985,#2986,#2987,
#2988,#2989,#2990),.UNSPECIFIED.,.T.,.F.) B_SPLINE_CURVE_WITH_KNOTS((1,2
    ,2,2,2,1),(-2.094395102393,0.,2.094395102393,4.188790204786,
6.28318530718,8.377580409573),.UNSPECIFIED.) CURVE() 
GEOMETRIC_REPRESENTATION_ITEM() RATIONAL_B_SPLINE_CURVE((1.,0.5,1.,0.5,
1.,0.5,1.)) REPRESENTATION_ITEM('') );
#2984 = CARTESIAN_POINT('',(-7.342535844232,33.053185295713));
#2985 = CARTESIAN_POINT('',(-12.98617902608,37.071803420885));
#2986 = CARTESIAN_POINT('',(-6.684132050649,39.950032723676));
#2987 = CARTESIAN_POINT('',(-0.382085075217,42.828262026466));
#2988 = CARTESIAN_POINT('',(-1.040488868799,35.931414598504));
#2989 = CARTESIAN_POINT('',(-1.698892662382,29.034567170541));
#2990 = CARTESIAN_POINT('',(-7.342535844232,33.053185295713));
#2991 = ( GEOMETRIC_REPRESENTATION_CONTEXT(2) 
PARAMETRIC_REPRESENTATION_CONTEXT() REPRESENTATION_CONTEXT('2D SPACE',''
  ) );
#2992 = PCURVE('',#90,#2993);
#2993 = DEFINITIONAL_REPRESENTATION('',(#2994),#2998);
#2994 = LINE('',#2995,#2996);
#2995 = CARTESIAN_POINT('',(0.,-7.2));
#2996 = VECTOR('',#2997,1.);
#2997 = DIRECTION('',(1.,0.));
#2998 = ( GEOMETRIC_REPRESENTATION_CONTEXT(2) 
PARAMETRIC_REPRESENTATION_CONTEXT() REPRESENTATION_CONTEXT('2D SPACE',''
  ) );
#2999 = FACE_BOUND('',#3000,.T.);
#3000 = EDGE_LOOP('',(#3001,#3029,#3062,#3088));
#3001 = ORIENTED_EDGE('',*,*,#3002,.T.);
#3002 = EDGE_CURVE('',#3003,#3005,#3007,.T.);
#3003 = VERTEX_POINT('',#3004);
#3004 = CARTESIAN_POINT('',(-26.10013592237,39.707398288922,7.2));
#3005 = VERTEX_POINT('',#3006);
#3006 = CARTESIAN_POINT('',(-30.74109622945,33.189747333093,7.2));
#3007 = SURFACE_CURVE('',#3008,(#3012,#3018),.PCURVE_S1.);
#3008 = LINE('',#3009,#3010);
#3009 = CARTESIAN_POINT('',(-38.33662048071,22.522779158274,7.2));
#3010 = VECTOR('',#3011,1.);
#3011 = DIRECTION('',(-0.580037178045,-0.814590002447,0.));
#3012 = PCURVE('',#118,#3013);
#3013 = DEFINITIONAL_REPRESENTATION('',(#3014),#3017);
#3014 = B_SPLINE_CURVE_WITH_KNOTS('',1,(#3015,#3016),.UNSPECIFIED.,.F.,
  .F.,(2,2),(-21.09603491208,-13.09489208409),.PIECEWISE_BEZIER_KNOTS.);
#3015 = CARTESIAN_POINT('',(23.281482263955,25.395354302116));
#3016 = CARTESIAN_POINT('',(18.640521956876,18.877703346288));
#3017 = ( GEOMETRIC_REPRESENTATION_CONTEXT(2) 
PARAMETRIC_REPRESENTATION_CONTEXT() REPRESENTATION_CONTEXT('2D SPACE',''
  ) );
#3018 = PCURVE('',#3019,#3024);
#3019 = PLANE('',#3020);
#3020 = AXIS2_PLACEMENT_3D('',#3021,#3022,#3023);
#3021 = CARTESIAN_POINT('',(-30.74109622945,33.189747333093,3.));
#3022 = DIRECTION('',(-0.814590002447,0.580037178045,0.));
#3023 = DIRECTION('',(0.580037178045,0.814590002447,0.));
#3024 = DEFINITIONAL_REPRESENTATION('',(#3025),#3028);
#3025 = B_SPLINE_CURVE_WITH_KNOTS('',1,(#3026,#3027),.UNSPECIFIED.,.F.,
  .F.,(2,2),(-21.09603491208,-13.09489208409),.PIECEWISE_BEZIER_KNOTS.);
#3026 = CARTESIAN_POINT('',(8.00114282799,-4.2));
#3027 = CARTESIAN_POINT('',(0.,-4.2));
#3028 = ( GEOMETRIC_REPRESENTATION_CONTEXT(2) 
PARAMETRIC_REPRESENTATION_CONTEXT() REPRESENTATION_CONTEXT('2D SPACE',''
  ) );
#3029 = ORIENTED_EDGE('',*,*,#3030,.T.);
#3030 = EDGE_CURVE('',#3005,#3031,#3033,.T.);
#3031 = VERTEX_POINT('',#3032);
#3032 = CARTESIAN_POINT('',(-34.11865690084,53.272378732168,7.2));
#3033 = SURFACE_CURVE('',#3034,(#3039,#3050),.PCURVE_S1.);
#3034 = CIRCLE('',#3035,14.4);
#3035 = AXIS2_PLACEMENT_3D('',#3036,#3037,#3038);
#3036 = CARTESIAN_POINT('',(-42.47119226468,41.542282696936,7.2));
#3037 = DIRECTION('',(0.,-0.,-1.));
#3038 = DIRECTION('',(1.,0.,-0.));
#3039 = PCURVE('',#118,#3040);
#3040 = DEFINITIONAL_REPRESENTATION('',(#3041),#3049);
#3041 = ( BOUNDED_CURVE() B_SPLINE_CURVE(2,(#3042,#3043,#3044,#3045,
#3046,#3047,#3048),.UNSPECIFIED.,.T.,.F.) B_SPLINE_CURVE_WITH_KNOTS((1,2
    ,2,2,2,1),(-2.094395102393,0.,2.094395102393,4.188790204786,
6.28318530718,8.377580409573),.UNSPECIFIED.) CURVE() 
GEOMETRIC_REPRESENTATION_ITEM() RATIONAL_B_SPLINE_CURVE((1.,0.5,1.,0.5,
1.,0.5,1.)) REPRESENTATION_ITEM('') );
#3042 = CARTESIAN_POINT('',(21.310425921644,27.230238710131));
#3043 = CARTESIAN_POINT('',(21.310425921644,2.288707081139));
#3044 = CARTESIAN_POINT('',(-0.289574078356,14.759472895635));
#3045 = CARTESIAN_POINT('',(-21.88957407835,27.230238710131));
#3046 = CARTESIAN_POINT('',(-0.289574078356,39.701004524627));
#3047 = CARTESIAN_POINT('',(21.310425921644,52.171770339123));
#3048 = CARTESIAN_POINT('',(21.310425921644,27.230238710131));
#3049 = ( GEOMETRIC_REPRESENTATION_CONTEXT(2) 
PARAMETRIC_REPRESENTATION_CONTEXT() REPRESENTATION_CONTEXT('2D SPACE',''
  ) );
#3050 = PCURVE('',#3051,#3056);
#3051 = CYLINDRICAL_SURFACE('',#3052,14.4);
#3052 = AXIS2_PLACEMENT_3D('',#3053,#3054,#3055);
#3053 = CARTESIAN_POINT('',(-42.47119226468,41.542282696936,3.));
#3054 = DIRECTION('',(-0.,-0.,-1.));
#3055 = DIRECTION('',(1.,0.,-0.));
#3056 = DEFINITIONAL_REPRESENTATION('',(#3057),#3061);
#3057 = LINE('',#3058,#3059);
#3058 = CARTESIAN_POINT('',(-6.28318530718,-4.2));
#3059 = VECTOR('',#3060,1.);
#3060 = DIRECTION('',(1.,-0.));
#3061 = ( GEOMETRIC_REPRESENTATION_CONTEXT(2) 
PARAMETRIC_REPRESENTATION_CONTEXT() REPRESENTATION_CONTEXT('2D SPACE',''
  ) );
#3062 = ORIENTED_EDGE('',*,*,#3063,.T.);
#3063 = EDGE_CURVE('',#3031,#3064,#3066,.T.);
#3064 = VERTEX_POINT('',#3065);
#3065 = CARTESIAN_POINT('',(-27.60100594501,48.631418425088,7.2));
#3066 = SURFACE_CURVE('',#3067,(#3071,#3077),.PCURVE_S1.);
#3067 = LINE('',#3068,#3069);
#3068 = CARTESIAN_POINT('',(-26.71952013249,48.003747398382,7.2));
#3069 = VECTOR('',#3070,1.);
#3070 = DIRECTION('',(0.814590002447,-0.580037178045,0.));
#3071 = PCURVE('',#118,#3072);
#3072 = DEFINITIONAL_REPRESENTATION('',(#3073),#3076);
#3073 = B_SPLINE_CURVE_WITH_KNOTS('',1,(#3074,#3075),.UNSPECIFIED.,.F.,
  .F.,(2,2),(-9.083264889238,-1.082122061248),.PIECEWISE_BEZIER_KNOTS.);
#3074 = CARTESIAN_POINT('',(15.262961285487,38.960334745362));
#3075 = CARTESIAN_POINT('',(21.780612241315,34.319374438283));
#3076 = ( GEOMETRIC_REPRESENTATION_CONTEXT(2) 
PARAMETRIC_REPRESENTATION_CONTEXT() REPRESENTATION_CONTEXT('2D SPACE',''
  ) );
#3077 = PCURVE('',#3078,#3083);
#3078 = PLANE('',#3079);
#3079 = AXIS2_PLACEMENT_3D('',#3080,#3081,#3082);
#3080 = CARTESIAN_POINT('',(-27.60100594501,48.631418425088,3.));
#3081 = DIRECTION('',(-0.580037178045,-0.814590002447,0.));
#3082 = DIRECTION('',(-0.814590002447,0.580037178045,0.));
#3083 = DEFINITIONAL_REPRESENTATION('',(#3084),#3087);
#3084 = B_SPLINE_CURVE_WITH_KNOTS('',1,(#3085,#3086),.UNSPECIFIED.,.F.,
  .F.,(2,2),(-9.083264889238,-1.082122061248),.PIECEWISE_BEZIER_KNOTS.);
#3085 = CARTESIAN_POINT('',(8.00114282799,-4.2));
#3086 = CARTESIAN_POINT('',(0.,-4.2));
#3087 = ( GEOMETRIC_REPRESENTATION_CONTEXT(2) 
PARAMETRIC_REPRESENTATION_CONTEXT() REPRESENTATION_CONTEXT('2D SPACE',''
  ) );
#3088 = ORIENTED_EDGE('',*,*,#3089,.T.);
#3089 = EDGE_CURVE('',#3064,#3003,#3090,.T.);
#3090 = SURFACE_CURVE('',#3091,(#3095,#3101),.PCURVE_S1.);
#3091 = LINE('',#3092,#3093);
#3092 = CARTESIAN_POINT('',(-24.34355141116,29.262925874586,7.2));
#3093 = VECTOR('',#3094,1.);
#3094 = DIRECTION('',(0.165853892681,-0.986150336552,0.));
#3095 = PCURVE('',#118,#3096);
#3096 = DEFINITIONAL_REPRESENTATION('',(#3097),#3100);
#3097 = B_SPLINE_CURVE_WITH_KNOTS('',1,(#3098,#3099),.UNSPECIFIED.,.F.,
  .F.,(2,2),(-19.64050696186,-10.59115636551),.PIECEWISE_BEZIER_KNOTS.);
#3098 = CARTESIAN_POINT('',(21.780612241315,34.319374438283));
#3099 = CARTESIAN_POINT('',(23.281482263955,25.395354302116));
#3100 = ( GEOMETRIC_REPRESENTATION_CONTEXT(2) 
PARAMETRIC_REPRESENTATION_CONTEXT() REPRESENTATION_CONTEXT('2D SPACE',''
  ) );
#3101 = PCURVE('',#3102,#3107);
#3102 = PLANE('',#3103);
#3103 = AXIS2_PLACEMENT_3D('',#3104,#3105,#3106);
#3104 = CARTESIAN_POINT('',(-26.10013592237,39.707398288922,3.));
#3105 = DIRECTION('',(-0.986150336552,-0.165853892681,0.));
#3106 = DIRECTION('',(-0.165853892681,0.986150336552,0.));
#3107 = DEFINITIONAL_REPRESENTATION('',(#3108),#3111);
#3108 = B_SPLINE_CURVE_WITH_KNOTS('',1,(#3109,#3110),.UNSPECIFIED.,.F.,
  .F.,(2,2),(-19.64050696186,-10.59115636551),.PIECEWISE_BEZIER_KNOTS.);
#3109 = CARTESIAN_POINT('',(9.049350596345,-4.2));
#3110 = CARTESIAN_POINT('',(0.,-4.2));
#3111 = ( GEOMETRIC_REPRESENTATION_CONTEXT(2) 
PARAMETRIC_REPRESENTATION_CONTEXT() REPRESENTATION_CONTEXT('2D SPACE',''
  ) );
#3112 = ADVANCED_FACE('',(#3113),#90,.T.);
#3113 = FACE_BOUND('',#3114,.T.);
#3114 = EDGE_LOOP('',(#3115,#3116,#3117,#3138));
#3115 = ORIENTED_EDGE('',*,*,#74,.T.);
#3116 = ORIENTED_EDGE('',*,*,#2974,.T.);
#3117 = ORIENTED_EDGE('',*,*,#3118,.F.);
#3118 = EDGE_CURVE('',#1400,#2952,#3119,.T.);
#3119 = SURFACE_CURVE('',#3120,(#3124,#3131),.PCURVE_S1.);
#3120 = LINE('',#3121,#3122);
#3121 = CARTESIAN_POINT('',(-57.41137753953,53.260954878638,0.));
#3122 = VECTOR('',#3123,1.);
#3123 = DIRECTION('',(0.,0.,1.));
#3124 = PCURVE('',#90,#3125);
#3125 = DEFINITIONAL_REPRESENTATION('',(#3126),#3130);
#3126 = LINE('',#3127,#3128);
#3127 = CARTESIAN_POINT('',(1.671964327901,0.));
#3128 = VECTOR('',#3129,1.);
#3129 = DIRECTION('',(0.,-1.));
#3130 = ( GEOMETRIC_REPRESENTATION_CONTEXT(2) 
PARAMETRIC_REPRESENTATION_CONTEXT() REPRESENTATION_CONTEXT('2D SPACE',''
  ) );
#3131 = PCURVE('',#1415,#3132);
#3132 = DEFINITIONAL_REPRESENTATION('',(#3133),#3137);
#3133 = LINE('',#3134,#3135);
#3134 = CARTESIAN_POINT('',(2.020706393731,0.));
#3135 = VECTOR('',#3136,1.);
#3136 = DIRECTION('',(0.,-1.));
#3137 = ( GEOMETRIC_REPRESENTATION_CONTEXT(2) 
PARAMETRIC_REPRESENTATION_CONTEXT() REPRESENTATION_CONTEXT('2D SPACE',''
  ) );
#3138 = ORIENTED_EDGE('',*,*,#1427,.F.);
#3139 = ADVANCED_FACE('',(#3140),#1415,.F.);
#3140 = FACE_BOUND('',#3141,.F.);
#3141 = EDGE_LOOP('',(#3142,#3163,#3164,#3165));
#3142 = ORIENTED_EDGE('',*,*,#3143,.T.);
#3143 = EDGE_CURVE('',#1367,#2924,#3144,.T.);
#3144 = SURFACE_CURVE('',#3145,(#3149,#3156),.PCURVE_S1.);
#3145 = LINE('',#3146,#3147);
#3146 = CARTESIAN_POINT('',(-56.07904160834,54.780209727612,0.));
#3147 = VECTOR('',#3148,1.);
#3148 = DIRECTION('',(0.,0.,1.));
#3149 = PCURVE('',#1415,#3150);
#3150 = DEFINITIONAL_REPRESENTATION('',(#3151),#3155);
#3151 = LINE('',#3152,#3153);
#3152 = CARTESIAN_POINT('',(0.,0.));
#3153 = VECTOR('',#3154,1.);
#3154 = DIRECTION('',(0.,-1.));
#3155 = ( GEOMETRIC_REPRESENTATION_CONTEXT(2) 
PARAMETRIC_REPRESENTATION_CONTEXT() REPRESENTATION_CONTEXT('2D SPACE',''
  ) );
#3156 = PCURVE('',#1387,#3157);
#3157 = DEFINITIONAL_REPRESENTATION('',(#3158),#3162);
#3158 = LINE('',#3159,#3160);
#3159 = CARTESIAN_POINT('',(1.570796326795,0.));
#3160 = VECTOR('',#3161,1.);
#3161 = DIRECTION('',(0.,-1.));
#3162 = ( GEOMETRIC_REPRESENTATION_CONTEXT(2) 
PARAMETRIC_REPRESENTATION_CONTEXT() REPRESENTATION_CONTEXT('2D SPACE',''
  ) );
#3163 = ORIENTED_EDGE('',*,*,#2951,.T.);
#3164 = ORIENTED_EDGE('',*,*,#3118,.F.);
#3165 = ORIENTED_EDGE('',*,*,#1399,.F.);
#3166 = ADVANCED_FACE('',(#3167),#1387,.T.);
#3167 = FACE_BOUND('',#3168,.T.);
#3168 = EDGE_LOOP('',(#3169,#3170,#3171,#3192));
#3169 = ORIENTED_EDGE('',*,*,#3143,.T.);
#3170 = ORIENTED_EDGE('',*,*,#2923,.T.);
#3171 = ORIENTED_EDGE('',*,*,#3172,.F.);
#3172 = EDGE_CURVE('',#1339,#2901,#3173,.T.);
#3173 = SURFACE_CURVE('',#3174,(#3178,#3185),.PCURVE_S1.);
#3174 = LINE('',#3175,#3176);
#3175 = CARTESIAN_POINT('',(-55.70911431314,55.150146837063,0.));
#3176 = VECTOR('',#3177,1.);
#3177 = DIRECTION('',(0.,0.,1.));
#3178 = PCURVE('',#1387,#3179);
#3179 = DEFINITIONAL_REPRESENTATION('',(#3180),#3184);
#3180 = LINE('',#3181,#3182);
#3181 = CARTESIAN_POINT('',(1.70168051347,0.));
#3182 = VECTOR('',#3183,1.);
#3183 = DIRECTION('',(0.,-1.));
#3184 = ( GEOMETRIC_REPRESENTATION_CONTEXT(2) 
PARAMETRIC_REPRESENTATION_CONTEXT() REPRESENTATION_CONTEXT('2D SPACE',''
  ) );
#3185 = PCURVE('',#1354,#3186);
#3186 = DEFINITIONAL_REPRESENTATION('',(#3187),#3191);
#3187 = LINE('',#3188,#3189);
#3188 = CARTESIAN_POINT('',(1.960929838871,0.));
#3189 = VECTOR('',#3190,1.);
#3190 = DIRECTION('',(0.,-1.));
#3191 = ( GEOMETRIC_REPRESENTATION_CONTEXT(2) 
PARAMETRIC_REPRESENTATION_CONTEXT() REPRESENTATION_CONTEXT('2D SPACE',''
  ) );
#3192 = ORIENTED_EDGE('',*,*,#1366,.F.);
#3193 = ADVANCED_FACE('',(#3194),#1354,.F.);
#3194 = FACE_BOUND('',#3195,.F.);
#3195 = EDGE_LOOP('',(#3196,#3217,#3218,#3219));
#3196 = ORIENTED_EDGE('',*,*,#3197,.T.);
#3197 = EDGE_CURVE('',#1306,#2873,#3198,.T.);
#3198 = SURFACE_CURVE('',#3199,(#3203,#3210),.PCURVE_S1.);
#3199 = LINE('',#3200,#3201);
#3200 = CARTESIAN_POINT('',(-54.23483637644,56.443108707476,0.));
#3201 = VECTOR('',#3202,1.);
#3202 = DIRECTION('',(0.,0.,1.));
#3203 = PCURVE('',#1354,#3204);
#3204 = DEFINITIONAL_REPRESENTATION('',(#3205),#3209);
#3205 = LINE('',#3206,#3207);
#3206 = CARTESIAN_POINT('',(0.,0.));
#3207 = VECTOR('',#3208,1.);
#3208 = DIRECTION('',(0.,-1.));
#3209 = ( GEOMETRIC_REPRESENTATION_CONTEXT(2) 
PARAMETRIC_REPRESENTATION_CONTEXT() REPRESENTATION_CONTEXT('2D SPACE',''
  ) );
#3210 = PCURVE('',#1326,#3211);
#3211 = DEFINITIONAL_REPRESENTATION('',(#3212),#3216);
#3212 = LINE('',#3213,#3214);
#3213 = CARTESIAN_POINT('',(1.570796326795,0.));
#3214 = VECTOR('',#3215,1.);
#3215 = DIRECTION('',(0.,-1.));
#3216 = ( GEOMETRIC_REPRESENTATION_CONTEXT(2) 
PARAMETRIC_REPRESENTATION_CONTEXT() REPRESENTATION_CONTEXT('2D SPACE',''
  ) );
#3217 = ORIENTED_EDGE('',*,*,#2900,.T.);
#3218 = ORIENTED_EDGE('',*,*,#3172,.F.);
#3219 = ORIENTED_EDGE('',*,*,#1338,.F.);
#3220 = ADVANCED_FACE('',(#3221),#1326,.T.);
#3221 = FACE_BOUND('',#3222,.T.);
#3222 = EDGE_LOOP('',(#3223,#3224,#3225,#3246));
#3223 = ORIENTED_EDGE('',*,*,#3197,.T.);
#3224 = ORIENTED_EDGE('',*,*,#2872,.T.);
#3225 = ORIENTED_EDGE('',*,*,#3226,.F.);
#3226 = EDGE_CURVE('',#1278,#2850,#3227,.T.);
#3227 = SURFACE_CURVE('',#3228,(#3232,#3239),.PCURVE_S1.);
#3228 = LINE('',#3229,#3230);
#3229 = CARTESIAN_POINT('',(-53.8196806796,56.761676785675,0.));
#3230 = VECTOR('',#3231,1.);
#3231 = DIRECTION('',(0.,0.,1.));
#3232 = PCURVE('',#1326,#3233);
#3233 = DEFINITIONAL_REPRESENTATION('',(#3234),#3238);
#3234 = LINE('',#3235,#3236);
#3235 = CARTESIAN_POINT('',(1.701714080253,0.));
#3236 = VECTOR('',#3237,1.);
#3237 = DIRECTION('',(0.,-1.));
#3238 = ( GEOMETRIC_REPRESENTATION_CONTEXT(2) 
PARAMETRIC_REPRESENTATION_CONTEXT() REPRESENTATION_CONTEXT('2D SPACE',''
  ) );
#3239 = PCURVE('',#1293,#3240);
#3240 = DEFINITIONAL_REPRESENTATION('',(#3241),#3245);
#3241 = LINE('',#3242,#3243);
#3242 = CARTESIAN_POINT('',(1.960958077562,0.));
#3243 = VECTOR('',#3244,1.);
#3244 = DIRECTION('',(0.,-1.));
#3245 = ( GEOMETRIC_REPRESENTATION_CONTEXT(2) 
PARAMETRIC_REPRESENTATION_CONTEXT() REPRESENTATION_CONTEXT('2D SPACE',''
  ) );
#3246 = ORIENTED_EDGE('',*,*,#1305,.F.);
#3247 = ADVANCED_FACE('',(#3248),#1293,.F.);
#3248 = FACE_BOUND('',#3249,.F.);
#3249 = EDGE_LOOP('',(#3250,#3271,#3272,#3273));
#3250 = ORIENTED_EDGE('',*,*,#3251,.T.);
#3251 = EDGE_CURVE('',#1245,#2822,#3252,.T.);
#3252 = SURFACE_CURVE('',#3253,(#3257,#3264),.PCURVE_S1.);
#3253 = LINE('',#3254,#3255);
#3254 = CARTESIAN_POINT('',(-52.18920685078,57.851131546307,0.));
#3255 = VECTOR('',#3256,1.);
#3256 = DIRECTION('',(0.,0.,1.));
#3257 = PCURVE('',#1293,#3258);
#3258 = DEFINITIONAL_REPRESENTATION('',(#3259),#3263);
#3259 = LINE('',#3260,#3261);
#3260 = CARTESIAN_POINT('',(0.,0.));
#3261 = VECTOR('',#3262,1.);
#3262 = DIRECTION('',(0.,-1.));
#3263 = ( GEOMETRIC_REPRESENTATION_CONTEXT(2) 
PARAMETRIC_REPRESENTATION_CONTEXT() REPRESENTATION_CONTEXT('2D SPACE',''
  ) );
#3264 = PCURVE('',#1265,#3265);
#3265 = DEFINITIONAL_REPRESENTATION('',(#3266),#3270);
#3266 = LINE('',#3267,#3268);
#3267 = CARTESIAN_POINT('',(1.570796326795,0.));
#3268 = VECTOR('',#3269,1.);
#3269 = DIRECTION('',(0.,-1.));
#3270 = ( GEOMETRIC_REPRESENTATION_CONTEXT(2) 
PARAMETRIC_REPRESENTATION_CONTEXT() REPRESENTATION_CONTEXT('2D SPACE',''
  ) );
#3271 = ORIENTED_EDGE('',*,*,#2849,.T.);
#3272 = ORIENTED_EDGE('',*,*,#3226,.F.);
#3273 = ORIENTED_EDGE('',*,*,#1277,.F.);
#3274 = ADVANCED_FACE('',(#3275),#1265,.T.);
#3275 = FACE_BOUND('',#3276,.T.);
#3276 = EDGE_LOOP('',(#3277,#3278,#3279,#3300));
#3277 = ORIENTED_EDGE('',*,*,#3251,.T.);
#3278 = ORIENTED_EDGE('',*,*,#2821,.T.);
#3279 = ORIENTED_EDGE('',*,*,#3280,.F.);
#3280 = EDGE_CURVE('',#1217,#2799,#3281,.T.);
#3281 = SURFACE_CURVE('',#3282,(#3286,#3293),.PCURVE_S1.);
#3282 = LINE('',#3283,#3284);
#3283 = CARTESIAN_POINT('',(-51.73604345103,58.112764144741,0.));
#3284 = VECTOR('',#3285,1.);
#3285 = DIRECTION('',(0.,0.,1.));
#3286 = PCURVE('',#1265,#3287);
#3287 = DEFINITIONAL_REPRESENTATION('',(#3288),#3292);
#3288 = LINE('',#3289,#3290);
#3289 = CARTESIAN_POINT('',(1.701706613783,0.));
#3290 = VECTOR('',#3291,1.);
#3291 = DIRECTION('',(0.,-1.));
#3292 = ( GEOMETRIC_REPRESENTATION_CONTEXT(2) 
PARAMETRIC_REPRESENTATION_CONTEXT() REPRESENTATION_CONTEXT('2D SPACE',''
  ) );
#3293 = PCURVE('',#1232,#3294);
#3294 = DEFINITIONAL_REPRESENTATION('',(#3295),#3299);
#3295 = LINE('',#3296,#3297);
#3296 = CARTESIAN_POINT('',(1.96096111734,0.));
#3297 = VECTOR('',#3298,1.);
#3298 = DIRECTION('',(0.,-1.));
#3299 = ( GEOMETRIC_REPRESENTATION_CONTEXT(2) 
PARAMETRIC_REPRESENTATION_CONTEXT() REPRESENTATION_CONTEXT('2D SPACE',''
  ) );
#3300 = ORIENTED_EDGE('',*,*,#1244,.F.);
#3301 = ADVANCED_FACE('',(#3302),#1232,.F.);
#3302 = FACE_BOUND('',#3303,.F.);
#3303 = EDGE_LOOP('',(#3304,#3325,#3326,#3327));
#3304 = ORIENTED_EDGE('',*,*,#3305,.T.);
#3305 = EDGE_CURVE('',#1184,#2771,#3306,.T.);
#3306 = SURFACE_CURVE('',#3307,(#3311,#3318),.PCURVE_S1.);
#3307 = LINE('',#3308,#3309);
#3308 = CARTESIAN_POINT('',(-49.97730425658,58.980061642513,0.));
#3309 = VECTOR('',#3310,1.);
#3310 = DIRECTION('',(0.,0.,1.));
#3311 = PCURVE('',#1232,#3312);
#3312 = DEFINITIONAL_REPRESENTATION('',(#3313),#3317);
#3313 = LINE('',#3314,#3315);
#3314 = CARTESIAN_POINT('',(6.37268810513E-15,-0.));
#3315 = VECTOR('',#3316,1.);
#3316 = DIRECTION('',(0.,-1.));
#3317 = ( GEOMETRIC_REPRESENTATION_CONTEXT(2) 
PARAMETRIC_REPRESENTATION_CONTEXT() REPRESENTATION_CONTEXT('2D SPACE',''
  ) );
#3318 = PCURVE('',#1204,#3319);
#3319 = DEFINITIONAL_REPRESENTATION('',(#3320),#3324);
#3320 = LINE('',#3321,#3322);
#3321 = CARTESIAN_POINT('',(1.570796326795,0.));
#3322 = VECTOR('',#3323,1.);
#3323 = DIRECTION('',(0.,-1.));
#3324 = ( GEOMETRIC_REPRESENTATION_CONTEXT(2) 
PARAMETRIC_REPRESENTATION_CONTEXT() REPRESENTATION_CONTEXT('2D SPACE',''
  ) );
#3325 = ORIENTED_EDGE('',*,*,#2798,.T.);
#3326 = ORIENTED_EDGE('',*,*,#3280,.F.);
#3327 = ORIENTED_EDGE('',*,*,#1216,.F.);
#3328 = ADVANCED_FACE('',(#3329),#1204,.T.);
#3329 = FACE_BOUND('',#3330,.T.);
#3330 = EDGE_LOOP('',(#3331,#3332,#3333,#3354));
#3331 = ORIENTED_EDGE('',*,*,#3305,.T.);
#3332 = ORIENTED_EDGE('',*,*,#2770,.T.);
#3333 = ORIENTED_EDGE('',*,*,#3334,.F.);
#3334 = EDGE_CURVE('',#1156,#2748,#3335,.T.);
#3335 = SURFACE_CURVE('',#3336,(#3340,#3347),.PCURVE_S1.);
#3336 = LINE('',#3337,#3338);
#3337 = CARTESIAN_POINT('',(-49.49397565392,59.180263801343,0.));
#3338 = VECTOR('',#3339,1.);
#3339 = DIRECTION('',(0.,0.,1.));
#3340 = PCURVE('',#1204,#3341);
#3341 = DEFINITIONAL_REPRESENTATION('',(#3342),#3346);
#3342 = LINE('',#3343,#3344);
#3343 = CARTESIAN_POINT('',(1.701677585966,0.));
#3344 = VECTOR('',#3345,1.);
#3345 = DIRECTION('',(0.,-1.));
#3346 = ( GEOMETRIC_REPRESENTATION_CONTEXT(2) 
PARAMETRIC_REPRESENTATION_CONTEXT() REPRESENTATION_CONTEXT('2D SPACE',''
  ) );
#3347 = PCURVE('',#1171,#3348);
#3348 = DEFINITIONAL_REPRESENTATION('',(#3349),#3353);
#3349 = LINE('',#3350,#3351);
#3350 = CARTESIAN_POINT('',(1.960916463356,0.));
#3351 = VECTOR('',#3352,1.);
#3352 = DIRECTION('',(0.,-1.));
#3353 = ( GEOMETRIC_REPRESENTATION_CONTEXT(2) 
PARAMETRIC_REPRESENTATION_CONTEXT() REPRESENTATION_CONTEXT('2D SPACE',''
  ) );
#3354 = ORIENTED_EDGE('',*,*,#1183,.F.);
#3355 = ADVANCED_FACE('',(#3356),#1171,.F.);
#3356 = FACE_BOUND('',#3357,.F.);
#3357 = EDGE_LOOP('',(#3358,#3379,#3380,#3381));
#3358 = ORIENTED_EDGE('',*,*,#3359,.T.);
#3359 = EDGE_CURVE('',#1123,#2720,#3360,.T.);
#3360 = SURFACE_CURVE('',#3361,(#3365,#3372),.PCURVE_S1.);
#3361 = LINE('',#3362,#3363);
#3362 = CARTESIAN_POINT('',(-47.63713158125,59.810599795926,0.));
#3363 = VECTOR('',#3364,1.);
#3364 = DIRECTION('',(0.,0.,1.));
#3365 = PCURVE('',#1171,#3366);
#3366 = DEFINITIONAL_REPRESENTATION('',(#3367),#3371);
#3367 = LINE('',#3368,#3369);
#3368 = CARTESIAN_POINT('',(-6.72831857923E-15,0.));
#3369 = VECTOR('',#3370,1.);
#3370 = DIRECTION('',(0.,-1.));
#3371 = ( GEOMETRIC_REPRESENTATION_CONTEXT(2) 
PARAMETRIC_REPRESENTATION_CONTEXT() REPRESENTATION_CONTEXT('2D SPACE',''
  ) );
#3372 = PCURVE('',#1143,#3373);
#3373 = DEFINITIONAL_REPRESENTATION('',(#3374),#3378);
#3374 = LINE('',#3375,#3376);
#3375 = CARTESIAN_POINT('',(1.570796326795,0.));
#3376 = VECTOR('',#3377,1.);
#3377 = DIRECTION('',(0.,-1.));
#3378 = ( GEOMETRIC_REPRESENTATION_CONTEXT(2) 
PARAMETRIC_REPRESENTATION_CONTEXT() REPRESENTATION_CONTEXT('2D SPACE',''
  ) );
#3379 = ORIENTED_EDGE('',*,*,#2747,.T.);
#3380 = ORIENTED_EDGE('',*,*,#3334,.F.);
#3381 = ORIENTED_EDGE('',*,*,#1155,.F.);
#3382 = ADVANCED_FACE('',(#3383),#1143,.T.);
#3383 = FACE_BOUND('',#3384,.T.);
#3384 = EDGE_LOOP('',(#3385,#3386,#3387,#3408));
#3385 = ORIENTED_EDGE('',*,*,#3359,.T.);
#3386 = ORIENTED_EDGE('',*,*,#2719,.T.);
#3387 = ORIENTED_EDGE('',*,*,#3388,.F.);
#3388 = EDGE_CURVE('',#1095,#2697,#3389,.T.);
#3389 = SURFACE_CURVE('',#3390,(#3394,#3401),.PCURVE_S1.);
#3390 = LINE('',#3391,#3392);
#3391 = CARTESIAN_POINT('',(-47.13158760388,59.946055468345,0.));
#3392 = VECTOR('',#3393,1.);
#3393 = DIRECTION('',(0.,0.,1.));
#3394 = PCURVE('',#1143,#3395);
#3395 = DEFINITIONAL_REPRESENTATION('',(#3396),#3400);
#3396 = LINE('',#3397,#3398);
#3397 = CARTESIAN_POINT('',(1.701733966472,0.));
#3398 = VECTOR('',#3399,1.);
#3399 = DIRECTION('',(0.,-1.));
#3400 = ( GEOMETRIC_REPRESENTATION_CONTEXT(2) 
PARAMETRIC_REPRESENTATION_CONTEXT() REPRESENTATION_CONTEXT('2D SPACE',''
  ) );
#3401 = PCURVE('',#1110,#3402);
#3402 = DEFINITIONAL_REPRESENTATION('',(#3403),#3407);
#3403 = LINE('',#3404,#3405);
#3404 = CARTESIAN_POINT('',(1.961014698309,0.));
#3405 = VECTOR('',#3406,1.);
#3406 = DIRECTION('',(0.,-1.));
#3407 = ( GEOMETRIC_REPRESENTATION_CONTEXT(2) 
PARAMETRIC_REPRESENTATION_CONTEXT() REPRESENTATION_CONTEXT('2D SPACE',''
  ) );
#3408 = ORIENTED_EDGE('',*,*,#1122,.F.);
#3409 = ADVANCED_FACE('',(#3410),#1110,.F.);
#3410 = FACE_BOUND('',#3411,.F.);
#3411 = EDGE_LOOP('',(#3412,#3433,#3434,#3435));
#3412 = ORIENTED_EDGE('',*,*,#3413,.T.);
#3413 = EDGE_CURVE('',#1062,#2669,#3414,.T.);
#3414 = SURFACE_CURVE('',#3415,(#3419,#3426),.PCURVE_S1.);
#3415 = LINE('',#3416,#3417);
#3416 = CARTESIAN_POINT('',(-45.20824286877,60.328578247956,0.));
#3417 = VECTOR('',#3418,1.);
#3418 = DIRECTION('',(0.,0.,1.));
#3419 = PCURVE('',#1110,#3420);
#3420 = DEFINITIONAL_REPRESENTATION('',(#3421),#3425);
#3421 = LINE('',#3422,#3423);
#3422 = CARTESIAN_POINT('',(6.968936189366E-15,-0.));
#3423 = VECTOR('',#3424,1.);
#3424 = DIRECTION('',(0.,-1.));
#3425 = ( GEOMETRIC_REPRESENTATION_CONTEXT(2) 
PARAMETRIC_REPRESENTATION_CONTEXT() REPRESENTATION_CONTEXT('2D SPACE',''
  ) );
#3426 = PCURVE('',#1082,#3427);
#3427 = DEFINITIONAL_REPRESENTATION('',(#3428),#3432);
#3428 = LINE('',#3429,#3430);
#3429 = CARTESIAN_POINT('',(1.570796326795,0.));
#3430 = VECTOR('',#3431,1.);
#3431 = DIRECTION('',(0.,-1.));
#3432 = ( GEOMETRIC_REPRESENTATION_CONTEXT(2) 
PARAMETRIC_REPRESENTATION_CONTEXT() REPRESENTATION_CONTEXT('2D SPACE',''
  ) );
#3433 = ORIENTED_EDGE('',*,*,#2696,.T.);
#3434 = ORIENTED_EDGE('',*,*,#3388,.F.);
#3435 = ORIENTED_EDGE('',*,*,#1094,.F.);
#3436 = ADVANCED_FACE('',(#3437),#1082,.T.);
#3437 = FACE_BOUND('',#3438,.T.);
#3438 = EDGE_LOOP('',(#3439,#3440,#3441,#3462));
#3439 = ORIENTED_EDGE('',*,*,#3413,.T.);
#3440 = ORIENTED_EDGE('',*,*,#2668,.T.);
#3441 = ORIENTED_EDGE('',*,*,#3442,.F.);
#3442 = EDGE_CURVE('',#1034,#2646,#3443,.T.);
#3443 = SURFACE_CURVE('',#3444,(#3448,#3455),.PCURVE_S1.);
#3444 = LINE('',#3445,#3446);
#3445 = CARTESIAN_POINT('',(-44.68968426553,60.39684615259,0.));
#3446 = VECTOR('',#3447,1.);
#3447 = DIRECTION('',(0.,0.,1.));
#3448 = PCURVE('',#1082,#3449);
#3449 = DEFINITIONAL_REPRESENTATION('',(#3450),#3454);
#3450 = LINE('',#3451,#3452);
#3451 = CARTESIAN_POINT('',(1.701647912306,0.));
#3452 = VECTOR('',#3453,1.);
#3453 = DIRECTION('',(0.,-1.));
#3454 = ( GEOMETRIC_REPRESENTATION_CONTEXT(2) 
PARAMETRIC_REPRESENTATION_CONTEXT() REPRESENTATION_CONTEXT('2D SPACE',''
  ) );
#3455 = PCURVE('',#1049,#3456);
#3456 = DEFINITIONAL_REPRESENTATION('',(#3457),#3461);
#3457 = LINE('',#3458,#3459);
#3458 = CARTESIAN_POINT('',(1.96098939318,0.));
#3459 = VECTOR('',#3460,1.);
#3460 = DIRECTION('',(0.,-1.));
#3461 = ( GEOMETRIC_REPRESENTATION_CONTEXT(2) 
PARAMETRIC_REPRESENTATION_CONTEXT() REPRESENTATION_CONTEXT('2D SPACE',''
  ) );
#3462 = ORIENTED_EDGE('',*,*,#1061,.F.);
#3463 = ADVANCED_FACE('',(#3464),#1049,.F.);
#3464 = FACE_BOUND('',#3465,.F.);
#3465 = EDGE_LOOP('',(#3466,#3487,#3488,#3489));
#3466 = ORIENTED_EDGE('',*,*,#3467,.T.);
#3467 = EDGE_CURVE('',#1001,#2618,#3468,.T.);
#3468 = SURFACE_CURVE('',#3469,(#3473,#3480),.PCURVE_S1.);
#3469 = LINE('',#3470,#3471);
#3470 = CARTESIAN_POINT('',(-42.73289619023,60.525142015914,0.));
#3471 = VECTOR('',#3472,1.);
#3472 = DIRECTION('',(0.,0.,1.));
#3473 = PCURVE('',#1049,#3474);
#3474 = DEFINITIONAL_REPRESENTATION('',(#3475),#3479);
#3475 = LINE('',#3476,#3477);
#3476 = CARTESIAN_POINT('',(0.,0.));
#3477 = VECTOR('',#3478,1.);
#3478 = DIRECTION('',(0.,-1.));
#3479 = ( GEOMETRIC_REPRESENTATION_CONTEXT(2) 
PARAMETRIC_REPRESENTATION_CONTEXT() REPRESENTATION_CONTEXT('2D SPACE',''
  ) );
#3480 = PCURVE('',#1021,#3481);
#3481 = DEFINITIONAL_REPRESENTATION('',(#3482),#3486);
#3482 = LINE('',#3483,#3484);
#3483 = CARTESIAN_POINT('',(1.570796326795,0.));
#3484 = VECTOR('',#3485,1.);
#3485 = DIRECTION('',(0.,-1.));
#3486 = ( GEOMETRIC_REPRESENTATION_CONTEXT(2) 
PARAMETRIC_REPRESENTATION_CONTEXT() REPRESENTATION_CONTEXT('2D SPACE',''
  ) );
#3487 = ORIENTED_EDGE('',*,*,#2645,.T.);
#3488 = ORIENTED_EDGE('',*,*,#3442,.F.);
#3489 = ORIENTED_EDGE('',*,*,#1033,.F.);
#3490 = ADVANCED_FACE('',(#3491),#1021,.T.);
#3491 = FACE_BOUND('',#3492,.T.);
#3492 = EDGE_LOOP('',(#3493,#3494,#3495,#3516));
#3493 = ORIENTED_EDGE('',*,*,#3467,.T.);
#3494 = ORIENTED_EDGE('',*,*,#2617,.T.);
#3495 = ORIENTED_EDGE('',*,*,#3496,.F.);
#3496 = EDGE_CURVE('',#973,#2595,#3497,.T.);
#3497 = SURFACE_CURVE('',#3498,(#3502,#3509),.PCURVE_S1.);
#3498 = LINE('',#3499,#3500);
#3499 = CARTESIAN_POINT('',(-42.20950380976,60.525142015914,0.));
#3500 = VECTOR('',#3501,1.);
#3501 = DIRECTION('',(0.,0.,1.));
#3502 = PCURVE('',#1021,#3503);
#3503 = DEFINITIONAL_REPRESENTATION('',(#3504),#3508);
#3504 = LINE('',#3505,#3506);
#3505 = CARTESIAN_POINT('',(1.70173794715,0.));
#3506 = VECTOR('',#3507,1.);
#3507 = DIRECTION('',(0.,-1.));
#3508 = ( GEOMETRIC_REPRESENTATION_CONTEXT(2) 
PARAMETRIC_REPRESENTATION_CONTEXT() REPRESENTATION_CONTEXT('2D SPACE',''
  ) );
#3509 = PCURVE('',#988,#3510);
#3510 = DEFINITIONAL_REPRESENTATION('',(#3511),#3515);
#3511 = LINE('',#3512,#3513);
#3512 = CARTESIAN_POINT('',(1.96098939318,0.));
#3513 = VECTOR('',#3514,1.);
#3514 = DIRECTION('',(0.,-1.));
#3515 = ( GEOMETRIC_REPRESENTATION_CONTEXT(2) 
PARAMETRIC_REPRESENTATION_CONTEXT() REPRESENTATION_CONTEXT('2D SPACE',''
  ) );
#3516 = ORIENTED_EDGE('',*,*,#1000,.F.);
#3517 = ADVANCED_FACE('',(#3518),#988,.F.);
#3518 = FACE_BOUND('',#3519,.F.);
#3519 = EDGE_LOOP('',(#3520,#3541,#3542,#3543));
#3520 = ORIENTED_EDGE('',*,*,#3521,.T.);
#3521 = EDGE_CURVE('',#940,#2567,#3522,.T.);
#3522 = SURFACE_CURVE('',#3523,(#3527,#3534),.PCURVE_S1.);
#3523 = LINE('',#3524,#3525);
#3524 = CARTESIAN_POINT('',(-40.25271573446,60.39684615259,0.));
#3525 = VECTOR('',#3526,1.);
#3526 = DIRECTION('',(0.,0.,1.));
#3527 = PCURVE('',#988,#3528);
#3528 = DEFINITIONAL_REPRESENTATION('',(#3529),#3533);
#3529 = LINE('',#3530,#3531);
#3530 = CARTESIAN_POINT('',(7.090204348676E-15,0.));
#3531 = VECTOR('',#3532,1.);
#3532 = DIRECTION('',(0.,-1.));
#3533 = ( GEOMETRIC_REPRESENTATION_CONTEXT(2) 
PARAMETRIC_REPRESENTATION_CONTEXT() REPRESENTATION_CONTEXT('2D SPACE',''
  ) );
#3534 = PCURVE('',#960,#3535);
#3535 = DEFINITIONAL_REPRESENTATION('',(#3536),#3540);
#3536 = LINE('',#3537,#3538);
#3537 = CARTESIAN_POINT('',(1.570796326795,0.));
#3538 = VECTOR('',#3539,1.);
#3539 = DIRECTION('',(0.,-1.));
#3540 = ( GEOMETRIC_REPRESENTATION_CONTEXT(2) 
PARAMETRIC_REPRESENTATION_CONTEXT() REPRESENTATION_CONTEXT('2D SPACE',''
  ) );
#3541 = ORIENTED_EDGE('',*,*,#2594,.T.);
#3542 = ORIENTED_EDGE('',*,*,#3496,.F.);
#3543 = ORIENTED_EDGE('',*,*,#972,.F.);
#3544 = ADVANCED_FACE('',(#3545),#960,.T.);
#3545 = FACE_BOUND('',#3546,.T.);
#3546 = EDGE_LOOP('',(#3547,#3548,#3549,#3570));
#3547 = ORIENTED_EDGE('',*,*,#3521,.T.);
#3548 = ORIENTED_EDGE('',*,*,#2566,.T.);
#3549 = ORIENTED_EDGE('',*,*,#3550,.F.);
#3550 = EDGE_CURVE('',#912,#2544,#3551,.T.);
#3551 = SURFACE_CURVE('',#3552,(#3556,#3563),.PCURVE_S1.);
#3552 = LINE('',#3553,#3554);
#3553 = CARTESIAN_POINT('',(-39.73415713122,60.328578247956,0.));
#3554 = VECTOR('',#3555,1.);
#3555 = DIRECTION('',(0.,0.,1.));
#3556 = PCURVE('',#960,#3557);
#3557 = DEFINITIONAL_REPRESENTATION('',(#3558),#3562);
#3558 = LINE('',#3559,#3560);
#3559 = CARTESIAN_POINT('',(1.701647912306,0.));
#3560 = VECTOR('',#3561,1.);
#3561 = DIRECTION('',(0.,-1.));
#3562 = ( GEOMETRIC_REPRESENTATION_CONTEXT(2) 
PARAMETRIC_REPRESENTATION_CONTEXT() REPRESENTATION_CONTEXT('2D SPACE',''
  ) );
#3563 = PCURVE('',#927,#3564);
#3564 = DEFINITIONAL_REPRESENTATION('',(#3565),#3569);
#3565 = LINE('',#3566,#3567);
#3566 = CARTESIAN_POINT('',(1.961014698309,0.));
#3567 = VECTOR('',#3568,1.);
#3568 = DIRECTION('',(0.,-1.));
#3569 = ( GEOMETRIC_REPRESENTATION_CONTEXT(2) 
PARAMETRIC_REPRESENTATION_CONTEXT() REPRESENTATION_CONTEXT('2D SPACE',''
  ) );
#3570 = ORIENTED_EDGE('',*,*,#939,.F.);
#3571 = ADVANCED_FACE('',(#3572),#927,.F.);
#3572 = FACE_BOUND('',#3573,.F.);
#3573 = EDGE_LOOP('',(#3574,#3595,#3596,#3597));
#3574 = ORIENTED_EDGE('',*,*,#3575,.T.);
#3575 = EDGE_CURVE('',#879,#2516,#3576,.T.);
#3576 = SURFACE_CURVE('',#3577,(#3581,#3588),.PCURVE_S1.);
#3577 = LINE('',#3578,#3579);
#3578 = CARTESIAN_POINT('',(-37.81081239611,59.946055468345,0.));
#3579 = VECTOR('',#3580,1.);
#3580 = DIRECTION('',(0.,0.,1.));
#3581 = PCURVE('',#927,#3582);
#3582 = DEFINITIONAL_REPRESENTATION('',(#3583),#3587);
#3583 = LINE('',#3584,#3585);
#3584 = CARTESIAN_POINT('',(0.,0.));
#3585 = VECTOR('',#3586,1.);
#3586 = DIRECTION('',(0.,-1.));
#3587 = ( GEOMETRIC_REPRESENTATION_CONTEXT(2) 
PARAMETRIC_REPRESENTATION_CONTEXT() REPRESENTATION_CONTEXT('2D SPACE',''
  ) );
#3588 = PCURVE('',#899,#3589);
#3589 = DEFINITIONAL_REPRESENTATION('',(#3590),#3594);
#3590 = LINE('',#3591,#3592);
#3591 = CARTESIAN_POINT('',(1.570796326795,0.));
#3592 = VECTOR('',#3593,1.);
#3593 = DIRECTION('',(0.,-1.));
#3594 = ( GEOMETRIC_REPRESENTATION_CONTEXT(2) 
PARAMETRIC_REPRESENTATION_CONTEXT() REPRESENTATION_CONTEXT('2D SPACE',''
  ) );
#3595 = ORIENTED_EDGE('',*,*,#2543,.T.);
#3596 = ORIENTED_EDGE('',*,*,#3550,.F.);
#3597 = ORIENTED_EDGE('',*,*,#911,.F.);
#3598 = ADVANCED_FACE('',(#3599),#899,.T.);
#3599 = FACE_BOUND('',#3600,.T.);
#3600 = EDGE_LOOP('',(#3601,#3602,#3603,#3624));
#3601 = ORIENTED_EDGE('',*,*,#3575,.T.);
#3602 = ORIENTED_EDGE('',*,*,#2515,.T.);
#3603 = ORIENTED_EDGE('',*,*,#3604,.F.);
#3604 = EDGE_CURVE('',#851,#2493,#3605,.T.);
#3605 = SURFACE_CURVE('',#3606,(#3610,#3617),.PCURVE_S1.);
#3606 = LINE('',#3607,#3608);
#3607 = CARTESIAN_POINT('',(-37.30526841874,59.810599795926,0.));
#3608 = VECTOR('',#3609,1.);
#3609 = DIRECTION('',(0.,0.,1.));
#3610 = PCURVE('',#899,#3611);
#3611 = DEFINITIONAL_REPRESENTATION('',(#3612),#3616);
#3612 = LINE('',#3613,#3614);
#3613 = CARTESIAN_POINT('',(1.701733966472,0.));
#3614 = VECTOR('',#3615,1.);
#3615 = DIRECTION('',(0.,-1.));
#3616 = ( GEOMETRIC_REPRESENTATION_CONTEXT(2) 
PARAMETRIC_REPRESENTATION_CONTEXT() REPRESENTATION_CONTEXT('2D SPACE',''
  ) );
#3617 = PCURVE('',#866,#3618);
#3618 = DEFINITIONAL_REPRESENTATION('',(#3619),#3623);
#3619 = LINE('',#3620,#3621);
#3620 = CARTESIAN_POINT('',(1.960916463357,0.));
#3621 = VECTOR('',#3622,1.);
#3622 = DIRECTION('',(0.,-1.));
#3623 = ( GEOMETRIC_REPRESENTATION_CONTEXT(2) 
PARAMETRIC_REPRESENTATION_CONTEXT() REPRESENTATION_CONTEXT('2D SPACE',''
  ) );
#3624 = ORIENTED_EDGE('',*,*,#878,.F.);
#3625 = ADVANCED_FACE('',(#3626),#866,.F.);
#3626 = FACE_BOUND('',#3627,.F.);
#3627 = EDGE_LOOP('',(#3628,#3649,#3650,#3651));
#3628 = ORIENTED_EDGE('',*,*,#3629,.T.);
#3629 = EDGE_CURVE('',#818,#2465,#3630,.T.);
#3630 = SURFACE_CURVE('',#3631,(#3635,#3642),.PCURVE_S1.);
#3631 = LINE('',#3632,#3633);
#3632 = CARTESIAN_POINT('',(-35.44842434607,59.180263801343,0.));
#3633 = VECTOR('',#3634,1.);
#3634 = DIRECTION('',(0.,0.,1.));
#3635 = PCURVE('',#866,#3636);
#3636 = DEFINITIONAL_REPRESENTATION('',(#3637),#3641);
#3637 = LINE('',#3638,#3639);
#3638 = CARTESIAN_POINT('',(-6.72831857923E-15,0.));
#3639 = VECTOR('',#3640,1.);
#3640 = DIRECTION('',(0.,-1.));
#3641 = ( GEOMETRIC_REPRESENTATION_CONTEXT(2) 
PARAMETRIC_REPRESENTATION_CONTEXT() REPRESENTATION_CONTEXT('2D SPACE',''
  ) );
#3642 = PCURVE('',#838,#3643);
#3643 = DEFINITIONAL_REPRESENTATION('',(#3644),#3648);
#3644 = LINE('',#3645,#3646);
#3645 = CARTESIAN_POINT('',(1.570796326795,0.));
#3646 = VECTOR('',#3647,1.);
#3647 = DIRECTION('',(0.,-1.));
#3648 = ( GEOMETRIC_REPRESENTATION_CONTEXT(2) 
PARAMETRIC_REPRESENTATION_CONTEXT() REPRESENTATION_CONTEXT('2D SPACE',''
  ) );
#3649 = ORIENTED_EDGE('',*,*,#2492,.T.);
#3650 = ORIENTED_EDGE('',*,*,#3604,.F.);
#3651 = ORIENTED_EDGE('',*,*,#850,.F.);
#3652 = ADVANCED_FACE('',(#3653),#838,.T.);
#3653 = FACE_BOUND('',#3654,.T.);
#3654 = EDGE_LOOP('',(#3655,#3656,#3657,#3678));
#3655 = ORIENTED_EDGE('',*,*,#3629,.T.);
#3656 = ORIENTED_EDGE('',*,*,#2464,.T.);
#3657 = ORIENTED_EDGE('',*,*,#3658,.F.);
#3658 = EDGE_CURVE('',#790,#2442,#3659,.T.);
#3659 = SURFACE_CURVE('',#3660,(#3664,#3671),.PCURVE_S1.);
#3660 = LINE('',#3661,#3662);
#3661 = CARTESIAN_POINT('',(-34.96509574341,58.980061642513,0.));
#3662 = VECTOR('',#3663,1.);
#3663 = DIRECTION('',(0.,0.,1.));
#3664 = PCURVE('',#838,#3665);
#3665 = DEFINITIONAL_REPRESENTATION('',(#3666),#3670);
#3666 = LINE('',#3667,#3668);
#3667 = CARTESIAN_POINT('',(1.701677585966,0.));
#3668 = VECTOR('',#3669,1.);
#3669 = DIRECTION('',(0.,-1.));
#3670 = ( GEOMETRIC_REPRESENTATION_CONTEXT(2) 
PARAMETRIC_REPRESENTATION_CONTEXT() REPRESENTATION_CONTEXT('2D SPACE',''
  ) );
#3671 = PCURVE('',#805,#3672);
#3672 = DEFINITIONAL_REPRESENTATION('',(#3673),#3677);
#3673 = LINE('',#3674,#3675);
#3674 = CARTESIAN_POINT('',(1.96096111734,0.));
#3675 = VECTOR('',#3676,1.);
#3676 = DIRECTION('',(0.,-1.));
#3677 = ( GEOMETRIC_REPRESENTATION_CONTEXT(2) 
PARAMETRIC_REPRESENTATION_CONTEXT() REPRESENTATION_CONTEXT('2D SPACE',''
  ) );
#3678 = ORIENTED_EDGE('',*,*,#817,.F.);
#3679 = ADVANCED_FACE('',(#3680),#805,.F.);
#3680 = FACE_BOUND('',#3681,.F.);
#3681 = EDGE_LOOP('',(#3682,#3703,#3704,#3705));
#3682 = ORIENTED_EDGE('',*,*,#3683,.T.);
#3683 = EDGE_CURVE('',#757,#2414,#3684,.T.);
#3684 = SURFACE_CURVE('',#3685,(#3689,#3696),.PCURVE_S1.);
#3685 = LINE('',#3686,#3687);
#3686 = CARTESIAN_POINT('',(-33.20635654896,58.11276414474,0.));
#3687 = VECTOR('',#3688,1.);
#3688 = DIRECTION('',(0.,0.,1.));
#3689 = PCURVE('',#805,#3690);
#3690 = DEFINITIONAL_REPRESENTATION('',(#3691),#3695);
#3691 = LINE('',#3692,#3693);
#3692 = CARTESIAN_POINT('',(0.,0.));
#3693 = VECTOR('',#3694,1.);
#3694 = DIRECTION('',(0.,-1.));
#3695 = ( GEOMETRIC_REPRESENTATION_CONTEXT(2) 
PARAMETRIC_REPRESENTATION_CONTEXT() REPRESENTATION_CONTEXT('2D SPACE',''
  ) );
#3696 = PCURVE('',#777,#3697);
#3697 = DEFINITIONAL_REPRESENTATION('',(#3698),#3702);
#3698 = LINE('',#3699,#3700);
#3699 = CARTESIAN_POINT('',(1.570796326795,0.));
#3700 = VECTOR('',#3701,1.);
#3701 = DIRECTION('',(0.,-1.));
#3702 = ( GEOMETRIC_REPRESENTATION_CONTEXT(2) 
PARAMETRIC_REPRESENTATION_CONTEXT() REPRESENTATION_CONTEXT('2D SPACE',''
  ) );
#3703 = ORIENTED_EDGE('',*,*,#2441,.T.);
#3704 = ORIENTED_EDGE('',*,*,#3658,.F.);
#3705 = ORIENTED_EDGE('',*,*,#789,.F.);
#3706 = ADVANCED_FACE('',(#3707),#777,.T.);
#3707 = FACE_BOUND('',#3708,.T.);
#3708 = EDGE_LOOP('',(#3709,#3710,#3711,#3732));
#3709 = ORIENTED_EDGE('',*,*,#3683,.T.);
#3710 = ORIENTED_EDGE('',*,*,#2413,.T.);
#3711 = ORIENTED_EDGE('',*,*,#3712,.F.);
#3712 = EDGE_CURVE('',#729,#2391,#3713,.T.);
#3713 = SURFACE_CURVE('',#3714,(#3718,#3725),.PCURVE_S1.);
#3714 = LINE('',#3715,#3716);
#3715 = CARTESIAN_POINT('',(-32.75319314922,57.851131546307,0.));
#3716 = VECTOR('',#3717,1.);
#3717 = DIRECTION('',(0.,0.,1.));
#3718 = PCURVE('',#777,#3719);
#3719 = DEFINITIONAL_REPRESENTATION('',(#3720),#3724);
#3720 = LINE('',#3721,#3722);
#3721 = CARTESIAN_POINT('',(1.701706613783,0.));
#3722 = VECTOR('',#3723,1.);
#3723 = DIRECTION('',(0.,-1.));
#3724 = ( GEOMETRIC_REPRESENTATION_CONTEXT(2) 
PARAMETRIC_REPRESENTATION_CONTEXT() REPRESENTATION_CONTEXT('2D SPACE',''
  ) );
#3725 = PCURVE('',#744,#3726);
#3726 = DEFINITIONAL_REPRESENTATION('',(#3727),#3731);
#3727 = LINE('',#3728,#3729);
#3728 = CARTESIAN_POINT('',(1.960958077562,0.));
#3729 = VECTOR('',#3730,1.);
#3730 = DIRECTION('',(0.,-1.));
#3731 = ( GEOMETRIC_REPRESENTATION_CONTEXT(2) 
PARAMETRIC_REPRESENTATION_CONTEXT() REPRESENTATION_CONTEXT('2D SPACE',''
  ) );
#3732 = ORIENTED_EDGE('',*,*,#756,.F.);
#3733 = ADVANCED_FACE('',(#3734),#744,.F.);
#3734 = FACE_BOUND('',#3735,.F.);
#3735 = EDGE_LOOP('',(#3736,#3757,#3758,#3759));
#3736 = ORIENTED_EDGE('',*,*,#3737,.T.);
#3737 = EDGE_CURVE('',#696,#2363,#3738,.T.);
#3738 = SURFACE_CURVE('',#3739,(#3743,#3750),.PCURVE_S1.);
#3739 = LINE('',#3740,#3741);
#3740 = CARTESIAN_POINT('',(-31.12271932039,56.761676785675,0.));
#3741 = VECTOR('',#3742,1.);
#3742 = DIRECTION('',(0.,0.,1.));
#3743 = PCURVE('',#744,#3744);
#3744 = DEFINITIONAL_REPRESENTATION('',(#3745),#3749);
#3745 = LINE('',#3746,#3747);
#3746 = CARTESIAN_POINT('',(-2.953967624746E-15,0.));
#3747 = VECTOR('',#3748,1.);
#3748 = DIRECTION('',(0.,-1.));
#3749 = ( GEOMETRIC_REPRESENTATION_CONTEXT(2) 
PARAMETRIC_REPRESENTATION_CONTEXT() REPRESENTATION_CONTEXT('2D SPACE',''
  ) );
#3750 = PCURVE('',#716,#3751);
#3751 = DEFINITIONAL_REPRESENTATION('',(#3752),#3756);
#3752 = LINE('',#3753,#3754);
#3753 = CARTESIAN_POINT('',(1.570796326795,0.));
#3754 = VECTOR('',#3755,1.);
#3755 = DIRECTION('',(0.,-1.));
#3756 = ( GEOMETRIC_REPRESENTATION_CONTEXT(2) 
PARAMETRIC_REPRESENTATION_CONTEXT() REPRESENTATION_CONTEXT('2D SPACE',''
  ) );
#3757 = ORIENTED_EDGE('',*,*,#2390,.T.);
#3758 = ORIENTED_EDGE('',*,*,#3712,.F.);
#3759 = ORIENTED_EDGE('',*,*,#728,.F.);
#3760 = ADVANCED_FACE('',(#3761),#716,.T.);
#3761 = FACE_BOUND('',#3762,.T.);
#3762 = EDGE_LOOP('',(#3763,#3764,#3765,#3786));
#3763 = ORIENTED_EDGE('',*,*,#3737,.T.);
#3764 = ORIENTED_EDGE('',*,*,#2362,.T.);
#3765 = ORIENTED_EDGE('',*,*,#3766,.F.);
#3766 = EDGE_CURVE('',#668,#2340,#3767,.T.);
#3767 = SURFACE_CURVE('',#3768,(#3772,#3779),.PCURVE_S1.);
#3768 = LINE('',#3769,#3770);
#3769 = CARTESIAN_POINT('',(-30.70756362355,56.443108707476,0.));
#3770 = VECTOR('',#3771,1.);
#3771 = DIRECTION('',(0.,0.,1.));
#3772 = PCURVE('',#716,#3773);
#3773 = DEFINITIONAL_REPRESENTATION('',(#3774),#3778);
#3774 = LINE('',#3775,#3776);
#3775 = CARTESIAN_POINT('',(1.701714080253,0.));
#3776 = VECTOR('',#3777,1.);
#3777 = DIRECTION('',(0.,-1.));
#3778 = ( GEOMETRIC_REPRESENTATION_CONTEXT(2) 
PARAMETRIC_REPRESENTATION_CONTEXT() REPRESENTATION_CONTEXT('2D SPACE',''
  ) );
#3779 = PCURVE('',#683,#3780);
#3780 = DEFINITIONAL_REPRESENTATION('',(#3781),#3785);
#3781 = LINE('',#3782,#3783);
#3782 = CARTESIAN_POINT('',(1.960929838871,0.));
#3783 = VECTOR('',#3784,1.);
#3784 = DIRECTION('',(0.,-1.));
#3785 = ( GEOMETRIC_REPRESENTATION_CONTEXT(2) 
PARAMETRIC_REPRESENTATION_CONTEXT() REPRESENTATION_CONTEXT('2D SPACE',''
  ) );
#3786 = ORIENTED_EDGE('',*,*,#695,.F.);
#3787 = ADVANCED_FACE('',(#3788),#683,.F.);
#3788 = FACE_BOUND('',#3789,.F.);
#3789 = EDGE_LOOP('',(#3790,#3811,#3812,#3813));
#3790 = ORIENTED_EDGE('',*,*,#3791,.T.);
#3791 = EDGE_CURVE('',#635,#2312,#3792,.T.);
#3792 = SURFACE_CURVE('',#3793,(#3797,#3804),.PCURVE_S1.);
#3793 = LINE('',#3794,#3795);
#3794 = CARTESIAN_POINT('',(-29.23328568685,55.150146837063,0.));
#3795 = VECTOR('',#3796,1.);
#3796 = DIRECTION('',(0.,0.,1.));
#3797 = PCURVE('',#683,#3798);
#3798 = DEFINITIONAL_REPRESENTATION('',(#3799),#3803);
#3799 = LINE('',#3800,#3801);
#3800 = CARTESIAN_POINT('',(0.,0.));
#3801 = VECTOR('',#3802,1.);
#3802 = DIRECTION('',(0.,-1.));
#3803 = ( GEOMETRIC_REPRESENTATION_CONTEXT(2) 
PARAMETRIC_REPRESENTATION_CONTEXT() REPRESENTATION_CONTEXT('2D SPACE',''
  ) );
#3804 = PCURVE('',#655,#3805);
#3805 = DEFINITIONAL_REPRESENTATION('',(#3806),#3810);
#3806 = LINE('',#3807,#3808);
#3807 = CARTESIAN_POINT('',(1.570796326795,0.));
#3808 = VECTOR('',#3809,1.);
#3809 = DIRECTION('',(0.,-1.));
#3810 = ( GEOMETRIC_REPRESENTATION_CONTEXT(2) 
PARAMETRIC_REPRESENTATION_CONTEXT() REPRESENTATION_CONTEXT('2D SPACE',''
  ) );
#3811 = ORIENTED_EDGE('',*,*,#2339,.T.);
#3812 = ORIENTED_EDGE('',*,*,#3766,.F.);
#3813 = ORIENTED_EDGE('',*,*,#667,.F.);
#3814 = ADVANCED_FACE('',(#3815),#655,.T.);
#3815 = FACE_BOUND('',#3816,.T.);
#3816 = EDGE_LOOP('',(#3817,#3818,#3819,#3840));
#3817 = ORIENTED_EDGE('',*,*,#3791,.T.);
#3818 = ORIENTED_EDGE('',*,*,#2311,.T.);
#3819 = ORIENTED_EDGE('',*,*,#3820,.F.);
#3820 = EDGE_CURVE('',#607,#2289,#3821,.T.);
#3821 = SURFACE_CURVE('',#3822,(#3826,#3833),.PCURVE_S1.);
#3822 = LINE('',#3823,#3824);
#3823 = CARTESIAN_POINT('',(-28.86335839165,54.780209727612,0.));
#3824 = VECTOR('',#3825,1.);
#3825 = DIRECTION('',(0.,0.,1.));
#3826 = PCURVE('',#655,#3827);
#3827 = DEFINITIONAL_REPRESENTATION('',(#3828),#3832);
#3828 = LINE('',#3829,#3830);
#3829 = CARTESIAN_POINT('',(1.70168051347,0.));
#3830 = VECTOR('',#3831,1.);
#3831 = DIRECTION('',(0.,-1.));
#3832 = ( GEOMETRIC_REPRESENTATION_CONTEXT(2) 
PARAMETRIC_REPRESENTATION_CONTEXT() REPRESENTATION_CONTEXT('2D SPACE',''
  ) );
#3833 = PCURVE('',#622,#3834);
#3834 = DEFINITIONAL_REPRESENTATION('',(#3835),#3839);
#3835 = LINE('',#3836,#3837);
#3836 = CARTESIAN_POINT('',(1.96110321106,0.));
#3837 = VECTOR('',#3838,1.);
#3838 = DIRECTION('',(0.,-1.));
#3839 = ( GEOMETRIC_REPRESENTATION_CONTEXT(2) 
PARAMETRIC_REPRESENTATION_CONTEXT() REPRESENTATION_CONTEXT('2D SPACE',''
  ) );
#3840 = ORIENTED_EDGE('',*,*,#634,.F.);
#3841 = ADVANCED_FACE('',(#3842),#622,.F.);
#3842 = FACE_BOUND('',#3843,.F.);
#3843 = EDGE_LOOP('',(#3844,#3865,#3866,#3867));
#3844 = ORIENTED_EDGE('',*,*,#3845,.T.);
#3845 = EDGE_CURVE('',#574,#2261,#3846,.T.);
#3846 = SURFACE_CURVE('',#3847,(#3851,#3858),.PCURVE_S1.);
#3847 = LINE('',#3848,#3849);
#3848 = CARTESIAN_POINT('',(-27.57032132255,53.305767140611,0.));
#3849 = VECTOR('',#3850,1.);
#3850 = DIRECTION('',(0.,0.,1.));
#3851 = PCURVE('',#622,#3852);
#3852 = DEFINITIONAL_REPRESENTATION('',(#3853),#3857);
#3853 = LINE('',#3854,#3855);
#3854 = CARTESIAN_POINT('',(0.,0.));
#3855 = VECTOR('',#3856,1.);
#3856 = DIRECTION('',(0.,-1.));
#3857 = ( GEOMETRIC_REPRESENTATION_CONTEXT(2) 
PARAMETRIC_REPRESENTATION_CONTEXT() REPRESENTATION_CONTEXT('2D SPACE',''
  ) );
#3858 = PCURVE('',#594,#3859);
#3859 = DEFINITIONAL_REPRESENTATION('',(#3860),#3864);
#3860 = LINE('',#3861,#3862);
#3861 = CARTESIAN_POINT('',(1.570796326795,0.));
#3862 = VECTOR('',#3863,1.);
#3863 = DIRECTION('',(0.,-1.));
#3864 = ( GEOMETRIC_REPRESENTATION_CONTEXT(2) 
PARAMETRIC_REPRESENTATION_CONTEXT() REPRESENTATION_CONTEXT('2D SPACE',''
  ) );
#3865 = ORIENTED_EDGE('',*,*,#2288,.T.);
#3866 = ORIENTED_EDGE('',*,*,#3820,.F.);
#3867 = ORIENTED_EDGE('',*,*,#606,.F.);
#3868 = ADVANCED_FACE('',(#3869),#594,.T.);
#3869 = FACE_BOUND('',#3870,.T.);
#3870 = EDGE_LOOP('',(#3871,#3872,#3873,#3894));
#3871 = ORIENTED_EDGE('',*,*,#3845,.T.);
#3872 = ORIENTED_EDGE('',*,*,#2260,.T.);
#3873 = ORIENTED_EDGE('',*,*,#3874,.F.);
#3874 = EDGE_CURVE('',#546,#2238,#3875,.T.);
#3875 = SURFACE_CURVE('',#3876,(#3880,#3887),.PCURVE_S1.);
#3876 = LINE('',#3877,#3878);
#3877 = CARTESIAN_POINT('',(-27.25187289343,52.890765575754,0.));
#3878 = VECTOR('',#3879,1.);
#3879 = DIRECTION('',(0.,0.,1.));
#3880 = PCURVE('',#594,#3881);
#3881 = DEFINITIONAL_REPRESENTATION('',(#3882),#3886);
#3882 = LINE('',#3883,#3884);
#3883 = CARTESIAN_POINT('',(1.701665195877,0.));
#3884 = VECTOR('',#3885,1.);
#3885 = DIRECTION('',(0.,-1.));
#3886 = ( GEOMETRIC_REPRESENTATION_CONTEXT(2) 
PARAMETRIC_REPRESENTATION_CONTEXT() REPRESENTATION_CONTEXT('2D SPACE',''
  ) );
#3887 = PCURVE('',#561,#3888);
#3888 = DEFINITIONAL_REPRESENTATION('',(#3889),#3893);
#3889 = LINE('',#3890,#3891);
#3890 = CARTESIAN_POINT('',(1.960928218915,0.));
#3891 = VECTOR('',#3892,1.);
#3892 = DIRECTION('',(0.,-1.));
#3893 = ( GEOMETRIC_REPRESENTATION_CONTEXT(2) 
PARAMETRIC_REPRESENTATION_CONTEXT() REPRESENTATION_CONTEXT('2D SPACE',''
  ) );
#3894 = ORIENTED_EDGE('',*,*,#573,.F.);
#3895 = ADVANCED_FACE('',(#3896),#561,.F.);
#3896 = FACE_BOUND('',#3897,.F.);
#3897 = EDGE_LOOP('',(#3898,#3919,#3920,#3921));
#3898 = ORIENTED_EDGE('',*,*,#3899,.T.);
#3899 = EDGE_CURVE('',#513,#2210,#3900,.T.);
#3900 = SURFACE_CURVE('',#3901,(#3905,#3912),.PCURVE_S1.);
#3901 = LINE('',#3902,#3903);
#3902 = CARTESIAN_POINT('',(-26.1623982738,51.26034092772,0.));
#3903 = VECTOR('',#3904,1.);
#3904 = DIRECTION('',(0.,0.,1.));
#3905 = PCURVE('',#561,#3906);
#3906 = DEFINITIONAL_REPRESENTATION('',(#3907),#3911);
#3907 = LINE('',#3908,#3909);
#3908 = CARTESIAN_POINT('',(0.,0.));
#3909 = VECTOR('',#3910,1.);
#3910 = DIRECTION('',(0.,-1.));
#3911 = ( GEOMETRIC_REPRESENTATION_CONTEXT(2) 
PARAMETRIC_REPRESENTATION_CONTEXT() REPRESENTATION_CONTEXT('2D SPACE',''
  ) );
#3912 = PCURVE('',#533,#3913);
#3913 = DEFINITIONAL_REPRESENTATION('',(#3914),#3918);
#3914 = LINE('',#3915,#3916);
#3915 = CARTESIAN_POINT('',(1.570796326795,0.));
#3916 = VECTOR('',#3917,1.);
#3917 = DIRECTION('',(0.,-1.));
#3918 = ( GEOMETRIC_REPRESENTATION_CONTEXT(2) 
PARAMETRIC_REPRESENTATION_CONTEXT() REPRESENTATION_CONTEXT('2D SPACE',''
  ) );
#3919 = ORIENTED_EDGE('',*,*,#2237,.T.);
#3920 = ORIENTED_EDGE('',*,*,#3874,.F.);
#3921 = ORIENTED_EDGE('',*,*,#545,.F.);
#3922 = ADVANCED_FACE('',(#3923),#533,.T.);
#3923 = FACE_BOUND('',#3924,.T.);
#3924 = EDGE_LOOP('',(#3925,#3926,#3927,#3948));
#3925 = ORIENTED_EDGE('',*,*,#3899,.T.);
#3926 = ORIENTED_EDGE('',*,*,#2209,.T.);
#3927 = ORIENTED_EDGE('',*,*,#3928,.F.);
#3928 = EDGE_CURVE('',#485,#2187,#3929,.T.);
#3929 = SURFACE_CURVE('',#3930,(#3934,#3941),.PCURVE_S1.);
#3930 = LINE('',#3931,#3932);
#3931 = CARTESIAN_POINT('',(-25.90071599627,50.807103180225,0.));
#3932 = VECTOR('',#3933,1.);
#3933 = DIRECTION('',(0.,0.,1.));
#3934 = PCURVE('',#533,#3935);
#3935 = DEFINITIONAL_REPRESENTATION('',(#3936),#3940);
#3936 = LINE('',#3937,#3938);
#3937 = CARTESIAN_POINT('',(1.701728968313,0.));
#3938 = VECTOR('',#3939,1.);
#3939 = DIRECTION('',(0.,-1.));
#3940 = ( GEOMETRIC_REPRESENTATION_CONTEXT(2) 
PARAMETRIC_REPRESENTATION_CONTEXT() REPRESENTATION_CONTEXT('2D SPACE',''
  ) );
#3941 = PCURVE('',#500,#3942);
#3942 = DEFINITIONAL_REPRESENTATION('',(#3943),#3947);
#3943 = LINE('',#3944,#3945);
#3944 = CARTESIAN_POINT('',(1.960890237987,0.));
#3945 = VECTOR('',#3946,1.);
#3946 = DIRECTION('',(0.,-1.));
#3947 = ( GEOMETRIC_REPRESENTATION_CONTEXT(2) 
PARAMETRIC_REPRESENTATION_CONTEXT() REPRESENTATION_CONTEXT('2D SPACE',''
  ) );
#3948 = ORIENTED_EDGE('',*,*,#512,.F.);
#3949 = ADVANCED_FACE('',(#3950),#500,.F.);
#3950 = FACE_BOUND('',#3951,.F.);
#3951 = EDGE_LOOP('',(#3952,#3973,#3974,#3975));
#3952 = ORIENTED_EDGE('',*,*,#3953,.T.);
#3953 = EDGE_CURVE('',#452,#2159,#3954,.T.);
#3954 = SURFACE_CURVE('',#3955,(#3959,#3966),.PCURVE_S1.);
#3955 = LINE('',#3956,#3957);
#3956 = CARTESIAN_POINT('',(-25.03344984715,49.048427555779,0.));
#3957 = VECTOR('',#3958,1.);
#3958 = DIRECTION('',(0.,0.,1.));
#3959 = PCURVE('',#500,#3960);
#3960 = DEFINITIONAL_REPRESENTATION('',(#3961),#3965);
#3961 = LINE('',#3962,#3963);
#3962 = CARTESIAN_POINT('',(0.,0.));
#3963 = VECTOR('',#3964,1.);
#3964 = DIRECTION('',(0.,-1.));
#3965 = ( GEOMETRIC_REPRESENTATION_CONTEXT(2) 
PARAMETRIC_REPRESENTATION_CONTEXT() REPRESENTATION_CONTEXT('2D SPACE',''
  ) );
#3966 = PCURVE('',#472,#3967);
#3967 = DEFINITIONAL_REPRESENTATION('',(#3968),#3972);
#3968 = LINE('',#3969,#3970);
#3969 = CARTESIAN_POINT('',(1.570796326795,0.));
#3970 = VECTOR('',#3971,1.);
#3971 = DIRECTION('',(0.,-1.));
#3972 = ( GEOMETRIC_REPRESENTATION_CONTEXT(2) 
PARAMETRIC_REPRESENTATION_CONTEXT() REPRESENTATION_CONTEXT('2D SPACE',''
  ) );
#3973 = ORIENTED_EDGE('',*,*,#2186,.T.);
#3974 = ORIENTED_EDGE('',*,*,#3928,.F.);
#3975 = ORIENTED_EDGE('',*,*,#484,.F.);
#3976 = ADVANCED_FACE('',(#3977),#472,.T.);
#3977 = FACE_BOUND('',#3978,.T.);
#3978 = EDGE_LOOP('',(#3979,#3980,#3981,#4002));
#3979 = ORIENTED_EDGE('',*,*,#3953,.T.);
#3980 = ORIENTED_EDGE('',*,*,#2158,.T.);
#3981 = ORIENTED_EDGE('',*,*,#3982,.F.);
#3982 = EDGE_CURVE('',#424,#2136,#3983,.T.);
#3983 = SURFACE_CURVE('',#3984,(#3988,#3995),.PCURVE_S1.);
#3984 = LINE('',#3985,#3986);
#3985 = CARTESIAN_POINT('',(-24.83323105872,48.565049964594,0.));
#3986 = VECTOR('',#3987,1.);
#3987 = DIRECTION('',(0.,0.,1.));
#3988 = PCURVE('',#472,#3989);
#3989 = DEFINITIONAL_REPRESENTATION('',(#3990),#3994);
#3990 = LINE('',#3991,#3992);
#3991 = CARTESIAN_POINT('',(1.701690519495,0.));
#3992 = VECTOR('',#3993,1.);
#3993 = DIRECTION('',(0.,-1.));
#3994 = ( GEOMETRIC_REPRESENTATION_CONTEXT(2) 
PARAMETRIC_REPRESENTATION_CONTEXT() REPRESENTATION_CONTEXT('2D SPACE',''
  ) );
#3995 = PCURVE('',#439,#3996);
#3996 = DEFINITIONAL_REPRESENTATION('',(#3997),#4001);
#3997 = LINE('',#3998,#3999);
#3998 = CARTESIAN_POINT('',(1.961106188949,0.));
#3999 = VECTOR('',#4000,1.);
#4000 = DIRECTION('',(0.,-1.));
#4001 = ( GEOMETRIC_REPRESENTATION_CONTEXT(2) 
PARAMETRIC_REPRESENTATION_CONTEXT() REPRESENTATION_CONTEXT('2D SPACE',''
  ) );
#4002 = ORIENTED_EDGE('',*,*,#451,.F.);
#4003 = ADVANCED_FACE('',(#4004),#439,.F.);
#4004 = FACE_BOUND('',#4005,.F.);
#4005 = EDGE_LOOP('',(#4006,#4027,#4028,#4029));
#4006 = ORIENTED_EDGE('',*,*,#4007,.T.);
#4007 = EDGE_CURVE('',#391,#2108,#4008,.T.);
#4008 = SURFACE_CURVE('',#4009,(#4013,#4020),.PCURVE_S1.);
#4009 = LINE('',#4010,#4011);
#4010 = CARTESIAN_POINT('',(-24.20285809483,46.708018082604,0.));
#4011 = VECTOR('',#4012,1.);
#4012 = DIRECTION('',(0.,0.,1.));
#4013 = PCURVE('',#439,#4014);
#4014 = DEFINITIONAL_REPRESENTATION('',(#4015),#4019);
#4015 = LINE('',#4016,#4017);
#4016 = CARTESIAN_POINT('',(0.,0.));
#4017 = VECTOR('',#4018,1.);
#4018 = DIRECTION('',(0.,-1.));
#4019 = ( GEOMETRIC_REPRESENTATION_CONTEXT(2) 
PARAMETRIC_REPRESENTATION_CONTEXT() REPRESENTATION_CONTEXT('2D SPACE',''
  ) );
#4020 = PCURVE('',#411,#4021);
#4021 = DEFINITIONAL_REPRESENTATION('',(#4022),#4026);
#4022 = LINE('',#4023,#4024);
#4023 = CARTESIAN_POINT('',(1.570796326795,0.));
#4024 = VECTOR('',#4025,1.);
#4025 = DIRECTION('',(0.,-1.));
#4026 = ( GEOMETRIC_REPRESENTATION_CONTEXT(2) 
PARAMETRIC_REPRESENTATION_CONTEXT() REPRESENTATION_CONTEXT('2D SPACE',''
  ) );
#4027 = ORIENTED_EDGE('',*,*,#2135,.T.);
#4028 = ORIENTED_EDGE('',*,*,#3982,.F.);
#4029 = ORIENTED_EDGE('',*,*,#423,.F.);
#4030 = ADVANCED_FACE('',(#4031),#411,.T.);
#4031 = FACE_BOUND('',#4032,.T.);
#4032 = EDGE_LOOP('',(#4033,#4034,#4035,#4056));
#4033 = ORIENTED_EDGE('',*,*,#4007,.T.);
#4034 = ORIENTED_EDGE('',*,*,#2107,.T.);
#4035 = ORIENTED_EDGE('',*,*,#4036,.F.);
#4036 = EDGE_CURVE('',#363,#2085,#4037,.T.);
#4037 = SURFACE_CURVE('',#4038,(#4042,#4049),.PCURVE_S1.);
#4038 = LINE('',#4039,#4040);
#4039 = CARTESIAN_POINT('',(-24.06745597265,46.20270870971,0.));
#4040 = VECTOR('',#4041,1.);
#4041 = DIRECTION('',(0.,0.,1.));
#4042 = PCURVE('',#411,#4043);
#4043 = DEFINITIONAL_REPRESENTATION('',(#4044),#4048);
#4044 = LINE('',#4045,#4046);
#4045 = CARTESIAN_POINT('',(1.701673719878,0.));
#4046 = VECTOR('',#4047,1.);
#4047 = DIRECTION('',(0.,-1.));
#4048 = ( GEOMETRIC_REPRESENTATION_CONTEXT(2) 
PARAMETRIC_REPRESENTATION_CONTEXT() REPRESENTATION_CONTEXT('2D SPACE',''
  ) );
#4049 = PCURVE('',#378,#4050);
#4050 = DEFINITIONAL_REPRESENTATION('',(#4051),#4055);
#4051 = LINE('',#4052,#4053);
#4052 = CARTESIAN_POINT('',(1.966525403396,0.));
#4053 = VECTOR('',#4054,1.);
#4054 = DIRECTION('',(0.,-1.));
#4055 = ( GEOMETRIC_REPRESENTATION_CONTEXT(2) 
PARAMETRIC_REPRESENTATION_CONTEXT() REPRESENTATION_CONTEXT('2D SPACE',''
  ) );
#4056 = ORIENTED_EDGE('',*,*,#390,.F.);
#4057 = ADVANCED_FACE('',(#4058),#378,.F.);
#4058 = FACE_BOUND('',#4059,.F.);
#4059 = EDGE_LOOP('',(#4060,#4081,#4082,#4083));
#4060 = ORIENTED_EDGE('',*,*,#4061,.T.);
#4061 = EDGE_CURVE('',#330,#2057,#4062,.T.);
#4062 = SURFACE_CURVE('',#4063,(#4067,#4074),.PCURVE_S1.);
#4063 = LINE('',#4064,#4065);
#4064 = CARTESIAN_POINT('',(-23.6837669999,44.27397727833,0.));
#4065 = VECTOR('',#4066,1.);
#4066 = DIRECTION('',(0.,0.,1.));
#4067 = PCURVE('',#378,#4068);
#4068 = DEFINITIONAL_REPRESENTATION('',(#4069),#4073);
#4069 = LINE('',#4070,#4071);
#4070 = CARTESIAN_POINT('',(0.,0.));
#4071 = VECTOR('',#4072,1.);
#4072 = DIRECTION('',(0.,-1.));
#4073 = ( GEOMETRIC_REPRESENTATION_CONTEXT(2) 
PARAMETRIC_REPRESENTATION_CONTEXT() REPRESENTATION_CONTEXT('2D SPACE',''
  ) );
#4074 = PCURVE('',#350,#4075);
#4075 = DEFINITIONAL_REPRESENTATION('',(#4076),#4080);
#4076 = LINE('',#4077,#4078);
#4077 = CARTESIAN_POINT('',(1.570796326795,0.));
#4078 = VECTOR('',#4079,1.);
#4079 = DIRECTION('',(0.,-1.));
#4080 = ( GEOMETRIC_REPRESENTATION_CONTEXT(2) 
PARAMETRIC_REPRESENTATION_CONTEXT() REPRESENTATION_CONTEXT('2D SPACE',''
  ) );
#4081 = ORIENTED_EDGE('',*,*,#2084,.T.);
#4082 = ORIENTED_EDGE('',*,*,#4036,.F.);
#4083 = ORIENTED_EDGE('',*,*,#362,.F.);
#4084 = ADVANCED_FACE('',(#4085),#350,.T.);
#4085 = FACE_BOUND('',#4086,.T.);
#4086 = EDGE_LOOP('',(#4087,#4088,#4089,#4110));
#4087 = ORIENTED_EDGE('',*,*,#4061,.T.);
#4088 = ORIENTED_EDGE('',*,*,#2056,.T.);
#4089 = ORIENTED_EDGE('',*,*,#4090,.F.);
#4090 = EDGE_CURVE('',#302,#2034,#4091,.T.);
#4091 = SURFACE_CURVE('',#4092,(#4096,#4103),.PCURVE_S1.);
#4092 = LINE('',#4093,#4094);
#4093 = CARTESIAN_POINT('',(-23.6162023849,43.76628830032,0.));
#4094 = VECTOR('',#4095,1.);
#4095 = DIRECTION('',(0.,0.,1.));
#4096 = PCURVE('',#350,#4097);
#4097 = DEFINITIONAL_REPRESENTATION('',(#4098),#4102);
#4098 = LINE('',#4099,#4100);
#4099 = CARTESIAN_POINT('',(1.698925225963,0.));
#4100 = VECTOR('',#4101,1.);
#4101 = DIRECTION('',(0.,-1.));
#4102 = ( GEOMETRIC_REPRESENTATION_CONTEXT(2) 
PARAMETRIC_REPRESENTATION_CONTEXT() REPRESENTATION_CONTEXT('2D SPACE',''
  ) );
#4103 = PCURVE('',#317,#4104);
#4104 = DEFINITIONAL_REPRESENTATION('',(#4105),#4109);
#4105 = LINE('',#4106,#4107);
#4106 = CARTESIAN_POINT('',(38.60507141366,0.));
#4107 = VECTOR('',#4108,1.);
#4108 = DIRECTION('',(0.,-1.));
#4109 = ( GEOMETRIC_REPRESENTATION_CONTEXT(2) 
PARAMETRIC_REPRESENTATION_CONTEXT() REPRESENTATION_CONTEXT('2D SPACE',''
  ) );
#4110 = ORIENTED_EDGE('',*,*,#329,.F.);
#4111 = ADVANCED_FACE('',(#4112),#317,.F.);
#4112 = FACE_BOUND('',#4113,.F.);
#4113 = EDGE_LOOP('',(#4114,#4135,#4136,#4137));
#4114 = ORIENTED_EDGE('',*,*,#4115,.T.);
#4115 = EDGE_CURVE('',#269,#2006,#4116,.T.);
#4116 = SURFACE_CURVE('',#4117,(#4121,#4128),.PCURVE_S1.);
#4117 = LINE('',#4118,#4119);
#4118 = CARTESIAN_POINT('',(-20.98380526278,5.251070213891,0.));
#4119 = VECTOR('',#4120,1.);
#4120 = DIRECTION('',(0.,0.,1.));
#4121 = PCURVE('',#317,#4122);
#4122 = DEFINITIONAL_REPRESENTATION('',(#4123),#4127);
#4123 = LINE('',#4124,#4125);
#4124 = CARTESIAN_POINT('',(0.,0.));
#4125 = VECTOR('',#4126,1.);
#4126 = DIRECTION('',(0.,-1.));
#4127 = ( GEOMETRIC_REPRESENTATION_CONTEXT(2) 
PARAMETRIC_REPRESENTATION_CONTEXT() REPRESENTATION_CONTEXT('2D SPACE',''
  ) );
#4128 = PCURVE('',#289,#4129);
#4129 = DEFINITIONAL_REPRESENTATION('',(#4130),#4134);
#4130 = LINE('',#4131,#4132);
#4131 = CARTESIAN_POINT('',(1.570796326795,0.));
#4132 = VECTOR('',#4133,1.);
#4133 = DIRECTION('',(0.,-1.));
#4134 = ( GEOMETRIC_REPRESENTATION_CONTEXT(2) 
PARAMETRIC_REPRESENTATION_CONTEXT() REPRESENTATION_CONTEXT('2D SPACE',''
  ) );
#4135 = ORIENTED_EDGE('',*,*,#2033,.T.);
#4136 = ORIENTED_EDGE('',*,*,#4090,.F.);
#4137 = ORIENTED_EDGE('',*,*,#301,.F.);
#4138 = ADVANCED_FACE('',(#4139),#289,.T.);
#4139 = FACE_BOUND('',#4140,.T.);
#4140 = EDGE_LOOP('',(#4141,#4142,#4143,#4144,#4165,#4198));
#4141 = ORIENTED_EDGE('',*,*,#268,.F.);
#4142 = ORIENTED_EDGE('',*,*,#4115,.T.);
#4143 = ORIENTED_EDGE('',*,*,#2005,.T.);
#4144 = ORIENTED_EDGE('',*,*,#4145,.T.);
#4145 = EDGE_CURVE('',#1979,#4146,#4148,.T.);
#4146 = VERTEX_POINT('',#4147);
#4147 = CARTESIAN_POINT('',(-21.13708067563,3.849492265664,7.19));
#4148 = SURFACE_CURVE('',#4149,(#4153,#4159),.PCURVE_S1.);
#4149 = LINE('',#4150,#4151);
#4150 = CARTESIAN_POINT('',(-21.13708067563,3.849492265664,0.));
#4151 = VECTOR('',#4152,1.);
#4152 = DIRECTION('',(0.,0.,-1.));
#4153 = PCURVE('',#289,#4154);
#4154 = DEFINITIONAL_REPRESENTATION('',(#4155),#4158);
#4155 = B_SPLINE_CURVE_WITH_KNOTS('',1,(#4156,#4157),.UNSPECIFIED.,.F.,
  .F.,(2,2),(-7.2000024,-3.269),.PIECEWISE_BEZIER_KNOTS.);
#4156 = CARTESIAN_POINT('',(1.925130590716,-7.2000024));
#4157 = CARTESIAN_POINT('',(1.925130590716,-3.269));
#4158 = ( GEOMETRIC_REPRESENTATION_CONTEXT(2) 
PARAMETRIC_REPRESENTATION_CONTEXT() REPRESENTATION_CONTEXT('2D SPACE',''
  ) );
#4159 = PCURVE('',#1994,#4160);
#4160 = DEFINITIONAL_REPRESENTATION('',(#4161),#4164);
#4161 = B_SPLINE_CURVE_WITH_KNOTS('',1,(#4162,#4163),.UNSPECIFIED.,.F.,
  .F.,(2,2),(-7.2000024,-3.269),.PIECEWISE_BEZIER_KNOTS.);
#4162 = CARTESIAN_POINT('',(13.152424865627,-19.5949976));
#4163 = CARTESIAN_POINT('',(13.152424865627,-23.526));
#4164 = ( GEOMETRIC_REPRESENTATION_CONTEXT(2) 
PARAMETRIC_REPRESENTATION_CONTEXT() REPRESENTATION_CONTEXT('2D SPACE',''
  ) );
#4165 = ORIENTED_EDGE('',*,*,#4166,.T.);
#4166 = EDGE_CURVE('',#4146,#4167,#4169,.T.);
#4167 = VERTEX_POINT('',#4168);
#4168 = CARTESIAN_POINT('',(-21.93074853804,2.383014197166,7.19));
#4169 = SURFACE_CURVE('',#4170,(#4175,#4182),.PCURVE_S1.);
#4170 = CIRCLE('',#4171,4.);
#4171 = AXIS2_PLACEMENT_3D('',#4172,#4173,#4174);
#4172 = CARTESIAN_POINT('',(-24.97449526034,4.978318782462,7.19));
#4173 = DIRECTION('',(0.,0.,-1.));
#4174 = DIRECTION('',(-6.818785785709E-02,0.997672499391,0.));
#4175 = PCURVE('',#289,#4176);
#4176 = DEFINITIONAL_REPRESENTATION('',(#4177),#4181);
#4177 = LINE('',#4178,#4179);
#4178 = CARTESIAN_POINT('',(0.,-7.19));
#4179 = VECTOR('',#4180,1.);
#4180 = DIRECTION('',(1.,0.));
#4181 = ( GEOMETRIC_REPRESENTATION_CONTEXT(2) 
PARAMETRIC_REPRESENTATION_CONTEXT() REPRESENTATION_CONTEXT('2D SPACE',''
  ) );
#4182 = PCURVE('',#4183,#4188);
#4183 = PLANE('',#4184);
#4184 = AXIS2_PLACEMENT_3D('',#4185,#4186,#4187);
#4185 = CARTESIAN_POINT('',(-21.29417640555,-3.982702036923,7.19));
#4186 = DIRECTION('',(0.,0.,1.));
#4187 = DIRECTION('',(-2.939866475228E-02,-0.999567765842,0.));
#4188 = DEFINITIONAL_REPRESENTATION('',(#4189),#4197);
#4189 = ( BOUNDED_CURVE() B_SPLINE_CURVE(2,(#4190,#4191,#4192,#4193,
#4194,#4195,#4196),.UNSPECIFIED.,.T.,.F.) B_SPLINE_CURVE_WITH_KNOTS((1,2
    ,2,2,2,1),(-2.094395102393,0.,2.094395102393,4.188790204786,
6.28318530718,8.377580409573),.UNSPECIFIED.) CURVE() 
GEOMETRIC_REPRESENTATION_ITEM() RATIONAL_B_SPLINE_CURVE((1.,0.5,1.,0.5,
1.,0.5,1.)) REPRESENTATION_ITEM('') );
#4190 = CARTESIAN_POINT('',(-12.82989765704,-4.332124638497));
#4191 = CARTESIAN_POINT('',(-13.50531865729,2.563077060686));
#4192 = CARTESIAN_POINT('',(-7.19618832146,-0.299592044438));
#4193 = CARTESIAN_POINT('',(-0.887057985624,-3.162261149562));
#4194 = CARTESIAN_POINT('',(-6.520767321209,-7.194793743621));
#4195 = CARTESIAN_POINT('',(-12.15447665679,-11.22732633768));
#4196 = CARTESIAN_POINT('',(-12.82989765704,-4.332124638497));
#4197 = ( GEOMETRIC_REPRESENTATION_CONTEXT(2) 
PARAMETRIC_REPRESENTATION_CONTEXT() REPRESENTATION_CONTEXT('2D SPACE',''
  ) );
#4198 = ORIENTED_EDGE('',*,*,#4199,.F.);
#4199 = EDGE_CURVE('',#241,#4167,#4200,.T.);
#4200 = SURFACE_CURVE('',#4201,(#4205,#4212),.PCURVE_S1.);
#4201 = LINE('',#4202,#4203);
#4202 = CARTESIAN_POINT('',(-21.93074853804,2.383014197166,0.));
#4203 = VECTOR('',#4204,1.);
#4204 = DIRECTION('',(0.,0.,1.));
#4205 = PCURVE('',#289,#4206);
#4206 = DEFINITIONAL_REPRESENTATION('',(#4207),#4211);
#4207 = LINE('',#4208,#4209);
#4208 = CARTESIAN_POINT('',(2.345077913546,0.));
#4209 = VECTOR('',#4210,1.);
#4210 = DIRECTION('',(0.,-1.));
#4211 = ( GEOMETRIC_REPRESENTATION_CONTEXT(2) 
PARAMETRIC_REPRESENTATION_CONTEXT() REPRESENTATION_CONTEXT('2D SPACE',''
  ) );
#4212 = PCURVE('',#256,#4213);
#4213 = DEFINITIONAL_REPRESENTATION('',(#4214),#4218);
#4214 = LINE('',#4215,#4216);
#4215 = CARTESIAN_POINT('',(41.081512184935,0.));
#4216 = VECTOR('',#4217,1.);
#4217 = DIRECTION('',(0.,-1.));
#4218 = ( GEOMETRIC_REPRESENTATION_CONTEXT(2) 
PARAMETRIC_REPRESENTATION_CONTEXT() REPRESENTATION_CONTEXT('2D SPACE',''
  ) );
#4219 = ADVANCED_FACE('',(#4220),#256,.F.);
#4220 = FACE_BOUND('',#4221,.F.);
#4221 = EDGE_LOOP('',(#4222,#4223,#4246,#4265));
#4222 = ORIENTED_EDGE('',*,*,#240,.F.);
#4223 = ORIENTED_EDGE('',*,*,#4224,.T.);
#4224 = EDGE_CURVE('',#208,#4225,#4227,.T.);
#4225 = VERTEX_POINT('',#4226);
#4226 = CARTESIAN_POINT('',(-48.58550777416,-28.87741531788,7.19));
#4227 = SURFACE_CURVE('',#4228,(#4232,#4239),.PCURVE_S1.);
#4228 = LINE('',#4229,#4230);
#4229 = CARTESIAN_POINT('',(-48.58550777416,-28.87741531788,0.));
#4230 = VECTOR('',#4231,1.);
#4231 = DIRECTION('',(0.,0.,1.));
#4232 = PCURVE('',#256,#4233);
#4233 = DEFINITIONAL_REPRESENTATION('',(#4234),#4238);
#4234 = LINE('',#4235,#4236);
#4235 = CARTESIAN_POINT('',(-2.703390153784E-15,0.));
#4236 = VECTOR('',#4237,1.);
#4237 = DIRECTION('',(0.,-1.));
#4238 = ( GEOMETRIC_REPRESENTATION_CONTEXT(2) 
PARAMETRIC_REPRESENTATION_CONTEXT() REPRESENTATION_CONTEXT('2D SPACE',''
  ) );
#4239 = PCURVE('',#228,#4240);
#4240 = DEFINITIONAL_REPRESENTATION('',(#4241),#4245);
#4241 = LINE('',#4242,#4243);
#4242 = CARTESIAN_POINT('',(1.570796326795,0.));
#4243 = VECTOR('',#4244,1.);
#4244 = DIRECTION('',(0.,-1.));
#4245 = ( GEOMETRIC_REPRESENTATION_CONTEXT(2) 
PARAMETRIC_REPRESENTATION_CONTEXT() REPRESENTATION_CONTEXT('2D SPACE',''
  ) );
#4246 = ORIENTED_EDGE('',*,*,#4247,.T.);
#4247 = EDGE_CURVE('',#4225,#4167,#4248,.T.);
#4248 = SURFACE_CURVE('',#4249,(#4253,#4259),.PCURVE_S1.);
#4249 = LINE('',#4250,#4251);
#4250 = CARTESIAN_POINT('',(-36.69556431189,-14.93301100915,7.19));
#4251 = VECTOR('',#4252,1.);
#4252 = DIRECTION('',(0.648826146324,0.760936680576,-0.));
#4253 = PCURVE('',#256,#4254);
#4254 = DEFINITIONAL_REPRESENTATION('',(#4255),#4258);
#4255 = B_SPLINE_CURVE_WITH_KNOTS('',1,(#4256,#4257),.UNSPECIFIED.,.F.,
  .F.,(2,2),(-18.32531492393,22.756197261004),.PIECEWISE_BEZIER_KNOTS.);
#4256 = CARTESIAN_POINT('',(-3.552713678801E-15,-7.19));
#4257 = CARTESIAN_POINT('',(41.081512184935,-7.19));
#4258 = ( GEOMETRIC_REPRESENTATION_CONTEXT(2) 
PARAMETRIC_REPRESENTATION_CONTEXT() REPRESENTATION_CONTEXT('2D SPACE',''
  ) );
#4259 = PCURVE('',#4183,#4260);
#4260 = DEFINITIONAL_REPRESENTATION('',(#4261),#4264);
#4261 = B_SPLINE_CURVE_WITH_KNOTS('',1,(#4262,#4263),.UNSPECIFIED.,.F.,
  .F.,(2,2),(-18.32531492393,22.756197261004),.PIECEWISE_BEZIER_KNOTS.);
#4262 = CARTESIAN_POINT('',(25.686281637082,-26.54766379313));
#4263 = CARTESIAN_POINT('',(-6.344250383379,-0.823440541749));
#4264 = ( GEOMETRIC_REPRESENTATION_CONTEXT(2) 
PARAMETRIC_REPRESENTATION_CONTEXT() REPRESENTATION_CONTEXT('2D SPACE',''
  ) );
#4265 = ORIENTED_EDGE('',*,*,#4199,.F.);
#4266 = ADVANCED_FACE('',(#4267),#228,.T.);
#4267 = FACE_BOUND('',#4268,.T.);
#4268 = EDGE_LOOP('',(#4269,#4270,#4271,#4299,#4320,#4348));
#4269 = ORIENTED_EDGE('',*,*,#207,.F.);
#4270 = ORIENTED_EDGE('',*,*,#4224,.T.);
#4271 = ORIENTED_EDGE('',*,*,#4272,.T.);
#4272 = EDGE_CURVE('',#4225,#4273,#4275,.T.);
#4273 = VERTEX_POINT('',#4274);
#4274 = CARTESIAN_POINT('',(-50.55052446458,-30.1339079129,7.19));
#4275 = SURFACE_CURVE('',#4276,(#4281,#4288),.PCURVE_S1.);
#4276 = CIRCLE('',#4277,4.);
#4277 = AXIS2_PLACEMENT_3D('',#4278,#4279,#4280);
#4278 = CARTESIAN_POINT('',(-51.62925449646,-26.28211073258,7.19));
#4279 = DIRECTION('',(0.,0.,-1.));
#4280 = DIRECTION('',(0.648826146324,0.760936680576,0.));
#4281 = PCURVE('',#228,#4282);
#4282 = DEFINITIONAL_REPRESENTATION('',(#4283),#4287);
#4283 = LINE('',#4284,#4285);
#4284 = CARTESIAN_POINT('',(0.,-7.19));
#4285 = VECTOR('',#4286,1.);
#4286 = DIRECTION('',(1.,0.));
#4287 = ( GEOMETRIC_REPRESENTATION_CONTEXT(2) 
PARAMETRIC_REPRESENTATION_CONTEXT() REPRESENTATION_CONTEXT('2D SPACE',''
  ) );
#4288 = PCURVE('',#4183,#4289);
#4289 = DEFINITIONAL_REPRESENTATION('',(#4290),#4298);
#4290 = ( BOUNDED_CURVE() B_SPLINE_CURVE(2,(#4291,#4292,#4293,#4294,
#4295,#4296,#4297),.UNSPECIFIED.,.T.,.F.) B_SPLINE_CURVE_WITH_KNOTS((1,2
    ,2,2,2,1),(-2.094395102393,0.,2.094395102393,4.188790204786,
6.28318530718,8.377580409573),.UNSPECIFIED.) CURVE() 
GEOMETRIC_REPRESENTATION_ITEM() RATIONAL_B_SPLINE_CURVE((1.,0.5,1.,0.5,
1.,0.5,1.)) REPRESENTATION_ITEM('') );
#4291 = CARTESIAN_POINT('',(20.06285132012,-27.16169267704));
#4292 = CARTESIAN_POINT('',(24.401120218896,-21.75989455402));
#4293 = CARTESIAN_POINT('',(26.910080170163,-28.21784469032));
#4294 = CARTESIAN_POINT('',(29.41904012143,-34.67579482662));
#4295 = CARTESIAN_POINT('',(22.571811271387,-33.61964281334));
#4296 = CARTESIAN_POINT('',(15.724582421345,-32.56349080007));
#4297 = CARTESIAN_POINT('',(20.06285132012,-27.16169267704));
#4298 = ( GEOMETRIC_REPRESENTATION_CONTEXT(2) 
PARAMETRIC_REPRESENTATION_CONTEXT() REPRESENTATION_CONTEXT('2D SPACE',''
  ) );
#4299 = ORIENTED_EDGE('',*,*,#4300,.F.);
#4300 = EDGE_CURVE('',#4301,#4273,#4303,.T.);
#4301 = VERTEX_POINT('',#4302);
#4302 = CARTESIAN_POINT('',(-50.55052446458,-30.1339079129,7.2));
#4303 = SURFACE_CURVE('',#4304,(#4308,#4314),.PCURVE_S1.);
#4304 = LINE('',#4305,#4306);
#4305 = CARTESIAN_POINT('',(-50.55052446458,-30.1339079129,0.));
#4306 = VECTOR('',#4307,1.);
#4307 = DIRECTION('',(0.,0.,-1.));
#4308 = PCURVE('',#228,#4309);
#4309 = DEFINITIONAL_REPRESENTATION('',(#4310),#4313);
#4310 = B_SPLINE_CURVE_WITH_KNOTS('',1,(#4311,#4312),.UNSPECIFIED.,.F.,
  .F.,(2,2),(-7.2000024,-3.269),.PIECEWISE_BEZIER_KNOTS.);
#4311 = CARTESIAN_POINT('',(2.162488568127,-7.2000024));
#4312 = CARTESIAN_POINT('',(2.162488568127,-3.269));
#4313 = ( GEOMETRIC_REPRESENTATION_CONTEXT(2) 
PARAMETRIC_REPRESENTATION_CONTEXT() REPRESENTATION_CONTEXT('2D SPACE',''
  ) );
#4314 = PCURVE('',#1866,#4315);
#4315 = DEFINITIONAL_REPRESENTATION('',(#4316),#4319);
#4316 = B_SPLINE_CURVE_WITH_KNOTS('',1,(#4317,#4318),.UNSPECIFIED.,.F.,
  .F.,(2,2),(-7.2000024,-3.269),.PIECEWISE_BEZIER_KNOTS.);
#4317 = CARTESIAN_POINT('',(1.000239999999E-02,-28.47489193165));
#4318 = CARTESIAN_POINT('',(-3.921,-28.47489193165));
#4319 = ( GEOMETRIC_REPRESENTATION_CONTEXT(2) 
PARAMETRIC_REPRESENTATION_CONTEXT() REPRESENTATION_CONTEXT('2D SPACE',''
  ) );
#4320 = ORIENTED_EDGE('',*,*,#4321,.T.);
#4321 = EDGE_CURVE('',#4301,#4322,#4324,.T.);
#4322 = VERTEX_POINT('',#4323);
#4323 = CARTESIAN_POINT('',(-51.35974827735,-30.27302120488,7.2));
#4324 = SURFACE_CURVE('',#4325,(#4330,#4337),.PCURVE_S1.);
#4325 = CIRCLE('',#4326,4.);
#4326 = AXIS2_PLACEMENT_3D('',#4327,#4328,#4329);
#4327 = CARTESIAN_POINT('',(-51.62925449646,-26.28211073258,7.2));
#4328 = DIRECTION('',(0.,0.,-1.));
#4329 = DIRECTION('',(0.648826146324,0.760936680576,0.));
#4330 = PCURVE('',#228,#4331);
#4331 = DEFINITIONAL_REPRESENTATION('',(#4332),#4336);
#4332 = LINE('',#4333,#4334);
#4333 = CARTESIAN_POINT('',(0.,-7.2));
#4334 = VECTOR('',#4335,1.);
#4335 = DIRECTION('',(1.,0.));
#4336 = ( GEOMETRIC_REPRESENTATION_CONTEXT(2) 
PARAMETRIC_REPRESENTATION_CONTEXT() REPRESENTATION_CONTEXT('2D SPACE',''
  ) );
#4337 = PCURVE('',#1892,#4338);
#4338 = DEFINITIONAL_REPRESENTATION('',(#4339),#4347);
#4339 = ( BOUNDED_CURVE() B_SPLINE_CURVE(2,(#4340,#4341,#4342,#4343,
#4344,#4345,#4346),.UNSPECIFIED.,.T.,.F.) B_SPLINE_CURVE_WITH_KNOTS((1,2
    ,2,2,2,1),(-2.094395102393,0.,2.094395102393,4.188790204786,
6.28318530718,8.377580409573),.UNSPECIFIED.) CURVE() 
GEOMETRIC_REPRESENTATION_ITEM() RATIONAL_B_SPLINE_CURVE((1.,0.5,1.,0.5,
1.,0.5,1.)) REPRESENTATION_ITEM('') );
#4340 = CARTESIAN_POINT('',(0.34766827516,-37.55040799708));
#4341 = CARTESIAN_POINT('',(5.619592243563,-42.04560739993));
#4342 = CARTESIAN_POINT('',(-0.909326618584,-44.36362778197));
#4343 = CARTESIAN_POINT('',(-7.43824548073,-46.681648164));
#4344 = CARTESIAN_POINT('',(-6.181250586986,-39.86842837912));
#4345 = CARTESIAN_POINT('',(-4.924255693242,-33.05520859423));
#4346 = CARTESIAN_POINT('',(0.34766827516,-37.55040799708));
#4347 = ( GEOMETRIC_REPRESENTATION_CONTEXT(2) 
PARAMETRIC_REPRESENTATION_CONTEXT() REPRESENTATION_CONTEXT('2D SPACE',''
  ) );
#4348 = ORIENTED_EDGE('',*,*,#4349,.F.);
#4349 = EDGE_CURVE('',#180,#4322,#4350,.T.);
#4350 = SURFACE_CURVE('',#4351,(#4355,#4362),.PCURVE_S1.);
#4351 = LINE('',#4352,#4353);
#4352 = CARTESIAN_POINT('',(-51.35974827735,-30.27302120488,0.));
#4353 = VECTOR('',#4354,1.);
#4354 = DIRECTION('',(0.,0.,1.));
#4355 = PCURVE('',#228,#4356);
#4356 = DEFINITIONAL_REPRESENTATION('',(#4357),#4361);
#4357 = LINE('',#4358,#4359);
#4358 = CARTESIAN_POINT('',(2.368124240122,0.));
#4359 = VECTOR('',#4360,1.);
#4360 = DIRECTION('',(0.,-1.));
#4361 = ( GEOMETRIC_REPRESENTATION_CONTEXT(2) 
PARAMETRIC_REPRESENTATION_CONTEXT() REPRESENTATION_CONTEXT('2D SPACE',''
  ) );
#4362 = PCURVE('',#195,#4363);
#4363 = DEFINITIONAL_REPRESENTATION('',(#4364),#4368);
#4364 = LINE('',#4365,#4366);
#4365 = CARTESIAN_POINT('',(15.086890449643,0.));
#4366 = VECTOR('',#4367,1.);
#4367 = DIRECTION('',(0.,-1.));
#4368 = ( GEOMETRIC_REPRESENTATION_CONTEXT(2) 
PARAMETRIC_REPRESENTATION_CONTEXT() REPRESENTATION_CONTEXT('2D SPACE',''
  ) );
#4369 = ADVANCED_FACE('',(#4370),#195,.F.);
#4370 = FACE_BOUND('',#4371,.F.);
#4371 = EDGE_LOOP('',(#4372,#4373,#4374,#4395));
#4372 = ORIENTED_EDGE('',*,*,#179,.F.);
#4373 = ORIENTED_EDGE('',*,*,#1903,.F.);
#4374 = ORIENTED_EDGE('',*,*,#4375,.T.);
#4375 = EDGE_CURVE('',#1878,#4322,#4376,.T.);
#4376 = SURFACE_CURVE('',#4377,(#4381,#4388),.PCURVE_S1.);
#4377 = LINE('',#4378,#4379);
#4378 = CARTESIAN_POINT('',(-67.8484,-31.3865,7.2));
#4379 = VECTOR('',#4380,1.);
#4380 = DIRECTION('',(0.997727618073,6.737655477943E-02,0.));
#4381 = PCURVE('',#195,#4382);
#4382 = DEFINITIONAL_REPRESENTATION('',(#4383),#4387);
#4383 = LINE('',#4384,#4385);
#4384 = CARTESIAN_POINT('',(-1.439315123869,-7.2));
#4385 = VECTOR('',#4386,1.);
#4386 = DIRECTION('',(1.,0.));
#4387 = ( GEOMETRIC_REPRESENTATION_CONTEXT(2) 
PARAMETRIC_REPRESENTATION_CONTEXT() REPRESENTATION_CONTEXT('2D SPACE',''
  ) );
#4388 = PCURVE('',#1892,#4389);
#4389 = DEFINITIONAL_REPRESENTATION('',(#4390),#4394);
#4390 = LINE('',#4391,#4392);
#4391 = CARTESIAN_POINT('',(-18.46678181366,-45.6985439868));
#4392 = VECTOR('',#4393,1.);
#4393 = DIRECTION('',(0.997727618073,6.737655477943E-02));
#4394 = ( GEOMETRIC_REPRESENTATION_CONTEXT(2) 
PARAMETRIC_REPRESENTATION_CONTEXT() REPRESENTATION_CONTEXT('2D SPACE',''
  ) );
#4395 = ORIENTED_EDGE('',*,*,#4349,.F.);
#4396 = ADVANCED_FACE('',(#4397),#1472,.T.);
#4397 = FACE_BOUND('',#4398,.T.);
#4398 = EDGE_LOOP('',(#4399,#4400,#4423,#4451));
#4399 = ORIENTED_EDGE('',*,*,#1455,.T.);
#4400 = ORIENTED_EDGE('',*,*,#4401,.T.);
#4401 = EDGE_CURVE('',#1458,#4402,#4404,.T.);
#4402 = VERTEX_POINT('',#4403);
#4403 = CARTESIAN_POINT('',(-52.69034025783,27.418178598411,3.));
#4404 = SURFACE_CURVE('',#4405,(#4409,#4416),.PCURVE_S1.);
#4405 = LINE('',#4406,#4407);
#4406 = CARTESIAN_POINT('',(-52.69034025783,27.418178598411,-2.E-02));
#4407 = VECTOR('',#4408,1.);
#4408 = DIRECTION('',(0.,0.,1.));
#4409 = PCURVE('',#1472,#4410);
#4410 = DEFINITIONAL_REPRESENTATION('',(#4411),#4415);
#4411 = LINE('',#4412,#4413);
#4412 = CARTESIAN_POINT('',(0.,0.));
#4413 = VECTOR('',#4414,1.);
#4414 = DIRECTION('',(0.,-1.));
#4415 = ( GEOMETRIC_REPRESENTATION_CONTEXT(2) 
PARAMETRIC_REPRESENTATION_CONTEXT() REPRESENTATION_CONTEXT('2D SPACE',''
  ) );
#4416 = PCURVE('',#1504,#4417);
#4417 = DEFINITIONAL_REPRESENTATION('',(#4418),#4422);
#4418 = LINE('',#4419,#4420);
#4419 = CARTESIAN_POINT('',(-5.664410977056,0.));
#4420 = VECTOR('',#4421,1.);
#4421 = DIRECTION('',(-0.,-1.));
#4422 = ( GEOMETRIC_REPRESENTATION_CONTEXT(2) 
PARAMETRIC_REPRESENTATION_CONTEXT() REPRESENTATION_CONTEXT('2D SPACE',''
  ) );
#4423 = ORIENTED_EDGE('',*,*,#4424,.T.);
#4424 = EDGE_CURVE('',#4402,#4425,#4427,.T.);
#4425 = VERTEX_POINT('',#4426);
#4426 = CARTESIAN_POINT('',(-51.78793130923,28.6854996176,3.));
#4427 = SURFACE_CURVE('',#4428,(#4432,#4439),.PCURVE_S1.);
#4428 = LINE('',#4429,#4430);
#4429 = CARTESIAN_POINT('',(-52.69034025783,27.418178598411,3.));
#4430 = VECTOR('',#4431,1.);
#4431 = DIRECTION('',(0.580037178045,0.814590002447,0.));
#4432 = PCURVE('',#1472,#4433);
#4433 = DEFINITIONAL_REPRESENTATION('',(#4434),#4438);
#4434 = LINE('',#4435,#4436);
#4435 = CARTESIAN_POINT('',(0.,-3.02));
#4436 = VECTOR('',#4437,1.);
#4437 = DIRECTION('',(1.,0.));
#4438 = ( GEOMETRIC_REPRESENTATION_CONTEXT(2) 
PARAMETRIC_REPRESENTATION_CONTEXT() REPRESENTATION_CONTEXT('2D SPACE',''
  ) );
#4439 = PCURVE('',#4440,#4445);
#4440 = PLANE('',#4441);
#4441 = AXIS2_PLACEMENT_3D('',#4442,#4443,#4444);
#4442 = CARTESIAN_POINT('',(-54.97119226468,29.042282696936,3.));
#4443 = DIRECTION('',(0.,0.,1.));
#4444 = DIRECTION('',(1.,0.,-0.));
#4445 = DEFINITIONAL_REPRESENTATION('',(#4446),#4450);
#4446 = LINE('',#4447,#4448);
#4447 = CARTESIAN_POINT('',(2.280852006851,-1.624104098525));
#4448 = VECTOR('',#4449,1.);
#4449 = DIRECTION('',(0.580037178045,0.814590002447));
#4450 = ( GEOMETRIC_REPRESENTATION_CONTEXT(2) 
PARAMETRIC_REPRESENTATION_CONTEXT() REPRESENTATION_CONTEXT('2D SPACE',''
  ) );
#4451 = ORIENTED_EDGE('',*,*,#4452,.F.);
#4452 = EDGE_CURVE('',#1456,#4425,#4453,.T.);
#4453 = SURFACE_CURVE('',#4454,(#4458,#4465),.PCURVE_S1.);
#4454 = LINE('',#4455,#4456);
#4455 = CARTESIAN_POINT('',(-51.78793130923,28.6854996176,-2.E-02));
#4456 = VECTOR('',#4457,1.);
#4457 = DIRECTION('',(0.,0.,1.));
#4458 = PCURVE('',#1472,#4459);
#4459 = DEFINITIONAL_REPRESENTATION('',(#4460),#4464);
#4460 = LINE('',#4461,#4462);
#4461 = CARTESIAN_POINT('',(1.555777772109,0.));
#4462 = VECTOR('',#4463,1.);
#4463 = DIRECTION('',(0.,-1.));
#4464 = ( GEOMETRIC_REPRESENTATION_CONTEXT(2) 
PARAMETRIC_REPRESENTATION_CONTEXT() REPRESENTATION_CONTEXT('2D SPACE',''
  ) );
#4465 = PCURVE('',#1555,#4466);
#4466 = DEFINITIONAL_REPRESENTATION('',(#4467),#4471);
#4467 = LINE('',#4468,#4469);
#4468 = CARTESIAN_POINT('',(1.642270214074E-16,0.));
#4469 = VECTOR('',#4470,1.);
#4470 = DIRECTION('',(0.,-1.));
#4471 = ( GEOMETRIC_REPRESENTATION_CONTEXT(2) 
PARAMETRIC_REPRESENTATION_CONTEXT() REPRESENTATION_CONTEXT('2D SPACE',''
  ) );
#4472 = ADVANCED_FACE('',(#4473),#1555,.T.);
#4473 = FACE_BOUND('',#4474,.T.);
#4474 = EDGE_LOOP('',(#4475,#4476,#4477,#4500));
#4475 = ORIENTED_EDGE('',*,*,#1542,.T.);
#4476 = ORIENTED_EDGE('',*,*,#4452,.T.);
#4477 = ORIENTED_EDGE('',*,*,#4478,.T.);
#4478 = EDGE_CURVE('',#4425,#4479,#4481,.T.);
#4479 = VERTEX_POINT('',#4480);
#4480 = CARTESIAN_POINT('',(-52.07976714697,30.420725755188,3.));
#4481 = SURFACE_CURVE('',#4482,(#4486,#4493),.PCURVE_S1.);
#4482 = LINE('',#4483,#4484);
#4483 = CARTESIAN_POINT('',(-51.9338492281,29.553112686394,3.));
#4484 = VECTOR('',#4485,1.);
#4485 = DIRECTION('',(-0.165853892681,0.986150336552,0.));
#4486 = PCURVE('',#1555,#4487);
#4487 = DEFINITIONAL_REPRESENTATION('',(#4488),#4492);
#4488 = LINE('',#4489,#4490);
#4489 = CARTESIAN_POINT('',(0.879797974645,-3.02));
#4490 = VECTOR('',#4491,1.);
#4491 = DIRECTION('',(1.,0.));
#4492 = ( GEOMETRIC_REPRESENTATION_CONTEXT(2) 
PARAMETRIC_REPRESENTATION_CONTEXT() REPRESENTATION_CONTEXT('2D SPACE',''
  ) );
#4493 = PCURVE('',#4440,#4494);
#4494 = DEFINITIONAL_REPRESENTATION('',(#4495),#4499);
#4495 = LINE('',#4496,#4497);
#4496 = CARTESIAN_POINT('',(3.037343036582,0.510829989458));
#4497 = VECTOR('',#4498,1.);
#4498 = DIRECTION('',(-0.165853892681,0.986150336552));
#4499 = ( GEOMETRIC_REPRESENTATION_CONTEXT(2) 
PARAMETRIC_REPRESENTATION_CONTEXT() REPRESENTATION_CONTEXT('2D SPACE',''
  ) );
#4500 = ORIENTED_EDGE('',*,*,#4501,.F.);
#4501 = EDGE_CURVE('',#1517,#4479,#4502,.T.);
#4502 = SURFACE_CURVE('',#4503,(#4507,#4514),.PCURVE_S1.);
#4503 = LINE('',#4504,#4505);
#4504 = CARTESIAN_POINT('',(-52.07976714697,30.420725755188,-2.E-02));
#4505 = VECTOR('',#4506,1.);
#4506 = DIRECTION('',(0.,0.,1.));
#4507 = PCURVE('',#1555,#4508);
#4508 = DEFINITIONAL_REPRESENTATION('',(#4509),#4513);
#4509 = LINE('',#4510,#4511);
#4510 = CARTESIAN_POINT('',(1.759595949289,0.));
#4511 = VECTOR('',#4512,1.);
#4512 = DIRECTION('',(0.,-1.));
#4513 = ( GEOMETRIC_REPRESENTATION_CONTEXT(2) 
PARAMETRIC_REPRESENTATION_CONTEXT() REPRESENTATION_CONTEXT('2D SPACE',''
  ) );
#4514 = PCURVE('',#1531,#4515);
#4515 = DEFINITIONAL_REPRESENTATION('',(#4516),#4520);
#4516 = LINE('',#4517,#4518);
#4517 = CARTESIAN_POINT('',(0.,0.));
#4518 = VECTOR('',#4519,1.);
#4519 = DIRECTION('',(0.,-1.));
#4520 = ( GEOMETRIC_REPRESENTATION_CONTEXT(2) 
PARAMETRIC_REPRESENTATION_CONTEXT() REPRESENTATION_CONTEXT('2D SPACE',''
  ) );
#4521 = ADVANCED_FACE('',(#4522),#1504,.F.);
#4522 = FACE_BOUND('',#4523,.T.);
#4523 = EDGE_LOOP('',(#4524,#4525,#4548,#4570));
#4524 = ORIENTED_EDGE('',*,*,#1483,.T.);
#4525 = ORIENTED_EDGE('',*,*,#4526,.T.);
#4526 = EDGE_CURVE('',#1484,#4527,#4529,.T.);
#4527 = VERTEX_POINT('',#4528);
#4528 = CARTESIAN_POINT('',(-53.34708816616,31.323134703787,3.));
#4529 = SURFACE_CURVE('',#4530,(#4534,#4541),.PCURVE_S1.);
#4530 = LINE('',#4531,#4532);
#4531 = CARTESIAN_POINT('',(-53.34708816616,31.323134703787,-2.E-02));
#4532 = VECTOR('',#4533,1.);
#4533 = DIRECTION('',(0.,0.,1.));
#4534 = PCURVE('',#1504,#4535);
#4535 = DEFINITIONAL_REPRESENTATION('',(#4536),#4540);
#4536 = LINE('',#4537,#4538);
#4537 = CARTESIAN_POINT('',(-0.952021996672,0.));
#4538 = VECTOR('',#4539,1.);
#4539 = DIRECTION('',(-0.,-1.));
#4540 = ( GEOMETRIC_REPRESENTATION_CONTEXT(2) 
PARAMETRIC_REPRESENTATION_CONTEXT() REPRESENTATION_CONTEXT('2D SPACE',''
  ) );
#4541 = PCURVE('',#1531,#4542);
#4542 = DEFINITIONAL_REPRESENTATION('',(#4543),#4547);
#4543 = LINE('',#4544,#4545);
#4544 = CARTESIAN_POINT('',(1.555777772109,0.));
#4545 = VECTOR('',#4546,1.);
#4546 = DIRECTION('',(0.,-1.));
#4547 = ( GEOMETRIC_REPRESENTATION_CONTEXT(2) 
PARAMETRIC_REPRESENTATION_CONTEXT() REPRESENTATION_CONTEXT('2D SPACE',''
  ) );
#4548 = ORIENTED_EDGE('',*,*,#4549,.T.);
#4549 = EDGE_CURVE('',#4527,#4402,#4550,.T.);
#4550 = SURFACE_CURVE('',#4551,(#4556,#4563),.PCURVE_S1.);
#4551 = CIRCLE('',#4552,2.8);
#4552 = AXIS2_PLACEMENT_3D('',#4553,#4554,#4555);
#4553 = CARTESIAN_POINT('',(-54.97119226468,29.042282696936,3.));
#4554 = DIRECTION('',(0.,0.,1.));
#4555 = DIRECTION('',(1.,0.,-0.));
#4556 = PCURVE('',#1504,#4557);
#4557 = DEFINITIONAL_REPRESENTATION('',(#4558),#4562);
#4558 = LINE('',#4559,#4560);
#4559 = CARTESIAN_POINT('',(-0.,-3.02));
#4560 = VECTOR('',#4561,1.);
#4561 = DIRECTION('',(-1.,0.));
#4562 = ( GEOMETRIC_REPRESENTATION_CONTEXT(2) 
PARAMETRIC_REPRESENTATION_CONTEXT() REPRESENTATION_CONTEXT('2D SPACE',''
  ) );
#4563 = PCURVE('',#4440,#4564);
#4564 = DEFINITIONAL_REPRESENTATION('',(#4565),#4569);
#4565 = CIRCLE('',#4566,2.8);
#4566 = AXIS2_PLACEMENT_2D('',#4567,#4568);
#4567 = CARTESIAN_POINT('',(1.831393034651E-16,-1.29885370033E-16));
#4568 = DIRECTION('',(1.,0.));
#4569 = ( GEOMETRIC_REPRESENTATION_CONTEXT(2) 
PARAMETRIC_REPRESENTATION_CONTEXT() REPRESENTATION_CONTEXT('2D SPACE',''
  ) );
#4570 = ORIENTED_EDGE('',*,*,#4401,.F.);
#4571 = ADVANCED_FACE('',(#4572),#1531,.T.);
#4572 = FACE_BOUND('',#4573,.T.);
#4573 = EDGE_LOOP('',(#4574,#4575,#4576,#4597));
#4574 = ORIENTED_EDGE('',*,*,#1516,.T.);
#4575 = ORIENTED_EDGE('',*,*,#4501,.T.);
#4576 = ORIENTED_EDGE('',*,*,#4577,.T.);
#4577 = EDGE_CURVE('',#4479,#4527,#4578,.T.);
#4578 = SURFACE_CURVE('',#4579,(#4583,#4590),.PCURVE_S1.);
#4579 = LINE('',#4580,#4581);
#4580 = CARTESIAN_POINT('',(-51.06623615931,29.699030605262,3.));
#4581 = VECTOR('',#4582,1.);
#4582 = DIRECTION('',(-0.814590002447,0.580037178045,0.));
#4583 = PCURVE('',#1531,#4584);
#4584 = DEFINITIONAL_REPRESENTATION('',(#4585),#4589);
#4585 = LINE('',#4586,#4587);
#4586 = CARTESIAN_POINT('',(-1.244222227891,-3.02));
#4587 = VECTOR('',#4588,1.);
#4588 = DIRECTION('',(1.,0.));
#4589 = ( GEOMETRIC_REPRESENTATION_CONTEXT(2) 
PARAMETRIC_REPRESENTATION_CONTEXT() REPRESENTATION_CONTEXT('2D SPACE',''
  ) );
#4590 = PCURVE('',#4440,#4591);
#4591 = DEFINITIONAL_REPRESENTATION('',(#4592),#4596);
#4592 = LINE('',#4593,#4594);
#4593 = CARTESIAN_POINT('',(3.904956105376,0.656747908326));
#4594 = VECTOR('',#4595,1.);
#4595 = DIRECTION('',(-0.814590002447,0.580037178045));
#4596 = ( GEOMETRIC_REPRESENTATION_CONTEXT(2) 
PARAMETRIC_REPRESENTATION_CONTEXT() REPRESENTATION_CONTEXT('2D SPACE',''
  ) );
#4597 = ORIENTED_EDGE('',*,*,#4526,.F.);
#4598 = ADVANCED_FACE('',(#4599),#1585,.T.);
#4599 = FACE_BOUND('',#4600,.T.);
#4600 = EDGE_LOOP('',(#4601,#4624,#4625,#4648));
#4601 = ORIENTED_EDGE('',*,*,#4602,.F.);
#4602 = EDGE_CURVE('',#1569,#4603,#4605,.T.);
#4603 = VERTEX_POINT('',#4604);
#4604 = CARTESIAN_POINT('',(-29.82341436134,40.124707069217,3.));
#4605 = SURFACE_CURVE('',#4606,(#4610,#4617),.PCURVE_S1.);
#4606 = LINE('',#4607,#4608);
#4607 = CARTESIAN_POINT('',(-29.82341436134,40.124707069217,-0.5));
#4608 = VECTOR('',#4609,1.);
#4609 = DIRECTION('',(0.,0.,1.));
#4610 = PCURVE('',#1585,#4611);
#4611 = DEFINITIONAL_REPRESENTATION('',(#4612),#4616);
#4612 = LINE('',#4613,#4614);
#4613 = CARTESIAN_POINT('',(6.181438469541,0.));
#4614 = VECTOR('',#4615,1.);
#4615 = DIRECTION('',(0.,-1.));
#4616 = ( GEOMETRIC_REPRESENTATION_CONTEXT(2) 
PARAMETRIC_REPRESENTATION_CONTEXT() REPRESENTATION_CONTEXT('2D SPACE',''
  ) );
#4617 = PCURVE('',#1668,#4618);
#4618 = DEFINITIONAL_REPRESENTATION('',(#4619),#4623);
#4619 = LINE('',#4620,#4621);
#4620 = CARTESIAN_POINT('',(0.,0.));
#4621 = VECTOR('',#4622,1.);
#4622 = DIRECTION('',(0.,-1.));
#4623 = ( GEOMETRIC_REPRESENTATION_CONTEXT(2) 
PARAMETRIC_REPRESENTATION_CONTEXT() REPRESENTATION_CONTEXT('2D SPACE',''
  ) );
#4624 = ORIENTED_EDGE('',*,*,#1568,.T.);
#4625 = ORIENTED_EDGE('',*,*,#4626,.T.);
#4626 = EDGE_CURVE('',#1571,#4627,#4629,.T.);
#4627 = VERTEX_POINT('',#4628);
#4628 = CARTESIAN_POINT('',(-33.40887848747,35.08936909119,3.));
#4629 = SURFACE_CURVE('',#4630,(#4634,#4641),.PCURVE_S1.);
#4630 = LINE('',#4631,#4632);
#4631 = CARTESIAN_POINT('',(-33.40887848747,35.08936909119,-0.5));
#4632 = VECTOR('',#4633,1.);
#4633 = DIRECTION('',(0.,0.,1.));
#4634 = PCURVE('',#1585,#4635);
#4635 = DEFINITIONAL_REPRESENTATION('',(#4636),#4640);
#4636 = LINE('',#4637,#4638);
#4637 = CARTESIAN_POINT('',(0.,0.));
#4638 = VECTOR('',#4639,1.);
#4639 = DIRECTION('',(0.,-1.));
#4640 = ( GEOMETRIC_REPRESENTATION_CONTEXT(2) 
PARAMETRIC_REPRESENTATION_CONTEXT() REPRESENTATION_CONTEXT('2D SPACE',''
  ) );
#4641 = PCURVE('',#1617,#4642);
#4642 = DEFINITIONAL_REPRESENTATION('',(#4643),#4647);
#4643 = LINE('',#4644,#4645);
#4644 = CARTESIAN_POINT('',(-5.664410977056,0.));
#4645 = VECTOR('',#4646,1.);
#4646 = DIRECTION('',(-0.,-1.));
#4647 = ( GEOMETRIC_REPRESENTATION_CONTEXT(2) 
PARAMETRIC_REPRESENTATION_CONTEXT() REPRESENTATION_CONTEXT('2D SPACE',''
  ) );
#4648 = ORIENTED_EDGE('',*,*,#4649,.T.);
#4649 = EDGE_CURVE('',#4627,#4603,#4650,.T.);
#4650 = SURFACE_CURVE('',#4651,(#4655,#4661),.PCURVE_S1.);
#4651 = LINE('',#4652,#4653);
#4652 = CARTESIAN_POINT('',(-33.40887848747,35.08936909119,3.));
#4653 = VECTOR('',#4654,1.);
#4654 = DIRECTION('',(0.580037178045,0.814590002447,-0.));
#4655 = PCURVE('',#1585,#4656);
#4656 = DEFINITIONAL_REPRESENTATION('',(#4657),#4660);
#4657 = B_SPLINE_CURVE_WITH_KNOTS('',1,(#4658,#4659),.UNSPECIFIED.,.F.,
  .F.,(2,2),(0.,6.181438469541),.PIECEWISE_BEZIER_KNOTS.);
#4658 = CARTESIAN_POINT('',(0.,-3.5));
#4659 = CARTESIAN_POINT('',(6.181438469541,-3.5));
#4660 = ( GEOMETRIC_REPRESENTATION_CONTEXT(2) 
PARAMETRIC_REPRESENTATION_CONTEXT() REPRESENTATION_CONTEXT('2D SPACE',''
  ) );
#4661 = PCURVE('',#4662,#4667);
#4662 = PLANE('',#4663);
#4663 = AXIS2_PLACEMENT_3D('',#4664,#4665,#4666);
#4664 = CARTESIAN_POINT('',(-42.47119226468,41.542282696936,3.));
#4665 = DIRECTION('',(0.,0.,1.));
#4666 = DIRECTION('',(1.,0.,-0.));
#4667 = DEFINITIONAL_REPRESENTATION('',(#4668),#4671);
#4668 = B_SPLINE_CURVE_WITH_KNOTS('',1,(#4669,#4670),.UNSPECIFIED.,.F.,
  .F.,(2,2),(0.,6.181438469541),.PIECEWISE_BEZIER_KNOTS.);
#4669 = CARTESIAN_POINT('',(9.062313777219,-6.452913605747));
#4670 = CARTESIAN_POINT('',(12.647777903348,-1.41757562772));
#4671 = ( GEOMETRIC_REPRESENTATION_CONTEXT(2) 
PARAMETRIC_REPRESENTATION_CONTEXT() REPRESENTATION_CONTEXT('2D SPACE',''
  ) );
#4672 = ADVANCED_FACE('',(#4673),#1668,.T.);
#4673 = FACE_BOUND('',#4674,.T.);
#4674 = EDGE_LOOP('',(#4675,#4698,#4699,#4700));
#4675 = ORIENTED_EDGE('',*,*,#4676,.F.);
#4676 = EDGE_CURVE('',#1630,#4677,#4679,.T.);
#4677 = VERTEX_POINT('',#4678);
#4678 = CARTESIAN_POINT('',(-30.98294068091,47.019132348026,3.));
#4679 = SURFACE_CURVE('',#4680,(#4684,#4691),.PCURVE_S1.);
#4680 = LINE('',#4681,#4682);
#4681 = CARTESIAN_POINT('',(-30.98294068091,47.019132348026,-0.5));
#4682 = VECTOR('',#4683,1.);
#4683 = DIRECTION('',(0.,0.,1.));
#4684 = PCURVE('',#1668,#4685);
#4685 = DEFINITIONAL_REPRESENTATION('',(#4686),#4690);
#4686 = LINE('',#4687,#4688);
#4687 = CARTESIAN_POINT('',(6.991251762801,0.));
#4688 = VECTOR('',#4689,1.);
#4689 = DIRECTION('',(0.,-1.));
#4690 = ( GEOMETRIC_REPRESENTATION_CONTEXT(2) 
PARAMETRIC_REPRESENTATION_CONTEXT() REPRESENTATION_CONTEXT('2D SPACE',''
  ) );
#4691 = PCURVE('',#1644,#4692);
#4692 = DEFINITIONAL_REPRESENTATION('',(#4693),#4697);
#4693 = LINE('',#4694,#4695);
#4694 = CARTESIAN_POINT('',(0.,0.));
#4695 = VECTOR('',#4696,1.);
#4696 = DIRECTION('',(0.,-1.));
#4697 = ( GEOMETRIC_REPRESENTATION_CONTEXT(2) 
PARAMETRIC_REPRESENTATION_CONTEXT() REPRESENTATION_CONTEXT('2D SPACE',''
  ) );
#4698 = ORIENTED_EDGE('',*,*,#1655,.T.);
#4699 = ORIENTED_EDGE('',*,*,#4602,.T.);
#4700 = ORIENTED_EDGE('',*,*,#4701,.T.);
#4701 = EDGE_CURVE('',#4603,#4677,#4702,.T.);
#4702 = SURFACE_CURVE('',#4703,(#4707,#4713),.PCURVE_S1.);
#4703 = LINE('',#4704,#4705);
#4704 = CARTESIAN_POINT('',(-30.11329594123,41.848313388919,3.));
#4705 = VECTOR('',#4706,1.);
#4706 = DIRECTION('',(-0.165853892681,0.986150336552,0.));
#4707 = PCURVE('',#1668,#4708);
#4708 = DEFINITIONAL_REPRESENTATION('',(#4709),#4712);
#4709 = B_SPLINE_CURVE_WITH_KNOTS('',1,(#4710,#4711),.UNSPECIFIED.,.F.,
  .F.,(2,2),(-1.7478129407,5.243438822101),.PIECEWISE_BEZIER_KNOTS.);
#4710 = CARTESIAN_POINT('',(0.,-3.5));
#4711 = CARTESIAN_POINT('',(6.991251762801,-3.5));
#4712 = ( GEOMETRIC_REPRESENTATION_CONTEXT(2) 
PARAMETRIC_REPRESENTATION_CONTEXT() REPRESENTATION_CONTEXT('2D SPACE',''
  ) );
#4713 = PCURVE('',#4662,#4714);
#4714 = DEFINITIONAL_REPRESENTATION('',(#4715),#4718);
#4715 = B_SPLINE_CURVE_WITH_KNOTS('',1,(#4716,#4717),.UNSPECIFIED.,.F.,
  .F.,(2,2),(-1.7478129407,5.243438822101),.PIECEWISE_BEZIER_KNOTS.);
#4716 = CARTESIAN_POINT('',(12.647777903348,-1.41757562772));
#4717 = CARTESIAN_POINT('',(11.488251583773,5.47684965109));
#4718 = ( GEOMETRIC_REPRESENTATION_CONTEXT(2) 
PARAMETRIC_REPRESENTATION_CONTEXT() REPRESENTATION_CONTEXT('2D SPACE',''
  ) );
#4719 = ADVANCED_FACE('',(#4720),#1617,.F.);
#4720 = FACE_BOUND('',#4721,.T.);
#4721 = EDGE_LOOP('',(#4722,#4723,#4724,#4747));
#4722 = ORIENTED_EDGE('',*,*,#4626,.F.);
#4723 = ORIENTED_EDGE('',*,*,#1596,.T.);
#4724 = ORIENTED_EDGE('',*,*,#4725,.T.);
#4725 = EDGE_CURVE('',#1597,#4726,#4728,.T.);
#4726 = VERTEX_POINT('',#4727);
#4727 = CARTESIAN_POINT('',(-36.01827865894,50.604596474155,3.));
#4728 = SURFACE_CURVE('',#4729,(#4733,#4740),.PCURVE_S1.);
#4729 = LINE('',#4730,#4731);
#4730 = CARTESIAN_POINT('',(-36.01827865894,50.604596474155,-0.5));
#4731 = VECTOR('',#4732,1.);
#4732 = DIRECTION('',(0.,0.,1.));
#4733 = PCURVE('',#1617,#4734);
#4734 = DEFINITIONAL_REPRESENTATION('',(#4735),#4739);
#4735 = LINE('',#4736,#4737);
#4736 = CARTESIAN_POINT('',(-0.952021996672,0.));
#4737 = VECTOR('',#4738,1.);
#4738 = DIRECTION('',(-0.,-1.));
#4739 = ( GEOMETRIC_REPRESENTATION_CONTEXT(2) 
PARAMETRIC_REPRESENTATION_CONTEXT() REPRESENTATION_CONTEXT('2D SPACE',''
  ) );
#4740 = PCURVE('',#1644,#4741);
#4741 = DEFINITIONAL_REPRESENTATION('',(#4742),#4746);
#4742 = LINE('',#4743,#4744);
#4743 = CARTESIAN_POINT('',(6.181438469541,0.));
#4744 = VECTOR('',#4745,1.);
#4745 = DIRECTION('',(0.,-1.));
#4746 = ( GEOMETRIC_REPRESENTATION_CONTEXT(2) 
PARAMETRIC_REPRESENTATION_CONTEXT() REPRESENTATION_CONTEXT('2D SPACE',''
  ) );
#4747 = ORIENTED_EDGE('',*,*,#4748,.F.);
#4748 = EDGE_CURVE('',#4627,#4726,#4749,.T.);
#4749 = SURFACE_CURVE('',#4750,(#4755,#4762),.PCURVE_S1.);
#4750 = CIRCLE('',#4751,11.125);
#4751 = AXIS2_PLACEMENT_3D('',#4752,#4753,#4754);
#4752 = CARTESIAN_POINT('',(-42.47119226468,41.542282696936,3.));
#4753 = DIRECTION('',(0.,-0.,-1.));
#4754 = DIRECTION('',(1.,0.,-0.));
#4755 = PCURVE('',#1617,#4756);
#4756 = DEFINITIONAL_REPRESENTATION('',(#4757),#4761);
#4757 = LINE('',#4758,#4759);
#4758 = CARTESIAN_POINT('',(-6.28318530718,-3.5));
#4759 = VECTOR('',#4760,1.);
#4760 = DIRECTION('',(1.,-0.));
#4761 = ( GEOMETRIC_REPRESENTATION_CONTEXT(2) 
PARAMETRIC_REPRESENTATION_CONTEXT() REPRESENTATION_CONTEXT('2D SPACE',''
  ) );
#4762 = PCURVE('',#4662,#4763);
#4763 = DEFINITIONAL_REPRESENTATION('',(#4764),#4772);
#4764 = ( BOUNDED_CURVE() B_SPLINE_CURVE(2,(#4765,#4766,#4767,#4768,
#4769,#4770,#4771),.UNSPECIFIED.,.T.,.F.) B_SPLINE_CURVE_WITH_KNOTS((1,2
    ,2,2,2,1),(-2.094395102393,0.,2.094395102393,4.188790204786,
6.28318530718,8.377580409573),.UNSPECIFIED.) CURVE() 
GEOMETRIC_REPRESENTATION_ITEM() RATIONAL_B_SPLINE_CURVE((1.,0.5,1.,0.5,
1.,0.5,1.)) REPRESENTATION_ITEM('') );
#4765 = CARTESIAN_POINT('',(11.125,0.));
#4766 = CARTESIAN_POINT('',(11.125,-19.2690652342));
#4767 = CARTESIAN_POINT('',(-5.5625,-9.634532617102));
#4768 = CARTESIAN_POINT('',(-22.25,-2.724839128103E-15));
#4769 = CARTESIAN_POINT('',(-5.5625,9.634532617102));
#4770 = CARTESIAN_POINT('',(11.125,19.269065234204));
#4771 = CARTESIAN_POINT('',(11.125,0.));
#4772 = ( GEOMETRIC_REPRESENTATION_CONTEXT(2) 
PARAMETRIC_REPRESENTATION_CONTEXT() REPRESENTATION_CONTEXT('2D SPACE',''
  ) );
#4773 = ADVANCED_FACE('',(#4774),#1644,.T.);
#4774 = FACE_BOUND('',#4775,.T.);
#4775 = EDGE_LOOP('',(#4776,#4777,#4778,#4779));
#4776 = ORIENTED_EDGE('',*,*,#4725,.F.);
#4777 = ORIENTED_EDGE('',*,*,#1629,.T.);
#4778 = ORIENTED_EDGE('',*,*,#4676,.T.);
#4779 = ORIENTED_EDGE('',*,*,#4780,.T.);
#4780 = EDGE_CURVE('',#4677,#4726,#4781,.T.);
#4781 = SURFACE_CURVE('',#4782,(#4786,#4792),.PCURVE_S1.);
#4782 = LINE('',#4783,#4784);
#4783 = CARTESIAN_POINT('',(-33.50060966992,48.81186441109,3.));
#4784 = VECTOR('',#4785,1.);
#4785 = DIRECTION('',(-0.814590002447,0.580037178045,0.));
#4786 = PCURVE('',#1644,#4787);
#4787 = DEFINITIONAL_REPRESENTATION('',(#4788),#4791);
#4788 = B_SPLINE_CURVE_WITH_KNOTS('',1,(#4789,#4790),.UNSPECIFIED.,.F.,
  .F.,(2,2),(-3.09071923477,3.09071923477),.PIECEWISE_BEZIER_KNOTS.);
#4789 = CARTESIAN_POINT('',(0.,-3.5));
#4790 = CARTESIAN_POINT('',(6.181438469541,-3.5));
#4791 = ( GEOMETRIC_REPRESENTATION_CONTEXT(2) 
PARAMETRIC_REPRESENTATION_CONTEXT() REPRESENTATION_CONTEXT('2D SPACE',''
  ) );
#4792 = PCURVE('',#4662,#4793);
#4793 = DEFINITIONAL_REPRESENTATION('',(#4794),#4797);
#4794 = B_SPLINE_CURVE_WITH_KNOTS('',1,(#4795,#4796),.UNSPECIFIED.,.F.,
  .F.,(2,2),(-3.09071923477,3.09071923477),.PIECEWISE_BEZIER_KNOTS.);
#4795 = CARTESIAN_POINT('',(11.488251583773,5.47684965109));
#4796 = CARTESIAN_POINT('',(6.452913605747,9.062313777219));
#4797 = ( GEOMETRIC_REPRESENTATION_CONTEXT(2) 
PARAMETRIC_REPRESENTATION_CONTEXT() REPRESENTATION_CONTEXT('2D SPACE',''
  ) );
#4798 = ADVANCED_FACE('',(#4799),#1892,.T.);
#4799 = FACE_BOUND('',#4800,.T.);
#4800 = EDGE_LOOP('',(#4801,#4802,#4821,#4822));
#4801 = ORIENTED_EDGE('',*,*,#4321,.F.);
#4802 = ORIENTED_EDGE('',*,*,#4803,.T.);
#4803 = EDGE_CURVE('',#4301,#1852,#4804,.T.);
#4804 = SURFACE_CURVE('',#4805,(#4809,#4815),.PCURVE_S1.);
#4805 = LINE('',#4806,#4807);
#4806 = CARTESIAN_POINT('',(-36.38832783213,-30.55043762222,7.2));
#4807 = VECTOR('',#4808,1.);
#4808 = DIRECTION('',(-0.999567765842,2.939866475228E-02,0.));
#4809 = PCURVE('',#1892,#4810);
#4810 = DEFINITIONAL_REPRESENTATION('',(#4811),#4814);
#4811 = B_SPLINE_CURVE_WITH_KNOTS('',1,(#4812,#4813),.UNSPECIFIED.,.F.,
  .F.,(2,2),(13.296139699884,34.055002611758),.PIECEWISE_BEZIER_KNOTS.);
#4812 = CARTESIAN_POINT('',(-0.297102299945,-44.47159285549));
#4813 = CARTESIAN_POINT('',(-21.04699252219,-43.86131000411));
#4814 = ( GEOMETRIC_REPRESENTATION_CONTEXT(2) 
PARAMETRIC_REPRESENTATION_CONTEXT() REPRESENTATION_CONTEXT('2D SPACE',''
  ) );
#4815 = PCURVE('',#1866,#4816);
#4816 = DEFINITIONAL_REPRESENTATION('',(#4817),#4820);
#4817 = B_SPLINE_CURVE_WITH_KNOTS('',1,(#4818,#4819),.UNSPECIFIED.,.F.,
  .F.,(2,2),(13.296139699884,34.055002611758),.PIECEWISE_BEZIER_KNOTS.);
#4818 = CARTESIAN_POINT('',(9.999999999995E-03,-27.60271096694));
#4819 = CARTESIAN_POINT('',(9.999999999995E-03,-48.36157387881));
#4820 = ( GEOMETRIC_REPRESENTATION_CONTEXT(2) 
PARAMETRIC_REPRESENTATION_CONTEXT() REPRESENTATION_CONTEXT('2D SPACE',''
  ) );
#4821 = ORIENTED_EDGE('',*,*,#1877,.F.);
#4822 = ORIENTED_EDGE('',*,*,#4375,.T.);
#4823 = ADVANCED_FACE('',(#4824),#1866,.F.);
#4824 = FACE_BOUND('',#4825,.F.);
#4825 = EDGE_LOOP('',(#4826,#4855,#4876,#4877,#4878,#4879));
#4826 = ORIENTED_EDGE('',*,*,#4827,.F.);
#4827 = EDGE_CURVE('',#4828,#4830,#4832,.T.);
#4828 = VERTEX_POINT('',#4829);
#4829 = CARTESIAN_POINT('',(-49.67872048627,-30.15954886869,7.19));
#4830 = VERTEX_POINT('',#4831);
#4831 = CARTESIAN_POINT('',(-49.67872048627,-30.15954886869,46.4));
#4832 = SURFACE_CURVE('',#4833,(#4837,#4843),.PCURVE_S1.);
#4833 = LINE('',#4834,#4835);
#4834 = CARTESIAN_POINT('',(-49.67872048627,-30.15954886869,3.595));
#4835 = VECTOR('',#4836,1.);
#4836 = DIRECTION('',(0.,0.,1.));
#4837 = PCURVE('',#1866,#4838);
#4838 = DEFINITIONAL_REPRESENTATION('',(#4839),#4842);
#4839 = B_SPLINE_CURVE_WITH_KNOTS('',1,(#4840,#4841),.UNSPECIFIED.,.F.,
  .F.,(2,2),(3.595,42.805),.PIECEWISE_BEZIER_KNOTS.);
#4840 = CARTESIAN_POINT('',(0.,-27.60271096694));
#4841 = CARTESIAN_POINT('',(39.21,-27.60271096694));
#4842 = ( GEOMETRIC_REPRESENTATION_CONTEXT(2) 
PARAMETRIC_REPRESENTATION_CONTEXT() REPRESENTATION_CONTEXT('2D SPACE',''
  ) );
#4843 = PCURVE('',#4844,#4849);
#4844 = PLANE('',#4845);
#4845 = AXIS2_PLACEMENT_3D('',#4846,#4847,#4848);
#4846 = CARTESIAN_POINT('',(-20.87259801014,3.623976426556,7.19));
#4847 = DIRECTION('',(-0.760936670482,0.648826158162,0.));
#4848 = DIRECTION('',(0.,0.,1.));
#4849 = DEFINITIONAL_REPRESENTATION('',(#4850),#4854);
#4850 = LINE('',#4851,#4852);
#4851 = CARTESIAN_POINT('',(-3.595,-44.39728903305));
#4852 = VECTOR('',#4853,1.);
#4853 = DIRECTION('',(1.,0.));
#4854 = ( GEOMETRIC_REPRESENTATION_CONTEXT(2) 
PARAMETRIC_REPRESENTATION_CONTEXT() REPRESENTATION_CONTEXT('2D SPACE',''
  ) );
#4855 = ORIENTED_EDGE('',*,*,#4856,.T.);
#4856 = EDGE_CURVE('',#4828,#4273,#4857,.T.);
#4857 = SURFACE_CURVE('',#4858,(#4862,#4869),.PCURVE_S1.);
#4858 = LINE('',#4859,#4860);
#4859 = CARTESIAN_POINT('',(-22.08794035386,-30.97103171466,7.19));
#4860 = VECTOR('',#4861,1.);
#4861 = DIRECTION('',(-0.999567765842,2.939866475228E-02,0.));
#4862 = PCURVE('',#1866,#4863);
#4863 = DEFINITIONAL_REPRESENTATION('',(#4864),#4868);
#4864 = LINE('',#4865,#4866);
#4865 = CARTESIAN_POINT('',(0.,0.));
#4866 = VECTOR('',#4867,1.);
#4867 = DIRECTION('',(0.,-1.));
#4868 = ( GEOMETRIC_REPRESENTATION_CONTEXT(2) 
PARAMETRIC_REPRESENTATION_CONTEXT() REPRESENTATION_CONTEXT('2D SPACE',''
  ) );
#4869 = PCURVE('',#4183,#4870);
#4870 = DEFINITIONAL_REPRESENTATION('',(#4871),#4875);
#4871 = LINE('',#4872,#4873);
#4872 = CARTESIAN_POINT('',(27.,3.441691376338E-15));
#4873 = VECTOR('',#4874,1.);
#4874 = DIRECTION('',(-3.858025010572E-15,-1.));
#4875 = ( GEOMETRIC_REPRESENTATION_CONTEXT(2) 
PARAMETRIC_REPRESENTATION_CONTEXT() REPRESENTATION_CONTEXT('2D SPACE',''
  ) );
#4876 = ORIENTED_EDGE('',*,*,#4300,.F.);
#4877 = ORIENTED_EDGE('',*,*,#4803,.T.);
#4878 = ORIENTED_EDGE('',*,*,#1851,.F.);
#4879 = ORIENTED_EDGE('',*,*,#4880,.F.);
#4880 = EDGE_CURVE('',#4830,#1826,#4881,.T.);
#4881 = SURFACE_CURVE('',#4882,(#4886,#4893),.PCURVE_S1.);
#4882 = LINE('',#4883,#4884);
#4883 = CARTESIAN_POINT('',(-22.08794035386,-30.97103171466,46.4));
#4884 = VECTOR('',#4885,1.);
#4885 = DIRECTION('',(-0.999567765842,2.939866475228E-02,0.));
#4886 = PCURVE('',#1866,#4887);
#4887 = DEFINITIONAL_REPRESENTATION('',(#4888),#4892);
#4888 = LINE('',#4889,#4890);
#4889 = CARTESIAN_POINT('',(39.21,0.));
#4890 = VECTOR('',#4891,1.);
#4891 = DIRECTION('',(0.,-1.));
#4892 = ( GEOMETRIC_REPRESENTATION_CONTEXT(2) 
PARAMETRIC_REPRESENTATION_CONTEXT() REPRESENTATION_CONTEXT('2D SPACE',''
  ) );
#4893 = PCURVE('',#1840,#4894);
#4894 = DEFINITIONAL_REPRESENTATION('',(#4895),#4899);
#4895 = LINE('',#4896,#4897);
#4896 = CARTESIAN_POINT('',(27.,3.441691376338E-15));
#4897 = VECTOR('',#4898,1.);
#4898 = DIRECTION('',(-3.858025010572E-15,-1.));
#4899 = ( GEOMETRIC_REPRESENTATION_CONTEXT(2) 
PARAMETRIC_REPRESENTATION_CONTEXT() REPRESENTATION_CONTEXT('2D SPACE',''
  ) );
#4900 = ADVANCED_FACE('',(#4901),#1840,.T.);
#4901 = FACE_BOUND('',#4902,.T.);
#4902 = EDGE_LOOP('',(#4903,#4904,#4927,#4950,#4978,#4999));
#4903 = ORIENTED_EDGE('',*,*,#4880,.F.);
#4904 = ORIENTED_EDGE('',*,*,#4905,.F.);
#4905 = EDGE_CURVE('',#4906,#4830,#4908,.T.);
#4906 = VERTEX_POINT('',#4907);
#4907 = CARTESIAN_POINT('',(-20.87259801014,3.623976426556,46.4));
#4908 = SURFACE_CURVE('',#4909,(#4913,#4920),.PCURVE_S1.);
#4909 = LINE('',#4910,#4911);
#4910 = CARTESIAN_POINT('',(-20.87259801014,3.623976426556,46.4));
#4911 = VECTOR('',#4912,1.);
#4912 = DIRECTION('',(-0.648826158162,-0.760936670482,0.));
#4913 = PCURVE('',#1840,#4914);
#4914 = DEFINITIONAL_REPRESENTATION('',(#4915),#4919);
#4915 = LINE('',#4916,#4917);
#4916 = CARTESIAN_POINT('',(-7.615784439133,0.197769984799));
#4917 = VECTOR('',#4918,1.);
#4918 = DIRECTION('',(0.779682390368,-0.626175191261));
#4919 = ( GEOMETRIC_REPRESENTATION_CONTEXT(2) 
PARAMETRIC_REPRESENTATION_CONTEXT() REPRESENTATION_CONTEXT('2D SPACE',''
  ) );
#4920 = PCURVE('',#4844,#4921);
#4921 = DEFINITIONAL_REPRESENTATION('',(#4922),#4926);
#4922 = LINE('',#4923,#4924);
#4923 = CARTESIAN_POINT('',(39.21,0.));
#4924 = VECTOR('',#4925,1.);
#4925 = DIRECTION('',(0.,-1.));
#4926 = ( GEOMETRIC_REPRESENTATION_CONTEXT(2) 
PARAMETRIC_REPRESENTATION_CONTEXT() REPRESENTATION_CONTEXT('2D SPACE',''
  ) );
#4927 = ORIENTED_EDGE('',*,*,#4928,.F.);
#4928 = EDGE_CURVE('',#4929,#4906,#4931,.T.);
#4929 = VERTEX_POINT('',#4930);
#4930 = CARTESIAN_POINT('',(-41.41788811316,21.142282696936,46.4));
#4931 = SURFACE_CURVE('',#4932,(#4936,#4943),.PCURVE_S1.);
#4932 = LINE('',#4933,#4934);
#4933 = CARTESIAN_POINT('',(-31.14524306165,12.383129561746,46.4));
#4934 = VECTOR('',#4935,1.);
#4935 = DIRECTION('',(0.760936670482,-0.648826158162,0.));
#4936 = PCURVE('',#1840,#4937);
#4937 = DEFINITIONAL_REPRESENTATION('',(#4938),#4942);
#4938 = LINE('',#4939,#4940);
#4939 = CARTESIAN_POINT('',(-16.06914952115,-10.32794228516));
#4940 = VECTOR('',#4941,1.);
#4941 = DIRECTION('',(0.626175191261,0.779682390368));
#4942 = ( GEOMETRIC_REPRESENTATION_CONTEXT(2) 
PARAMETRIC_REPRESENTATION_CONTEXT() REPRESENTATION_CONTEXT('2D SPACE',''
  ) );
#4943 = PCURVE('',#1994,#4944);
#4944 = DEFINITIONAL_REPRESENTATION('',(#4945),#4949);
#4945 = LINE('',#4946,#4947);
#4946 = CARTESIAN_POINT('',(0.,19.605));
#4947 = VECTOR('',#4948,1.);
#4948 = DIRECTION('',(1.,0.));
#4949 = ( GEOMETRIC_REPRESENTATION_CONTEXT(2) 
PARAMETRIC_REPRESENTATION_CONTEXT() REPRESENTATION_CONTEXT('2D SPACE',''
  ) );
#4950 = ORIENTED_EDGE('',*,*,#4951,.T.);
#4951 = EDGE_CURVE('',#4929,#4952,#4954,.T.);
#4952 = VERTEX_POINT('',#4953);
#4953 = CARTESIAN_POINT('',(-61.82472188935,-2.790642869327,46.4));
#4954 = SURFACE_CURVE('',#4955,(#4959,#4966),.PCURVE_S1.);
#4955 = LINE('',#4956,#4957);
#4956 = CARTESIAN_POINT('',(-41.41788811316,21.142282696936,46.4));
#4957 = VECTOR('',#4958,1.);
#4958 = DIRECTION('',(-0.648826158162,-0.760936670482,0.));
#4959 = PCURVE('',#1840,#4960);
#4960 = DEFINITIONAL_REPRESENTATION('',(#4961),#4965);
#4961 = LINE('',#4962,#4963);
#4962 = CARTESIAN_POINT('',(-24.52251460317,-20.85365455512));
#4963 = VECTOR('',#4964,1.);
#4964 = DIRECTION('',(0.779682390368,-0.626175191261));
#4965 = ( GEOMETRIC_REPRESENTATION_CONTEXT(2) 
PARAMETRIC_REPRESENTATION_CONTEXT() REPRESENTATION_CONTEXT('2D SPACE',''
  ) );
#4966 = PCURVE('',#4967,#4972);
#4967 = PLANE('',#4968);
#4968 = AXIS2_PLACEMENT_3D('',#4969,#4970,#4971);
#4969 = CARTESIAN_POINT('',(-41.41788811316,21.142282696936,45.2));
#4970 = DIRECTION('',(-0.760936670482,0.648826158162,0.));
#4971 = DIRECTION('',(0.,0.,1.));
#4972 = DEFINITIONAL_REPRESENTATION('',(#4973),#4977);
#4973 = LINE('',#4974,#4975);
#4974 = CARTESIAN_POINT('',(1.2,0.));
#4975 = VECTOR('',#4976,1.);
#4976 = DIRECTION('',(0.,-1.));
#4977 = ( GEOMETRIC_REPRESENTATION_CONTEXT(2) 
PARAMETRIC_REPRESENTATION_CONTEXT() REPRESENTATION_CONTEXT('2D SPACE',''
  ) );
#4978 = ORIENTED_EDGE('',*,*,#4979,.T.);
#4979 = EDGE_CURVE('',#4952,#1800,#4980,.T.);
#4980 = SURFACE_CURVE('',#4981,(#4985,#4992),.PCURVE_S1.);
#4981 = LINE('',#4982,#4983);
#4982 = CARTESIAN_POINT('',(-21.29417640555,-3.982702036923,46.4));
#4983 = VECTOR('',#4984,1.);
#4984 = DIRECTION('',(-0.999567765842,2.939866475228E-02,0.));
#4985 = PCURVE('',#1840,#4986);
#4986 = DEFINITIONAL_REPRESENTATION('',(#4987),#4991);
#4987 = LINE('',#4988,#4989);
#4988 = CARTESIAN_POINT('',(0.,0.));
#4989 = VECTOR('',#4990,1.);
#4990 = DIRECTION('',(-3.858025010572E-15,-1.));
#4991 = ( GEOMETRIC_REPRESENTATION_CONTEXT(2) 
PARAMETRIC_REPRESENTATION_CONTEXT() REPRESENTATION_CONTEXT('2D SPACE',''
  ) );
#4992 = PCURVE('',#1814,#4993);
#4993 = DEFINITIONAL_REPRESENTATION('',(#4994),#4998);
#4994 = LINE('',#4995,#4996);
#4995 = CARTESIAN_POINT('',(1.2,0.));
#4996 = VECTOR('',#4997,1.);
#4997 = DIRECTION('',(0.,-1.));
#4998 = ( GEOMETRIC_REPRESENTATION_CONTEXT(2) 
PARAMETRIC_REPRESENTATION_CONTEXT() REPRESENTATION_CONTEXT('2D SPACE',''
  ) );
#4999 = ORIENTED_EDGE('',*,*,#1825,.F.);
#5000 = ADVANCED_FACE('',(#5001),#1814,.T.);
#5001 = FACE_BOUND('',#5002,.T.);
#5002 = EDGE_LOOP('',(#5003,#5025,#5046,#5047));
#5003 = ORIENTED_EDGE('',*,*,#5004,.F.);
#5004 = EDGE_CURVE('',#5005,#4952,#5007,.T.);
#5005 = VERTEX_POINT('',#5006);
#5006 = CARTESIAN_POINT('',(-61.82472188935,-2.790642869327,45.2));
#5007 = SURFACE_CURVE('',#5008,(#5012,#5018),.PCURVE_S1.);
#5008 = LINE('',#5009,#5010);
#5009 = CARTESIAN_POINT('',(-61.82472188935,-2.790642869327,22.6));
#5010 = VECTOR('',#5011,1.);
#5011 = DIRECTION('',(0.,0.,1.));
#5012 = PCURVE('',#1814,#5013);
#5013 = DEFINITIONAL_REPRESENTATION('',(#5014),#5017);
#5014 = B_SPLINE_CURVE_WITH_KNOTS('',1,(#5015,#5016),.UNSPECIFIED.,.F.,
  .F.,(2,2),(22.6,23.8),.PIECEWISE_BEZIER_KNOTS.);
#5015 = CARTESIAN_POINT('',(0.,-40.54807174544));
#5016 = CARTESIAN_POINT('',(1.2,-40.54807174544));
#5017 = ( GEOMETRIC_REPRESENTATION_CONTEXT(2) 
PARAMETRIC_REPRESENTATION_CONTEXT() REPRESENTATION_CONTEXT('2D SPACE',''
  ) );
#5018 = PCURVE('',#4967,#5019);
#5019 = DEFINITIONAL_REPRESENTATION('',(#5020),#5024);
#5020 = LINE('',#5021,#5022);
#5021 = CARTESIAN_POINT('',(-22.6,-31.45192825455));
#5022 = VECTOR('',#5023,1.);
#5023 = DIRECTION('',(1.,0.));
#5024 = ( GEOMETRIC_REPRESENTATION_CONTEXT(2) 
PARAMETRIC_REPRESENTATION_CONTEXT() REPRESENTATION_CONTEXT('2D SPACE',''
  ) );
#5025 = ORIENTED_EDGE('',*,*,#5026,.T.);
#5026 = EDGE_CURVE('',#5005,#1774,#5027,.T.);
#5027 = SURFACE_CURVE('',#5028,(#5032,#5039),.PCURVE_S1.);
#5028 = LINE('',#5029,#5030);
#5029 = CARTESIAN_POINT('',(-21.29417640555,-3.982702036923,45.2));
#5030 = VECTOR('',#5031,1.);
#5031 = DIRECTION('',(-0.999567765842,2.939866475228E-02,0.));
#5032 = PCURVE('',#1814,#5033);
#5033 = DEFINITIONAL_REPRESENTATION('',(#5034),#5038);
#5034 = LINE('',#5035,#5036);
#5035 = CARTESIAN_POINT('',(0.,0.));
#5036 = VECTOR('',#5037,1.);
#5037 = DIRECTION('',(0.,-1.));
#5038 = ( GEOMETRIC_REPRESENTATION_CONTEXT(2) 
PARAMETRIC_REPRESENTATION_CONTEXT() REPRESENTATION_CONTEXT('2D SPACE',''
  ) );
#5039 = PCURVE('',#1788,#5040);
#5040 = DEFINITIONAL_REPRESENTATION('',(#5041),#5045);
#5041 = LINE('',#5042,#5043);
#5042 = CARTESIAN_POINT('',(2.828427124746,-2.099015405932E-15));
#5043 = VECTOR('',#5044,1.);
#5044 = DIRECTION('',(2.730454751187E-15,-1.));
#5045 = ( GEOMETRIC_REPRESENTATION_CONTEXT(2) 
PARAMETRIC_REPRESENTATION_CONTEXT() REPRESENTATION_CONTEXT('2D SPACE',''
  ) );
#5046 = ORIENTED_EDGE('',*,*,#1799,.F.);
#5047 = ORIENTED_EDGE('',*,*,#4979,.F.);
#5048 = ADVANCED_FACE('',(#5049),#1788,.T.);
#5049 = FACE_BOUND('',#5050,.T.);
#5050 = EDGE_LOOP('',(#5051,#5078,#5099,#5100));
#5051 = ORIENTED_EDGE('',*,*,#5052,.F.);
#5052 = EDGE_CURVE('',#5053,#5005,#5055,.T.);
#5053 = VERTEX_POINT('',#5054);
#5054 = CARTESIAN_POINT('',(-60.92501808172,-4.81796923965,43.2));
#5055 = SURFACE_CURVE('',#5056,(#5060,#5066),.PCURVE_S1.);
#5056 = LINE('',#5057,#5058);
#5057 = CARTESIAN_POINT('',(-52.1717065454,-24.54203748814,
    23.74179283886));
#5058 = VECTOR('',#5059,1.);
#5059 = DIRECTION('',(-0.301251235865,0.678817372316,0.669667580171));
#5060 = PCURVE('',#1788,#5061);
#5061 = DEFINITIONAL_REPRESENTATION('',(#5062),#5065);
#5062 = B_SPLINE_CURVE_WITH_KNOTS('',1,(#5063,#5064),.UNSPECIFIED.,.F.,
  .F.,(2,2),(29.056516602115,32.043073005949),.PIECEWISE_BEZIER_KNOTS.);
#5063 = CARTESIAN_POINT('',(-3.552713678801E-15,-39.58915613222));
#5064 = CARTESIAN_POINT('',(2.828427124746,-40.54807174544));
#5065 = ( GEOMETRIC_REPRESENTATION_CONTEXT(2) 
PARAMETRIC_REPRESENTATION_CONTEXT() REPRESENTATION_CONTEXT('2D SPACE',''
  ) );
#5066 = PCURVE('',#5067,#5072);
#5067 = PLANE('',#5068);
#5068 = AXIS2_PLACEMENT_3D('',#5069,#5070,#5071);
#5069 = CARTESIAN_POINT('',(-39.89601477219,19.844630380612,43.2));
#5070 = DIRECTION('',(-0.538063479751,0.458789376248,-0.707106781187));
#5071 = DIRECTION('',(-0.538063479751,0.458789376248,0.707106781187));
#5072 = DEFINITIONAL_REPRESENTATION('',(#5073),#5077);
#5073 = LINE('',#5074,#5075);
#5074 = CARTESIAN_POINT('',(-27.51806046674,-41.74023319384));
#5075 = VECTOR('',#5076,1.);
#5076 = DIRECTION('',(0.94705297416,0.321077349147));
#5077 = ( GEOMETRIC_REPRESENTATION_CONTEXT(2) 
PARAMETRIC_REPRESENTATION_CONTEXT() REPRESENTATION_CONTEXT('2D SPACE',''
  ) );
#5078 = ORIENTED_EDGE('',*,*,#5079,.T.);
#5079 = EDGE_CURVE('',#5053,#1748,#5080,.T.);
#5080 = SURFACE_CURVE('',#5081,(#5085,#5092),.PCURVE_S1.);
#5081 = LINE('',#5082,#5083);
#5082 = CARTESIAN_POINT('',(-21.35297373505,-5.981837568607,43.2));
#5083 = VECTOR('',#5084,1.);
#5084 = DIRECTION('',(-0.999567765842,2.939866475228E-02,0.));
#5085 = PCURVE('',#1788,#5086);
#5086 = DEFINITIONAL_REPRESENTATION('',(#5087),#5091);
#5087 = LINE('',#5088,#5089);
#5088 = CARTESIAN_POINT('',(0.,0.));
#5089 = VECTOR('',#5090,1.);
#5090 = DIRECTION('',(2.730454751187E-15,-1.));
#5091 = ( GEOMETRIC_REPRESENTATION_CONTEXT(2) 
PARAMETRIC_REPRESENTATION_CONTEXT() REPRESENTATION_CONTEXT('2D SPACE',''
  ) );
#5092 = PCURVE('',#1762,#5093);
#5093 = DEFINITIONAL_REPRESENTATION('',(#5094),#5098);
#5094 = LINE('',#5095,#5096);
#5095 = CARTESIAN_POINT('',(0.,0.));
#5096 = VECTOR('',#5097,1.);
#5097 = DIRECTION('',(-3.858025010572E-15,-1.));
#5098 = ( GEOMETRIC_REPRESENTATION_CONTEXT(2) 
PARAMETRIC_REPRESENTATION_CONTEXT() REPRESENTATION_CONTEXT('2D SPACE',''
  ) );
#5099 = ORIENTED_EDGE('',*,*,#1773,.F.);
#5100 = ORIENTED_EDGE('',*,*,#5026,.F.);
#5101 = ADVANCED_FACE('',(#5102),#1762,.F.);
#5102 = FACE_BOUND('',#5103,.F.);
#5103 = EDGE_LOOP('',(#5104,#5127,#5150,#5173,#5194,#5195));
#5104 = ORIENTED_EDGE('',*,*,#5105,.F.);
#5105 = EDGE_CURVE('',#5106,#1706,#5108,.T.);
#5106 = VERTEX_POINT('',#5107);
#5107 = CARTESIAN_POINT('',(-59.57546237026,-7.858958795135,43.2));
#5108 = SURFACE_CURVE('',#5109,(#5113,#5120),.PCURVE_S1.);
#5109 = LINE('',#5110,#5111);
#5110 = CARTESIAN_POINT('',(-21.44116972931,-8.980540866134,43.2));
#5111 = VECTOR('',#5112,1.);
#5112 = DIRECTION('',(-0.999567765842,2.939866475228E-02,0.));
#5113 = PCURVE('',#1762,#5114);
#5114 = DEFINITIONAL_REPRESENTATION('',(#5115),#5119);
#5115 = LINE('',#5116,#5117);
#5116 = CARTESIAN_POINT('',(3.,-4.024558464266E-16));
#5117 = VECTOR('',#5118,1.);
#5118 = DIRECTION('',(-3.858025010572E-15,-1.));
#5119 = ( GEOMETRIC_REPRESENTATION_CONTEXT(2) 
PARAMETRIC_REPRESENTATION_CONTEXT() REPRESENTATION_CONTEXT('2D SPACE',''
  ) );
#5120 = PCURVE('',#1722,#5121);
#5121 = DEFINITIONAL_REPRESENTATION('',(#5122),#5126);
#5122 = LINE('',#5123,#5124);
#5123 = CARTESIAN_POINT('',(-3.14159265359,0.));
#5124 = VECTOR('',#5125,1.);
#5125 = DIRECTION('',(-0.,-1.));
#5126 = ( GEOMETRIC_REPRESENTATION_CONTEXT(2) 
PARAMETRIC_REPRESENTATION_CONTEXT() REPRESENTATION_CONTEXT('2D SPACE',''
  ) );
#5127 = ORIENTED_EDGE('',*,*,#5128,.F.);
#5128 = EDGE_CURVE('',#5129,#5106,#5131,.T.);
#5129 = VERTEX_POINT('',#5130);
#5130 = CARTESIAN_POINT('',(-37.61320476075,17.898151906125,43.2));
#5131 = SURFACE_CURVE('',#5132,(#5136,#5143),.PCURVE_S1.);
#5132 = LINE('',#5133,#5134);
#5133 = CARTESIAN_POINT('',(-37.61320476075,17.898151906125,43.2));
#5134 = VECTOR('',#5135,1.);
#5135 = DIRECTION('',(-0.648826158162,-0.760936670482,0.));
#5136 = PCURVE('',#1762,#5137);
#5137 = DEFINITIONAL_REPRESENTATION('',(#5138),#5142);
#5138 = LINE('',#5139,#5140);
#5139 = CARTESIAN_POINT('',(-23.39163864687,-16.95524260328));
#5140 = VECTOR('',#5141,1.);
#5141 = DIRECTION('',(0.779682390368,-0.626175191261));
#5142 = ( GEOMETRIC_REPRESENTATION_CONTEXT(2) 
PARAMETRIC_REPRESENTATION_CONTEXT() REPRESENTATION_CONTEXT('2D SPACE',''
  ) );
#5143 = PCURVE('',#1966,#5144);
#5144 = DEFINITIONAL_REPRESENTATION('',(#5145),#5149);
#5145 = LINE('',#5146,#5147);
#5146 = CARTESIAN_POINT('',(-3.14159265359,0.));
#5147 = VECTOR('',#5148,1.);
#5148 = DIRECTION('',(-0.,-1.));
#5149 = ( GEOMETRIC_REPRESENTATION_CONTEXT(2) 
PARAMETRIC_REPRESENTATION_CONTEXT() REPRESENTATION_CONTEXT('2D SPACE',''
  ) );
#5150 = ORIENTED_EDGE('',*,*,#5151,.F.);
#5151 = EDGE_CURVE('',#5152,#5129,#5154,.T.);
#5152 = VERTEX_POINT('',#5153);
#5153 = CARTESIAN_POINT('',(-39.89601477219,19.844630380612,43.2));
#5154 = SURFACE_CURVE('',#5155,(#5159,#5166),.PCURVE_S1.);
#5155 = LINE('',#5156,#5157);
#5156 = CARTESIAN_POINT('',(-47.12491314177,26.008478883153,43.2));
#5157 = VECTOR('',#5158,1.);
#5158 = DIRECTION('',(0.760936670482,-0.648826158162,0.));
#5159 = PCURVE('',#1762,#5160);
#5160 = DEFINITIONAL_REPRESENTATION('',(#5161),#5165);
#5161 = LINE('',#5162,#5163);
#5162 = CARTESIAN_POINT('',(-31.21882853763,-26.70127248288));
#5163 = VECTOR('',#5164,1.);
#5164 = DIRECTION('',(0.626175191261,0.779682390368));
#5165 = ( GEOMETRIC_REPRESENTATION_CONTEXT(2) 
PARAMETRIC_REPRESENTATION_CONTEXT() REPRESENTATION_CONTEXT('2D SPACE',''
  ) );
#5166 = PCURVE('',#1994,#5167);
#5167 = DEFINITIONAL_REPRESENTATION('',(#5168),#5172);
#5168 = LINE('',#5169,#5170);
#5169 = CARTESIAN_POINT('',(-21.,16.405));
#5170 = VECTOR('',#5171,1.);
#5171 = DIRECTION('',(1.,0.));
#5172 = ( GEOMETRIC_REPRESENTATION_CONTEXT(2) 
PARAMETRIC_REPRESENTATION_CONTEXT() REPRESENTATION_CONTEXT('2D SPACE',''
  ) );
#5173 = ORIENTED_EDGE('',*,*,#5174,.T.);
#5174 = EDGE_CURVE('',#5152,#5053,#5175,.T.);
#5175 = SURFACE_CURVE('',#5176,(#5180,#5187),.PCURVE_S1.);
#5176 = LINE('',#5177,#5178);
#5177 = CARTESIAN_POINT('',(-39.89601477219,19.844630380612,43.2));
#5178 = VECTOR('',#5179,1.);
#5179 = DIRECTION('',(-0.648826158162,-0.760936670482,0.));
#5180 = PCURVE('',#1762,#5181);
#5181 = DEFINITIONAL_REPRESENTATION('',(#5182),#5186);
#5182 = LINE('',#5183,#5184);
#5183 = CARTESIAN_POINT('',(-25.27016422065,-19.29428977439));
#5184 = VECTOR('',#5185,1.);
#5185 = DIRECTION('',(0.779682390368,-0.626175191261));
#5186 = ( GEOMETRIC_REPRESENTATION_CONTEXT(2) 
PARAMETRIC_REPRESENTATION_CONTEXT() REPRESENTATION_CONTEXT('2D SPACE',''
  ) );
#5187 = PCURVE('',#5067,#5188);
#5188 = DEFINITIONAL_REPRESENTATION('',(#5189),#5193);
#5189 = LINE('',#5190,#5191);
#5190 = CARTESIAN_POINT('',(1.629947292684E-15,2.703390117923E-15));
#5191 = VECTOR('',#5192,1.);
#5192 = DIRECTION('',(-8.881784197001E-16,-1.));
#5193 = ( GEOMETRIC_REPRESENTATION_CONTEXT(2) 
PARAMETRIC_REPRESENTATION_CONTEXT() REPRESENTATION_CONTEXT('2D SPACE',''
  ) );
#5194 = ORIENTED_EDGE('',*,*,#5079,.T.);
#5195 = ORIENTED_EDGE('',*,*,#1747,.F.);
#5196 = ADVANCED_FACE('',(#5197),#1722,.F.);
#5197 = FACE_BOUND('',#5198,.T.);
#5198 = EDGE_LOOP('',(#5199,#5247,#5248,#5249));
#5199 = ORIENTED_EDGE('',*,*,#5200,.F.);
#5200 = EDGE_CURVE('',#1928,#5106,#5201,.T.);
#5201 = SURFACE_CURVE('',#5202,(#5207,#5227),.PCURVE_S1.);
#5202 = ELLIPSE('',#5203,19.96199016671,18.);
#5203 = AXIS2_PLACEMENT_3D('',#5204,#5205,#5206);
#5204 = CARTESIAN_POINT('',(-59.57546237026,-7.858958795135,25.2));
#5205 = DIRECTION('',(-0.914033980607,-0.40563762436,0.));
#5206 = DIRECTION('',(0.40563762436,-0.914033980607,0.));
#5207 = PCURVE('',#1722,#5208);
#5208 = DEFINITIONAL_REPRESENTATION('',(#5209),#5226);
#5209 = B_SPLINE_CURVE_WITH_KNOTS('',8,(#5210,#5211,#5212,#5213,#5214,
    #5215,#5216,#5217,#5218,#5219,#5220,#5221,#5222,#5223,#5224,#5225),
  .UNSPECIFIED.,.F.,.F.,(9,7,9),(4.712388980385,6.28318530718,
    7.853981633974),.UNSPECIFIED.);
#5210 = CARTESIAN_POINT('',(0.,-38.15078271239));
#5211 = CARTESIAN_POINT('',(-0.196349540849,-36.45623894906));
#5212 = CARTESIAN_POINT('',(-0.392699081698,-34.76169478341));
#5213 = CARTESIAN_POINT('',(-0.589048622548,-33.16670436502));
#5214 = CARTESIAN_POINT('',(-0.785398163393,-31.77080188909));
#5215 = CARTESIAN_POINT('',(-0.981747704248,-30.6613042456));
#5216 = CARTESIAN_POINT('',(-1.178097245096,-29.90079728759));
#5217 = CARTESIAN_POINT('',(-1.374446785946,-29.52054219338));
#5218 = CARTESIAN_POINT('',(-1.767145867644,-29.52054219338));
#5219 = CARTESIAN_POINT('',(-1.963495408492,-29.90079728759));
#5220 = CARTESIAN_POINT('',(-2.15984494934,-30.66130424564));
#5221 = CARTESIAN_POINT('',(-2.356194490178,-31.77080188912));
#5222 = CARTESIAN_POINT('',(-2.552544031038,-33.16670436506));
#5223 = CARTESIAN_POINT('',(-2.748893571891,-34.76169478339));
#5224 = CARTESIAN_POINT('',(-2.94524311274,-36.45623894906));
#5225 = CARTESIAN_POINT('',(-3.14159265359,-38.15078271239));
#5226 = ( GEOMETRIC_REPRESENTATION_CONTEXT(2) 
PARAMETRIC_REPRESENTATION_CONTEXT() REPRESENTATION_CONTEXT('2D SPACE',''
  ) );
#5227 = PCURVE('',#1966,#5228);
#5228 = DEFINITIONAL_REPRESENTATION('',(#5229),#5246);
#5229 = B_SPLINE_CURVE_WITH_KNOTS('',8,(#5230,#5231,#5232,#5233,#5234,
    #5235,#5236,#5237,#5238,#5239,#5240,#5241,#5242,#5243,#5244,#5245),
  .UNSPECIFIED.,.F.,.F.,(9,7,9),(4.712388980385,6.28318530718,
    7.853981633974),.UNSPECIFIED.);
#5230 = CARTESIAN_POINT('',(-3.947459643112E-16,-33.8492172876));
#5231 = CARTESIAN_POINT('',(-0.196349540849,-35.54376105093));
#5232 = CARTESIAN_POINT('',(-0.392699081699,-37.23830521661));
#5233 = CARTESIAN_POINT('',(-0.589048622548,-38.83329563471));
#5234 = CARTESIAN_POINT('',(-0.785398163396,-40.2291981109));
#5235 = CARTESIAN_POINT('',(-0.981747704247,-41.33869575415));
#5236 = CARTESIAN_POINT('',(-1.178097245096,-42.09920271238));
#5237 = CARTESIAN_POINT('',(-1.374446785946,-42.47945780661));
#5238 = CARTESIAN_POINT('',(-1.767145867644,-42.47945780661));
#5239 = CARTESIAN_POINT('',(-1.963495408492,-42.09920271232));
#5240 = CARTESIAN_POINT('',(-2.15984494934,-41.33869575441));
#5241 = CARTESIAN_POINT('',(-2.356194490185,-40.22919811058));
#5242 = CARTESIAN_POINT('',(-2.552544031035,-38.83329563489));
#5243 = CARTESIAN_POINT('',(-2.74889357189,-37.23830521657));
#5244 = CARTESIAN_POINT('',(-2.94524311274,-35.54376105093));
#5245 = CARTESIAN_POINT('',(-3.14159265359,-33.8492172876));
#5246 = ( GEOMETRIC_REPRESENTATION_CONTEXT(2) 
PARAMETRIC_REPRESENTATION_CONTEXT() REPRESENTATION_CONTEXT('2D SPACE',''
  ) );
#5247 = ORIENTED_EDGE('',*,*,#1927,.T.);
#5248 = ORIENTED_EDGE('',*,*,#1705,.F.);
#5249 = ORIENTED_EDGE('',*,*,#5105,.F.);
#5250 = ADVANCED_FACE('',(#5251),#1994,.F.);
#5251 = FACE_BOUND('',#5252,.F.);
#5252 = EDGE_LOOP('',(#5253,#5254,#5277,#5298,#5299,#5322,#5343,#5344,
    #5366));
#5253 = ORIENTED_EDGE('',*,*,#4145,.T.);
#5254 = ORIENTED_EDGE('',*,*,#5255,.T.);
#5255 = EDGE_CURVE('',#4146,#5256,#5258,.T.);
#5256 = VERTEX_POINT('',#5257);
#5257 = CARTESIAN_POINT('',(-20.87259801014,3.623976426556,7.19));
#5258 = SURFACE_CURVE('',#5259,(#5263,#5270),.PCURVE_S1.);
#5259 = LINE('',#5260,#5261);
#5260 = CARTESIAN_POINT('',(-31.14524306165,12.383129561746,7.19));
#5261 = VECTOR('',#5262,1.);
#5262 = DIRECTION('',(0.760936670482,-0.648826158162,0.));
#5263 = PCURVE('',#1994,#5264);
#5264 = DEFINITIONAL_REPRESENTATION('',(#5265),#5269);
#5265 = LINE('',#5266,#5267);
#5266 = CARTESIAN_POINT('',(0.,-19.605));
#5267 = VECTOR('',#5268,1.);
#5268 = DIRECTION('',(1.,0.));
#5269 = ( GEOMETRIC_REPRESENTATION_CONTEXT(2) 
PARAMETRIC_REPRESENTATION_CONTEXT() REPRESENTATION_CONTEXT('2D SPACE',''
  ) );
#5270 = PCURVE('',#4183,#5271);
#5271 = DEFINITIONAL_REPRESENTATION('',(#5272),#5276);
#5272 = LINE('',#5273,#5274);
#5273 = CARTESIAN_POINT('',(-16.06914952115,-10.32794228516));
#5274 = VECTOR('',#5275,1.);
#5275 = DIRECTION('',(0.626175191261,0.779682390368));
#5276 = ( GEOMETRIC_REPRESENTATION_CONTEXT(2) 
PARAMETRIC_REPRESENTATION_CONTEXT() REPRESENTATION_CONTEXT('2D SPACE',''
  ) );
#5277 = ORIENTED_EDGE('',*,*,#5278,.T.);
#5278 = EDGE_CURVE('',#5256,#4906,#5279,.T.);
#5279 = SURFACE_CURVE('',#5280,(#5284,#5291),.PCURVE_S1.);
#5280 = LINE('',#5281,#5282);
#5281 = CARTESIAN_POINT('',(-20.87259801014,3.623976426556,26.795));
#5282 = VECTOR('',#5283,1.);
#5283 = DIRECTION('',(0.,0.,1.));
#5284 = PCURVE('',#1994,#5285);
#5285 = DEFINITIONAL_REPRESENTATION('',(#5286),#5290);
#5286 = LINE('',#5287,#5288);
#5287 = CARTESIAN_POINT('',(13.5,0.));
#5288 = VECTOR('',#5289,1.);
#5289 = DIRECTION('',(0.,1.));
#5290 = ( GEOMETRIC_REPRESENTATION_CONTEXT(2) 
PARAMETRIC_REPRESENTATION_CONTEXT() REPRESENTATION_CONTEXT('2D SPACE',''
  ) );
#5291 = PCURVE('',#4844,#5292);
#5292 = DEFINITIONAL_REPRESENTATION('',(#5293),#5297);
#5293 = LINE('',#5294,#5295);
#5294 = CARTESIAN_POINT('',(19.605,0.));
#5295 = VECTOR('',#5296,1.);
#5296 = DIRECTION('',(1.,0.));
#5297 = ( GEOMETRIC_REPRESENTATION_CONTEXT(2) 
PARAMETRIC_REPRESENTATION_CONTEXT() REPRESENTATION_CONTEXT('2D SPACE',''
  ) );
#5298 = ORIENTED_EDGE('',*,*,#4928,.F.);
#5299 = ORIENTED_EDGE('',*,*,#5300,.F.);
#5300 = EDGE_CURVE('',#5301,#4929,#5303,.T.);
#5301 = VERTEX_POINT('',#5302);
#5302 = CARTESIAN_POINT('',(-41.41788811316,21.142282696936,45.2));
#5303 = SURFACE_CURVE('',#5304,(#5308,#5315),.PCURVE_S1.);
#5304 = LINE('',#5305,#5306);
#5305 = CARTESIAN_POINT('',(-41.41788811316,21.142282696936,26.795));
#5306 = VECTOR('',#5307,1.);
#5307 = DIRECTION('',(0.,0.,1.));
#5308 = PCURVE('',#1994,#5309);
#5309 = DEFINITIONAL_REPRESENTATION('',(#5310),#5314);
#5310 = LINE('',#5311,#5312);
#5311 = CARTESIAN_POINT('',(-13.5,0.));
#5312 = VECTOR('',#5313,1.);
#5313 = DIRECTION('',(0.,1.));
#5314 = ( GEOMETRIC_REPRESENTATION_CONTEXT(2) 
PARAMETRIC_REPRESENTATION_CONTEXT() REPRESENTATION_CONTEXT('2D SPACE',''
  ) );
#5315 = PCURVE('',#4967,#5316);
#5316 = DEFINITIONAL_REPRESENTATION('',(#5317),#5321);
#5317 = LINE('',#5318,#5319);
#5318 = CARTESIAN_POINT('',(-18.405,0.));
#5319 = VECTOR('',#5320,1.);
#5320 = DIRECTION('',(1.,0.));
#5321 = ( GEOMETRIC_REPRESENTATION_CONTEXT(2) 
PARAMETRIC_REPRESENTATION_CONTEXT() REPRESENTATION_CONTEXT('2D SPACE',''
  ) );
#5322 = ORIENTED_EDGE('',*,*,#5323,.F.);
#5323 = EDGE_CURVE('',#5152,#5301,#5324,.T.);
#5324 = SURFACE_CURVE('',#5325,(#5329,#5336),.PCURVE_S1.);
#5325 = LINE('',#5326,#5327);
#5326 = CARTESIAN_POINT('',(-39.13507810171,19.195804222449,42.2));
#5327 = VECTOR('',#5328,1.);
#5328 = DIRECTION('',(-0.538063479751,0.458789376248,0.707106781187));
#5329 = PCURVE('',#1994,#5330);
#5330 = DEFINITIONAL_REPRESENTATION('',(#5331),#5335);
#5331 = LINE('',#5332,#5333);
#5332 = CARTESIAN_POINT('',(-10.5,15.405));
#5333 = VECTOR('',#5334,1.);
#5334 = DIRECTION('',(-0.707106781187,0.707106781187));
#5335 = ( GEOMETRIC_REPRESENTATION_CONTEXT(2) 
PARAMETRIC_REPRESENTATION_CONTEXT() REPRESENTATION_CONTEXT('2D SPACE',''
  ) );
#5336 = PCURVE('',#5067,#5337);
#5337 = DEFINITIONAL_REPRESENTATION('',(#5338),#5342);
#5338 = LINE('',#5339,#5340);
#5339 = CARTESIAN_POINT('',(-1.414213562373,1.360023205166E-15));
#5340 = VECTOR('',#5341,1.);
#5341 = DIRECTION('',(1.,-6.282352325278E-17));
#5342 = ( GEOMETRIC_REPRESENTATION_CONTEXT(2) 
PARAMETRIC_REPRESENTATION_CONTEXT() REPRESENTATION_CONTEXT('2D SPACE',''
  ) );
#5343 = ORIENTED_EDGE('',*,*,#5151,.T.);
#5344 = ORIENTED_EDGE('',*,*,#5345,.F.);
#5345 = EDGE_CURVE('',#1951,#5129,#5346,.T.);
#5346 = SURFACE_CURVE('',#5347,(#5352,#5359),.PCURVE_S1.);
#5347 = CIRCLE('',#5348,18.);
#5348 = AXIS2_PLACEMENT_3D('',#5349,#5350,#5351);
#5349 = CARTESIAN_POINT('',(-37.61320476075,17.898151906125,25.2));
#5350 = DIRECTION('',(-0.648826158162,-0.760936670482,0.));
#5351 = DIRECTION('',(0.,-0.,-1.));
#5352 = PCURVE('',#1994,#5353);
#5353 = DEFINITIONAL_REPRESENTATION('',(#5354),#5358);
#5354 = CIRCLE('',#5355,18.);
#5355 = AXIS2_PLACEMENT_2D('',#5356,#5357);
#5356 = CARTESIAN_POINT('',(-8.5,-1.595));
#5357 = DIRECTION('',(0.,-1.));
#5358 = ( GEOMETRIC_REPRESENTATION_CONTEXT(2) 
PARAMETRIC_REPRESENTATION_CONTEXT() REPRESENTATION_CONTEXT('2D SPACE',''
  ) );
#5359 = PCURVE('',#1966,#5360);
#5360 = DEFINITIONAL_REPRESENTATION('',(#5361),#5365);
#5361 = LINE('',#5362,#5363);
#5362 = CARTESIAN_POINT('',(-0.,0.));
#5363 = VECTOR('',#5364,1.);
#5364 = DIRECTION('',(-1.,0.));
#5365 = ( GEOMETRIC_REPRESENTATION_CONTEXT(2) 
PARAMETRIC_REPRESENTATION_CONTEXT() REPRESENTATION_CONTEXT('2D SPACE',''
  ) );
#5366 = ORIENTED_EDGE('',*,*,#1978,.T.);
#5367 = ADVANCED_FACE('',(#5368),#1966,.F.);
#5368 = FACE_BOUND('',#5369,.T.);
#5369 = EDGE_LOOP('',(#5370,#5371,#5372,#5373));
#5370 = ORIENTED_EDGE('',*,*,#5345,.F.);
#5371 = ORIENTED_EDGE('',*,*,#1950,.T.);
#5372 = ORIENTED_EDGE('',*,*,#5200,.T.);
#5373 = ORIENTED_EDGE('',*,*,#5128,.F.);
#5374 = ADVANCED_FACE('',(#5375),#3019,.T.);
#5375 = FACE_BOUND('',#5376,.T.);
#5376 = EDGE_LOOP('',(#5377,#5402,#5423,#5424));
#5377 = ORIENTED_EDGE('',*,*,#5378,.F.);
#5378 = EDGE_CURVE('',#5379,#5381,#5383,.T.);
#5379 = VERTEX_POINT('',#5380);
#5380 = CARTESIAN_POINT('',(-30.74109622945,33.189747333093,3.));
#5381 = VERTEX_POINT('',#5382);
#5382 = CARTESIAN_POINT('',(-26.10013592237,39.707398288922,3.));
#5383 = SURFACE_CURVE('',#5384,(#5388,#5395),.PCURVE_S1.);
#5384 = LINE('',#5385,#5386);
#5385 = CARTESIAN_POINT('',(-30.74109622945,33.189747333093,3.));
#5386 = VECTOR('',#5387,1.);
#5387 = DIRECTION('',(0.580037178045,0.814590002447,0.));
#5388 = PCURVE('',#3019,#5389);
#5389 = DEFINITIONAL_REPRESENTATION('',(#5390),#5394);
#5390 = LINE('',#5391,#5392);
#5391 = CARTESIAN_POINT('',(0.,0.));
#5392 = VECTOR('',#5393,1.);
#5393 = DIRECTION('',(1.,0.));
#5394 = ( GEOMETRIC_REPRESENTATION_CONTEXT(2) 
PARAMETRIC_REPRESENTATION_CONTEXT() REPRESENTATION_CONTEXT('2D SPACE',''
  ) );
#5395 = PCURVE('',#4662,#5396);
#5396 = DEFINITIONAL_REPRESENTATION('',(#5397),#5401);
#5397 = LINE('',#5398,#5399);
#5398 = CARTESIAN_POINT('',(11.730096035232,-8.352535363843));
#5399 = VECTOR('',#5400,1.);
#5400 = DIRECTION('',(0.580037178045,0.814590002447));
#5401 = ( GEOMETRIC_REPRESENTATION_CONTEXT(2) 
PARAMETRIC_REPRESENTATION_CONTEXT() REPRESENTATION_CONTEXT('2D SPACE',''
  ) );
#5402 = ORIENTED_EDGE('',*,*,#5403,.T.);
#5403 = EDGE_CURVE('',#5379,#3005,#5404,.T.);
#5404 = SURFACE_CURVE('',#5405,(#5409,#5416),.PCURVE_S1.);
#5405 = LINE('',#5406,#5407);
#5406 = CARTESIAN_POINT('',(-30.74109622945,33.189747333093,3.));
#5407 = VECTOR('',#5408,1.);
#5408 = DIRECTION('',(0.,0.,1.));
#5409 = PCURVE('',#3019,#5410);
#5410 = DEFINITIONAL_REPRESENTATION('',(#5411),#5415);
#5411 = LINE('',#5412,#5413);
#5412 = CARTESIAN_POINT('',(0.,0.));
#5413 = VECTOR('',#5414,1.);
#5414 = DIRECTION('',(0.,-1.));
#5415 = ( GEOMETRIC_REPRESENTATION_CONTEXT(2) 
PARAMETRIC_REPRESENTATION_CONTEXT() REPRESENTATION_CONTEXT('2D SPACE',''
  ) );
#5416 = PCURVE('',#3051,#5417);
#5417 = DEFINITIONAL_REPRESENTATION('',(#5418),#5422);
#5418 = LINE('',#5419,#5420);
#5419 = CARTESIAN_POINT('',(-5.664410977056,0.));
#5420 = VECTOR('',#5421,1.);
#5421 = DIRECTION('',(-0.,-1.));
#5422 = ( GEOMETRIC_REPRESENTATION_CONTEXT(2) 
PARAMETRIC_REPRESENTATION_CONTEXT() REPRESENTATION_CONTEXT('2D SPACE',''
  ) );
#5423 = ORIENTED_EDGE('',*,*,#3002,.F.);
#5424 = ORIENTED_EDGE('',*,*,#5425,.F.);
#5425 = EDGE_CURVE('',#5381,#3003,#5426,.T.);
#5426 = SURFACE_CURVE('',#5427,(#5431,#5438),.PCURVE_S1.);
#5427 = LINE('',#5428,#5429);
#5428 = CARTESIAN_POINT('',(-26.10013592237,39.707398288922,3.));
#5429 = VECTOR('',#5430,1.);
#5430 = DIRECTION('',(0.,0.,1.));
#5431 = PCURVE('',#3019,#5432);
#5432 = DEFINITIONAL_REPRESENTATION('',(#5433),#5437);
#5433 = LINE('',#5434,#5435);
#5434 = CARTESIAN_POINT('',(8.00114282799,0.));
#5435 = VECTOR('',#5436,1.);
#5436 = DIRECTION('',(0.,-1.));
#5437 = ( GEOMETRIC_REPRESENTATION_CONTEXT(2) 
PARAMETRIC_REPRESENTATION_CONTEXT() REPRESENTATION_CONTEXT('2D SPACE',''
  ) );
#5438 = PCURVE('',#3102,#5439);
#5439 = DEFINITIONAL_REPRESENTATION('',(#5440),#5444);
#5440 = LINE('',#5441,#5442);
#5441 = CARTESIAN_POINT('',(4.37938723753E-16,0.));
#5442 = VECTOR('',#5443,1.);
#5443 = DIRECTION('',(0.,-1.));
#5444 = ( GEOMETRIC_REPRESENTATION_CONTEXT(2) 
PARAMETRIC_REPRESENTATION_CONTEXT() REPRESENTATION_CONTEXT('2D SPACE',''
  ) );
#5445 = ADVANCED_FACE('',(#5446),#3102,.T.);
#5446 = FACE_BOUND('',#5447,.T.);
#5447 = EDGE_LOOP('',(#5448,#5471,#5472,#5473));
#5448 = ORIENTED_EDGE('',*,*,#5449,.F.);
#5449 = EDGE_CURVE('',#5381,#5450,#5452,.T.);
#5450 = VERTEX_POINT('',#5451);
#5451 = CARTESIAN_POINT('',(-27.60100594501,48.631418425088,3.));
#5452 = SURFACE_CURVE('',#5453,(#5457,#5464),.PCURVE_S1.);
#5453 = LINE('',#5454,#5455);
#5454 = CARTESIAN_POINT('',(-26.85057093369,44.169408357005,3.));
#5455 = VECTOR('',#5456,1.);
#5456 = DIRECTION('',(-0.165853892681,0.986150336552,0.));
#5457 = PCURVE('',#3102,#5458);
#5458 = DEFINITIONAL_REPRESENTATION('',(#5459),#5463);
#5459 = LINE('',#5460,#5461);
#5460 = CARTESIAN_POINT('',(4.524675298173,0.));
#5461 = VECTOR('',#5462,1.);
#5462 = DIRECTION('',(1.,0.));
#5463 = ( GEOMETRIC_REPRESENTATION_CONTEXT(2) 
PARAMETRIC_REPRESENTATION_CONTEXT() REPRESENTATION_CONTEXT('2D SPACE',''
  ) );
#5464 = PCURVE('',#4662,#5465);
#5465 = DEFINITIONAL_REPRESENTATION('',(#5466),#5470);
#5466 = LINE('',#5467,#5468);
#5467 = CARTESIAN_POINT('',(15.620621330991,2.627125660069));
#5468 = VECTOR('',#5469,1.);
#5469 = DIRECTION('',(-0.165853892681,0.986150336552));
#5470 = ( GEOMETRIC_REPRESENTATION_CONTEXT(2) 
PARAMETRIC_REPRESENTATION_CONTEXT() REPRESENTATION_CONTEXT('2D SPACE',''
  ) );
#5471 = ORIENTED_EDGE('',*,*,#5425,.T.);
#5472 = ORIENTED_EDGE('',*,*,#3089,.F.);
#5473 = ORIENTED_EDGE('',*,*,#5474,.F.);
#5474 = EDGE_CURVE('',#5450,#3064,#5475,.T.);
#5475 = SURFACE_CURVE('',#5476,(#5480,#5487),.PCURVE_S1.);
#5476 = LINE('',#5477,#5478);
#5477 = CARTESIAN_POINT('',(-27.60100594501,48.631418425088,3.));
#5478 = VECTOR('',#5479,1.);
#5479 = DIRECTION('',(0.,0.,1.));
#5480 = PCURVE('',#3102,#5481);
#5481 = DEFINITIONAL_REPRESENTATION('',(#5482),#5486);
#5482 = LINE('',#5483,#5484);
#5483 = CARTESIAN_POINT('',(9.049350596345,0.));
#5484 = VECTOR('',#5485,1.);
#5485 = DIRECTION('',(0.,-1.));
#5486 = ( GEOMETRIC_REPRESENTATION_CONTEXT(2) 
PARAMETRIC_REPRESENTATION_CONTEXT() REPRESENTATION_CONTEXT('2D SPACE',''
  ) );
#5487 = PCURVE('',#3078,#5488);
#5488 = DEFINITIONAL_REPRESENTATION('',(#5489),#5493);
#5489 = LINE('',#5490,#5491);
#5490 = CARTESIAN_POINT('',(0.,0.));
#5491 = VECTOR('',#5492,1.);
#5492 = DIRECTION('',(0.,-1.));
#5493 = ( GEOMETRIC_REPRESENTATION_CONTEXT(2) 
PARAMETRIC_REPRESENTATION_CONTEXT() REPRESENTATION_CONTEXT('2D SPACE',''
  ) );
#5494 = ADVANCED_FACE('',(#5495),#3051,.F.);
#5495 = FACE_BOUND('',#5496,.T.);
#5496 = EDGE_LOOP('',(#5497,#5521,#5542,#5543));
#5497 = ORIENTED_EDGE('',*,*,#5498,.F.);
#5498 = EDGE_CURVE('',#5499,#5379,#5501,.T.);
#5499 = VERTEX_POINT('',#5500);
#5500 = CARTESIAN_POINT('',(-34.11865690084,53.272378732168,3.));
#5501 = SURFACE_CURVE('',#5502,(#5507,#5514),.PCURVE_S1.);
#5502 = CIRCLE('',#5503,14.4);
#5503 = AXIS2_PLACEMENT_3D('',#5504,#5505,#5506);
#5504 = CARTESIAN_POINT('',(-42.47119226468,41.542282696936,3.));
#5505 = DIRECTION('',(0.,0.,1.));
#5506 = DIRECTION('',(1.,0.,-0.));
#5507 = PCURVE('',#3051,#5508);
#5508 = DEFINITIONAL_REPRESENTATION('',(#5509),#5513);
#5509 = LINE('',#5510,#5511);
#5510 = CARTESIAN_POINT('',(-0.,0.));
#5511 = VECTOR('',#5512,1.);
#5512 = DIRECTION('',(-1.,0.));
#5513 = ( GEOMETRIC_REPRESENTATION_CONTEXT(2) 
PARAMETRIC_REPRESENTATION_CONTEXT() REPRESENTATION_CONTEXT('2D SPACE',''
  ) );
#5514 = PCURVE('',#4662,#5515);
#5515 = DEFINITIONAL_REPRESENTATION('',(#5516),#5520);
#5516 = CIRCLE('',#5517,14.4);
#5517 = AXIS2_PLACEMENT_2D('',#5518,#5519);
#5518 = CARTESIAN_POINT('',(3.79844481261E-16,-9.315474614531E-16));
#5519 = DIRECTION('',(1.,0.));
#5520 = ( GEOMETRIC_REPRESENTATION_CONTEXT(2) 
PARAMETRIC_REPRESENTATION_CONTEXT() REPRESENTATION_CONTEXT('2D SPACE',''
  ) );
#5521 = ORIENTED_EDGE('',*,*,#5522,.T.);
#5522 = EDGE_CURVE('',#5499,#3031,#5523,.T.);
#5523 = SURFACE_CURVE('',#5524,(#5528,#5535),.PCURVE_S1.);
#5524 = LINE('',#5525,#5526);
#5525 = CARTESIAN_POINT('',(-34.11865690084,53.272378732168,3.));
#5526 = VECTOR('',#5527,1.);
#5527 = DIRECTION('',(0.,0.,1.));
#5528 = PCURVE('',#3051,#5529);
#5529 = DEFINITIONAL_REPRESENTATION('',(#5530),#5534);
#5530 = LINE('',#5531,#5532);
#5531 = CARTESIAN_POINT('',(-0.952021996672,0.));
#5532 = VECTOR('',#5533,1.);
#5533 = DIRECTION('',(-0.,-1.));
#5534 = ( GEOMETRIC_REPRESENTATION_CONTEXT(2) 
PARAMETRIC_REPRESENTATION_CONTEXT() REPRESENTATION_CONTEXT('2D SPACE',''
  ) );
#5535 = PCURVE('',#3078,#5536);
#5536 = DEFINITIONAL_REPRESENTATION('',(#5537),#5541);
#5537 = LINE('',#5538,#5539);
#5538 = CARTESIAN_POINT('',(8.00114282799,0.));
#5539 = VECTOR('',#5540,1.);
#5540 = DIRECTION('',(0.,-1.));
#5541 = ( GEOMETRIC_REPRESENTATION_CONTEXT(2) 
PARAMETRIC_REPRESENTATION_CONTEXT() REPRESENTATION_CONTEXT('2D SPACE',''
  ) );
#5542 = ORIENTED_EDGE('',*,*,#3030,.F.);
#5543 = ORIENTED_EDGE('',*,*,#5403,.F.);
#5544 = ADVANCED_FACE('',(#5545),#3078,.T.);
#5545 = FACE_BOUND('',#5546,.T.);
#5546 = EDGE_LOOP('',(#5547,#5568,#5569,#5570));
#5547 = ORIENTED_EDGE('',*,*,#5548,.F.);
#5548 = EDGE_CURVE('',#5450,#5499,#5549,.T.);
#5549 = SURFACE_CURVE('',#5550,(#5554,#5561),.PCURVE_S1.);
#5550 = LINE('',#5551,#5552);
#5551 = CARTESIAN_POINT('',(-22.38856086561,44.919843368325,3.));
#5552 = VECTOR('',#5553,1.);
#5553 = DIRECTION('',(-0.814590002447,0.580037178045,0.));
#5554 = PCURVE('',#3078,#5555);
#5555 = DEFINITIONAL_REPRESENTATION('',(#5556),#5560);
#5556 = LINE('',#5557,#5558);
#5557 = CARTESIAN_POINT('',(-6.39885717201,-0.));
#5558 = VECTOR('',#5559,1.);
#5559 = DIRECTION('',(1.,0.));
#5560 = ( GEOMETRIC_REPRESENTATION_CONTEXT(2) 
PARAMETRIC_REPRESENTATION_CONTEXT() REPRESENTATION_CONTEXT('2D SPACE',''
  ) );
#5561 = PCURVE('',#4662,#5562);
#5562 = DEFINITIONAL_REPRESENTATION('',(#5563),#5567);
#5563 = LINE('',#5564,#5565);
#5564 = CARTESIAN_POINT('',(20.082631399074,3.377560671389));
#5565 = VECTOR('',#5566,1.);
#5566 = DIRECTION('',(-0.814590002447,0.580037178045));
#5567 = ( GEOMETRIC_REPRESENTATION_CONTEXT(2) 
PARAMETRIC_REPRESENTATION_CONTEXT() REPRESENTATION_CONTEXT('2D SPACE',''
  ) );
#5568 = ORIENTED_EDGE('',*,*,#5474,.T.);
#5569 = ORIENTED_EDGE('',*,*,#3063,.F.);
#5570 = ORIENTED_EDGE('',*,*,#5522,.F.);
#5571 = ADVANCED_FACE('',(#5572),#4183,.F.);
#5572 = FACE_BOUND('',#5573,.F.);
#5573 = EDGE_LOOP('',(#5574,#5575,#5596,#5597,#5598,#5599));
#5574 = ORIENTED_EDGE('',*,*,#4856,.F.);
#5575 = ORIENTED_EDGE('',*,*,#5576,.F.);
#5576 = EDGE_CURVE('',#5256,#4828,#5577,.T.);
#5577 = SURFACE_CURVE('',#5578,(#5582,#5589),.PCURVE_S1.);
#5578 = LINE('',#5579,#5580);
#5579 = CARTESIAN_POINT('',(-20.87259801014,3.623976426556,7.19));
#5580 = VECTOR('',#5581,1.);
#5581 = DIRECTION('',(-0.648826158162,-0.760936670482,0.));
#5582 = PCURVE('',#4183,#5583);
#5583 = DEFINITIONAL_REPRESENTATION('',(#5584),#5588);
#5584 = LINE('',#5585,#5586);
#5585 = CARTESIAN_POINT('',(-7.615784439133,0.197769984799));
#5586 = VECTOR('',#5587,1.);
#5587 = DIRECTION('',(0.779682390368,-0.626175191261));
#5588 = ( GEOMETRIC_REPRESENTATION_CONTEXT(2) 
PARAMETRIC_REPRESENTATION_CONTEXT() REPRESENTATION_CONTEXT('2D SPACE',''
  ) );
#5589 = PCURVE('',#4844,#5590);
#5590 = DEFINITIONAL_REPRESENTATION('',(#5591),#5595);
#5591 = LINE('',#5592,#5593);
#5592 = CARTESIAN_POINT('',(0.,0.));
#5593 = VECTOR('',#5594,1.);
#5594 = DIRECTION('',(0.,-1.));
#5595 = ( GEOMETRIC_REPRESENTATION_CONTEXT(2) 
PARAMETRIC_REPRESENTATION_CONTEXT() REPRESENTATION_CONTEXT('2D SPACE',''
  ) );
#5596 = ORIENTED_EDGE('',*,*,#5255,.F.);
#5597 = ORIENTED_EDGE('',*,*,#4166,.T.);
#5598 = ORIENTED_EDGE('',*,*,#4247,.F.);
#5599 = ORIENTED_EDGE('',*,*,#4272,.T.);
#5600 = ADVANCED_FACE('',(#5601),#4440,.F.);
#5601 = FACE_BOUND('',#5602,.F.);
#5602 = EDGE_LOOP('',(#5603,#5604,#5605,#5606));
#5603 = ORIENTED_EDGE('',*,*,#4549,.T.);
#5604 = ORIENTED_EDGE('',*,*,#4424,.T.);
#5605 = ORIENTED_EDGE('',*,*,#4478,.T.);
#5606 = ORIENTED_EDGE('',*,*,#4577,.T.);
#5607 = ADVANCED_FACE('',(#5608,#5614),#4662,.T.);
#5608 = FACE_BOUND('',#5609,.T.);
#5609 = EDGE_LOOP('',(#5610,#5611,#5612,#5613));
#5610 = ORIENTED_EDGE('',*,*,#5498,.T.);
#5611 = ORIENTED_EDGE('',*,*,#5378,.T.);
#5612 = ORIENTED_EDGE('',*,*,#5449,.T.);
#5613 = ORIENTED_EDGE('',*,*,#5548,.T.);
#5614 = FACE_BOUND('',#5615,.T.);
#5615 = EDGE_LOOP('',(#5616,#5617,#5618,#5619));
#5616 = ORIENTED_EDGE('',*,*,#4649,.F.);
#5617 = ORIENTED_EDGE('',*,*,#4748,.T.);
#5618 = ORIENTED_EDGE('',*,*,#4780,.F.);
#5619 = ORIENTED_EDGE('',*,*,#4701,.F.);
#5620 = ADVANCED_FACE('',(#5621),#4844,.F.);
#5621 = FACE_BOUND('',#5622,.F.);
#5622 = EDGE_LOOP('',(#5623,#5624,#5625,#5626));
#5623 = ORIENTED_EDGE('',*,*,#5278,.F.);
#5624 = ORIENTED_EDGE('',*,*,#5576,.T.);
#5625 = ORIENTED_EDGE('',*,*,#4827,.T.);
#5626 = ORIENTED_EDGE('',*,*,#4905,.F.);
#5627 = ADVANCED_FACE('',(#5628),#4967,.T.);
#5628 = FACE_BOUND('',#5629,.T.);
#5629 = EDGE_LOOP('',(#5630,#5631,#5652,#5653));
#5630 = ORIENTED_EDGE('',*,*,#5300,.F.);
#5631 = ORIENTED_EDGE('',*,*,#5632,.T.);
#5632 = EDGE_CURVE('',#5301,#5005,#5633,.T.);
#5633 = SURFACE_CURVE('',#5634,(#5638,#5645),.PCURVE_S1.);
#5634 = LINE('',#5635,#5636);
#5635 = CARTESIAN_POINT('',(-41.41788811316,21.142282696936,45.2));
#5636 = VECTOR('',#5637,1.);
#5637 = DIRECTION('',(-0.648826158162,-0.760936670482,0.));
#5638 = PCURVE('',#4967,#5639);
#5639 = DEFINITIONAL_REPRESENTATION('',(#5640),#5644);
#5640 = LINE('',#5641,#5642);
#5641 = CARTESIAN_POINT('',(0.,0.));
#5642 = VECTOR('',#5643,1.);
#5643 = DIRECTION('',(0.,-1.));
#5644 = ( GEOMETRIC_REPRESENTATION_CONTEXT(2) 
PARAMETRIC_REPRESENTATION_CONTEXT() REPRESENTATION_CONTEXT('2D SPACE',''
  ) );
#5645 = PCURVE('',#5067,#5646);
#5646 = DEFINITIONAL_REPRESENTATION('',(#5647),#5651);
#5647 = LINE('',#5648,#5649);
#5648 = CARTESIAN_POINT('',(2.828427124746,-5.551115123126E-17));
#5649 = VECTOR('',#5650,1.);
#5650 = DIRECTION('',(-8.881784197001E-16,-1.));
#5651 = ( GEOMETRIC_REPRESENTATION_CONTEXT(2) 
PARAMETRIC_REPRESENTATION_CONTEXT() REPRESENTATION_CONTEXT('2D SPACE',''
  ) );
#5652 = ORIENTED_EDGE('',*,*,#5004,.T.);
#5653 = ORIENTED_EDGE('',*,*,#4951,.F.);
#5654 = ADVANCED_FACE('',(#5655),#5067,.T.);
#5655 = FACE_BOUND('',#5656,.T.);
#5656 = EDGE_LOOP('',(#5657,#5658,#5659,#5660));
#5657 = ORIENTED_EDGE('',*,*,#5323,.F.);
#5658 = ORIENTED_EDGE('',*,*,#5174,.T.);
#5659 = ORIENTED_EDGE('',*,*,#5052,.T.);
#5660 = ORIENTED_EDGE('',*,*,#5632,.F.);
#5661 = ( GEOMETRIC_REPRESENTATION_CONTEXT(3) 
GLOBAL_UNCERTAINTY_ASSIGNED_CONTEXT((#5665)) 
GLOBAL_UNIT_ASSIGNED_CONTEXT((#5662,#5663,#5664)) REPRESENTATION_CONTEXT
('Context #1','3D Context with UNIT and UNCERTAINTY') );
#5662 = ( LENGTH_UNIT() NAMED_UNIT(*) SI_UNIT(.MILLI.,.METRE.) );
#5663 = ( NAMED_UNIT(*) PLANE_ANGLE_UNIT() SI_UNIT($,.RADIAN.) );
#5664 = ( NAMED_UNIT(*) SI_UNIT($,.STERADIAN.) SOLID_ANGLE_UNIT() );
#5665 = UNCERTAINTY_MEASURE_WITH_UNIT(LENGTH_MEASURE(1.E-07),#5662,
  'distance_accuracy_value','confusion accuracy');
#5666 = CONTEXT_DEPENDENT_SHAPE_REPRESENTATION(#5667,#5669);
#5667 = ( REPRESENTATION_RELATIONSHIP('','',#32,#10) 
REPRESENTATION_RELATIONSHIP_WITH_TRANSFORMATION(#5668) 
SHAPE_REPRESENTATION_RELATIONSHIP() );
#5668 = ITEM_DEFINED_TRANSFORMATION('','',#11,#15);
#5669 = PRODUCT_DEFINITION_SHAPE('Placement','Placement of an item',
  #5670);
#5670 = NEXT_ASSEMBLY_USAGE_OCCURRENCE('1','=>[0:1:1:2]','',#5,#27,$);
#5671 = PRODUCT_RELATED_PRODUCT_CATEGORY('part',$,(#29));
ENDSEC;
END-ISO-10303-21;
