ISO-10303-21;
HEADER;
FILE_DESCRIPTION(('Open CASCADE Model'),'2;1');
FILE_NAME('Open CASCADE Shape Model','2026-09-25T15:46:16',('Author'),(
    'Open CASCADE'),'Open CASCADE STEP processor 8.0','build123d',
  'Unknown');
FILE_SCHEMA(('AUTOMOTIVE_DESIGN { 1 0 10303 214 1 1 1 1 }'));
ENDSEC;
DATA;
#1 = APPLICATION_PROTOCOL_DEFINITION('international standard',
  'automotive_design',2000,#2);
#2 = APPLICATION_CONTEXT(
  'core data for automotive mechanical design processes');
#3 = SHAPE_DEFINITION_REPRESENTATION(#4,#10);
#4 = PRODUCT_DEFINITION_SHAPE('','',#5);
#5 = PRODUCT_DEFINITION('design','',#6,#9);
#6 = PRODUCT_DEFINITION_FORMATION('','',#7);
#7 = PRODUCT('=>[0:1:1:2]','=>[0:1:1:2]','',(#8));
#8 = PRODUCT_CONTEXT('',#2,'mechanical');
#9 = PRODUCT_DEFINITION_CONTEXT('part definition',#2,'design');
#10 = SHAPE_REPRESENTATION('',(#11,#15),#19);
#11 = AXIS2_PLACEMENT_3D('',#12,#13,#14);
#12 = CARTESIAN_POINT('',(0.,0.,0.));
#13 = DIRECTION('',(0.,0.,1.));
#14 = DIRECTION('',(1.,0.,-0.));
#15 = AXIS2_PLACEMENT_3D('',#16,#17,#18);
#16 = CARTESIAN_POINT('',(-136.560975661,108.89089741193,0.));
#17 = DIRECTION('',(0.,0.,1.));
#18 = DIRECTION('',(1.,0.,-0.));
#19 = ( GEOMETRIC_REPRESENTATION_CONTEXT(3) 
GLOBAL_UNCERTAINTY_ASSIGNED_CONTEXT((#23)) GLOBAL_UNIT_ASSIGNED_CONTEXT(
(#20,#21,#22)) REPRESENTATION_CONTEXT('Context #1',
  '3D Context with UNIT and UNCERTAINTY') );
#20 = ( LENGTH_UNIT() NAMED_UNIT(*) SI_UNIT(.MILLI.,.METRE.) );
#21 = ( NAMED_UNIT(*) PLANE_ANGLE_UNIT() SI_UNIT($,.RADIAN.) );
#22 = ( NAMED_UNIT(*) SI_UNIT($,.STERADIAN.) SOLID_ANGLE_UNIT() );
#23 = UNCERTAINTY_MEASURE_WITH_UNIT(LENGTH_MEASURE(2.E-07),#20,
  'distance_accuracy_value','confusion accuracy');
#24 = PRODUCT_RELATED_PRODUCT_CATEGORY('part',$,(#7));
#25 = SHAPE_DEFINITION_REPRESENTATION(#26,#32);
#26 = PRODUCT_DEFINITION_SHAPE('','',#27);
#27 = PRODUCT_DEFINITION('design','',#28,#31);
#28 = PRODUCT_DEFINITION_FORMATION('','',#29);
#29 = PRODUCT('COMPOUND','COMPOUND','',(#30));
#30 = PRODUCT_CONTEXT('',#2,'mechanical');
#31 = PRODUCT_DEFINITION_CONTEXT('part definition',#2,'design');
#32 = ADVANCED_BREP_SHAPE_REPRESENTATION('',(#11,#33),#12845);
#33 = MANIFOLD_SOLID_BREP('',#34);
#34 = CLOSED_SHELL('',(#35,#283,#1951,#2000,#3393,#4533,#4559,#4635,
    #4710,#4737,#4877,#4904,#4953,#4980,#5034,#5061,#5110,#5137,#5265,
    #5292,#5319,#5346,#5373,#5400,#5427,#5454,#5481,#5508,#5535,#5562,
    #5589,#5616,#5643,#5670,#5697,#5724,#5751,#5778,#5805,#5832,#5859,
    #5886,#5913,#5940,#5967,#5994,#6021,#6048,#6075,#6102,#6129,#6156,
    #6183,#6210,#6237,#6264,#6291,#6318,#6345,#6372,#6379,#6434,#6489,
    #6536,#6590,#6637,#6684,#6755,#6805,#6884,#6933,#7060,#7109,#7260,
    #7309,#7460,#7509,#7660,#7709,#7860,#7909,#8060,#8109,#8260,#8309,
    #8460,#8509,#8660,#8709,#8886,#8935,#9135,#9184,#9384,#9433,#9659,
    #9708,#9908,#9957,#10157,#10206,#10406,#10455,#10655,#10704,#10904,
    #10953,#11153,#11200,#11343,#11394,#11420,#11751,#11760,#11766,
    #11770,#11777,#11784,#11811,#11818,#11845,#11852,#11879,#11886,
    #11913,#11920,#11947,#11954,#11981,#11988,#12015,#12022,#12049,
    #12056,#12083,#12090,#12117,#12144,#12151,#12178,#12205,#12212,
    #12239,#12266,#12273,#12418,#12445,#12472,#12479,#12506,#12533,
    #12540,#12567,#12594,#12601,#12628,#12655,#12662,#12689,#12716,
    #12723,#12750,#12777,#12784,#12811,#12838));
#35 = ADVANCED_FACE('',(#36),#51,.T.);
#36 = FACE_BOUND('',#37,.T.);
#37 = EDGE_LOOP('',(#38,#78,#106,#139,#165,#198,#224,#257));
#38 = ORIENTED_EDGE('',*,*,#39,.F.);
#39 = EDGE_CURVE('',#40,#42,#44,.T.);
#40 = VERTEX_POINT('',#41);
#41 = CARTESIAN_POINT('',(230.85970590961,-147.1622426733,0.));
#42 = VERTEX_POINT('',#43);
#43 = CARTESIAN_POINT('',(229.5363636392,-142.6698067579,0.));
#44 = SURFACE_CURVE('',#45,(#50,#62),.PCURVE_S1.);
#45 = CIRCLE('',#46,4.);
#46 = AXIS2_PLACEMENT_3D('',#47,#48,#49);
#47 = CARTESIAN_POINT('',(233.30882270066,-143.9996761611,0.));
#48 = DIRECTION('',(-0.,0.,-1.));
#49 = DIRECTION('',(0.790641628038,-0.612279197763,-0.));
#50 = PCURVE('',#51,#56);
#51 = CYLINDRICAL_SURFACE('',#52,4.);
#52 = AXIS2_PLACEMENT_3D('',#53,#54,#55);
#53 = CARTESIAN_POINT('',(233.30882270066,-143.9996761611,0.));
#54 = DIRECTION('',(-0.,0.,-1.));
#55 = DIRECTION('',(0.790641628038,-0.612279197763,-0.));
#56 = DEFINITIONAL_REPRESENTATION('',(#57),#61);
#57 = LINE('',#58,#59);
#58 = CARTESIAN_POINT('',(0.,0.));
#59 = VECTOR('',#60,1.);
#60 = DIRECTION('',(1.,0.));
#61 = ( GEOMETRIC_REPRESENTATION_CONTEXT(2) 
PARAMETRIC_REPRESENTATION_CONTEXT() REPRESENTATION_CONTEXT('2D SPACE',''
  ) );
#62 = PCURVE('',#63,#68);
#63 = PLANE('',#64);
#64 = AXIS2_PLACEMENT_3D('',#65,#66,#67);
#65 = CARTESIAN_POINT('',(258.30589696926,-129.9279166193,0.));
#66 = DIRECTION('',(0.,0.,1.));
#67 = DIRECTION('',(1.,0.,-0.));
#68 = DEFINITIONAL_REPRESENTATION('',(#69),#77);
#69 = ( BOUNDED_CURVE() B_SPLINE_CURVE(2,(#70,#71,#72,#73,#74,#75,#76),
.UNSPECIFIED.,.T.,.F.) B_SPLINE_CURVE_WITH_KNOTS((1,2,2,2,2,1),(
    -2.094395102393,0.,2.094395102393,4.188790204786,6.28318530718,
8.377580409573),.UNSPECIFIED.) CURVE() GEOMETRIC_REPRESENTATION_ITEM() 
RATIONAL_B_SPLINE_CURVE((1.,0.5,1.,0.5,1.,0.5,1.)) REPRESENTATION_ITEM(
  '') );
#70 = CARTESIAN_POINT('',(-21.83450775645,-16.52087633291));
#71 = CARTESIAN_POINT('',(-26.07650247222,-21.99860221427));
#72 = CARTESIAN_POINT('',(-28.69935488256,-15.58606408701));
#73 = CARTESIAN_POINT('',(-31.3222072929,-9.173525959754));
#74 = CARTESIAN_POINT('',(-24.45736016679,-10.10833820565));
#75 = CARTESIAN_POINT('',(-17.59251304067,-11.04315045155));
#76 = CARTESIAN_POINT('',(-21.83450775645,-16.52087633291));
#77 = ( GEOMETRIC_REPRESENTATION_CONTEXT(2) 
PARAMETRIC_REPRESENTATION_CONTEXT() REPRESENTATION_CONTEXT('2D SPACE',''
  ) );
#78 = ORIENTED_EDGE('',*,*,#79,.T.);
#79 = EDGE_CURVE('',#40,#80,#82,.T.);
#80 = VERTEX_POINT('',#81);
#81 = CARTESIAN_POINT('',(230.85970590961,-147.1622426733,7.2));
#82 = SURFACE_CURVE('',#83,(#87,#94),.PCURVE_S1.);
#83 = LINE('',#84,#85);
#84 = CARTESIAN_POINT('',(230.85970590961,-147.1622426733,0.));
#85 = VECTOR('',#86,1.);
#86 = DIRECTION('',(0.,0.,1.));
#87 = PCURVE('',#51,#88);
#88 = DEFINITIONAL_REPRESENTATION('',(#89),#93);
#89 = LINE('',#90,#91);
#90 = CARTESIAN_POINT('',(1.570796326795,0.));
#91 = VECTOR('',#92,1.);
#92 = DIRECTION('',(0.,-1.));
#93 = ( GEOMETRIC_REPRESENTATION_CONTEXT(2) 
PARAMETRIC_REPRESENTATION_CONTEXT() REPRESENTATION_CONTEXT('2D SPACE',''
  ) );
#94 = PCURVE('',#95,#100);
#95 = PLANE('',#96);
#96 = AXIS2_PLACEMENT_3D('',#97,#98,#99);
#97 = CARTESIAN_POINT('',(230.85970590961,-147.1622426733,0.));
#98 = DIRECTION('',(0.612279197763,0.790641628038,-0.));
#99 = DIRECTION('',(0.790641628038,-0.612279197763,0.));
#100 = DEFINITIONAL_REPRESENTATION('',(#101),#105);
#101 = LINE('',#102,#103);
#102 = CARTESIAN_POINT('',(0.,0.));
#103 = VECTOR('',#104,1.);
#104 = DIRECTION('',(0.,-1.));
#105 = ( GEOMETRIC_REPRESENTATION_CONTEXT(2) 
PARAMETRIC_REPRESENTATION_CONTEXT() REPRESENTATION_CONTEXT('2D SPACE',''
  ) );
#106 = ORIENTED_EDGE('',*,*,#107,.T.);
#107 = EDGE_CURVE('',#80,#108,#110,.T.);
#108 = VERTEX_POINT('',#109);
#109 = CARTESIAN_POINT('',(229.96353013467,-146.1926234127,7.2));
#110 = SURFACE_CURVE('',#111,(#116,#123),.PCURVE_S1.);
#111 = CIRCLE('',#112,4.);
#112 = AXIS2_PLACEMENT_3D('',#113,#114,#115);
#113 = CARTESIAN_POINT('',(233.30882270066,-143.9996761611,7.2));
#114 = DIRECTION('',(-0.,0.,-1.));
#115 = DIRECTION('',(0.790641628038,-0.612279197763,-0.));
#116 = PCURVE('',#51,#117);
#117 = DEFINITIONAL_REPRESENTATION('',(#118),#122);
#118 = LINE('',#119,#120);
#119 = CARTESIAN_POINT('',(0.,-7.2));
#120 = VECTOR('',#121,1.);
#121 = DIRECTION('',(1.,0.));
#122 = ( GEOMETRIC_REPRESENTATION_CONTEXT(2) 
PARAMETRIC_REPRESENTATION_CONTEXT() REPRESENTATION_CONTEXT('2D SPACE',''
  ) );
#123 = PCURVE('',#124,#129);
#124 = PLANE('',#125);
#125 = AXIS2_PLACEMENT_3D('',#126,#127,#128);
#126 = CARTESIAN_POINT('',(258.30589696926,-129.9279166193,7.2));
#127 = DIRECTION('',(0.,0.,1.));
#128 = DIRECTION('',(1.,0.,-0.));
#129 = DEFINITIONAL_REPRESENTATION('',(#130),#138);
#130 = ( BOUNDED_CURVE() B_SPLINE_CURVE(2,(#131,#132,#133,#134,#135,#136
,#137),.UNSPECIFIED.,.T.,.F.) B_SPLINE_CURVE_WITH_KNOTS((1,2,2,2,2,1),(
    -2.094395102393,0.,2.094395102393,4.188790204786,6.28318530718,
8.377580409573),.UNSPECIFIED.) CURVE() GEOMETRIC_REPRESENTATION_ITEM() 
RATIONAL_B_SPLINE_CURVE((1.,0.5,1.,0.5,1.,0.5,1.)) REPRESENTATION_ITEM(
  '') );
#131 = CARTESIAN_POINT('',(-21.83450775645,-16.52087633291));
#132 = CARTESIAN_POINT('',(-26.07650247222,-21.99860221427));
#133 = CARTESIAN_POINT('',(-28.69935488256,-15.58606408701));
#134 = CARTESIAN_POINT('',(-31.3222072929,-9.173525959754));
#135 = CARTESIAN_POINT('',(-24.45736016679,-10.10833820565));
#136 = CARTESIAN_POINT('',(-17.59251304067,-11.04315045155));
#137 = CARTESIAN_POINT('',(-21.83450775645,-16.52087633291));
#138 = ( GEOMETRIC_REPRESENTATION_CONTEXT(2) 
PARAMETRIC_REPRESENTATION_CONTEXT() REPRESENTATION_CONTEXT('2D SPACE',''
  ) );
#139 = ORIENTED_EDGE('',*,*,#140,.T.);
#140 = EDGE_CURVE('',#108,#141,#143,.T.);
#141 = VERTEX_POINT('',#142);
#142 = CARTESIAN_POINT('',(229.96353013466,-146.1926234126,7.19));
#143 = SURFACE_CURVE('',#144,(#148,#154),.PCURVE_S1.);
#144 = LINE('',#145,#146);
#145 = CARTESIAN_POINT('',(229.96353013467,-146.1926234127,0.));
#146 = VECTOR('',#147,1.);
#147 = DIRECTION('',(-0.,0.,-1.));
#148 = PCURVE('',#51,#149);
#149 = DEFINITIONAL_REPRESENTATION('',(#150),#153);
#150 = B_SPLINE_CURVE_WITH_KNOTS('',1,(#151,#152),.UNSPECIFIED.,.F.,.F.,
  (2,2),(-7.2000024,-3.240471862576),.PIECEWISE_BEZIER_KNOTS.);
#151 = CARTESIAN_POINT('',(1.902398033221,-7.2000024));
#152 = CARTESIAN_POINT('',(1.902398033221,-3.240471862576));
#153 = ( GEOMETRIC_REPRESENTATION_CONTEXT(2) 
PARAMETRIC_REPRESENTATION_CONTEXT() REPRESENTATION_CONTEXT('2D SPACE',''
  ) );
#154 = PCURVE('',#155,#160);
#155 = PLANE('',#156);
#156 = AXIS2_PLACEMENT_3D('',#157,#158,#159);
#157 = CARTESIAN_POINT('',(228.57608846514,-145.3937933605,7.19));
#158 = DIRECTION('',(0.498964444867,0.866622456874,-0.));
#159 = DIRECTION('',(0.866622456874,-0.498964444867,0.));
#160 = DEFINITIONAL_REPRESENTATION('',(#161),#164);
#161 = B_SPLINE_CURVE_WITH_KNOTS('',1,(#162,#163),.UNSPECIFIED.,.F.,.F.,
  (2,2),(-7.2000024,-3.240471862576),.PIECEWISE_BEZIER_KNOTS.);
#162 = CARTESIAN_POINT('',(1.600975901933,-1.00024E-02));
#163 = CARTESIAN_POINT('',(1.600975901933,3.949528137424));
#164 = ( GEOMETRIC_REPRESENTATION_CONTEXT(2) 
PARAMETRIC_REPRESENTATION_CONTEXT() REPRESENTATION_CONTEXT('2D SPACE',''
  ) );
#165 = ORIENTED_EDGE('',*,*,#166,.T.);
#166 = EDGE_CURVE('',#141,#167,#169,.T.);
#167 = VERTEX_POINT('',#168);
#168 = CARTESIAN_POINT('',(229.31057623157,-144.118104082,7.19));
#169 = SURFACE_CURVE('',#170,(#175,#182),.PCURVE_S1.);
#170 = CIRCLE('',#171,4.);
#171 = AXIS2_PLACEMENT_3D('',#172,#173,#174);
#172 = CARTESIAN_POINT('',(233.30882270066,-143.9996761611,7.19));
#173 = DIRECTION('',(-0.,0.,-1.));
#174 = DIRECTION('',(0.790641628038,-0.612279197763,-0.));
#175 = PCURVE('',#51,#176);
#176 = DEFINITIONAL_REPRESENTATION('',(#177),#181);
#177 = LINE('',#178,#179);
#178 = CARTESIAN_POINT('',(0.,-7.19));
#179 = VECTOR('',#180,1.);
#180 = DIRECTION('',(1.,0.));
#181 = ( GEOMETRIC_REPRESENTATION_CONTEXT(2) 
PARAMETRIC_REPRESENTATION_CONTEXT() REPRESENTATION_CONTEXT('2D SPACE',''
  ) );
#182 = PCURVE('',#183,#188);
#183 = PLANE('',#184);
#184 = AXIS2_PLACEMENT_3D('',#185,#186,#187);
#185 = CARTESIAN_POINT('',(180.729882341,-116.7050529482,7.19));
#186 = DIRECTION('',(0.,0.,1.));
#187 = DIRECTION('',(1.,0.,-0.));
#188 = DEFINITIONAL_REPRESENTATION('',(#189),#197);
#189 = ( BOUNDED_CURVE() B_SPLINE_CURVE(2,(#190,#191,#192,#193,#194,#195
,#196),.UNSPECIFIED.,.T.,.F.) B_SPLINE_CURVE_WITH_KNOTS((1,2,2,2,2,1),(
    -2.094395102393,0.,2.094395102393,4.188790204786,6.28318530718,
8.377580409573),.UNSPECIFIED.) CURVE() GEOMETRIC_REPRESENTATION_ITEM() 
RATIONAL_B_SPLINE_CURVE((1.,0.5,1.,0.5,1.,0.5,1.)) REPRESENTATION_ITEM(
  '') );
#190 = CARTESIAN_POINT('',(55.741506871816,-29.74374000401));
#191 = CARTESIAN_POINT('',(51.499512156042,-35.22146588538));
#192 = CARTESIAN_POINT('',(48.876659745701,-28.80892775812));
#193 = CARTESIAN_POINT('',(46.253807335361,-22.39638963086));
#194 = CARTESIAN_POINT('',(53.118654461475,-23.33120187675));
#195 = CARTESIAN_POINT('',(59.983501587589,-24.26601412265));
#196 = CARTESIAN_POINT('',(55.741506871816,-29.74374000401));
#197 = ( GEOMETRIC_REPRESENTATION_CONTEXT(2) 
PARAMETRIC_REPRESENTATION_CONTEXT() REPRESENTATION_CONTEXT('2D SPACE',''
  ) );
#198 = ORIENTED_EDGE('',*,*,#199,.F.);
#199 = EDGE_CURVE('',#200,#167,#202,.T.);
#200 = VERTEX_POINT('',#201);
#201 = CARTESIAN_POINT('',(229.31057623157,-144.1181040819,7.2));
#202 = SURFACE_CURVE('',#203,(#207,#213),.PCURVE_S1.);
#203 = LINE('',#204,#205);
#204 = CARTESIAN_POINT('',(229.31057623157,-144.1181040819,0.));
#205 = VECTOR('',#206,1.);
#206 = DIRECTION('',(-0.,0.,-1.));
#207 = PCURVE('',#51,#208);
#208 = DEFINITIONAL_REPRESENTATION('',(#209),#212);
#209 = B_SPLINE_CURVE_WITH_KNOTS('',1,(#210,#211),.UNSPECIFIED.,.F.,.F.,
  (2,2),(-7.2000024,-3.240471862576),.PIECEWISE_BEZIER_KNOTS.);
#210 = CARTESIAN_POINT('',(2.453041242714,-7.2000024));
#211 = CARTESIAN_POINT('',(2.453041242714,-3.240471862576));
#212 = ( GEOMETRIC_REPRESENTATION_CONTEXT(2) 
PARAMETRIC_REPRESENTATION_CONTEXT() REPRESENTATION_CONTEXT('2D SPACE',''
  ) );
#213 = PCURVE('',#214,#219);
#214 = PLANE('',#215);
#215 = AXIS2_PLACEMENT_3D('',#216,#217,#218);
#216 = CARTESIAN_POINT('',(228.57608846514,-145.3937933605,7.19));
#217 = DIRECTION('',(-0.866622456874,0.498964444867,0.));
#218 = DIRECTION('',(0.498964444867,0.866622456874,0.));
#219 = DEFINITIONAL_REPRESENTATION('',(#220),#223);
#220 = B_SPLINE_CURVE_WITH_KNOTS('',1,(#221,#222),.UNSPECIFIED.,.F.,.F.,
  (2,2),(-7.2000024,-3.240471862576),.PIECEWISE_BEZIER_KNOTS.);
#221 = CARTESIAN_POINT('',(1.472024257427,-1.00024E-02));
#222 = CARTESIAN_POINT('',(1.472024257427,3.949528137424));
#223 = ( GEOMETRIC_REPRESENTATION_CONTEXT(2) 
PARAMETRIC_REPRESENTATION_CONTEXT() REPRESENTATION_CONTEXT('2D SPACE',''
  ) );
#224 = ORIENTED_EDGE('',*,*,#225,.T.);
#225 = EDGE_CURVE('',#200,#226,#228,.T.);
#226 = VERTEX_POINT('',#227);
#227 = CARTESIAN_POINT('',(229.5363636392,-142.6698067579,7.2));
#228 = SURFACE_CURVE('',#229,(#234,#241),.PCURVE_S1.);
#229 = CIRCLE('',#230,4.);
#230 = AXIS2_PLACEMENT_3D('',#231,#232,#233);
#231 = CARTESIAN_POINT('',(233.30882270066,-143.9996761611,7.2));
#232 = DIRECTION('',(-0.,0.,-1.));
#233 = DIRECTION('',(0.790641628038,-0.612279197763,-0.));
#234 = PCURVE('',#51,#235);
#235 = DEFINITIONAL_REPRESENTATION('',(#236),#240);
#236 = LINE('',#237,#238);
#237 = CARTESIAN_POINT('',(0.,-7.2));
#238 = VECTOR('',#239,1.);
#239 = DIRECTION('',(1.,0.));
#240 = ( GEOMETRIC_REPRESENTATION_CONTEXT(2) 
PARAMETRIC_REPRESENTATION_CONTEXT() REPRESENTATION_CONTEXT('2D SPACE',''
  ) );
#241 = PCURVE('',#242,#247);
#242 = PLANE('',#243);
#243 = AXIS2_PLACEMENT_3D('',#244,#245,#246);
#244 = CARTESIAN_POINT('',(258.30589696926,-129.9279166193,7.2));
#245 = DIRECTION('',(0.,0.,1.));
#246 = DIRECTION('',(1.,0.,-0.));
#247 = DEFINITIONAL_REPRESENTATION('',(#248),#256);
#248 = ( BOUNDED_CURVE() B_SPLINE_CURVE(2,(#249,#250,#251,#252,#253,#254
,#255),.UNSPECIFIED.,.T.,.F.) B_SPLINE_CURVE_WITH_KNOTS((1,2,2,2,2,1),(
    -2.094395102393,0.,2.094395102393,4.188790204786,6.28318530718,
8.377580409573),.UNSPECIFIED.) CURVE() GEOMETRIC_REPRESENTATION_ITEM() 
RATIONAL_B_SPLINE_CURVE((1.,0.5,1.,0.5,1.,0.5,1.)) REPRESENTATION_ITEM(
  '') );
#249 = CARTESIAN_POINT('',(-21.83450775645,-16.52087633291));
#250 = CARTESIAN_POINT('',(-26.07650247222,-21.99860221427));
#251 = CARTESIAN_POINT('',(-28.69935488256,-15.58606408701));
#252 = CARTESIAN_POINT('',(-31.3222072929,-9.173525959754));
#253 = CARTESIAN_POINT('',(-24.45736016679,-10.10833820565));
#254 = CARTESIAN_POINT('',(-17.59251304067,-11.04315045155));
#255 = CARTESIAN_POINT('',(-21.83450775645,-16.52087633291));
#256 = ( GEOMETRIC_REPRESENTATION_CONTEXT(2) 
PARAMETRIC_REPRESENTATION_CONTEXT() REPRESENTATION_CONTEXT('2D SPACE',''
  ) );
#257 = ORIENTED_EDGE('',*,*,#258,.F.);
#258 = EDGE_CURVE('',#42,#226,#259,.T.);
#259 = SURFACE_CURVE('',#260,(#264,#271),.PCURVE_S1.);
#260 = LINE('',#261,#262);
#261 = CARTESIAN_POINT('',(229.5363636392,-142.6698067579,0.));
#262 = VECTOR('',#263,1.);
#263 = DIRECTION('',(0.,0.,1.));
#264 = PCURVE('',#51,#265);
#265 = DEFINITIONAL_REPRESENTATION('',(#266),#270);
#266 = LINE('',#267,#268);
#267 = CARTESIAN_POINT('',(2.821571095307,0.));
#268 = VECTOR('',#269,1.);
#269 = DIRECTION('',(0.,-1.));
#270 = ( GEOMETRIC_REPRESENTATION_CONTEXT(2) 
PARAMETRIC_REPRESENTATION_CONTEXT() REPRESENTATION_CONTEXT('2D SPACE',''
  ) );
#271 = PCURVE('',#272,#277);
#272 = PLANE('',#273);
#273 = AXIS2_PLACEMENT_3D('',#274,#275,#276);
#274 = CARTESIAN_POINT('',(243.92793062103,-101.8450482229,0.));
#275 = DIRECTION('',(0.943114765365,-0.332467350803,0.));
#276 = DIRECTION('',(-0.332467350803,-0.943114765365,0.));
#277 = DEFINITIONAL_REPRESENTATION('',(#278),#282);
#278 = LINE('',#279,#280);
#279 = CARTESIAN_POINT('',(43.287158715232,0.));
#280 = VECTOR('',#281,1.);
#281 = DIRECTION('',(0.,-1.));
#282 = ( GEOMETRIC_REPRESENTATION_CONTEXT(2) 
PARAMETRIC_REPRESENTATION_CONTEXT() REPRESENTATION_CONTEXT('2D SPACE',''
  ) );
#283 = ADVANCED_FACE('',(#284,#1889,#1920),#63,.F.);
#284 = FACE_BOUND('',#285,.F.);
#285 = EDGE_LOOP('',(#286,#287,#310,#343,#371,#404,#432,#465,#493,#526,
    #554,#587,#615,#648,#676,#709,#737,#770,#798,#831,#859,#892,#920,
    #953,#981,#1014,#1042,#1075,#1103,#1136,#1164,#1197,#1225,#1258,
    #1286,#1319,#1347,#1380,#1408,#1441,#1469,#1502,#1530,#1563,#1591,
    #1624,#1652,#1685,#1713,#1746,#1774,#1807,#1835,#1868));
#286 = ORIENTED_EDGE('',*,*,#39,.F.);
#287 = ORIENTED_EDGE('',*,*,#288,.T.);
#288 = EDGE_CURVE('',#40,#289,#291,.T.);
#289 = VERTEX_POINT('',#290);
#290 = CARTESIAN_POINT('',(257.13685433557,-167.5114764945,0.));
#291 = SURFACE_CURVE('',#292,(#296,#303),.PCURVE_S1.);
#292 = LINE('',#293,#294);
#293 = CARTESIAN_POINT('',(228.5761,-145.3938,0.));
#294 = VECTOR('',#295,1.);
#295 = DIRECTION('',(0.790641628038,-0.612279197763,-0.));
#296 = PCURVE('',#63,#297);
#297 = DEFINITIONAL_REPRESENTATION('',(#298),#302);
#298 = LINE('',#299,#300);
#299 = CARTESIAN_POINT('',(-29.72979696927,-15.46588338066));
#300 = VECTOR('',#301,1.);
#301 = DIRECTION('',(0.790641628038,-0.612279197763));
#302 = ( GEOMETRIC_REPRESENTATION_CONTEXT(2) 
PARAMETRIC_REPRESENTATION_CONTEXT() REPRESENTATION_CONTEXT('2D SPACE',''
  ) );
#303 = PCURVE('',#95,#304);
#304 = DEFINITIONAL_REPRESENTATION('',(#305),#309);
#305 = LINE('',#306,#307);
#306 = CARTESIAN_POINT('',(-2.888294555501,-0.));
#307 = VECTOR('',#308,1.);
#308 = DIRECTION('',(1.,0.));
#309 = ( GEOMETRIC_REPRESENTATION_CONTEXT(2) 
PARAMETRIC_REPRESENTATION_CONTEXT() REPRESENTATION_CONTEXT('2D SPACE',''
  ) );
#310 = ORIENTED_EDGE('',*,*,#311,.F.);
#311 = EDGE_CURVE('',#312,#289,#314,.T.);
#312 = VERTEX_POINT('',#313);
#313 = CARTESIAN_POINT('',(260.19415477811,-168.302403709,0.));
#314 = SURFACE_CURVE('',#315,(#320,#331),.PCURVE_S1.);
#315 = CIRCLE('',#316,4.);
#316 = AXIS2_PLACEMENT_3D('',#317,#318,#319);
#317 = CARTESIAN_POINT('',(259.58597112662,-164.3489099824,0.));
#318 = DIRECTION('',(0.,0.,-1.));
#319 = DIRECTION('',(0.988373431644,0.152045912871,0.));
#320 = PCURVE('',#63,#321);
#321 = DEFINITIONAL_REPRESENTATION('',(#322),#330);
#322 = ( BOUNDED_CURVE() B_SPLINE_CURVE(2,(#323,#324,#325,#326,#327,#328
,#329),.UNSPECIFIED.,.T.,.F.) B_SPLINE_CURVE_WITH_KNOTS((1,2,2,2,2,1),(
    -2.094395102393,0.,2.094395102393,4.188790204786,6.28318530718,
8.377580409573),.UNSPECIFIED.) CURVE() GEOMETRIC_REPRESENTATION_ITEM() 
RATIONAL_B_SPLINE_CURVE((1.,0.5,1.,0.5,1.,0.5,1.)) REPRESENTATION_ITEM(
  '') );
#323 = CARTESIAN_POINT('',(5.233567883934,-33.81280971162));
#324 = CARTESIAN_POINT('',(6.286972868636,-40.66046171345));
#325 = CARTESIAN_POINT('',(-0.169970213578,-38.14891118976));
#326 = CARTESIAN_POINT('',(-6.626913295791,-35.63736066606));
#327 = CARTESIAN_POINT('',(-1.223375198279,-31.30125918792));
#328 = CARTESIAN_POINT('',(4.180162899233,-26.96515770978));
#329 = CARTESIAN_POINT('',(5.233567883934,-33.81280971162));
#330 = ( GEOMETRIC_REPRESENTATION_CONTEXT(2) 
PARAMETRIC_REPRESENTATION_CONTEXT() REPRESENTATION_CONTEXT('2D SPACE',''
  ) );
#331 = PCURVE('',#332,#337);
#332 = CYLINDRICAL_SURFACE('',#333,4.);
#333 = AXIS2_PLACEMENT_3D('',#334,#335,#336);
#334 = CARTESIAN_POINT('',(259.58597112662,-164.3489099824,0.));
#335 = DIRECTION('',(0.,0.,-1.));
#336 = DIRECTION('',(0.988373431644,0.152045912871,0.));
#337 = DEFINITIONAL_REPRESENTATION('',(#338),#342);
#338 = LINE('',#339,#340);
#339 = CARTESIAN_POINT('',(0.,0.));
#340 = VECTOR('',#341,1.);
#341 = DIRECTION('',(1.,0.));
#342 = ( GEOMETRIC_REPRESENTATION_CONTEXT(2) 
PARAMETRIC_REPRESENTATION_CONTEXT() REPRESENTATION_CONTEXT('2D SPACE',''
  ) );
#343 = ORIENTED_EDGE('',*,*,#344,.T.);
#344 = EDGE_CURVE('',#312,#345,#347,.T.);
#345 = VERTEX_POINT('',#346);
#346 = CARTESIAN_POINT('',(260.4723774572,-168.2596034678,0.));
#347 = SURFACE_CURVE('',#348,(#352,#359),.PCURVE_S1.);
#348 = LINE('',#349,#350);
#349 = CARTESIAN_POINT('',(258.4956,-168.5637,0.));
#350 = VECTOR('',#351,1.);
#351 = DIRECTION('',(0.988373431644,0.152045912871,0.));
#352 = PCURVE('',#63,#353);
#353 = DEFINITIONAL_REPRESENTATION('',(#354),#358);
#354 = LINE('',#355,#356);
#355 = CARTESIAN_POINT('',(0.189703030731,-38.63578338066));
#356 = VECTOR('',#357,1.);
#357 = DIRECTION('',(0.988373431644,0.152045912871));
#358 = ( GEOMETRIC_REPRESENTATION_CONTEXT(2) 
PARAMETRIC_REPRESENTATION_CONTEXT() REPRESENTATION_CONTEXT('2D SPACE',''
  ) );
#359 = PCURVE('',#360,#365);
#360 = PLANE('',#361);
#361 = AXIS2_PLACEMENT_3D('',#362,#363,#364);
#362 = CARTESIAN_POINT('',(260.19415477811,-168.302403709,0.));
#363 = DIRECTION('',(-0.152045912871,0.988373431644,0.));
#364 = DIRECTION('',(0.988373431644,0.152045912871,0.));
#365 = DEFINITIONAL_REPRESENTATION('',(#366),#370);
#366 = LINE('',#367,#368);
#367 = CARTESIAN_POINT('',(-1.71853544797,-0.));
#368 = VECTOR('',#369,1.);
#369 = DIRECTION('',(1.,0.));
#370 = ( GEOMETRIC_REPRESENTATION_CONTEXT(2) 
PARAMETRIC_REPRESENTATION_CONTEXT() REPRESENTATION_CONTEXT('2D SPACE',''
  ) );
#371 = ORIENTED_EDGE('',*,*,#372,.F.);
#372 = EDGE_CURVE('',#373,#345,#375,.T.);
#373 = VERTEX_POINT('',#374);
#374 = CARTESIAN_POINT('',(260.47242254273,-168.2595965318,0.));
#375 = SURFACE_CURVE('',#376,(#381,#392),.PCURVE_S1.);
#376 = CIRCLE('',#377,4.);
#377 = AXIS2_PLACEMENT_3D('',#378,#379,#380);
#378 = CARTESIAN_POINT('',(259.86419380572,-164.3061097412,0.));
#379 = DIRECTION('',(0.,0.,-1.));
#380 = DIRECTION('',(0.988371697651,0.152057184254,0.));
#381 = PCURVE('',#63,#382);
#382 = DEFINITIONAL_REPRESENTATION('',(#383),#391);
#383 = ( BOUNDED_CURVE() B_SPLINE_CURVE(2,(#384,#385,#386,#387,#388,#389
,#390),.UNSPECIFIED.,.T.,.F.) B_SPLINE_CURVE_WITH_KNOTS((1,2,2,2,2,1),(
    -2.094395102393,0.,2.094395102393,4.188790204786,6.28318530718,
8.377580409573),.UNSPECIFIED.) CURVE() GEOMETRIC_REPRESENTATION_ITEM() 
RATIONAL_B_SPLINE_CURVE((1.,0.5,1.,0.5,1.,0.5,1.)) REPRESENTATION_ITEM(
  '') );
#384 = CARTESIAN_POINT('',(5.511783627054,-33.76996438493));
#385 = CARTESIAN_POINT('',(6.565266702188,-40.61760437331));
#386 = CARTESIAN_POINT('',(0.108294978717,-38.10612748464));
#387 = CARTESIAN_POINT('',(-6.348676744754,-35.59465059598));
#388 = CARTESIAN_POINT('',(-0.945188096417,-31.25848749627));
#389 = CARTESIAN_POINT('',(4.458300551919,-26.92232439655));
#390 = CARTESIAN_POINT('',(5.511783627054,-33.76996438493));
#391 = ( GEOMETRIC_REPRESENTATION_CONTEXT(2) 
PARAMETRIC_REPRESENTATION_CONTEXT() REPRESENTATION_CONTEXT('2D SPACE',''
  ) );
#392 = PCURVE('',#393,#398);
#393 = CYLINDRICAL_SURFACE('',#394,4.);
#394 = AXIS2_PLACEMENT_3D('',#395,#396,#397);
#395 = CARTESIAN_POINT('',(259.86419380572,-164.3061097412,0.));
#396 = DIRECTION('',(0.,0.,-1.));
#397 = DIRECTION('',(0.988371697651,0.152057184254,0.));
#398 = DEFINITIONAL_REPRESENTATION('',(#399),#403);
#399 = LINE('',#400,#401);
#400 = CARTESIAN_POINT('',(0.,0.));
#401 = VECTOR('',#402,1.);
#402 = DIRECTION('',(1.,0.));
#403 = ( GEOMETRIC_REPRESENTATION_CONTEXT(2) 
PARAMETRIC_REPRESENTATION_CONTEXT() REPRESENTATION_CONTEXT('2D SPACE',''
  ) );
#404 = ORIENTED_EDGE('',*,*,#405,.T.);
#405 = EDGE_CURVE('',#373,#406,#408,.T.);
#406 = VERTEX_POINT('',#407);
#407 = CARTESIAN_POINT('',(272.21365945572,-166.4532523914,0.));
#408 = SURFACE_CURVE('',#409,(#413,#420),.PCURVE_S1.);
#409 = LINE('',#410,#411);
#410 = CARTESIAN_POINT('',(260.47242254273,-168.2595965318,0.));
#411 = VECTOR('',#412,1.);
#412 = DIRECTION('',(0.988371697651,0.152057184254,0.));
#413 = PCURVE('',#63,#414);
#414 = DEFINITIONAL_REPRESENTATION('',(#415),#419);
#415 = LINE('',#416,#417);
#416 = CARTESIAN_POINT('',(2.166525573467,-38.33167991255));
#417 = VECTOR('',#418,1.);
#418 = DIRECTION('',(0.988371697651,0.152057184254));
#419 = ( GEOMETRIC_REPRESENTATION_CONTEXT(2) 
PARAMETRIC_REPRESENTATION_CONTEXT() REPRESENTATION_CONTEXT('2D SPACE',''
  ) );
#420 = PCURVE('',#421,#426);
#421 = PLANE('',#422);
#422 = AXIS2_PLACEMENT_3D('',#423,#424,#425);
#423 = CARTESIAN_POINT('',(260.47242254273,-168.2595965318,0.));
#424 = DIRECTION('',(-0.152057184254,0.988371697651,0.));
#425 = DIRECTION('',(0.988371697651,0.152057184254,0.));
#426 = DEFINITIONAL_REPRESENTATION('',(#427),#431);
#427 = LINE('',#428,#429);
#428 = CARTESIAN_POINT('',(0.,0.));
#429 = VECTOR('',#430,1.);
#430 = DIRECTION('',(1.,0.));
#431 = ( GEOMETRIC_REPRESENTATION_CONTEXT(2) 
PARAMETRIC_REPRESENTATION_CONTEXT() REPRESENTATION_CONTEXT('2D SPACE',''
  ) );
#432 = ORIENTED_EDGE('',*,*,#433,.F.);
#433 = EDGE_CURVE('',#434,#406,#436,.T.);
#434 = VERTEX_POINT('',#435);
#435 = CARTESIAN_POINT('',(275.58809603802,-162.8717561307,0.));
#436 = SURFACE_CURVE('',#437,(#442,#453),.PCURVE_S1.);
#437 = CIRCLE('',#438,4.);
#438 = AXIS2_PLACEMENT_3D('',#439,#440,#441);
#439 = CARTESIAN_POINT('',(271.60543071871,-162.4997656008,0.));
#440 = DIRECTION('',(0.,0.,-1.));
#441 = DIRECTION('',(9.299763248629E-02,0.995666329827,0.));
#442 = PCURVE('',#63,#443);
#443 = DEFINITIONAL_REPRESENTATION('',(#444),#452);
#444 = ( BOUNDED_CURVE() B_SPLINE_CURVE(2,(#445,#446,#447,#448,#449,#450
,#451),.UNSPECIFIED.,.T.,.F.) B_SPLINE_CURVE_WITH_KNOTS((1,2,2,2,2,1),(
    -2.094395102393,0.,2.094395102393,4.188790204786,6.28318530718,
8.377580409573),.UNSPECIFIED.) CURVE() GEOMETRIC_REPRESENTATION_ITEM() 
RATIONAL_B_SPLINE_CURVE((1.,0.5,1.,0.5,1.,0.5,1.)) REPRESENTATION_ITEM(
  '') );
#445 = CARTESIAN_POINT('',(13.671524279387,-28.58918366218));
#446 = CARTESIAN_POINT('',(20.569702961973,-29.23349015997));
#447 = CARTESIAN_POINT('',(16.562627825762,-34.88533489004));
#448 = CARTESIAN_POINT('',(12.555552689551,-40.5371796201));
#449 = CARTESIAN_POINT('',(9.664449143175,-34.24102839224));
#450 = CARTESIAN_POINT('',(6.7733455968,-27.94487716438));
#451 = CARTESIAN_POINT('',(13.671524279387,-28.58918366218));
#452 = ( GEOMETRIC_REPRESENTATION_CONTEXT(2) 
PARAMETRIC_REPRESENTATION_CONTEXT() REPRESENTATION_CONTEXT('2D SPACE',''
  ) );
#453 = PCURVE('',#454,#459);
#454 = CYLINDRICAL_SURFACE('',#455,4.);
#455 = AXIS2_PLACEMENT_3D('',#456,#457,#458);
#456 = CARTESIAN_POINT('',(271.60543071871,-162.4997656008,0.));
#457 = DIRECTION('',(0.,0.,-1.));
#458 = DIRECTION('',(9.299763248629E-02,0.995666329827,0.));
#459 = DEFINITIONAL_REPRESENTATION('',(#460),#464);
#460 = LINE('',#461,#462);
#461 = CARTESIAN_POINT('',(0.,0.));
#462 = VECTOR('',#463,1.);
#463 = DIRECTION('',(1.,0.));
#464 = ( GEOMETRIC_REPRESENTATION_CONTEXT(2) 
PARAMETRIC_REPRESENTATION_CONTEXT() REPRESENTATION_CONTEXT('2D SPACE',''
  ) );
#465 = ORIENTED_EDGE('',*,*,#466,.T.);
#466 = EDGE_CURVE('',#434,#467,#469,.T.);
#467 = VERTEX_POINT('',#468);
#468 = CARTESIAN_POINT('',(280.39325478324,-111.4259865537,0.));
#469 = SURFACE_CURVE('',#470,(#474,#481),.PCURVE_S1.);
#470 = LINE('',#471,#472);
#471 = CARTESIAN_POINT('',(275.2979,-165.9787,0.));
#472 = VECTOR('',#473,1.);
#473 = DIRECTION('',(9.299763248629E-02,0.995666329827,0.));
#474 = PCURVE('',#63,#475);
#475 = DEFINITIONAL_REPRESENTATION('',(#476),#480);
#476 = LINE('',#477,#478);
#477 = CARTESIAN_POINT('',(16.992003030731,-36.05078338066));
#478 = VECTOR('',#479,1.);
#479 = DIRECTION('',(9.299763248629E-02,0.995666329827));
#480 = ( GEOMETRIC_REPRESENTATION_CONTEXT(2) 
PARAMETRIC_REPRESENTATION_CONTEXT() REPRESENTATION_CONTEXT('2D SPACE',''
  ) );
#481 = PCURVE('',#482,#487);
#482 = PLANE('',#483);
#483 = AXIS2_PLACEMENT_3D('',#484,#485,#486);
#484 = CARTESIAN_POINT('',(275.58809603802,-162.8717561307,0.));
#485 = DIRECTION('',(-0.995666329827,9.299763248629E-02,0.));
#486 = DIRECTION('',(9.299763248629E-02,0.995666329827,0.));
#487 = DEFINITIONAL_REPRESENTATION('',(#488),#492);
#488 = LINE('',#489,#490);
#489 = CARTESIAN_POINT('',(-3.120466943749,-0.));
#490 = VECTOR('',#491,1.);
#491 = DIRECTION('',(1.,0.));
#492 = ( GEOMETRIC_REPRESENTATION_CONTEXT(2) 
PARAMETRIC_REPRESENTATION_CONTEXT() REPRESENTATION_CONTEXT('2D SPACE',''
  ) );
#493 = ORIENTED_EDGE('',*,*,#494,.F.);
#494 = EDGE_CURVE('',#495,#467,#497,.T.);
#495 = VERTEX_POINT('',#496);
#496 = CARTESIAN_POINT('',(280.40201967177,-111.315692214,0.));
#497 = SURFACE_CURVE('',#498,(#503,#514),.PCURVE_S1.);
#498 = CIRCLE('',#499,4.);
#499 = AXIS2_PLACEMENT_3D('',#500,#501,#502);
#500 = CARTESIAN_POINT('',(276.41058946394,-111.0539960237,0.));
#501 = DIRECTION('',(0.,0.,-1.));
#502 = DIRECTION('',(6.542404755987E-02,0.997857551959,0.));
#503 = PCURVE('',#63,#504);
#504 = DEFINITIONAL_REPRESENTATION('',(#505),#513);
#505 = ( BOUNDED_CURVE() B_SPLINE_CURVE(2,(#506,#507,#508,#509,#510,#511
,#512),.UNSPECIFIED.,.T.,.F.) B_SPLINE_CURVE_WITH_KNOTS((1,2,2,2,2,1),(
    -2.094395102393,0.,2.094395102393,4.188790204786,6.28318530718,
8.377580409573),.UNSPECIFIED.) CURVE() GEOMETRIC_REPRESENTATION_ITEM() 
RATIONAL_B_SPLINE_CURVE((1.,0.5,1.,0.5,1.,0.5,1.)) REPRESENTATION_ITEM(
  '') );
#506 = CARTESIAN_POINT('',(18.36638868491,22.86535080339));
#507 = CARTESIAN_POINT('',(25.279748599744,22.412079705748));
#508 = CARTESIAN_POINT('',(21.430524356968,16.651569942817));
#509 = CARTESIAN_POINT('',(17.581300114191,10.891060179886));
#510 = CARTESIAN_POINT('',(14.517164442133,17.104841040459));
#511 = CARTESIAN_POINT('',(11.453028770075,23.318621901032));
#512 = CARTESIAN_POINT('',(18.36638868491,22.86535080339));
#513 = ( GEOMETRIC_REPRESENTATION_CONTEXT(2) 
PARAMETRIC_REPRESENTATION_CONTEXT() REPRESENTATION_CONTEXT('2D SPACE',''
  ) );
#514 = PCURVE('',#515,#520);
#515 = CYLINDRICAL_SURFACE('',#516,4.);
#516 = AXIS2_PLACEMENT_3D('',#517,#518,#519);
#517 = CARTESIAN_POINT('',(276.41058946394,-111.0539960237,0.));
#518 = DIRECTION('',(0.,0.,-1.));
#519 = DIRECTION('',(6.542404755987E-02,0.997857551959,0.));
#520 = DEFINITIONAL_REPRESENTATION('',(#521),#525);
#521 = LINE('',#522,#523);
#522 = CARTESIAN_POINT('',(0.,0.));
#523 = VECTOR('',#524,1.);
#524 = DIRECTION('',(1.,0.));
#525 = ( GEOMETRIC_REPRESENTATION_CONTEXT(2) 
PARAMETRIC_REPRESENTATION_CONTEXT() REPRESENTATION_CONTEXT('2D SPACE',''
  ) );
#526 = ORIENTED_EDGE('',*,*,#527,.T.);
#527 = EDGE_CURVE('',#495,#528,#530,.T.);
#528 = VERTEX_POINT('',#529);
#529 = CARTESIAN_POINT('',(280.54384201591,-109.1525961902,0.));
#530 = SURFACE_CURVE('',#531,(#535,#542),.PCURVE_S1.);
#531 = LINE('',#532,#533);
#532 = CARTESIAN_POINT('',(280.3984,-111.3709,0.));
#533 = VECTOR('',#534,1.);
#534 = DIRECTION('',(6.542404755987E-02,0.997857551959,0.));
#535 = PCURVE('',#63,#536);
#536 = DEFINITIONAL_REPRESENTATION('',(#537),#541);
#537 = LINE('',#538,#539);
#538 = CARTESIAN_POINT('',(22.09250303073,18.557016619335));
#539 = VECTOR('',#540,1.);
#540 = DIRECTION('',(6.542404755987E-02,0.997857551959));
#541 = ( GEOMETRIC_REPRESENTATION_CONTEXT(2) 
PARAMETRIC_REPRESENTATION_CONTEXT() REPRESENTATION_CONTEXT('2D SPACE',''
  ) );
#542 = PCURVE('',#543,#548);
#543 = PLANE('',#544);
#544 = AXIS2_PLACEMENT_3D('',#545,#546,#547);
#545 = CARTESIAN_POINT('',(280.40201967177,-111.315692214,0.));
#546 = DIRECTION('',(-0.997857551959,6.542404755987E-02,0.));
#547 = DIRECTION('',(6.542404755987E-02,0.997857551959,0.));
#548 = DEFINITIONAL_REPRESENTATION('',(#549),#553);
#549 = LINE('',#550,#551);
#550 = CARTESIAN_POINT('',(-5.532631974635E-02,-0.));
#551 = VECTOR('',#552,1.);
#552 = DIRECTION('',(1.,0.));
#553 = ( GEOMETRIC_REPRESENTATION_CONTEXT(2) 
PARAMETRIC_REPRESENTATION_CONTEXT() REPRESENTATION_CONTEXT('2D SPACE',''
  ) );
#554 = ORIENTED_EDGE('',*,*,#555,.F.);
#555 = EDGE_CURVE('',#556,#528,#558,.T.);
#556 = VERTEX_POINT('',#557);
#557 = CARTESIAN_POINT('',(280.54384201591,-108.6292038097,0.));
#558 = SURFACE_CURVE('',#559,(#564,#575),.PCURVE_S1.);
#559 = CIRCLE('',#560,4.);
#560 = AXIS2_PLACEMENT_3D('',#561,#562,#563);
#561 = CARTESIAN_POINT('',(276.55241180808,-108.8909,0.));
#562 = DIRECTION('',(0.,0.,-1.));
#563 = DIRECTION('',(-6.542404755987E-02,0.997857551959,0.));
#564 = PCURVE('',#63,#565);
#565 = DEFINITIONAL_REPRESENTATION('',(#566),#574);
#566 = ( BOUNDED_CURVE() B_SPLINE_CURVE(2,(#567,#568,#569,#570,#571,#572
,#573),.UNSPECIFIED.,.T.,.F.) B_SPLINE_CURVE_WITH_KNOTS((1,2,2,2,2,1),(
    -2.094395102393,0.,2.094395102393,4.188790204786,6.28318530718,
8.377580409573),.UNSPECIFIED.) CURVE() GEOMETRIC_REPRESENTATION_ITEM() 
RATIONAL_B_SPLINE_CURVE((1.,0.5,1.,0.5,1.,0.5,1.)) REPRESENTATION_ITEM(
  '') );
#567 = CARTESIAN_POINT('',(17.984818648571,25.028446827169));
#568 = CARTESIAN_POINT('',(24.898178563405,25.481717924811));
#569 = CARTESIAN_POINT('',(21.834042891347,19.267937064238));
#570 = CARTESIAN_POINT('',(18.769907219289,13.054156203666));
#571 = CARTESIAN_POINT('',(14.920682976512,18.814665966596));
#572 = CARTESIAN_POINT('',(11.071458733736,24.575175729527));
#573 = CARTESIAN_POINT('',(17.984818648571,25.028446827169));
#574 = ( GEOMETRIC_REPRESENTATION_CONTEXT(2) 
PARAMETRIC_REPRESENTATION_CONTEXT() REPRESENTATION_CONTEXT('2D SPACE',''
  ) );
#575 = PCURVE('',#576,#581);
#576 = CYLINDRICAL_SURFACE('',#577,4.);
#577 = AXIS2_PLACEMENT_3D('',#578,#579,#580);
#578 = CARTESIAN_POINT('',(276.55241180808,-108.8909,0.));
#579 = DIRECTION('',(0.,0.,-1.));
#580 = DIRECTION('',(-6.542404755987E-02,0.997857551959,0.));
#581 = DEFINITIONAL_REPRESENTATION('',(#582),#586);
#582 = LINE('',#583,#584);
#583 = CARTESIAN_POINT('',(0.,0.));
#584 = VECTOR('',#585,1.);
#585 = DIRECTION('',(1.,0.));
#586 = ( GEOMETRIC_REPRESENTATION_CONTEXT(2) 
PARAMETRIC_REPRESENTATION_CONTEXT() REPRESENTATION_CONTEXT('2D SPACE',''
  ) );
#587 = ORIENTED_EDGE('',*,*,#588,.T.);
#588 = EDGE_CURVE('',#556,#589,#591,.T.);
#589 = VERTEX_POINT('',#590);
#590 = CARTESIAN_POINT('',(280.41554615259,-106.6724157344,0.));
#591 = SURFACE_CURVE('',#592,(#596,#603),.PCURVE_S1.);
#592 = LINE('',#593,#594);
#593 = CARTESIAN_POINT('',(280.561,-108.8909,0.));
#594 = VECTOR('',#595,1.);
#595 = DIRECTION('',(-6.542404755987E-02,0.997857551959,0.));
#596 = PCURVE('',#63,#597);
#597 = DEFINITIONAL_REPRESENTATION('',(#598),#602);
#598 = LINE('',#599,#600);
#599 = CARTESIAN_POINT('',(22.25510303073,21.037016619335));
#600 = VECTOR('',#601,1.);
#601 = DIRECTION('',(-6.542404755987E-02,0.997857551959));
#602 = ( GEOMETRIC_REPRESENTATION_CONTEXT(2) 
PARAMETRIC_REPRESENTATION_CONTEXT() REPRESENTATION_CONTEXT('2D SPACE',''
  ) );
#603 = PCURVE('',#604,#609);
#604 = PLANE('',#605);
#605 = AXIS2_PLACEMENT_3D('',#606,#607,#608);
#606 = CARTESIAN_POINT('',(280.54384201591,-108.6292038097,0.));
#607 = DIRECTION('',(-0.997857551959,-6.542404755987E-02,0.));
#608 = DIRECTION('',(-6.542404755987E-02,0.997857551959,0.));
#609 = DEFINITIONAL_REPRESENTATION('',(#610),#614);
#610 = LINE('',#611,#612);
#611 = CARTESIAN_POINT('',(-0.262258064516,-0.));
#612 = VECTOR('',#613,1.);
#613 = DIRECTION('',(1.,0.));
#614 = ( GEOMETRIC_REPRESENTATION_CONTEXT(2) 
PARAMETRIC_REPRESENTATION_CONTEXT() REPRESENTATION_CONTEXT('2D SPACE',''
  ) );
#615 = ORIENTED_EDGE('',*,*,#616,.F.);
#616 = EDGE_CURVE('',#617,#589,#619,.T.);
#617 = VERTEX_POINT('',#618);
#618 = CARTESIAN_POINT('',(280.34727824795,-106.1538571312,0.));
#619 = SURFACE_CURVE('',#620,(#625,#636),.PCURVE_S1.);
#620 = CIRCLE('',#621,4.);
#621 = AXIS2_PLACEMENT_3D('',#622,#623,#624);
#622 = CARTESIAN_POINT('',(276.42411594475,-106.9341119247,0.));
#623 = DIRECTION('',(0.,0.,-1.));
#624 = DIRECTION('',(-0.19506369837,0.9807905758,0.));
#625 = PCURVE('',#63,#626);
#626 = DEFINITIONAL_REPRESENTATION('',(#627),#635);
#627 = ( BOUNDED_CURVE() B_SPLINE_CURVE(2,(#628,#629,#630,#631,#632,#633
,#634),.UNSPECIFIED.,.T.,.F.) B_SPLINE_CURVE_WITH_KNOTS((1,2,2,2,2,1),(
    -2.094395102393,0.,2.094395102393,4.188790204786,6.28318530718,
8.377580409573),.UNSPECIFIED.) CURVE() GEOMETRIC_REPRESENTATION_ITEM() 
RATIONAL_B_SPLINE_CURVE((1.,0.5,1.,0.5,1.,0.5,1.)) REPRESENTATION_ITEM(
  '') );
#628 = CARTESIAN_POINT('',(17.337964182004,26.91696699783));
#629 = CARTESIAN_POINT('',(24.133080617486,28.26840794299));
#630 = CARTESIAN_POINT('',(21.905904589968,21.70794401561));
#631 = CARTESIAN_POINT('',(19.67872856245,15.14748008823));
#632 = CARTESIAN_POINT('',(15.110788154487,20.35650307045));
#633 = CARTESIAN_POINT('',(10.542847746523,25.56552605267));
#634 = CARTESIAN_POINT('',(17.337964182004,26.91696699783));
#635 = ( GEOMETRIC_REPRESENTATION_CONTEXT(2) 
PARAMETRIC_REPRESENTATION_CONTEXT() REPRESENTATION_CONTEXT('2D SPACE',''
  ) );
#636 = PCURVE('',#637,#642);
#637 = CYLINDRICAL_SURFACE('',#638,4.);
#638 = AXIS2_PLACEMENT_3D('',#639,#640,#641);
#639 = CARTESIAN_POINT('',(276.42411594475,-106.9341119247,0.));
#640 = DIRECTION('',(0.,0.,-1.));
#641 = DIRECTION('',(-0.19506369837,0.9807905758,0.));
#642 = DEFINITIONAL_REPRESENTATION('',(#643),#647);
#643 = LINE('',#644,#645);
#644 = CARTESIAN_POINT('',(0.,0.));
#645 = VECTOR('',#646,1.);
#646 = DIRECTION('',(1.,0.));
#647 = ( GEOMETRIC_REPRESENTATION_CONTEXT(2) 
PARAMETRIC_REPRESENTATION_CONTEXT() REPRESENTATION_CONTEXT('2D SPACE',''
  ) );
#648 = ORIENTED_EDGE('',*,*,#649,.T.);
#649 = EDGE_CURVE('',#617,#650,#652,.T.);
#650 = VERTEX_POINT('',#651);
#651 = CARTESIAN_POINT('',(279.96475546834,-104.2305123961,0.));
#652 = SURFACE_CURVE('',#653,(#657,#664),.PCURVE_S1.);
#653 = LINE('',#654,#655);
#654 = CARTESIAN_POINT('',(280.3984,-106.4109,0.));
#655 = VECTOR('',#656,1.);
#656 = DIRECTION('',(-0.19506369837,0.9807905758,0.));
#657 = PCURVE('',#63,#658);
#658 = DEFINITIONAL_REPRESENTATION('',(#659),#663);
#659 = LINE('',#660,#661);
#660 = CARTESIAN_POINT('',(22.09250303073,23.517016619335));
#661 = VECTOR('',#662,1.);
#662 = DIRECTION('',(-0.19506369837,0.9807905758));
#663 = ( GEOMETRIC_REPRESENTATION_CONTEXT(2) 
PARAMETRIC_REPRESENTATION_CONTEXT() REPRESENTATION_CONTEXT('2D SPACE',''
  ) );
#664 = PCURVE('',#665,#670);
#665 = PLANE('',#666);
#666 = AXIS2_PLACEMENT_3D('',#667,#668,#669);
#667 = CARTESIAN_POINT('',(280.34727824795,-106.1538571312,0.));
#668 = DIRECTION('',(-0.9807905758,-0.19506369837,0.));
#669 = DIRECTION('',(-0.19506369837,0.9807905758,0.));
#670 = DEFINITIONAL_REPRESENTATION('',(#671),#675);
#671 = LINE('',#672,#673);
#672 = CARTESIAN_POINT('',(-0.262077221294,-0.));
#673 = VECTOR('',#674,1.);
#674 = DIRECTION('',(1.,0.));
#675 = ( GEOMETRIC_REPRESENTATION_CONTEXT(2) 
PARAMETRIC_REPRESENTATION_CONTEXT() REPRESENTATION_CONTEXT('2D SPACE',''
  ) );
#676 = ORIENTED_EDGE('',*,*,#677,.F.);
#677 = EDGE_CURVE('',#678,#650,#680,.T.);
#678 = VERTEX_POINT('',#679);
#679 = CARTESIAN_POINT('',(279.82929979592,-103.7249684187,0.));
#680 = SURFACE_CURVE('',#681,(#686,#697),.PCURVE_S1.);
#681 = CIRCLE('',#682,4.);
#682 = AXIS2_PLACEMENT_3D('',#683,#684,#685);
#683 = CARTESIAN_POINT('',(276.04159316514,-105.0107671895,0.));
#684 = DIRECTION('',(0.,0.,-1.));
#685 = DIRECTION('',(-0.321449692714,0.946926657695,0.));
#686 = PCURVE('',#63,#687);
#687 = DEFINITIONAL_REPRESENTATION('',(#688),#696);
#688 = ( BOUNDED_CURVE() B_SPLINE_CURVE(2,(#689,#690,#691,#692,#693,#694
,#695),.UNSPECIFIED.,.T.,.F.) B_SPLINE_CURVE_WITH_KNOTS((1,2,2,2,2,1),(
    -2.094395102393,0.,2.094395102393,4.188790204786,6.28318530718,
8.377580409573),.UNSPECIFIED.) CURVE() GEOMETRIC_REPRESENTATION_ITEM() 
RATIONAL_B_SPLINE_CURVE((1.,0.5,1.,0.5,1.,0.5,1.)) REPRESENTATION_ITEM(
  '') );
#689 = CARTESIAN_POINT('',(16.44989742502,28.704856060519));
#690 = CARTESIAN_POINT('',(23.010397753699,30.93192485995));
#691 = CARTESIAN_POINT('',(21.658845745643,24.136830514062));
#692 = CARTESIAN_POINT('',(20.307293737586,17.341736168174));
#693 = CARTESIAN_POINT('',(15.098345416963,21.909761714631));
#694 = CARTESIAN_POINT('',(9.889397096341,26.477787261088));
#695 = CARTESIAN_POINT('',(16.44989742502,28.704856060519));
#696 = ( GEOMETRIC_REPRESENTATION_CONTEXT(2) 
PARAMETRIC_REPRESENTATION_CONTEXT() REPRESENTATION_CONTEXT('2D SPACE',''
  ) );
#697 = PCURVE('',#698,#703);
#698 = CYLINDRICAL_SURFACE('',#699,4.);
#699 = AXIS2_PLACEMENT_3D('',#700,#701,#702);
#700 = CARTESIAN_POINT('',(276.04159316514,-105.0107671895,0.));
#701 = DIRECTION('',(0.,0.,-1.));
#702 = DIRECTION('',(-0.321449692714,0.946926657695,0.));
#703 = DEFINITIONAL_REPRESENTATION('',(#704),#708);
#704 = LINE('',#705,#706);
#705 = CARTESIAN_POINT('',(0.,0.));
#706 = VECTOR('',#707,1.);
#707 = DIRECTION('',(1.,0.));
#708 = ( GEOMETRIC_REPRESENTATION_CONTEXT(2) 
PARAMETRIC_REPRESENTATION_CONTEXT() REPRESENTATION_CONTEXT('2D SPACE',''
  ) );
#709 = ORIENTED_EDGE('',*,*,#710,.T.);
#710 = EDGE_CURVE('',#678,#711,#713,.T.);
#711 = VERTEX_POINT('',#712);
#712 = CARTESIAN_POINT('',(279.19896380134,-101.868124346,0.));
#713 = SURFACE_CURVE('',#714,(#718,#725),.PCURVE_S1.);
#714 = LINE('',#715,#716);
#715 = CARTESIAN_POINT('',(279.9136,-103.9733,0.));
#716 = VECTOR('',#717,1.);
#717 = DIRECTION('',(-0.321449692714,0.946926657695,0.));
#718 = PCURVE('',#63,#719);
#719 = DEFINITIONAL_REPRESENTATION('',(#720),#724);
#720 = LINE('',#721,#722);
#721 = CARTESIAN_POINT('',(21.60770303073,25.954616619335));
#722 = VECTOR('',#723,1.);
#723 = DIRECTION('',(-0.321449692714,0.946926657695));
#724 = ( GEOMETRIC_REPRESENTATION_CONTEXT(2) 
PARAMETRIC_REPRESENTATION_CONTEXT() REPRESENTATION_CONTEXT('2D SPACE',''
  ) );
#725 = PCURVE('',#726,#731);
#726 = PLANE('',#727);
#727 = AXIS2_PLACEMENT_3D('',#728,#729,#730);
#728 = CARTESIAN_POINT('',(279.82929979592,-103.7249684187,0.));
#729 = DIRECTION('',(-0.946926657695,-0.321449692714,0.));
#730 = DIRECTION('',(-0.321449692714,0.946926657695,0.));
#731 = DEFINITIONAL_REPRESENTATION('',(#732),#736);
#732 = LINE('',#733,#734);
#733 = CARTESIAN_POINT('',(-0.262250068936,-0.));
#734 = VECTOR('',#735,1.);
#735 = DIRECTION('',(1.,0.));
#736 = ( GEOMETRIC_REPRESENTATION_CONTEXT(2) 
PARAMETRIC_REPRESENTATION_CONTEXT() REPRESENTATION_CONTEXT('2D SPACE',''
  ) );
#737 = ORIENTED_EDGE('',*,*,#738,.F.);
#738 = EDGE_CURVE('',#739,#711,#741,.T.);
#739 = VERTEX_POINT('',#740);
#740 = CARTESIAN_POINT('',(278.99876164251,-101.3847957434,0.));
#741 = SURFACE_CURVE('',#742,(#747,#758),.PCURVE_S1.);
#742 = CIRCLE('',#743,4.);
#743 = AXIS2_PLACEMENT_3D('',#744,#745,#746);
#744 = CARTESIAN_POINT('',(275.41125717056,-103.1539231169,0.));
#745 = DIRECTION('',(0.,0.,-1.));
#746 = DIRECTION('',(-0.442281843379,0.896876117988,0.));
#747 = PCURVE('',#63,#748);
#748 = DEFINITIONAL_REPRESENTATION('',(#749),#757);
#749 = ( BOUNDED_CURVE() B_SPLINE_CURVE(2,(#750,#751,#752,#753,#754,#755
,#756),.UNSPECIFIED.,.T.,.F.) B_SPLINE_CURVE_WITH_KNOTS((1,2,2,2,2,1),(
    -2.094395102393,0.,2.094395102393,4.188790204786,6.28318530718,
8.377580409573),.UNSPECIFIED.) CURVE() GEOMETRIC_REPRESENTATION_ITEM() 
RATIONAL_B_SPLINE_CURVE((1.,0.5,1.,0.5,1.,0.5,1.)) REPRESENTATION_ITEM(
  '') );
#750 = CARTESIAN_POINT('',(15.336232827775,30.361497974355));
#751 = CARTESIAN_POINT('',(21.549972845575,33.425716470347));
#752 = CARTESIAN_POINT('',(21.096793896951,26.512350514424));
#753 = CARTESIAN_POINT('',(20.643614948326,19.5989845585));
#754 = CARTESIAN_POINT('',(14.88305387915,23.448132018431));
#755 = CARTESIAN_POINT('',(9.122492809974,27.297279478363));
#756 = CARTESIAN_POINT('',(15.336232827775,30.361497974355));
#757 = ( GEOMETRIC_REPRESENTATION_CONTEXT(2) 
PARAMETRIC_REPRESENTATION_CONTEXT() REPRESENTATION_CONTEXT('2D SPACE',''
  ) );
#758 = PCURVE('',#759,#764);
#759 = CYLINDRICAL_SURFACE('',#760,4.);
#760 = AXIS2_PLACEMENT_3D('',#761,#762,#763);
#761 = CARTESIAN_POINT('',(275.41125717056,-103.1539231169,0.));
#762 = DIRECTION('',(0.,0.,-1.));
#763 = DIRECTION('',(-0.442281843379,0.896876117988,0.));
#764 = DEFINITIONAL_REPRESENTATION('',(#765),#769);
#765 = LINE('',#766,#767);
#766 = CARTESIAN_POINT('',(0.,0.));
#767 = VECTOR('',#768,1.);
#768 = DIRECTION('',(1.,0.));
#769 = ( GEOMETRIC_REPRESENTATION_CONTEXT(2) 
PARAMETRIC_REPRESENTATION_CONTEXT() REPRESENTATION_CONTEXT('2D SPACE',''
  ) );
#770 = ORIENTED_EDGE('',*,*,#771,.T.);
#771 = EDGE_CURVE('',#739,#772,#774,.T.);
#772 = VERTEX_POINT('',#773);
#773 = CARTESIAN_POINT('',(278.13146414474,-99.62605654896,0.));
#774 = SURFACE_CURVE('',#775,(#779,#786),.PCURVE_S1.);
#775 = LINE('',#776,#777);
#776 = CARTESIAN_POINT('',(279.1147,-101.6199,0.));
#777 = VECTOR('',#778,1.);
#778 = DIRECTION('',(-0.442281843379,0.896876117988,0.));
#779 = PCURVE('',#63,#780);
#780 = DEFINITIONAL_REPRESENTATION('',(#781),#785);
#781 = LINE('',#782,#783);
#782 = CARTESIAN_POINT('',(20.808803030731,28.308016619335));
#783 = VECTOR('',#784,1.);
#784 = DIRECTION('',(-0.442281843379,0.896876117988));
#785 = ( GEOMETRIC_REPRESENTATION_CONTEXT(2) 
PARAMETRIC_REPRESENTATION_CONTEXT() REPRESENTATION_CONTEXT('2D SPACE',''
  ) );
#786 = PCURVE('',#787,#792);
#787 = PLANE('',#788);
#788 = AXIS2_PLACEMENT_3D('',#789,#790,#791);
#789 = CARTESIAN_POINT('',(278.99876164251,-101.3847957434,0.));
#790 = DIRECTION('',(-0.896876117988,-0.442281843379,0.));
#791 = DIRECTION('',(-0.442281843379,0.896876117988,0.));
#792 = DEFINITIONAL_REPRESENTATION('',(#793),#797);
#793 = LINE('',#794,#795);
#794 = CARTESIAN_POINT('',(-0.262136823437,-0.));
#795 = VECTOR('',#796,1.);
#796 = DIRECTION('',(1.,0.));
#797 = ( GEOMETRIC_REPRESENTATION_CONTEXT(2) 
PARAMETRIC_REPRESENTATION_CONTEXT() REPRESENTATION_CONTEXT('2D SPACE',''
  ) );
#798 = ORIENTED_EDGE('',*,*,#799,.F.);
#799 = EDGE_CURVE('',#800,#772,#802,.T.);
#800 = VERTEX_POINT('',#801);
#801 = CARTESIAN_POINT('',(277.8698315463,-99.17289314922,0.));
#802 = SURFACE_CURVE('',#803,(#808,#819),.PCURVE_S1.);
#803 = CIRCLE('',#804,4.);
#804 = AXIS2_PLACEMENT_3D('',#805,#806,#807);
#805 = CARTESIAN_POINT('',(274.54395967278,-101.3951839224,0.));
#806 = DIRECTION('',(0.,0.,-1.));
#807 = DIRECTION('',(-0.555572693316,0.83146796838,0.));
#808 = PCURVE('',#63,#809);
#809 = DEFINITIONAL_REPRESENTATION('',(#810),#818);
#810 = ( BOUNDED_CURVE() B_SPLINE_CURVE(2,(#811,#812,#813,#814,#815,#816
,#817),.UNSPECIFIED.,.T.,.F.) B_SPLINE_CURVE_WITH_KNOTS((1,2,2,2,2,1),(
    -2.094395102393,0.,2.094395102393,4.188790204786,6.28318530718,
8.377580409573),.UNSPECIFIED.) CURVE() GEOMETRIC_REPRESENTATION_ITEM() 
RATIONAL_B_SPLINE_CURVE((1.,0.5,1.,0.5,1.,0.5,1.)) REPRESENTATION_ITEM(
  '') );
#811 = CARTESIAN_POINT('',(14.015771930254,31.858604570367));
#812 = CARTESIAN_POINT('',(19.776350994651,35.707725098855));
#813 = CARTESIAN_POINT('',(20.229497622351,28.794357024334));
#814 = CARTESIAN_POINT('',(20.682644250051,21.880988949813));
#815 = CARTESIAN_POINT('',(14.468918557953,24.945236495846));
#816 = CARTESIAN_POINT('',(8.255192865856,28.009484041879));
#817 = CARTESIAN_POINT('',(14.015771930254,31.858604570367));
#818 = ( GEOMETRIC_REPRESENTATION_CONTEXT(2) 
PARAMETRIC_REPRESENTATION_CONTEXT() REPRESENTATION_CONTEXT('2D SPACE',''
  ) );
#819 = PCURVE('',#820,#825);
#820 = CYLINDRICAL_SURFACE('',#821,4.);
#821 = AXIS2_PLACEMENT_3D('',#822,#823,#824);
#822 = CARTESIAN_POINT('',(274.54395967278,-101.3951839224,0.));
#823 = DIRECTION('',(0.,0.,-1.));
#824 = DIRECTION('',(-0.555572693316,0.83146796838,0.));
#825 = DEFINITIONAL_REPRESENTATION('',(#826),#830);
#826 = LINE('',#827,#828);
#827 = CARTESIAN_POINT('',(0.,0.));
#828 = VECTOR('',#829,1.);
#829 = DIRECTION('',(1.,0.));
#830 = ( GEOMETRIC_REPRESENTATION_CONTEXT(2) 
PARAMETRIC_REPRESENTATION_CONTEXT() REPRESENTATION_CONTEXT('2D SPACE',''
  ) );
#831 = ORIENTED_EDGE('',*,*,#832,.T.);
#832 = EDGE_CURVE('',#800,#833,#835,.T.);
#833 = VERTEX_POINT('',#834);
#834 = CARTESIAN_POINT('',(276.78037678567,-97.54241932039,0.));
#835 = SURFACE_CURVE('',#836,(#840,#847),.PCURVE_S1.);
#836 = LINE('',#837,#838);
#837 = CARTESIAN_POINT('',(278.0155,-99.3909,0.));
#838 = VECTOR('',#839,1.);
#839 = DIRECTION('',(-0.555572693316,0.83146796838,0.));
#840 = PCURVE('',#63,#841);
#841 = DEFINITIONAL_REPRESENTATION('',(#842),#846);
#842 = LINE('',#843,#844);
#843 = CARTESIAN_POINT('',(19.70960303073,30.537016619335));
#844 = VECTOR('',#845,1.);
#845 = DIRECTION('',(-0.555572693316,0.83146796838));
#846 = ( GEOMETRIC_REPRESENTATION_CONTEXT(2) 
PARAMETRIC_REPRESENTATION_CONTEXT() REPRESENTATION_CONTEXT('2D SPACE',''
  ) );
#847 = PCURVE('',#848,#853);
#848 = PLANE('',#849);
#849 = AXIS2_PLACEMENT_3D('',#850,#851,#852);
#850 = CARTESIAN_POINT('',(277.8698315463,-99.17289314922,0.));
#851 = DIRECTION('',(-0.83146796838,-0.555572693316,0.));
#852 = DIRECTION('',(-0.555572693316,0.83146796838,0.));
#853 = DEFINITIONAL_REPRESENTATION('',(#854),#858);
#854 = LINE('',#855,#856);
#855 = CARTESIAN_POINT('',(-0.26219512846,-0.));
#856 = VECTOR('',#857,1.);
#857 = DIRECTION('',(1.,0.));
#858 = ( GEOMETRIC_REPRESENTATION_CONTEXT(2) 
PARAMETRIC_REPRESENTATION_CONTEXT() REPRESENTATION_CONTEXT('2D SPACE',''
  ) );
#859 = ORIENTED_EDGE('',*,*,#860,.F.);
#860 = EDGE_CURVE('',#861,#833,#863,.T.);
#861 = VERTEX_POINT('',#862);
#862 = CARTESIAN_POINT('',(276.46180870747,-97.12726362355,0.));
#863 = SURFACE_CURVE('',#864,(#869,#880),.PCURVE_S1.);
#864 = CIRCLE('',#865,4.);
#865 = AXIS2_PLACEMENT_3D('',#866,#867,#868);
#866 = CARTESIAN_POINT('',(273.45450491215,-99.76471009365,0.));
#867 = DIRECTION('',(0.,0.,-1.));
#868 = DIRECTION('',(-0.659361617526,0.75182594883,0.));
#869 = PCURVE('',#63,#870);
#870 = DEFINITIONAL_REPRESENTATION('',(#871),#879);
#871 = ( BOUNDED_CURVE() B_SPLINE_CURVE(2,(#872,#873,#874,#875,#876,#877
,#878),.UNSPECIFIED.,.T.,.F.) B_SPLINE_CURVE_WITH_KNOTS((1,2,2,2,2,1),(
    -2.094395102393,0.,2.094395102393,4.188790204786,6.28318530718,
8.377580409573),.UNSPECIFIED.) CURVE() GEOMETRIC_REPRESENTATION_ITEM() 
RATIONAL_B_SPLINE_CURVE((1.,0.5,1.,0.5,1.,0.5,1.)) REPRESENTATION_ITEM(
  '') );
#872 = CARTESIAN_POINT('',(12.511161472784,33.170510320995));
#873 = CARTESIAN_POINT('',(17.71996444007,37.738701609458));
#874 = CARTESIAN_POINT('',(19.071732661583,30.943650272249));
#875 = CARTESIAN_POINT('',(20.423500883095,24.14859893504));
#876 = CARTESIAN_POINT('',(13.862929694296,26.375458983786));
#877 = CARTESIAN_POINT('',(7.302358505497,28.602319032533));
#878 = CARTESIAN_POINT('',(12.511161472784,33.170510320995));
#879 = ( GEOMETRIC_REPRESENTATION_CONTEXT(2) 
PARAMETRIC_REPRESENTATION_CONTEXT() REPRESENTATION_CONTEXT('2D SPACE',''
  ) );
#880 = PCURVE('',#881,#886);
#881 = CYLINDRICAL_SURFACE('',#882,4.);
#882 = AXIS2_PLACEMENT_3D('',#883,#884,#885);
#883 = CARTESIAN_POINT('',(273.45450491215,-99.76471009365,0.));
#884 = DIRECTION('',(0.,0.,-1.));
#885 = DIRECTION('',(-0.659361617526,0.75182594883,0.));
#886 = DEFINITIONAL_REPRESENTATION('',(#887),#891);
#887 = LINE('',#888,#889);
#888 = CARTESIAN_POINT('',(0.,0.));
#889 = VECTOR('',#890,1.);
#890 = DIRECTION('',(1.,0.));
#891 = ( GEOMETRIC_REPRESENTATION_CONTEXT(2) 
PARAMETRIC_REPRESENTATION_CONTEXT() REPRESENTATION_CONTEXT('2D SPACE',''
  ) );
#892 = ORIENTED_EDGE('',*,*,#893,.T.);
#893 = EDGE_CURVE('',#861,#894,#896,.T.);
#894 = VERTEX_POINT('',#895);
#895 = CARTESIAN_POINT('',(275.16884683706,-95.65298568685,0.));
#896 = SURFACE_CURVE('',#897,(#901,#908),.PCURVE_S1.);
#897 = LINE('',#898,#899);
#898 = CARTESIAN_POINT('',(276.6347,-97.3244,0.));
#899 = VECTOR('',#900,1.);
#900 = DIRECTION('',(-0.659361617526,0.75182594883,0.));
#901 = PCURVE('',#63,#902);
#902 = DEFINITIONAL_REPRESENTATION('',(#903),#907);
#903 = LINE('',#904,#905);
#904 = CARTESIAN_POINT('',(18.328803030731,32.603516619335));
#905 = VECTOR('',#906,1.);
#906 = DIRECTION('',(-0.659361617526,0.75182594883));
#907 = ( GEOMETRIC_REPRESENTATION_CONTEXT(2) 
PARAMETRIC_REPRESENTATION_CONTEXT() REPRESENTATION_CONTEXT('2D SPACE',''
  ) );
#908 = PCURVE('',#909,#914);
#909 = PLANE('',#910);
#910 = AXIS2_PLACEMENT_3D('',#911,#912,#913);
#911 = CARTESIAN_POINT('',(276.46180870747,-97.12726362355,0.));
#912 = DIRECTION('',(-0.75182594883,-0.659361617526,0.));
#913 = DIRECTION('',(-0.659361617526,0.75182594883,0.));
#914 = DEFINITIONAL_REPRESENTATION('',(#915),#919);
#915 = LINE('',#916,#917);
#916 = CARTESIAN_POINT('',(-0.262210125565,-0.));
#917 = VECTOR('',#918,1.);
#918 = DIRECTION('',(1.,0.));
#919 = ( GEOMETRIC_REPRESENTATION_CONTEXT(2) 
PARAMETRIC_REPRESENTATION_CONTEXT() REPRESENTATION_CONTEXT('2D SPACE',''
  ) );
#920 = ORIENTED_EDGE('',*,*,#921,.F.);
#921 = EDGE_CURVE('',#922,#894,#924,.T.);
#922 = VERTEX_POINT('',#923);
#923 = CARTESIAN_POINT('',(274.79890972761,-95.28305839165,0.));
#924 = SURFACE_CURVE('',#925,(#930,#941),.PCURVE_S1.);
#925 = CIRCLE('',#926,4.);
#926 = AXIS2_PLACEMENT_3D('',#927,#928,#929);
#927 = CARTESIAN_POINT('',(272.16154304174,-98.29043215696,0.));
#928 = DIRECTION('',(0.,0.,-1.));
#929 = DIRECTION('',(-0.751843441327,0.659341671467,0.));
#930 = PCURVE('',#63,#931);
#931 = DEFINITIONAL_REPRESENTATION('',(#932),#940);
#932 = ( BOUNDED_CURVE() B_SPLINE_CURVE(2,(#933,#934,#935,#936,#937,#938
,#939),.UNSPECIFIED.,.T.,.F.) B_SPLINE_CURVE_WITH_KNOTS((1,2,2,2,2,1),(
    -2.094395102393,0.,2.094395102393,4.188790204786,6.28318530718,
8.377580409573),.UNSPECIFIED.) CURVE() GEOMETRIC_REPRESENTATION_ITEM() 
RATIONAL_B_SPLINE_CURVE((1.,0.5,1.,0.5,1.,0.5,1.)) REPRESENTATION_ITEM(
  '') );
#933 = CARTESIAN_POINT('',(10.848272307165,34.274851148242));
#934 = CARTESIAN_POINT('',(15.416325405278,39.483775307108));
#935 = CARTESIAN_POINT('',(17.643359504186,32.923263198873));
#936 = CARTESIAN_POINT('',(19.870393603094,26.362751090638));
#937 = CARTESIAN_POINT('',(13.075306406073,27.714339040007));
#938 = CARTESIAN_POINT('',(6.280219209052,29.065926989376));
#939 = CARTESIAN_POINT('',(10.848272307165,34.274851148242));
#940 = ( GEOMETRIC_REPRESENTATION_CONTEXT(2) 
PARAMETRIC_REPRESENTATION_CONTEXT() REPRESENTATION_CONTEXT('2D SPACE',''
  ) );
#941 = PCURVE('',#942,#947);
#942 = CYLINDRICAL_SURFACE('',#943,4.);
#943 = AXIS2_PLACEMENT_3D('',#944,#945,#946);
#944 = CARTESIAN_POINT('',(272.16154304174,-98.29043215696,0.));
#945 = DIRECTION('',(0.,0.,-1.));
#946 = DIRECTION('',(-0.751843441327,0.659341671467,0.));
#947 = DEFINITIONAL_REPRESENTATION('',(#948),#952);
#948 = LINE('',#949,#950);
#949 = CARTESIAN_POINT('',(0.,0.));
#950 = VECTOR('',#951,1.);
#951 = DIRECTION('',(1.,0.));
#952 = ( GEOMETRIC_REPRESENTATION_CONTEXT(2) 
PARAMETRIC_REPRESENTATION_CONTEXT() REPRESENTATION_CONTEXT('2D SPACE',''
  ) );
#953 = ORIENTED_EDGE('',*,*,#954,.T.);
#954 = EDGE_CURVE('',#922,#955,#957,.T.);
#955 = VERTEX_POINT('',#956);
#956 = CARTESIAN_POINT('',(273.32446714061,-93.99002132255,0.));
#957 = SURFACE_CURVE('',#958,(#962,#969),.PCURVE_S1.);
#958 = LINE('',#959,#960);
#959 = CARTESIAN_POINT('',(274.996,-95.4559,0.));
#960 = VECTOR('',#961,1.);
#961 = DIRECTION('',(-0.751843441327,0.659341671467,0.));
#962 = PCURVE('',#63,#963);
#963 = DEFINITIONAL_REPRESENTATION('',(#964),#968);
#964 = LINE('',#965,#966);
#965 = CARTESIAN_POINT('',(16.69010303073,34.472016619335));
#966 = VECTOR('',#967,1.);
#967 = DIRECTION('',(-0.751843441327,0.659341671467));
#968 = ( GEOMETRIC_REPRESENTATION_CONTEXT(2) 
PARAMETRIC_REPRESENTATION_CONTEXT() REPRESENTATION_CONTEXT('2D SPACE',''
  ) );
#969 = PCURVE('',#970,#975);
#970 = PLANE('',#971);
#971 = AXIS2_PLACEMENT_3D('',#972,#973,#974);
#972 = CARTESIAN_POINT('',(274.79890972761,-95.28305839165,0.));
#973 = DIRECTION('',(-0.659341671467,-0.751843441327,0.));
#974 = DIRECTION('',(-0.751843441327,0.659341671467,0.));
#975 = DEFINITIONAL_REPRESENTATION('',(#976),#980);
#976 = LINE('',#977,#978);
#977 = CARTESIAN_POINT('',(-0.262142703592,-0.));
#978 = VECTOR('',#979,1.);
#979 = DIRECTION('',(1.,0.));
#980 = ( GEOMETRIC_REPRESENTATION_CONTEXT(2) 
PARAMETRIC_REPRESENTATION_CONTEXT() REPRESENTATION_CONTEXT('2D SPACE',''
  ) );
#981 = ORIENTED_EDGE('',*,*,#982,.F.);
#982 = EDGE_CURVE('',#983,#955,#985,.T.);
#983 = VERTEX_POINT('',#984);
#984 = CARTESIAN_POINT('',(272.90946557575,-93.67157289343,0.));
#985 = SURFACE_CURVE('',#986,(#991,#1002),.PCURVE_S1.);
#986 = CIRCLE('',#987,4.);
#987 = AXIS2_PLACEMENT_3D('',#988,#989,#990);
#988 = CARTESIAN_POINT('',(270.68710045474,-96.99739508786,0.));
#989 = DIRECTION('',(0.,0.,-1.));
#990 = DIRECTION('',(-0.831455548606,0.555591280253,0.));
#991 = PCURVE('',#63,#992);
#992 = DEFINITIONAL_REPRESENTATION('',(#993),#1001);
#993 = ( BOUNDED_CURVE() B_SPLINE_CURVE(2,(#994,#995,#996,#997,#998,#999
,#1000),.UNSPECIFIED.,.T.,.F.) B_SPLINE_CURVE_WITH_KNOTS((1,2,2,2,2,1),(
    -2.094395102393,0.,2.094395102393,4.188790204786,6.28318530718,
8.377580409573),.UNSPECIFIED.) CURVE() GEOMETRIC_REPRESENTATION_ITEM() 
RATIONAL_B_SPLINE_CURVE((1.,0.5,1.,0.5,1.,0.5,1.)) REPRESENTATION_ITEM(
  '') );
#994 = CARTESIAN_POINT('',(9.055381291051,35.152886652485));
#995 = CARTESIAN_POINT('',(12.904630593612,40.913379670165));
#996 = CARTESIAN_POINT('',(15.968739233965,34.699585479808));
#997 = CARTESIAN_POINT('',(19.032847874318,28.485791289451));
#998 = CARTESIAN_POINT('',(12.119489931404,28.939092462128));
#999 = CARTESIAN_POINT('',(5.20613198849,29.392393634806));
#1000 = CARTESIAN_POINT('',(9.055381291051,35.152886652485));
#1001 = ( GEOMETRIC_REPRESENTATION_CONTEXT(2) 
PARAMETRIC_REPRESENTATION_CONTEXT() REPRESENTATION_CONTEXT('2D SPACE',''
  ) );
#1002 = PCURVE('',#1003,#1008);
#1003 = CYLINDRICAL_SURFACE('',#1004,4.);
#1004 = AXIS2_PLACEMENT_3D('',#1005,#1006,#1007);
#1005 = CARTESIAN_POINT('',(270.68710045474,-96.99739508786,0.));
#1006 = DIRECTION('',(0.,0.,-1.));
#1007 = DIRECTION('',(-0.831455548606,0.555591280253,0.));
#1008 = DEFINITIONAL_REPRESENTATION('',(#1009),#1013);
#1009 = LINE('',#1010,#1011);
#1010 = CARTESIAN_POINT('',(0.,0.));
#1011 = VECTOR('',#1012,1.);
#1012 = DIRECTION('',(1.,0.));
#1013 = ( GEOMETRIC_REPRESENTATION_CONTEXT(2) 
PARAMETRIC_REPRESENTATION_CONTEXT() REPRESENTATION_CONTEXT('2D SPACE',''
  ) );
#1014 = ORIENTED_EDGE('',*,*,#1015,.T.);
#1015 = EDGE_CURVE('',#983,#1016,#1018,.T.);
#1016 = VERTEX_POINT('',#1017);
#1017 = CARTESIAN_POINT('',(271.27904092772,-92.5820982738,0.));
#1018 = SURFACE_CURVE('',#1019,(#1023,#1030),.PCURVE_S1.);
#1019 = LINE('',#1020,#1021);
#1020 = CARTESIAN_POINT('',(273.1274,-93.8172,0.));
#1021 = VECTOR('',#1022,1.);
#1022 = DIRECTION('',(-0.831455548606,0.555591280253,0.));
#1023 = PCURVE('',#63,#1024);
#1024 = DEFINITIONAL_REPRESENTATION('',(#1025),#1029);
#1025 = LINE('',#1026,#1027);
#1026 = CARTESIAN_POINT('',(14.821503030731,36.110716619335));
#1027 = VECTOR('',#1028,1.);
#1028 = DIRECTION('',(-0.831455548606,0.555591280253));
#1029 = ( GEOMETRIC_REPRESENTATION_CONTEXT(2) 
PARAMETRIC_REPRESENTATION_CONTEXT() REPRESENTATION_CONTEXT('2D SPACE',''
  ) );
#1030 = PCURVE('',#1031,#1036);
#1031 = PLANE('',#1032);
#1032 = AXIS2_PLACEMENT_3D('',#1033,#1034,#1035);
#1033 = CARTESIAN_POINT('',(272.90946557575,-93.67157289343,0.));
#1034 = DIRECTION('',(-0.555591280253,-0.831455548606,0.));
#1035 = DIRECTION('',(-0.831455548606,0.555591280253,0.));
#1036 = DEFINITIONAL_REPRESENTATION('',(#1037),#1041);
#1037 = LINE('',#1038,#1039);
#1038 = CARTESIAN_POINT('',(-0.262111936845,-0.));
#1039 = VECTOR('',#1040,1.);
#1040 = DIRECTION('',(1.,0.));
#1041 = ( GEOMETRIC_REPRESENTATION_CONTEXT(2) 
PARAMETRIC_REPRESENTATION_CONTEXT() REPRESENTATION_CONTEXT('2D SPACE',''
  ) );
#1042 = ORIENTED_EDGE('',*,*,#1043,.F.);
#1043 = EDGE_CURVE('',#1044,#1016,#1046,.T.);
#1044 = VERTEX_POINT('',#1045);
#1045 = CARTESIAN_POINT('',(270.82580318022,-92.32041599627,0.));
#1046 = SURFACE_CURVE('',#1047,(#1052,#1063),.PCURVE_S1.);
#1047 = CIRCLE('',#1048,4.);
#1048 = AXIS2_PLACEMENT_3D('',#1049,#1050,#1051);
#1049 = CARTESIAN_POINT('',(269.0566758067,-95.90792046823,0.));
#1050 = DIRECTION('',(0.,0.,-1.));
#1051 = DIRECTION('',(-0.896876117988,0.442281843379,0.));
#1052 = PCURVE('',#63,#1053);
#1053 = DEFINITIONAL_REPRESENTATION('',(#1054),#1062);
#1054 = ( BOUNDED_CURVE() B_SPLINE_CURVE(2,(#1055,#1056,#1057,#1058,
#1059,#1060,#1061),.UNSPECIFIED.,.T.,.F.) B_SPLINE_CURVE_WITH_KNOTS((1,2
    ,2,2,2,1),(-2.094395102393,0.,2.094395102393,4.188790204786,
6.28318530718,8.377580409573),.UNSPECIFIED.) CURVE() 
GEOMETRIC_REPRESENTATION_ITEM() RATIONAL_B_SPLINE_CURVE((1.,0.5,1.,0.5,
1.,0.5,1.)) REPRESENTATION_ITEM('') );
#1055 = CARTESIAN_POINT('',(7.163274365487,35.789123524622));
#1056 = CARTESIAN_POINT('',(10.22749286148,42.002863542423));
#1057 = CARTESIAN_POINT('',(14.076640321411,36.242302473247));
#1058 = CARTESIAN_POINT('',(17.925787781342,30.481741404071));
#1059 = CARTESIAN_POINT('',(11.012421825419,30.028562455446));
#1060 = CARTESIAN_POINT('',(4.099055869495,29.575383506821));
#1061 = CARTESIAN_POINT('',(7.163274365487,35.789123524622));
#1062 = ( GEOMETRIC_REPRESENTATION_CONTEXT(2) 
PARAMETRIC_REPRESENTATION_CONTEXT() REPRESENTATION_CONTEXT('2D SPACE',''
  ) );
#1063 = PCURVE('',#1064,#1069);
#1064 = CYLINDRICAL_SURFACE('',#1065,4.);
#1065 = AXIS2_PLACEMENT_3D('',#1066,#1067,#1068);
#1066 = CARTESIAN_POINT('',(269.0566758067,-95.90792046823,0.));
#1067 = DIRECTION('',(0.,0.,-1.));
#1068 = DIRECTION('',(-0.896876117988,0.442281843379,0.));
#1069 = DEFINITIONAL_REPRESENTATION('',(#1070),#1074);
#1070 = LINE('',#1071,#1072);
#1071 = CARTESIAN_POINT('',(0.,0.));
#1072 = VECTOR('',#1073,1.);
#1073 = DIRECTION('',(1.,0.));
#1074 = ( GEOMETRIC_REPRESENTATION_CONTEXT(2) 
PARAMETRIC_REPRESENTATION_CONTEXT() REPRESENTATION_CONTEXT('2D SPACE',''
  ) );
#1075 = ORIENTED_EDGE('',*,*,#1076,.T.);
#1076 = EDGE_CURVE('',#1044,#1077,#1079,.T.);
#1077 = VERTEX_POINT('',#1078);
#1078 = CARTESIAN_POINT('',(269.06712755577,-91.45314984715,0.));
#1079 = SURFACE_CURVE('',#1080,(#1084,#1091),.PCURVE_S1.);
#1080 = LINE('',#1081,#1082);
#1081 = CARTESIAN_POINT('',(271.061,-92.4364,0.));
#1082 = VECTOR('',#1083,1.);
#1083 = DIRECTION('',(-0.896876117988,0.442281843379,0.));
#1084 = PCURVE('',#63,#1085);
#1085 = DEFINITIONAL_REPRESENTATION('',(#1086),#1090);
#1086 = LINE('',#1087,#1088);
#1087 = CARTESIAN_POINT('',(12.75510303073,37.491516619335));
#1088 = VECTOR('',#1089,1.);
#1089 = DIRECTION('',(-0.896876117988,0.442281843379));
#1090 = ( GEOMETRIC_REPRESENTATION_CONTEXT(2) 
PARAMETRIC_REPRESENTATION_CONTEXT() REPRESENTATION_CONTEXT('2D SPACE',''
  ) );
#1091 = PCURVE('',#1092,#1097);
#1092 = PLANE('',#1093);
#1093 = AXIS2_PLACEMENT_3D('',#1094,#1095,#1096);
#1094 = CARTESIAN_POINT('',(270.82580318022,-92.32041599627,0.));
#1095 = DIRECTION('',(-0.442281843379,-0.896876117988,0.));
#1096 = DIRECTION('',(-0.896876117988,0.442281843379,0.));
#1097 = DEFINITIONAL_REPRESENTATION('',(#1098),#1102);
#1098 = LINE('',#1099,#1100);
#1099 = CARTESIAN_POINT('',(-0.262240029651,-0.));
#1100 = VECTOR('',#1101,1.);
#1101 = DIRECTION('',(1.,0.));
#1102 = ( GEOMETRIC_REPRESENTATION_CONTEXT(2) 
PARAMETRIC_REPRESENTATION_CONTEXT() REPRESENTATION_CONTEXT('2D SPACE',''
  ) );
#1103 = ORIENTED_EDGE('',*,*,#1104,.F.);
#1104 = EDGE_CURVE('',#1105,#1077,#1107,.T.);
#1105 = VERTEX_POINT('',#1106);
#1106 = CARTESIAN_POINT('',(268.58374996459,-91.25293105872,0.));
#1107 = SURFACE_CURVE('',#1108,(#1113,#1124),.PCURVE_S1.);
#1108 = CIRCLE('',#1109,4.);
#1109 = AXIS2_PLACEMENT_3D('',#1110,#1111,#1112);
#1110 = CARTESIAN_POINT('',(267.29800018226,-95.0406543191,0.));
#1111 = DIRECTION('',(0.,0.,-1.));
#1112 = DIRECTION('',(-0.946930815095,0.321437445583,0.));
#1113 = PCURVE('',#63,#1114);
#1114 = DEFINITIONAL_REPRESENTATION('',(#1115),#1123);
#1115 = ( BOUNDED_CURVE() B_SPLINE_CURVE(2,(#1116,#1117,#1118,#1119,
#1120,#1121,#1122),.UNSPECIFIED.,.T.,.F.) B_SPLINE_CURVE_WITH_KNOTS((1,2
    ,2,2,2,1),(-2.094395102393,0.,2.094395102393,4.188790204786,
6.28318530718,8.377580409573),.UNSPECIFIED.) CURVE() 
GEOMETRIC_REPRESENTATION_ITEM() RATIONAL_B_SPLINE_CURVE((1.,0.5,1.,0.5,
1.,0.5,1.)) REPRESENTATION_ITEM('') );
#1116 = CARTESIAN_POINT('',(5.204379952611,36.173012082558));
#1117 = CARTESIAN_POINT('',(7.431363901431,42.733541214549));
#1118 = CARTESIAN_POINT('',(11.999456817593,37.524651975056));
#1119 = CARTESIAN_POINT('',(16.567549733755,32.315762735562));
#1120 = CARTESIAN_POINT('',(9.772472868773,30.964122843065));
#1121 = CARTESIAN_POINT('',(2.977396003792,29.612482950568));
#1122 = CARTESIAN_POINT('',(5.204379952611,36.173012082558));
#1123 = ( GEOMETRIC_REPRESENTATION_CONTEXT(2) 
PARAMETRIC_REPRESENTATION_CONTEXT() REPRESENTATION_CONTEXT('2D SPACE',''
  ) );
#1124 = PCURVE('',#1125,#1130);
#1125 = CYLINDRICAL_SURFACE('',#1126,4.);
#1126 = AXIS2_PLACEMENT_3D('',#1127,#1128,#1129);
#1127 = CARTESIAN_POINT('',(267.29800018226,-95.0406543191,0.));
#1128 = DIRECTION('',(0.,0.,-1.));
#1129 = DIRECTION('',(-0.946930815095,0.321437445583,0.));
#1130 = DEFINITIONAL_REPRESENTATION('',(#1131),#1135);
#1131 = LINE('',#1132,#1133);
#1132 = CARTESIAN_POINT('',(0.,0.));
#1133 = VECTOR('',#1134,1.);
#1134 = DIRECTION('',(1.,0.));
#1135 = ( GEOMETRIC_REPRESENTATION_CONTEXT(2) 
PARAMETRIC_REPRESENTATION_CONTEXT() REPRESENTATION_CONTEXT('2D SPACE',''
  ) );
#1136 = ORIENTED_EDGE('',*,*,#1137,.T.);
#1137 = EDGE_CURVE('',#1105,#1138,#1140,.T.);
#1138 = VERTEX_POINT('',#1139);
#1139 = CARTESIAN_POINT('',(266.7267180826,-90.62255809483,0.));
#1140 = SURFACE_CURVE('',#1141,(#1145,#1152),.PCURVE_S1.);
#1141 = LINE('',#1142,#1143);
#1142 = CARTESIAN_POINT('',(268.832,-91.3372,0.));
#1143 = VECTOR('',#1144,1.);
#1144 = DIRECTION('',(-0.946930815095,0.321437445583,0.));
#1145 = PCURVE('',#63,#1146);
#1146 = DEFINITIONAL_REPRESENTATION('',(#1147),#1151);
#1147 = LINE('',#1148,#1149);
#1148 = CARTESIAN_POINT('',(10.52610303073,38.590716619335));
#1149 = VECTOR('',#1150,1.);
#1150 = DIRECTION('',(-0.946930815095,0.321437445583));
#1151 = ( GEOMETRIC_REPRESENTATION_CONTEXT(2) 
PARAMETRIC_REPRESENTATION_CONTEXT() REPRESENTATION_CONTEXT('2D SPACE',''
  ) );
#1152 = PCURVE('',#1153,#1158);
#1153 = PLANE('',#1154);
#1154 = AXIS2_PLACEMENT_3D('',#1155,#1156,#1157);
#1155 = CARTESIAN_POINT('',(268.58374996459,-91.25293105872,0.));
#1156 = DIRECTION('',(-0.321437445583,-0.946930815095,0.));
#1157 = DIRECTION('',(-0.946930815095,0.321437445583,0.));
#1158 = DEFINITIONAL_REPRESENTATION('',(#1159),#1163);
#1159 = LINE('',#1160,#1161);
#1160 = CARTESIAN_POINT('',(-0.262162801599,-0.));
#1161 = VECTOR('',#1162,1.);
#1162 = DIRECTION('',(1.,0.));
#1163 = ( GEOMETRIC_REPRESENTATION_CONTEXT(2) 
PARAMETRIC_REPRESENTATION_CONTEXT() REPRESENTATION_CONTEXT('2D SPACE',''
  ) );
#1164 = ORIENTED_EDGE('',*,*,#1165,.F.);
#1165 = EDGE_CURVE('',#1166,#1138,#1168,.T.);
#1166 = VERTEX_POINT('',#1167);
#1167 = CARTESIAN_POINT('',(266.22140870971,-90.48715597265,0.));
#1168 = SURFACE_CURVE('',#1169,(#1174,#1185),.PCURVE_S1.);
#1169 = CIRCLE('',#1170,4.);
#1170 = AXIS2_PLACEMENT_3D('',#1171,#1172,#1173);
#1171 = CARTESIAN_POINT('',(265.44096830027,-94.41028135521,0.));
#1172 = DIRECTION('',(0.,0.,-1.));
#1173 = DIRECTION('',(-0.980781345641,0.19511010236,0.));
#1174 = PCURVE('',#63,#1175);
#1175 = DEFINITIONAL_REPRESENTATION('',(#1176),#1184);
#1176 = ( BOUNDED_CURVE() B_SPLINE_CURVE(2,(#1177,#1178,#1179,#1180,
#1181,#1182,#1183),.UNSPECIFIED.,.T.,.F.) B_SPLINE_CURVE_WITH_KNOTS((1,2
    ,2,2,2,1),(-2.094395102393,0.,2.094395102393,4.188790204786,
6.28318530718,8.377580409573),.UNSPECIFIED.) CURVE() 
GEOMETRIC_REPRESENTATION_ITEM() RATIONAL_B_SPLINE_CURVE((1.,0.5,1.,0.5,
1.,0.5,1.)) REPRESENTATION_ITEM('') );
#1177 = CARTESIAN_POINT('',(3.211945948438,36.298075673557));
#1178 = CARTESIAN_POINT('',(4.563708389865,43.093128160621));
#1179 = CARTESIAN_POINT('',(9.772515242997,38.524941302932));
#1180 = CARTESIAN_POINT('',(14.98132209613,33.956754445243));
#1181 = CARTESIAN_POINT('',(8.420752801571,31.729888815868));
#1182 = CARTESIAN_POINT('',(1.860183507012,29.503023186494));
#1183 = CARTESIAN_POINT('',(3.211945948438,36.298075673557));
#1184 = ( GEOMETRIC_REPRESENTATION_CONTEXT(2) 
PARAMETRIC_REPRESENTATION_CONTEXT() REPRESENTATION_CONTEXT('2D SPACE',''
  ) );
#1185 = PCURVE('',#1186,#1191);
#1186 = CYLINDRICAL_SURFACE('',#1187,4.);
#1187 = AXIS2_PLACEMENT_3D('',#1188,#1189,#1190);
#1188 = CARTESIAN_POINT('',(265.44096830027,-94.41028135521,0.));
#1189 = DIRECTION('',(0.,0.,-1.));
#1190 = DIRECTION('',(-0.980781345641,0.19511010236,0.));
#1191 = DEFINITIONAL_REPRESENTATION('',(#1192),#1196);
#1192 = LINE('',#1193,#1194);
#1193 = CARTESIAN_POINT('',(0.,0.));
#1194 = VECTOR('',#1195,1.);
#1195 = DIRECTION('',(1.,0.));
#1196 = ( GEOMETRIC_REPRESENTATION_CONTEXT(2) 
PARAMETRIC_REPRESENTATION_CONTEXT() REPRESENTATION_CONTEXT('2D SPACE',''
  ) );
#1197 = ORIENTED_EDGE('',*,*,#1198,.T.);
#1198 = EDGE_CURVE('',#1166,#1199,#1201,.T.);
#1199 = VERTEX_POINT('',#1200);
#1200 = CARTESIAN_POINT('',(264.29821275121,-90.10456818997,0.));
#1201 = SURFACE_CURVE('',#1202,(#1206,#1213),.PCURVE_S1.);
#1202 = LINE('',#1203,#1204);
#1203 = CARTESIAN_POINT('',(266.4785,-90.5383,0.));
#1204 = VECTOR('',#1205,1.);
#1205 = DIRECTION('',(-0.980781345641,0.19511010236,0.));
#1206 = PCURVE('',#63,#1207);
#1207 = DEFINITIONAL_REPRESENTATION('',(#1208),#1212);
#1208 = LINE('',#1209,#1210);
#1209 = CARTESIAN_POINT('',(8.17260303073,39.389616619335));
#1210 = VECTOR('',#1211,1.);
#1211 = DIRECTION('',(-0.980781345641,0.19511010236));
#1212 = ( GEOMETRIC_REPRESENTATION_CONTEXT(2) 
PARAMETRIC_REPRESENTATION_CONTEXT() REPRESENTATION_CONTEXT('2D SPACE',''
  ) );
#1213 = PCURVE('',#1214,#1219);
#1214 = PLANE('',#1215);
#1215 = AXIS2_PLACEMENT_3D('',#1216,#1217,#1218);
#1216 = CARTESIAN_POINT('',(266.22140870971,-90.48715597265,0.));
#1217 = DIRECTION('',(-0.19511010236,-0.980781345641,0.));
#1218 = DIRECTION('',(-0.980781345641,0.19511010236,0.));
#1219 = DEFINITIONAL_REPRESENTATION('',(#1220),#1224);
#1220 = LINE('',#1221,#1222);
#1221 = CARTESIAN_POINT('',(-0.262129058055,-0.));
#1222 = VECTOR('',#1223,1.);
#1223 = DIRECTION('',(1.,0.));
#1224 = ( GEOMETRIC_REPRESENTATION_CONTEXT(2) 
PARAMETRIC_REPRESENTATION_CONTEXT() REPRESENTATION_CONTEXT('2D SPACE',''
  ) );
#1225 = ORIENTED_EDGE('',*,*,#1226,.F.);
#1226 = EDGE_CURVE('',#1227,#1199,#1229,.T.);
#1227 = VERTEX_POINT('',#1228);
#1228 = CARTESIAN_POINT('',(263.7793082755,-90.03625286079,0.));
#1229 = SURFACE_CURVE('',#1230,(#1235,#1246),.PCURVE_S1.);
#1230 = CIRCLE('',#1231,4.);
#1231 = AXIS2_PLACEMENT_3D('',#1232,#1233,#1234);
#1232 = CARTESIAN_POINT('',(263.51777234177,-94.02769357253,0.));
#1233 = DIRECTION('',(0.,0.,-1.));
#1234 = DIRECTION('',(-0.997860177936,6.53839834333E-02,0.));
#1235 = PCURVE('',#63,#1236);
#1236 = DEFINITIONAL_REPRESENTATION('',(#1237),#1245);
#1237 = ( BOUNDED_CURVE() B_SPLINE_CURVE(2,(#1238,#1239,#1240,#1241,
#1242,#1243,#1244),.UNSPECIFIED.,.T.,.F.) B_SPLINE_CURVE_WITH_KNOTS((1,2
    ,2,2,2,1),(-2.094395102393,0.,2.094395102393,4.188790204786,
6.28318530718,8.377580409573),.UNSPECIFIED.) CURVE() 
GEOMETRIC_REPRESENTATION_ITEM() RATIONAL_B_SPLINE_CURVE((1.,0.5,1.,0.5,
1.,0.5,1.)) REPRESENTATION_ITEM('') );
#1238 = CARTESIAN_POINT('',(1.22043466076,36.16175898053));
#1239 = CARTESIAN_POINT('',(1.673428185991,43.075137088669));
#1240 = CARTESIAN_POINT('',(7.434092490992,39.226144133999));
#1241 = CARTESIAN_POINT('',(13.194756795992,35.37715117933));
#1242 = CARTESIAN_POINT('',(6.981098965761,32.31276602586));
#1243 = CARTESIAN_POINT('',(0.767441135529,29.24838087239));
#1244 = CARTESIAN_POINT('',(1.22043466076,36.16175898053));
#1245 = ( GEOMETRIC_REPRESENTATION_CONTEXT(2) 
PARAMETRIC_REPRESENTATION_CONTEXT() REPRESENTATION_CONTEXT('2D SPACE',''
  ) );
#1246 = PCURVE('',#1247,#1252);
#1247 = CYLINDRICAL_SURFACE('',#1248,4.);
#1248 = AXIS2_PLACEMENT_3D('',#1249,#1250,#1251);
#1249 = CARTESIAN_POINT('',(263.51777234177,-94.02769357253,0.));
#1250 = DIRECTION('',(0.,0.,-1.));
#1251 = DIRECTION('',(-0.997860177936,6.53839834333E-02,0.));
#1252 = DEFINITIONAL_REPRESENTATION('',(#1253),#1257);
#1253 = LINE('',#1254,#1255);
#1254 = CARTESIAN_POINT('',(0.,0.));
#1255 = VECTOR('',#1256,1.);
#1256 = DIRECTION('',(1.,0.));
#1257 = ( GEOMETRIC_REPRESENTATION_CONTEXT(2) 
PARAMETRIC_REPRESENTATION_CONTEXT() REPRESENTATION_CONTEXT('2D SPACE',''
  ) );
#1258 = ORIENTED_EDGE('',*,*,#1259,.T.);
#1259 = EDGE_CURVE('',#1227,#1260,#1262,.T.);
#1260 = VERTEX_POINT('',#1261);
#1261 = CARTESIAN_POINT('',(261.82253593373,-89.90803693114,0.));
#1262 = SURFACE_CURVE('',#1263,(#1267,#1274),.PCURVE_S1.);
#1263 = LINE('',#1264,#1265);
#1264 = CARTESIAN_POINT('',(264.041,-90.0534,0.));
#1265 = VECTOR('',#1266,1.);
#1266 = DIRECTION('',(-0.997860177936,6.53839834333E-02,0.));
#1267 = PCURVE('',#63,#1268);
#1268 = DEFINITIONAL_REPRESENTATION('',(#1269),#1273);
#1269 = LINE('',#1270,#1271);
#1270 = CARTESIAN_POINT('',(5.73510303073,39.874516619335));
#1271 = VECTOR('',#1272,1.);
#1272 = DIRECTION('',(-0.997860177936,6.53839834333E-02));
#1273 = ( GEOMETRIC_REPRESENTATION_CONTEXT(2) 
PARAMETRIC_REPRESENTATION_CONTEXT() REPRESENTATION_CONTEXT('2D SPACE',''
  ) );
#1274 = PCURVE('',#1275,#1280);
#1275 = PLANE('',#1276);
#1276 = AXIS2_PLACEMENT_3D('',#1277,#1278,#1279);
#1277 = CARTESIAN_POINT('',(263.7793082755,-90.03625286079,0.));
#1278 = DIRECTION('',(-6.53839834333E-02,-0.997860177936,0.));
#1279 = DIRECTION('',(-0.997860177936,6.53839834333E-02,0.));
#1280 = DEFINITIONAL_REPRESENTATION('',(#1281),#1285);
#1281 = LINE('',#1282,#1283);
#1282 = CARTESIAN_POINT('',(-0.262252899033,-0.));
#1283 = VECTOR('',#1284,1.);
#1284 = DIRECTION('',(1.,0.));
#1285 = ( GEOMETRIC_REPRESENTATION_CONTEXT(2) 
PARAMETRIC_REPRESENTATION_CONTEXT() REPRESENTATION_CONTEXT('2D SPACE',''
  ) );
#1286 = ORIENTED_EDGE('',*,*,#1287,.F.);
#1287 = EDGE_CURVE('',#1288,#1260,#1290,.T.);
#1288 = VERTEX_POINT('',#1289);
#1289 = CARTESIAN_POINT('',(261.29946406626,-89.90803693114,0.));
#1290 = SURFACE_CURVE('',#1291,(#1296,#1307),.PCURVE_S1.);
#1291 = CIRCLE('',#1292,4.);
#1292 = AXIS2_PLACEMENT_3D('',#1293,#1294,#1295);
#1293 = CARTESIAN_POINT('',(261.561,-93.89947764288,0.));
#1294 = DIRECTION('',(-0.,0.,-1.));
#1295 = DIRECTION('',(-0.997860177936,-6.53839834333E-02,0.));
#1296 = PCURVE('',#63,#1297);
#1297 = DEFINITIONAL_REPRESENTATION('',(#1298),#1306);
#1298 = ( BOUNDED_CURVE() B_SPLINE_CURVE(2,(#1299,#1300,#1301,#1302,
#1303,#1304,#1305),.UNSPECIFIED.,.T.,.F.) B_SPLINE_CURVE_WITH_KNOTS((1,2
    ,2,2,2,1),(-2.094395102393,0.,2.094395102393,4.188790204786,
6.28318530718,8.377580409573),.UNSPECIFIED.) CURVE() 
GEOMETRIC_REPRESENTATION_ITEM() RATIONAL_B_SPLINE_CURVE((1.,0.5,1.,0.5,
1.,0.5,1.)) REPRESENTATION_ITEM('') );
#1299 = CARTESIAN_POINT('',(-0.736337681013,35.766903042716));
#1300 = CARTESIAN_POINT('',(-1.189331206244,42.680281150855));
#1301 = CARTESIAN_POINT('',(5.024326623987,39.615895997385));
#1302 = CARTESIAN_POINT('',(11.237984454218,36.551510843915));
#1303 = CARTESIAN_POINT('',(5.477320149218,32.702517889246));
#1304 = CARTESIAN_POINT('',(-0.283344155782,28.853524934577));
#1305 = CARTESIAN_POINT('',(-0.736337681013,35.766903042716));
#1306 = ( GEOMETRIC_REPRESENTATION_CONTEXT(2) 
PARAMETRIC_REPRESENTATION_CONTEXT() REPRESENTATION_CONTEXT('2D SPACE',''
  ) );
#1307 = PCURVE('',#1308,#1313);
#1308 = CYLINDRICAL_SURFACE('',#1309,4.);
#1309 = AXIS2_PLACEMENT_3D('',#1310,#1311,#1312);
#1310 = CARTESIAN_POINT('',(261.561,-93.89947764288,0.));
#1311 = DIRECTION('',(-0.,0.,-1.));
#1312 = DIRECTION('',(-0.997860177936,-6.53839834333E-02,0.));
#1313 = DEFINITIONAL_REPRESENTATION('',(#1314),#1318);
#1314 = LINE('',#1315,#1316);
#1315 = CARTESIAN_POINT('',(0.,0.));
#1316 = VECTOR('',#1317,1.);
#1317 = DIRECTION('',(1.,0.));
#1318 = ( GEOMETRIC_REPRESENTATION_CONTEXT(2) 
PARAMETRIC_REPRESENTATION_CONTEXT() REPRESENTATION_CONTEXT('2D SPACE',''
  ) );
#1319 = ORIENTED_EDGE('',*,*,#1320,.T.);
#1320 = EDGE_CURVE('',#1288,#1321,#1323,.T.);
#1321 = VERTEX_POINT('',#1322);
#1322 = CARTESIAN_POINT('',(259.34267599,-90.03625389178,0.));
#1323 = SURFACE_CURVE('',#1324,(#1328,#1335),.PCURVE_S1.);
#1324 = LINE('',#1325,#1326);
#1325 = CARTESIAN_POINT('',(261.561,-89.8909,0.));
#1326 = VECTOR('',#1327,1.);
#1327 = DIRECTION('',(-0.997860177936,-6.53839834333E-02,0.));
#1328 = PCURVE('',#63,#1329);
#1329 = DEFINITIONAL_REPRESENTATION('',(#1330),#1334);
#1330 = LINE('',#1331,#1332);
#1331 = CARTESIAN_POINT('',(3.25510303073,40.037016619335));
#1332 = VECTOR('',#1333,1.);
#1333 = DIRECTION('',(-0.997860177936,-6.53839834333E-02));
#1334 = ( GEOMETRIC_REPRESENTATION_CONTEXT(2) 
PARAMETRIC_REPRESENTATION_CONTEXT() REPRESENTATION_CONTEXT('2D SPACE',''
  ) );
#1335 = PCURVE('',#1336,#1341);
#1336 = PLANE('',#1337);
#1337 = AXIS2_PLACEMENT_3D('',#1338,#1339,#1340);
#1338 = CARTESIAN_POINT('',(261.29946406626,-89.90803693114,0.));
#1339 = DIRECTION('',(6.53839834333E-02,-0.997860177936,0.));
#1340 = DIRECTION('',(-0.997860177936,-6.53839834333E-02,0.));
#1341 = DEFINITIONAL_REPRESENTATION('',(#1342),#1346);
#1342 = LINE('',#1343,#1344);
#1343 = CARTESIAN_POINT('',(-0.262096774194,0.));
#1344 = VECTOR('',#1345,1.);
#1345 = DIRECTION('',(1.,0.));
#1346 = ( GEOMETRIC_REPRESENTATION_CONTEXT(2) 
PARAMETRIC_REPRESENTATION_CONTEXT() REPRESENTATION_CONTEXT('2D SPACE',''
  ) );
#1347 = ORIENTED_EDGE('',*,*,#1348,.F.);
#1348 = EDGE_CURVE('',#1349,#1321,#1351,.T.);
#1349 = VERTEX_POINT('',#1350);
#1350 = CARTESIAN_POINT('',(258.82380231231,-90.10456309433,0.));
#1351 = SURFACE_CURVE('',#1352,(#1357,#1368),.PCURVE_S1.);
#1352 = CIRCLE('',#1353,4.);
#1353 = AXIS2_PLACEMENT_3D('',#1354,#1355,#1356);
#1354 = CARTESIAN_POINT('',(259.60421192373,-94.02769460352,0.));
#1355 = DIRECTION('',(-0.,0.,-1.));
#1356 = DIRECTION('',(-0.980782877297,-0.195102402856,0.));
#1357 = PCURVE('',#63,#1358);
#1358 = DEFINITIONAL_REPRESENTATION('',(#1359),#1367);
#1359 = ( BOUNDED_CURVE() B_SPLINE_CURVE(2,(#1360,#1361,#1362,#1363,
#1364,#1365,#1366),.UNSPECIFIED.,.T.,.F.) B_SPLINE_CURVE_WITH_KNOTS((1,2
    ,2,2,2,1),(-2.094395102393,0.,2.094395102393,4.188790204786,
6.28318530718,8.377580409573),.UNSPECIFIED.) CURVE() 
GEOMETRIC_REPRESENTATION_ITEM() RATIONAL_B_SPLINE_CURVE((1.,0.5,1.,0.5,
1.,0.5,1.)) REPRESENTATION_ITEM('') );
#1360 = CARTESIAN_POINT('',(-2.62481655472,35.119812404383));
#1361 = CARTESIAN_POINT('',(-3.976525652421,41.914875503074));
#1362 = CARTESIAN_POINT('',(2.584026160214,39.687958370864));
#1363 = CARTESIAN_POINT('',(9.144577972849,37.461041238654));
#1364 = CARTESIAN_POINT('',(3.935735257915,32.892895272173));
#1365 = CARTESIAN_POINT('',(-1.273107457019,28.324749305692));
#1366 = CARTESIAN_POINT('',(-2.62481655472,35.119812404383));
#1367 = ( GEOMETRIC_REPRESENTATION_CONTEXT(2) 
PARAMETRIC_REPRESENTATION_CONTEXT() REPRESENTATION_CONTEXT('2D SPACE',''
  ) );
#1368 = PCURVE('',#1369,#1374);
#1369 = CYLINDRICAL_SURFACE('',#1370,4.);
#1370 = AXIS2_PLACEMENT_3D('',#1371,#1372,#1373);
#1371 = CARTESIAN_POINT('',(259.60421192373,-94.02769460352,0.));
#1372 = DIRECTION('',(-0.,0.,-1.));
#1373 = DIRECTION('',(-0.980782877297,-0.195102402856,0.));
#1374 = DEFINITIONAL_REPRESENTATION('',(#1375),#1379);
#1375 = LINE('',#1376,#1377);
#1376 = CARTESIAN_POINT('',(0.,0.));
#1377 = VECTOR('',#1378,1.);
#1378 = DIRECTION('',(1.,0.));
#1379 = ( GEOMETRIC_REPRESENTATION_CONTEXT(2) 
PARAMETRIC_REPRESENTATION_CONTEXT() REPRESENTATION_CONTEXT('2D SPACE',''
  ) );
#1380 = ORIENTED_EDGE('',*,*,#1381,.T.);
#1381 = EDGE_CURVE('',#1349,#1382,#1384,.T.);
#1382 = VERTEX_POINT('',#1383);
#1383 = CARTESIAN_POINT('',(256.90053263587,-90.4871498461,0.));
#1384 = SURFACE_CURVE('',#1385,(#1389,#1396),.PCURVE_S1.);
#1385 = LINE('',#1386,#1387);
#1386 = CARTESIAN_POINT('',(259.081,-90.0534,0.));
#1387 = VECTOR('',#1388,1.);
#1388 = DIRECTION('',(-0.980782877297,-0.195102402856,0.));
#1389 = PCURVE('',#63,#1390);
#1390 = DEFINITIONAL_REPRESENTATION('',(#1391),#1395);
#1391 = LINE('',#1392,#1393);
#1392 = CARTESIAN_POINT('',(0.775103030731,39.874516619335));
#1393 = VECTOR('',#1394,1.);
#1394 = DIRECTION('',(-0.980782877297,-0.195102402856));
#1395 = ( GEOMETRIC_REPRESENTATION_CONTEXT(2) 
PARAMETRIC_REPRESENTATION_CONTEXT() REPRESENTATION_CONTEXT('2D SPACE',''
  ) );
#1396 = PCURVE('',#1397,#1402);
#1397 = PLANE('',#1398);
#1398 = AXIS2_PLACEMENT_3D('',#1399,#1400,#1401);
#1399 = CARTESIAN_POINT('',(258.82380231231,-90.10456309433,0.));
#1400 = DIRECTION('',(0.195102402856,-0.980782877297,0.));
#1401 = DIRECTION('',(-0.980782877297,-0.195102402856,0.));
#1402 = DEFINITIONAL_REPRESENTATION('',(#1403),#1407);
#1403 = LINE('',#1404,#1405);
#1404 = CARTESIAN_POINT('',(-0.262237130804,0.));
#1405 = VECTOR('',#1406,1.);
#1406 = DIRECTION('',(1.,0.));
#1407 = ( GEOMETRIC_REPRESENTATION_CONTEXT(2) 
PARAMETRIC_REPRESENTATION_CONTEXT() REPRESENTATION_CONTEXT('2D SPACE',''
  ) );
#1408 = ORIENTED_EDGE('',*,*,#1409,.F.);
#1409 = EDGE_CURVE('',#1410,#1382,#1412,.T.);
#1410 = VERTEX_POINT('',#1411);
#1411 = CARTESIAN_POINT('',(256.39514347644,-90.62257472451,0.));
#1412 = SURFACE_CURVE('',#1413,(#1418,#1429),.PCURVE_S1.);
#1413 = CIRCLE('',#1414,4.);
#1414 = AXIS2_PLACEMENT_3D('',#1415,#1416,#1417);
#1415 = CARTESIAN_POINT('',(257.6809422473,-94.41028135529,0.));
#1416 = DIRECTION('',(-0.,0.,-1.));
#1417 = DIRECTION('',(-0.946926657695,-0.321449692714,0.));
#1418 = PCURVE('',#63,#1419);
#1419 = DEFINITIONAL_REPRESENTATION('',(#1420),#1428);
#1420 = ( BOUNDED_CURVE() B_SPLINE_CURVE(2,(#1421,#1422,#1423,#1424,
#1425,#1426,#1427),.UNSPECIFIED.,.T.,.F.) B_SPLINE_CURVE_WITH_KNOTS((1,2
    ,2,2,2,1),(-2.094395102393,0.,2.094395102393,4.188790204786,
6.28318530718,8.377580409573),.UNSPECIFIED.) CURVE() 
GEOMETRIC_REPRESENTATION_ITEM() RATIONAL_B_SPLINE_CURVE((1.,0.5,1.,0.5,
1.,0.5,1.)) REPRESENTATION_ITEM('') );
#1421 = CARTESIAN_POINT('',(-4.412661352748,34.231836493186));
#1422 = CARTESIAN_POINT('',(-6.639730152179,40.792336821865));
#1423 = CARTESIAN_POINT('',(0.155364193709,39.440784813809));
#1424 = CARTESIAN_POINT('',(6.950458539597,38.089232805752));
#1425 = CARTESIAN_POINT('',(2.38243299314,32.880284485129));
#1426 = CARTESIAN_POINT('',(-2.185592553317,27.671336164507));
#1427 = CARTESIAN_POINT('',(-4.412661352748,34.231836493186));
#1428 = ( GEOMETRIC_REPRESENTATION_CONTEXT(2) 
PARAMETRIC_REPRESENTATION_CONTEXT() REPRESENTATION_CONTEXT('2D SPACE',''
  ) );
#1429 = PCURVE('',#1430,#1435);
#1430 = CYLINDRICAL_SURFACE('',#1431,4.);
#1431 = AXIS2_PLACEMENT_3D('',#1432,#1433,#1434);
#1432 = CARTESIAN_POINT('',(257.6809422473,-94.41028135529,0.));
#1433 = DIRECTION('',(-0.,0.,-1.));
#1434 = DIRECTION('',(-0.946926657695,-0.321449692714,0.));
#1435 = DEFINITIONAL_REPRESENTATION('',(#1436),#1440);
#1436 = LINE('',#1437,#1438);
#1437 = CARTESIAN_POINT('',(0.,0.));
#1438 = VECTOR('',#1439,1.);
#1439 = DIRECTION('',(1.,0.));
#1440 = ( GEOMETRIC_REPRESENTATION_CONTEXT(2) 
PARAMETRIC_REPRESENTATION_CONTEXT() REPRESENTATION_CONTEXT('2D SPACE',''
  ) );
#1441 = ORIENTED_EDGE('',*,*,#1442,.T.);
#1442 = EDGE_CURVE('',#1410,#1443,#1445,.T.);
#1443 = VERTEX_POINT('',#1444);
#1444 = CARTESIAN_POINT('',(254.53822434607,-91.25293619865,0.));
#1445 = SURFACE_CURVE('',#1446,(#1450,#1457),.PCURVE_S1.);
#1446 = LINE('',#1447,#1448);
#1447 = CARTESIAN_POINT('',(256.6434,-90.5383,0.));
#1448 = VECTOR('',#1449,1.);
#1449 = DIRECTION('',(-0.946926657695,-0.321449692714,0.));
#1450 = PCURVE('',#63,#1451);
#1451 = DEFINITIONAL_REPRESENTATION('',(#1452),#1456);
#1452 = LINE('',#1453,#1454);
#1453 = CARTESIAN_POINT('',(-1.66249696927,39.389616619335));
#1454 = VECTOR('',#1455,1.);
#1455 = DIRECTION('',(-0.946926657695,-0.321449692714));
#1456 = ( GEOMETRIC_REPRESENTATION_CONTEXT(2) 
PARAMETRIC_REPRESENTATION_CONTEXT() REPRESENTATION_CONTEXT('2D SPACE',''
  ) );
#1457 = PCURVE('',#1458,#1463);
#1458 = PLANE('',#1459);
#1459 = AXIS2_PLACEMENT_3D('',#1460,#1461,#1462);
#1460 = CARTESIAN_POINT('',(256.39514347644,-90.62257472451,0.));
#1461 = DIRECTION('',(0.321449692714,-0.946926657695,0.));
#1462 = DIRECTION('',(-0.946926657695,-0.321449692714,0.));
#1463 = DEFINITIONAL_REPRESENTATION('',(#1464),#1468);
#1464 = LINE('',#1465,#1466);
#1465 = CARTESIAN_POINT('',(-0.262170804397,0.));
#1466 = VECTOR('',#1467,1.);
#1467 = DIRECTION('',(1.,0.));
#1468 = ( GEOMETRIC_REPRESENTATION_CONTEXT(2) 
PARAMETRIC_REPRESENTATION_CONTEXT() REPRESENTATION_CONTEXT('2D SPACE',''
  ) );
#1469 = ORIENTED_EDGE('',*,*,#1470,.F.);
#1470 = EDGE_CURVE('',#1471,#1443,#1473,.T.);
#1471 = VERTEX_POINT('',#1472);
#1472 = CARTESIAN_POINT('',(254.05489574341,-91.45313835748,0.));
#1473 = SURFACE_CURVE('',#1474,(#1479,#1490),.PCURVE_S1.);
#1474 = CIRCLE('',#1475,4.);
#1475 = AXIS2_PLACEMENT_3D('',#1476,#1477,#1478);
#1476 = CARTESIAN_POINT('',(255.82402311693,-95.04064282943,0.));
#1477 = DIRECTION('',(-0.,0.,-1.));
#1478 = DIRECTION('',(-0.896876117988,-0.442281843379,0.));
#1479 = PCURVE('',#63,#1480);
#1480 = DEFINITIONAL_REPRESENTATION('',(#1481),#1489);
#1481 = ( BOUNDED_CURVE() B_SPLINE_CURVE(2,(#1482,#1483,#1484,#1485,
#1486,#1487,#1488),.UNSPECIFIED.,.T.,.F.) B_SPLINE_CURVE_WITH_KNOTS((1,2
    ,2,2,2,1),(-2.094395102393,0.,2.094395102393,4.188790204786,
6.28318530718,8.377580409573),.UNSPECIFIED.) CURVE() 
GEOMETRIC_REPRESENTATION_ITEM() RATIONAL_B_SPLINE_CURVE((1.,0.5,1.,0.5,
1.,0.5,1.)) REPRESENTATION_ITEM('') );
#1482 = CARTESIAN_POINT('',(-6.06937832429,33.118146416379));
#1483 = CARTESIAN_POINT('',(-9.133596820282,39.33188643418));
#1484 = CARTESIAN_POINT('',(-2.220230864358,38.878707485555));
#1485 = CARTESIAN_POINT('',(4.693135091565,38.42552853693));
#1486 = CARTESIAN_POINT('',(0.843987631634,32.664967467754));
#1487 = CARTESIAN_POINT('',(-3.005159828298,26.904406398578));
#1488 = CARTESIAN_POINT('',(-6.06937832429,33.118146416379));
#1489 = ( GEOMETRIC_REPRESENTATION_CONTEXT(2) 
PARAMETRIC_REPRESENTATION_CONTEXT() REPRESENTATION_CONTEXT('2D SPACE',''
  ) );
#1490 = PCURVE('',#1491,#1496);
#1491 = CYLINDRICAL_SURFACE('',#1492,4.);
#1492 = AXIS2_PLACEMENT_3D('',#1493,#1494,#1495);
#1493 = CARTESIAN_POINT('',(255.82402311693,-95.04064282943,0.));
#1494 = DIRECTION('',(-0.,0.,-1.));
#1495 = DIRECTION('',(-0.896876117988,-0.442281843379,0.));
#1496 = DEFINITIONAL_REPRESENTATION('',(#1497),#1501);
#1497 = LINE('',#1498,#1499);
#1498 = CARTESIAN_POINT('',(0.,0.));
#1499 = VECTOR('',#1500,1.);
#1500 = DIRECTION('',(1.,0.));
#1501 = ( GEOMETRIC_REPRESENTATION_CONTEXT(2) 
PARAMETRIC_REPRESENTATION_CONTEXT() REPRESENTATION_CONTEXT('2D SPACE',''
  ) );
#1502 = ORIENTED_EDGE('',*,*,#1503,.T.);
#1503 = EDGE_CURVE('',#1471,#1504,#1506,.T.);
#1504 = VERTEX_POINT('',#1505);
#1505 = CARTESIAN_POINT('',(252.29615654896,-92.32043585526,0.));
#1506 = SURFACE_CURVE('',#1507,(#1511,#1518),.PCURVE_S1.);
#1507 = LINE('',#1508,#1509);
#1508 = CARTESIAN_POINT('',(254.29,-91.3372,0.));
#1509 = VECTOR('',#1510,1.);
#1510 = DIRECTION('',(-0.896876117988,-0.442281843379,0.));
#1511 = PCURVE('',#63,#1512);
#1512 = DEFINITIONAL_REPRESENTATION('',(#1513),#1517);
#1513 = LINE('',#1514,#1515);
#1514 = CARTESIAN_POINT('',(-4.01589696927,38.590716619335));
#1515 = VECTOR('',#1516,1.);
#1516 = DIRECTION('',(-0.896876117988,-0.442281843379));
#1517 = ( GEOMETRIC_REPRESENTATION_CONTEXT(2) 
PARAMETRIC_REPRESENTATION_CONTEXT() REPRESENTATION_CONTEXT('2D SPACE',''
  ) );
#1518 = PCURVE('',#1519,#1524);
#1519 = PLANE('',#1520);
#1520 = AXIS2_PLACEMENT_3D('',#1521,#1522,#1523);
#1521 = CARTESIAN_POINT('',(254.05489574341,-91.45313835748,0.));
#1522 = DIRECTION('',(0.442281843379,-0.896876117988,0.));
#1523 = DIRECTION('',(-0.896876117988,-0.442281843379,0.));
#1524 = DEFINITIONAL_REPRESENTATION('',(#1525),#1529);
#1525 = LINE('',#1526,#1527);
#1526 = CARTESIAN_POINT('',(-0.262136823437,0.));
#1527 = VECTOR('',#1528,1.);
#1528 = DIRECTION('',(1.,0.));
#1529 = ( GEOMETRIC_REPRESENTATION_CONTEXT(2) 
PARAMETRIC_REPRESENTATION_CONTEXT() REPRESENTATION_CONTEXT('2D SPACE',''
  ) );
#1530 = ORIENTED_EDGE('',*,*,#1531,.F.);
#1531 = EDGE_CURVE('',#1532,#1504,#1534,.T.);
#1532 = VERTEX_POINT('',#1533);
#1533 = CARTESIAN_POINT('',(251.84299314922,-92.58206845369,0.));
#1534 = SURFACE_CURVE('',#1535,(#1540,#1551),.PCURVE_S1.);
#1535 = CIRCLE('',#1536,4.);
#1536 = AXIS2_PLACEMENT_3D('',#1537,#1538,#1539);
#1537 = CARTESIAN_POINT('',(254.06528392248,-95.90794032721,0.));
#1538 = DIRECTION('',(-0.,0.,-1.));
#1539 = DIRECTION('',(-0.831467968379,-0.555572693316,0.));
#1540 = PCURVE('',#63,#1541);
#1541 = DEFINITIONAL_REPRESENTATION('',(#1542),#1550);
#1542 = ( BOUNDED_CURVE() B_SPLINE_CURVE(2,(#1543,#1544,#1545,#1546,
#1547,#1548,#1549),.UNSPECIFIED.,.T.,.F.) B_SPLINE_CURVE_WITH_KNOTS((1,2
    ,2,2,2,1),(-2.094395102393,0.,2.094395102393,4.188790204786,
6.28318530718,8.377580409573),.UNSPECIFIED.) CURVE() 
GEOMETRIC_REPRESENTATION_ITEM() RATIONAL_B_SPLINE_CURVE((1.,0.5,1.,0.5,
1.,0.5,1.)) REPRESENTATION_ITEM('') );
#1543 = CARTESIAN_POINT('',(-7.566484920302,31.797685518858));
#1544 = CARTESIAN_POINT('',(-11.41560544878,37.558264583255));
#1545 = CARTESIAN_POINT('',(-4.502237374269,38.011411210955));
#1546 = CARTESIAN_POINT('',(2.411130700252,38.464557838655));
#1547 = CARTESIAN_POINT('',(-0.653116845781,32.250832146558));
#1548 = CARTESIAN_POINT('',(-3.717364391814,26.03710645446));
#1549 = CARTESIAN_POINT('',(-7.566484920302,31.797685518858));
#1550 = ( GEOMETRIC_REPRESENTATION_CONTEXT(2) 
PARAMETRIC_REPRESENTATION_CONTEXT() REPRESENTATION_CONTEXT('2D SPACE',''
  ) );
#1551 = PCURVE('',#1552,#1557);
#1552 = CYLINDRICAL_SURFACE('',#1553,4.);
#1553 = AXIS2_PLACEMENT_3D('',#1554,#1555,#1556);
#1554 = CARTESIAN_POINT('',(254.06528392248,-95.90794032721,0.));
#1555 = DIRECTION('',(-0.,0.,-1.));
#1556 = DIRECTION('',(-0.831467968379,-0.555572693316,0.));
#1557 = DEFINITIONAL_REPRESENTATION('',(#1558),#1562);
#1558 = LINE('',#1559,#1560);
#1559 = CARTESIAN_POINT('',(0.,0.));
#1560 = VECTOR('',#1561,1.);
#1561 = DIRECTION('',(1.,0.));
#1562 = ( GEOMETRIC_REPRESENTATION_CONTEXT(2) 
PARAMETRIC_REPRESENTATION_CONTEXT() REPRESENTATION_CONTEXT('2D SPACE',''
  ) );
#1563 = ORIENTED_EDGE('',*,*,#1564,.T.);
#1564 = EDGE_CURVE('',#1532,#1565,#1567,.T.);
#1565 = VERTEX_POINT('',#1566);
#1566 = CARTESIAN_POINT('',(250.21247501341,-93.67155281948,0.));
#1567 = SURFACE_CURVE('',#1568,(#1572,#1579),.PCURVE_S1.);
#1568 = LINE('',#1569,#1570);
#1569 = CARTESIAN_POINT('',(252.061,-92.4364,0.));
#1570 = VECTOR('',#1571,1.);
#1571 = DIRECTION('',(-0.831467968379,-0.555572693316,0.));
#1572 = PCURVE('',#63,#1573);
#1573 = DEFINITIONAL_REPRESENTATION('',(#1574),#1578);
#1574 = LINE('',#1575,#1576);
#1575 = CARTESIAN_POINT('',(-6.244896969269,37.491516619335));
#1576 = VECTOR('',#1577,1.);
#1577 = DIRECTION('',(-0.831467968379,-0.555572693316));
#1578 = ( GEOMETRIC_REPRESENTATION_CONTEXT(2) 
PARAMETRIC_REPRESENTATION_CONTEXT() REPRESENTATION_CONTEXT('2D SPACE',''
  ) );
#1579 = PCURVE('',#1580,#1585);
#1580 = PLANE('',#1581);
#1581 = AXIS2_PLACEMENT_3D('',#1582,#1583,#1584);
#1582 = CARTESIAN_POINT('',(251.84299314922,-92.58206845369,0.));
#1583 = DIRECTION('',(0.555572693316,-0.831467968379,0.));
#1584 = DIRECTION('',(-0.831467968379,-0.555572693316,0.));
#1585 = DEFINITIONAL_REPRESENTATION('',(#1586),#1590);
#1586 = LINE('',#1587,#1588);
#1587 = CARTESIAN_POINT('',(-0.26219512846,0.));
#1588 = VECTOR('',#1589,1.);
#1589 = DIRECTION('',(1.,0.));
#1590 = ( GEOMETRIC_REPRESENTATION_CONTEXT(2) 
PARAMETRIC_REPRESENTATION_CONTEXT() REPRESENTATION_CONTEXT('2D SPACE',''
  ) );
#1591 = ORIENTED_EDGE('',*,*,#1592,.F.);
#1592 = EDGE_CURVE('',#1593,#1565,#1595,.T.);
#1593 = VERTEX_POINT('',#1594);
#1594 = CARTESIAN_POINT('',(249.79739910081,-93.99005092769,0.));
#1595 = SURFACE_CURVE('',#1596,(#1601,#1612),.PCURVE_S1.);
#1596 = CIRCLE('',#1597,4.);
#1597 = AXIS2_PLACEMENT_3D('',#1598,#1599,#1600);
#1598 = CARTESIAN_POINT('',(252.43476578668,-96.997424693,0.));
#1599 = DIRECTION('',(-0.,0.,-1.));
#1600 = DIRECTION('',(-0.751843441327,-0.659341671467,0.));
#1601 = PCURVE('',#63,#1602);
#1602 = DEFINITIONAL_REPRESENTATION('',(#1603),#1611);
#1603 = ( BOUNDED_CURVE() B_SPLINE_CURVE(2,(#1604,#1605,#1606,#1607,
#1608,#1609,#1610),.UNSPECIFIED.,.T.,.F.) B_SPLINE_CURVE_WITH_KNOTS((1,2
    ,2,2,2,1),(-2.094395102393,0.,2.094395102393,4.188790204786,
6.28318530718,8.377580409573),.UNSPECIFIED.) CURVE() 
GEOMETRIC_REPRESENTATION_ITEM() RATIONAL_B_SPLINE_CURVE((1.,0.5,1.,0.5,
1.,0.5,1.)) REPRESENTATION_ITEM('') );
#1604 = CARTESIAN_POINT('',(-8.878504947896,30.29312524046));
#1605 = CARTESIAN_POINT('',(-13.446558046,35.502049399326));
#1606 = CARTESIAN_POINT('',(-6.651470848988,36.853637348695));
#1607 = CARTESIAN_POINT('',(0.143616348033,38.205225298064));
#1608 = CARTESIAN_POINT('',(-2.083417750875,31.644713189829));
#1609 = CARTESIAN_POINT('',(-4.310451849783,25.084201081594));
#1610 = CARTESIAN_POINT('',(-8.878504947896,30.29312524046));
#1611 = ( GEOMETRIC_REPRESENTATION_CONTEXT(2) 
PARAMETRIC_REPRESENTATION_CONTEXT() REPRESENTATION_CONTEXT('2D SPACE',''
  ) );
#1612 = PCURVE('',#1613,#1618);
#1613 = CYLINDRICAL_SURFACE('',#1614,4.);
#1614 = AXIS2_PLACEMENT_3D('',#1615,#1616,#1617);
#1615 = CARTESIAN_POINT('',(252.43476578668,-96.997424693,0.));
#1616 = DIRECTION('',(-0.,0.,-1.));
#1617 = DIRECTION('',(-0.751843441327,-0.659341671467,0.));
#1618 = DEFINITIONAL_REPRESENTATION('',(#1619),#1623);
#1619 = LINE('',#1620,#1621);
#1620 = CARTESIAN_POINT('',(0.,0.));
#1621 = VECTOR('',#1622,1.);
#1622 = DIRECTION('',(1.,0.));
#1623 = ( GEOMETRIC_REPRESENTATION_CONTEXT(2) 
PARAMETRIC_REPRESENTATION_CONTEXT() REPRESENTATION_CONTEXT('2D SPACE',''
  ) );
#1624 = ORIENTED_EDGE('',*,*,#1625,.T.);
#1625 = EDGE_CURVE('',#1593,#1626,#1628,.T.);
#1626 = VERTEX_POINT('',#1627);
#1627 = CARTESIAN_POINT('',(248.32303595723,-95.28301832756,0.));
#1628 = SURFACE_CURVE('',#1629,(#1633,#1640),.PCURVE_S1.);
#1629 = LINE('',#1630,#1631);
#1630 = CARTESIAN_POINT('',(249.9945,-93.8172,0.));
#1631 = VECTOR('',#1632,1.);
#1632 = DIRECTION('',(-0.751843441327,-0.659341671467,0.));
#1633 = PCURVE('',#63,#1634);
#1634 = DEFINITIONAL_REPRESENTATION('',(#1635),#1639);
#1635 = LINE('',#1636,#1637);
#1636 = CARTESIAN_POINT('',(-8.31139696927,36.110716619335));
#1637 = VECTOR('',#1638,1.);
#1638 = DIRECTION('',(-0.751843441327,-0.659341671467));
#1639 = ( GEOMETRIC_REPRESENTATION_CONTEXT(2) 
PARAMETRIC_REPRESENTATION_CONTEXT() REPRESENTATION_CONTEXT('2D SPACE',''
  ) );
#1640 = PCURVE('',#1641,#1646);
#1641 = PLANE('',#1642);
#1642 = AXIS2_PLACEMENT_3D('',#1643,#1644,#1645);
#1643 = CARTESIAN_POINT('',(249.79739910081,-93.99005092769,0.));
#1644 = DIRECTION('',(0.659341671467,-0.751843441327,0.));
#1645 = DIRECTION('',(-0.751843441327,-0.659341671467,0.));
#1646 = DEFINITIONAL_REPRESENTATION('',(#1647),#1651);
#1647 = LINE('',#1648,#1649);
#1648 = CARTESIAN_POINT('',(-0.262156837914,0.));
#1649 = VECTOR('',#1650,1.);
#1650 = DIRECTION('',(1.,0.));
#1651 = ( GEOMETRIC_REPRESENTATION_CONTEXT(2) 
PARAMETRIC_REPRESENTATION_CONTEXT() REPRESENTATION_CONTEXT('2D SPACE',''
  ) );
#1652 = ORIENTED_EDGE('',*,*,#1653,.F.);
#1653 = EDGE_CURVE('',#1654,#1626,#1656,.T.);
#1654 = VERTEX_POINT('',#1655);
#1655 = CARTESIAN_POINT('',(247.95301906132,-95.65303660071,0.));
#1656 = SURFACE_CURVE('',#1657,(#1662,#1673),.PCURVE_S1.);
#1657 = CIRCLE('',#1658,4.);
#1658 = AXIS2_PLACEMENT_3D('',#1659,#1660,#1661);
#1659 = CARTESIAN_POINT('',(250.9604026431,-98.29039209287,0.));
#1660 = DIRECTION('',(-0.,0.,-1.));
#1661 = DIRECTION('',(-0.659338873041,-0.751845895445,0.));
#1662 = PCURVE('',#63,#1663);
#1663 = DEFINITIONAL_REPRESENTATION('',(#1664),#1672);
#1664 = ( BOUNDED_CURVE() B_SPLINE_CURVE(2,(#1665,#1666,#1667,#1668,
#1669,#1670,#1671),.UNSPECIFIED.,.T.,.F.) B_SPLINE_CURVE_WITH_KNOTS((1,2
    ,2,2,2,1),(-2.094395102393,0.,2.094395102393,4.188790204786,
6.28318530718,8.377580409573),.UNSPECIFIED.) CURVE() 
GEOMETRIC_REPRESENTATION_ITEM() RATIONAL_B_SPLINE_CURVE((1.,0.5,1.,0.5,
1.,0.5,1.)) REPRESENTATION_ITEM('') );
#1665 = CARTESIAN_POINT('',(-9.982849818332,28.630140944682));
#1666 = CARTESIAN_POINT('',(-15.19179097982,33.198174654728));
#1667 = CARTESIAN_POINT('',(-8.631287160834,35.425233172375));
#1668 = CARTESIAN_POINT('',(-2.070783341845,37.652291690023));
#1669 = CARTESIAN_POINT('',(-3.422345999342,30.857199462329));
#1670 = CARTESIAN_POINT('',(-4.77390865684,24.062107234636));
#1671 = CARTESIAN_POINT('',(-9.982849818332,28.630140944682));
#1672 = ( GEOMETRIC_REPRESENTATION_CONTEXT(2) 
PARAMETRIC_REPRESENTATION_CONTEXT() REPRESENTATION_CONTEXT('2D SPACE',''
  ) );
#1673 = PCURVE('',#1674,#1679);
#1674 = CYLINDRICAL_SURFACE('',#1675,4.);
#1675 = AXIS2_PLACEMENT_3D('',#1676,#1677,#1678);
#1676 = CARTESIAN_POINT('',(250.9604026431,-98.29039209287,0.));
#1677 = DIRECTION('',(-0.,0.,-1.));
#1678 = DIRECTION('',(-0.659338873041,-0.751845895445,0.));
#1679 = DEFINITIONAL_REPRESENTATION('',(#1680),#1684);
#1680 = LINE('',#1681,#1682);
#1681 = CARTESIAN_POINT('',(0.,0.));
#1682 = VECTOR('',#1683,1.);
#1683 = DIRECTION('',(1.,0.));
#1684 = ( GEOMETRIC_REPRESENTATION_CONTEXT(2) 
PARAMETRIC_REPRESENTATION_CONTEXT() REPRESENTATION_CONTEXT('2D SPACE',''
  ) );
#1685 = ORIENTED_EDGE('',*,*,#1686,.T.);
#1686 = EDGE_CURVE('',#1654,#1687,#1689,.T.);
#1687 = VERTEX_POINT('',#1688);
#1688 = CARTESIAN_POINT('',(246.66014526476,-97.12730407835,0.));
#1689 = SURFACE_CURVE('',#1690,(#1694,#1701),.PCURVE_S1.);
#1690 = LINE('',#1691,#1692);
#1691 = CARTESIAN_POINT('',(248.1259,-95.4559,0.));
#1692 = VECTOR('',#1693,1.);
#1693 = DIRECTION('',(-0.659338873041,-0.751845895445,0.));
#1694 = PCURVE('',#63,#1695);
#1695 = DEFINITIONAL_REPRESENTATION('',(#1696),#1700);
#1696 = LINE('',#1697,#1698);
#1697 = CARTESIAN_POINT('',(-10.17999696926,34.472016619335));
#1698 = VECTOR('',#1699,1.);
#1699 = DIRECTION('',(-0.659338873041,-0.751845895445));
#1700 = ( GEOMETRIC_REPRESENTATION_CONTEXT(2) 
PARAMETRIC_REPRESENTATION_CONTEXT() REPRESENTATION_CONTEXT('2D SPACE',''
  ) );
#1701 = PCURVE('',#1702,#1707);
#1702 = PLANE('',#1703);
#1703 = AXIS2_PLACEMENT_3D('',#1704,#1705,#1706);
#1704 = CARTESIAN_POINT('',(247.95301906132,-95.65303660071,0.));
#1705 = DIRECTION('',(0.751845895445,-0.659338873041,0.));
#1706 = DIRECTION('',(-0.659338873041,-0.751845895445,0.));
#1707 = DEFINITIONAL_REPRESENTATION('',(#1708),#1712);
#1708 = LINE('',#1709,#1710);
#1709 = CARTESIAN_POINT('',(-0.262203467366,0.));
#1710 = VECTOR('',#1711,1.);
#1711 = DIRECTION('',(1.,0.));
#1712 = ( GEOMETRIC_REPRESENTATION_CONTEXT(2) 
PARAMETRIC_REPRESENTATION_CONTEXT() REPRESENTATION_CONTEXT('2D SPACE',''
  ) );
#1713 = ORIENTED_EDGE('',*,*,#1714,.F.);
#1714 = EDGE_CURVE('',#1715,#1687,#1717,.T.);
#1715 = VERTEX_POINT('',#1716);
#1716 = CARTESIAN_POINT('',(246.34165697302,-97.54236879725,0.));
#1717 = SURFACE_CURVE('',#1718,(#1723,#1734),.PCURVE_S1.);
#1718 = CIRCLE('',#1719,4.);
#1719 = AXIS2_PLACEMENT_3D('',#1720,#1721,#1722);
#1720 = CARTESIAN_POINT('',(249.66752884654,-99.76465957051,0.));
#1721 = DIRECTION('',(-0.,0.,-1.));
#1722 = DIRECTION('',(-0.555572693316,-0.831467968379,0.));
#1723 = PCURVE('',#63,#1724);
#1724 = DEFINITIONAL_REPRESENTATION('',(#1725),#1733);
#1725 = ( BOUNDED_CURVE() B_SPLINE_CURVE(2,(#1726,#1727,#1728,#1729,
#1730,#1731,#1732),.UNSPECIFIED.,.T.,.F.) B_SPLINE_CURVE_WITH_KNOTS((1,2
    ,2,2,2,1),(-2.094395102393,0.,2.094395102393,4.188790204786,
6.28318530718,8.377580409573),.UNSPECIFIED.) CURVE() 
GEOMETRIC_REPRESENTATION_ITEM() RATIONAL_B_SPLINE_CURVE((1.,0.5,1.,0.5,
1.,0.5,1.)) REPRESENTATION_ITEM('') );
#1726 = CARTESIAN_POINT('',(-10.86065889599,26.837385175301));
#1727 = CARTESIAN_POINT('',(-16.62123796038,30.686505703789));
#1728 = CARTESIAN_POINT('',(-10.40751226829,33.750753249822));
#1729 = CARTESIAN_POINT('',(-4.193786576194,36.815000795855));
#1730 = CARTESIAN_POINT('',(-4.646933203894,29.901632721334));
#1731 = CARTESIAN_POINT('',(-5.100079831594,22.988264646813));
#1732 = CARTESIAN_POINT('',(-10.86065889599,26.837385175301));
#1733 = ( GEOMETRIC_REPRESENTATION_CONTEXT(2) 
PARAMETRIC_REPRESENTATION_CONTEXT() REPRESENTATION_CONTEXT('2D SPACE',''
  ) );
#1734 = PCURVE('',#1735,#1740);
#1735 = CYLINDRICAL_SURFACE('',#1736,4.);
#1736 = AXIS2_PLACEMENT_3D('',#1737,#1738,#1739);
#1737 = CARTESIAN_POINT('',(249.66752884654,-99.76465957051,0.));
#1738 = DIRECTION('',(-0.,0.,-1.));
#1739 = DIRECTION('',(-0.555572693316,-0.831467968379,0.));
#1740 = DEFINITIONAL_REPRESENTATION('',(#1741),#1745);
#1741 = LINE('',#1742,#1743);
#1742 = CARTESIAN_POINT('',(0.,0.));
#1743 = VECTOR('',#1744,1.);
#1744 = DIRECTION('',(1.,0.));
#1745 = ( GEOMETRIC_REPRESENTATION_CONTEXT(2) 
PARAMETRIC_REPRESENTATION_CONTEXT() REPRESENTATION_CONTEXT('2D SPACE',''
  ) );
#1746 = ORIENTED_EDGE('',*,*,#1747,.T.);
#1747 = EDGE_CURVE('',#1715,#1748,#1750,.T.);
#1748 = VERTEX_POINT('',#1749);
#1749 = CARTESIAN_POINT('',(245.25216845369,-99.17289314922,0.));
#1750 = SURFACE_CURVE('',#1751,(#1755,#1762),.PCURVE_S1.);
#1751 = LINE('',#1752,#1753);
#1752 = CARTESIAN_POINT('',(246.4873,-97.3244,0.));
#1753 = VECTOR('',#1754,1.);
#1754 = DIRECTION('',(-0.555572693316,-0.831467968379,0.));
#1755 = PCURVE('',#63,#1756);
#1756 = DEFINITIONAL_REPRESENTATION('',(#1757),#1761);
#1757 = LINE('',#1758,#1759);
#1758 = CARTESIAN_POINT('',(-11.81859696926,32.603516619335));
#1759 = VECTOR('',#1760,1.);
#1760 = DIRECTION('',(-0.555572693316,-0.831467968379));
#1761 = ( GEOMETRIC_REPRESENTATION_CONTEXT(2) 
PARAMETRIC_REPRESENTATION_CONTEXT() REPRESENTATION_CONTEXT('2D SPACE',''
  ) );
#1762 = PCURVE('',#1763,#1768);
#1763 = PLANE('',#1764);
#1764 = AXIS2_PLACEMENT_3D('',#1765,#1766,#1767);
#1765 = CARTESIAN_POINT('',(246.34165697302,-97.54236879725,0.));
#1766 = DIRECTION('',(0.831467968379,-0.555572693316,0.));
#1767 = DIRECTION('',(-0.555572693316,-0.831467968379,0.));
#1768 = DEFINITIONAL_REPRESENTATION('',(#1769),#1773);
#1769 = LINE('',#1770,#1771);
#1770 = CARTESIAN_POINT('',(-0.262149361778,0.));
#1771 = VECTOR('',#1772,1.);
#1772 = DIRECTION('',(1.,0.));
#1773 = ( GEOMETRIC_REPRESENTATION_CONTEXT(2) 
PARAMETRIC_REPRESENTATION_CONTEXT() REPRESENTATION_CONTEXT('2D SPACE',''
  ) );
#1774 = ORIENTED_EDGE('',*,*,#1775,.F.);
#1775 = EDGE_CURVE('',#1776,#1748,#1778,.T.);
#1776 = VERTEX_POINT('',#1777);
#1777 = CARTESIAN_POINT('',(244.99053585526,-99.62605654896,0.));
#1778 = SURFACE_CURVE('',#1779,(#1784,#1795),.PCURVE_S1.);
#1779 = CIRCLE('',#1780,4.);
#1780 = AXIS2_PLACEMENT_3D('',#1781,#1782,#1783);
#1781 = CARTESIAN_POINT('',(248.57804032721,-101.3951839224,0.));
#1782 = DIRECTION('',(-0.,0.,-1.));
#1783 = DIRECTION('',(-0.442281843379,-0.896876117988,0.));
#1784 = PCURVE('',#63,#1785);
#1785 = DEFINITIONAL_REPRESENTATION('',(#1786),#1794);
#1786 = ( BOUNDED_CURVE() B_SPLINE_CURVE(2,(#1787,#1788,#1789,#1790,
#1791,#1792,#1793),.UNSPECIFIED.,.T.,.F.) B_SPLINE_CURVE_WITH_KNOTS((1,2
    ,2,2,2,1),(-2.094395102393,0.,2.094395102393,4.188790204786,
6.28318530718,8.377580409573),.UNSPECIFIED.) CURVE() 
GEOMETRIC_REPRESENTATION_ITEM() RATIONAL_B_SPLINE_CURVE((1.,0.5,1.,0.5,
1.,0.5,1.)) REPRESENTATION_ITEM('') );
#1787 = CARTESIAN_POINT('',(-11.49698401557,24.945228224897));
#1788 = CARTESIAN_POINT('',(-17.71072403337,28.009446720889));
#1789 = CARTESIAN_POINT('',(-11.9501629642,31.858594180821));
#1790 = CARTESIAN_POINT('',(-6.189601895024,35.707741640752));
#1791 = CARTESIAN_POINT('',(-5.736422946399,28.794375684828));
#1792 = CARTESIAN_POINT('',(-5.283243997775,21.881009728905));
#1793 = CARTESIAN_POINT('',(-11.49698401557,24.945228224897));
#1794 = ( GEOMETRIC_REPRESENTATION_CONTEXT(2) 
PARAMETRIC_REPRESENTATION_CONTEXT() REPRESENTATION_CONTEXT('2D SPACE',''
  ) );
#1795 = PCURVE('',#1796,#1801);
#1796 = CYLINDRICAL_SURFACE('',#1797,4.);
#1797 = AXIS2_PLACEMENT_3D('',#1798,#1799,#1800);
#1798 = CARTESIAN_POINT('',(248.57804032721,-101.3951839224,0.));
#1799 = DIRECTION('',(-0.,0.,-1.));
#1800 = DIRECTION('',(-0.442281843379,-0.896876117988,0.));
#1801 = DEFINITIONAL_REPRESENTATION('',(#1802),#1806);
#1802 = LINE('',#1803,#1804);
#1803 = CARTESIAN_POINT('',(0.,0.));
#1804 = VECTOR('',#1805,1.);
#1805 = DIRECTION('',(1.,0.));
#1806 = ( GEOMETRIC_REPRESENTATION_CONTEXT(2) 
PARAMETRIC_REPRESENTATION_CONTEXT() REPRESENTATION_CONTEXT('2D SPACE',''
  ) );
#1807 = ORIENTED_EDGE('',*,*,#1808,.T.);
#1808 = EDGE_CURVE('',#1776,#1809,#1811,.T.);
#1809 = VERTEX_POINT('',#1810);
#1810 = CARTESIAN_POINT('',(244.11288521054,-101.4057902526,0.));
#1811 = SURFACE_CURVE('',#1812,(#1816,#1823),.PCURVE_S1.);
#1812 = LINE('',#1813,#1814);
#1813 = CARTESIAN_POINT('',(245.1065,-99.3909,0.));
#1814 = VECTOR('',#1815,1.);
#1815 = DIRECTION('',(-0.442281843379,-0.896876117988,0.));
#1816 = PCURVE('',#63,#1817);
#1817 = DEFINITIONAL_REPRESENTATION('',(#1818),#1822);
#1818 = LINE('',#1819,#1820);
#1819 = CARTESIAN_POINT('',(-13.19939696926,30.537016619335));
#1820 = VECTOR('',#1821,1.);
#1821 = DIRECTION('',(-0.442281843379,-0.896876117988));
#1822 = ( GEOMETRIC_REPRESENTATION_CONTEXT(2) 
PARAMETRIC_REPRESENTATION_CONTEXT() REPRESENTATION_CONTEXT('2D SPACE',''
  ) );
#1823 = PCURVE('',#1824,#1829);
#1824 = PLANE('',#1825);
#1825 = AXIS2_PLACEMENT_3D('',#1826,#1827,#1828);
#1826 = CARTESIAN_POINT('',(244.99053585526,-99.62605654896,0.));
#1827 = DIRECTION('',(0.896876117988,-0.442281843379,0.));
#1828 = DIRECTION('',(-0.442281843379,-0.896876117988,0.));
#1829 = DEFINITIONAL_REPRESENTATION('',(#1830),#1834);
#1830 = LINE('',#1831,#1832);
#1831 = CARTESIAN_POINT('',(-0.26219512846,0.));
#1832 = VECTOR('',#1833,1.);
#1833 = DIRECTION('',(1.,0.));
#1834 = ( GEOMETRIC_REPRESENTATION_CONTEXT(2) 
PARAMETRIC_REPRESENTATION_CONTEXT() REPRESENTATION_CONTEXT('2D SPACE',''
  ) );
#1835 = ORIENTED_EDGE('',*,*,#1836,.F.);
#1836 = EDGE_CURVE('',#1837,#1809,#1839,.T.);
#1837 = VERTEX_POINT('',#1838);
#1838 = CARTESIAN_POINT('',(243.92793062103,-101.8450482229,0.));
#1839 = SURFACE_CURVE('',#1840,(#1845,#1856),.PCURVE_S1.);
#1840 = CIRCLE('',#1841,4.);
#1841 = AXIS2_PLACEMENT_3D('',#1842,#1843,#1844);
#1842 = CARTESIAN_POINT('',(247.7003896825,-103.1749176261,0.));
#1843 = DIRECTION('',(-0.,0.,-1.));
#1844 = DIRECTION('',(-0.332467350803,-0.943114765365,0.));
#1845 = PCURVE('',#63,#1846);
#1846 = DEFINITIONAL_REPRESENTATION('',(#1847),#1855);
#1847 = ( BOUNDED_CURVE() B_SPLINE_CURVE(2,(#1848,#1849,#1850,#1851,
#1852,#1853,#1854),.UNSPECIFIED.,.T.,.F.) B_SPLINE_CURVE_WITH_KNOTS((1,2
    ,2,2,2,1),(-2.094395102393,0.,2.094395102393,4.188790204786,
6.28318530718,8.377580409573),.UNSPECIFIED.) CURVE() 
GEOMETRIC_REPRESENTATION_ITEM() RATIONAL_B_SPLINE_CURVE((1.,0.5,1.,0.5,
1.,0.5,1.)) REPRESENTATION_ITEM('') );
#1848 = CARTESIAN_POINT('',(-11.93537668998,22.980539931729));
#1849 = CARTESIAN_POINT('',(-18.4694674539,25.283941305522));
#1850 = CARTESIAN_POINT('',(-13.20761796712,29.790929210818));
#1851 = CARTESIAN_POINT('',(-7.945768480347,34.297917116113));
#1852 = CARTESIAN_POINT('',(-6.673527203202,27.487527837025));
#1853 = CARTESIAN_POINT('',(-5.401285926056,20.677138557936));
#1854 = CARTESIAN_POINT('',(-11.93537668998,22.980539931729));
#1855 = ( GEOMETRIC_REPRESENTATION_CONTEXT(2) 
PARAMETRIC_REPRESENTATION_CONTEXT() REPRESENTATION_CONTEXT('2D SPACE',''
  ) );
#1856 = PCURVE('',#1857,#1862);
#1857 = CYLINDRICAL_SURFACE('',#1858,4.);
#1858 = AXIS2_PLACEMENT_3D('',#1859,#1860,#1861);
#1859 = CARTESIAN_POINT('',(247.7003896825,-103.1749176261,0.));
#1860 = DIRECTION('',(-0.,0.,-1.));
#1861 = DIRECTION('',(-0.332467350803,-0.943114765365,0.));
#1862 = DEFINITIONAL_REPRESENTATION('',(#1863),#1867);
#1863 = LINE('',#1864,#1865);
#1864 = CARTESIAN_POINT('',(0.,0.));
#1865 = VECTOR('',#1866,1.);
#1866 = DIRECTION('',(1.,0.));
#1867 = ( GEOMETRIC_REPRESENTATION_CONTEXT(2) 
PARAMETRIC_REPRESENTATION_CONTEXT() REPRESENTATION_CONTEXT('2D SPACE',''
  ) );
#1868 = ORIENTED_EDGE('',*,*,#1869,.T.);
#1869 = EDGE_CURVE('',#1837,#42,#1870,.T.);
#1870 = SURFACE_CURVE('',#1871,(#1875,#1882),.PCURVE_S1.);
#1871 = LINE('',#1872,#1873);
#1872 = CARTESIAN_POINT('',(244.0073,-101.6199,0.));
#1873 = VECTOR('',#1874,1.);
#1874 = DIRECTION('',(-0.332467350803,-0.943114765365,0.));
#1875 = PCURVE('',#63,#1876);
#1876 = DEFINITIONAL_REPRESENTATION('',(#1877),#1881);
#1877 = LINE('',#1878,#1879);
#1878 = CARTESIAN_POINT('',(-14.29859696927,28.308016619335));
#1879 = VECTOR('',#1880,1.);
#1880 = DIRECTION('',(-0.332467350803,-0.943114765365));
#1881 = ( GEOMETRIC_REPRESENTATION_CONTEXT(2) 
PARAMETRIC_REPRESENTATION_CONTEXT() REPRESENTATION_CONTEXT('2D SPACE',''
  ) );
#1882 = PCURVE('',#272,#1883);
#1883 = DEFINITIONAL_REPRESENTATION('',(#1884),#1888);
#1884 = LINE('',#1885,#1886);
#1885 = CARTESIAN_POINT('',(-0.238728340602,0.));
#1886 = VECTOR('',#1887,1.);
#1887 = DIRECTION('',(1.,0.));
#1888 = ( GEOMETRIC_REPRESENTATION_CONTEXT(2) 
PARAMETRIC_REPRESENTATION_CONTEXT() REPRESENTATION_CONTEXT('2D SPACE',''
  ) );
#1889 = FACE_BOUND('',#1890,.F.);
#1890 = EDGE_LOOP('',(#1891));
#1891 = ORIENTED_EDGE('',*,*,#1892,.F.);
#1892 = EDGE_CURVE('',#1893,#1893,#1895,.T.);
#1893 = VERTEX_POINT('',#1894);
#1894 = CARTESIAN_POINT('',(251.86097566106,-121.3908974119,0.));
#1895 = SURFACE_CURVE('',#1896,(#1901,#1908),.PCURVE_S1.);
#1896 = CIRCLE('',#1897,2.8);
#1897 = AXIS2_PLACEMENT_3D('',#1898,#1899,#1900);
#1898 = CARTESIAN_POINT('',(249.06097566106,-121.3908974119,0.));
#1899 = DIRECTION('',(0.,0.,1.));
#1900 = DIRECTION('',(1.,0.,-0.));
#1901 = PCURVE('',#63,#1902);
#1902 = DEFINITIONAL_REPRESENTATION('',(#1903),#1907);
#1903 = CIRCLE('',#1904,2.8);
#1904 = AXIS2_PLACEMENT_2D('',#1905,#1906);
#1905 = CARTESIAN_POINT('',(-9.244921308202,8.537019207405));
#1906 = DIRECTION('',(1.,0.));
#1907 = ( GEOMETRIC_REPRESENTATION_CONTEXT(2) 
PARAMETRIC_REPRESENTATION_CONTEXT() REPRESENTATION_CONTEXT('2D SPACE',''
  ) );
#1908 = PCURVE('',#1909,#1914);
#1909 = CYLINDRICAL_SURFACE('',#1910,2.8);
#1910 = AXIS2_PLACEMENT_3D('',#1911,#1912,#1913);
#1911 = CARTESIAN_POINT('',(249.06097566106,-121.3908974119,-2.E-02));
#1912 = DIRECTION('',(0.,0.,1.));
#1913 = DIRECTION('',(1.,0.,-0.));
#1914 = DEFINITIONAL_REPRESENTATION('',(#1915),#1919);
#1915 = LINE('',#1916,#1917);
#1916 = CARTESIAN_POINT('',(0.,2.E-02));
#1917 = VECTOR('',#1918,1.);
#1918 = DIRECTION('',(1.,0.));
#1919 = ( GEOMETRIC_REPRESENTATION_CONTEXT(2) 
PARAMETRIC_REPRESENTATION_CONTEXT() REPRESENTATION_CONTEXT('2D SPACE',''
  ) );
#1920 = FACE_BOUND('',#1921,.F.);
#1921 = EDGE_LOOP('',(#1922));
#1922 = ORIENTED_EDGE('',*,*,#1923,.F.);
#1923 = EDGE_CURVE('',#1924,#1924,#1926,.T.);
#1924 = VERTEX_POINT('',#1925);
#1925 = CARTESIAN_POINT('',(272.68597566106,-108.8908974119,0.));
#1926 = SURFACE_CURVE('',#1927,(#1932,#1939),.PCURVE_S1.);
#1927 = CIRCLE('',#1928,11.125);
#1928 = AXIS2_PLACEMENT_3D('',#1929,#1930,#1931);
#1929 = CARTESIAN_POINT('',(261.56097566106,-108.8908974119,0.));
#1930 = DIRECTION('',(0.,0.,1.));
#1931 = DIRECTION('',(1.,0.,-0.));
#1932 = PCURVE('',#63,#1933);
#1933 = DEFINITIONAL_REPRESENTATION('',(#1934),#1938);
#1934 = CIRCLE('',#1935,11.125);
#1935 = AXIS2_PLACEMENT_2D('',#1936,#1937);
#1936 = CARTESIAN_POINT('',(3.255078691798,21.037019207405));
#1937 = DIRECTION('',(1.,0.));
#1938 = ( GEOMETRIC_REPRESENTATION_CONTEXT(2) 
PARAMETRIC_REPRESENTATION_CONTEXT() REPRESENTATION_CONTEXT('2D SPACE',''
  ) );
#1939 = PCURVE('',#1940,#1945);
#1940 = CYLINDRICAL_SURFACE('',#1941,11.125);
#1941 = AXIS2_PLACEMENT_3D('',#1942,#1943,#1944);
#1942 = CARTESIAN_POINT('',(261.56097566106,-108.8908974119,-0.5));
#1943 = DIRECTION('',(0.,0.,1.));
#1944 = DIRECTION('',(1.,0.,-0.));
#1945 = DEFINITIONAL_REPRESENTATION('',(#1946),#1950);
#1946 = LINE('',#1947,#1948);
#1947 = CARTESIAN_POINT('',(0.,0.5));
#1948 = VECTOR('',#1949,1.);
#1949 = DIRECTION('',(1.,0.));
#1950 = ( GEOMETRIC_REPRESENTATION_CONTEXT(2) 
PARAMETRIC_REPRESENTATION_CONTEXT() REPRESENTATION_CONTEXT('2D SPACE',''
  ) );
#1951 = ADVANCED_FACE('',(#1952),#272,.F.);
#1952 = FACE_BOUND('',#1953,.F.);
#1953 = EDGE_LOOP('',(#1954,#1977,#1998,#1999));
#1954 = ORIENTED_EDGE('',*,*,#1955,.T.);
#1955 = EDGE_CURVE('',#1837,#1956,#1958,.T.);
#1956 = VERTEX_POINT('',#1957);
#1957 = CARTESIAN_POINT('',(243.92793062103,-101.8450482229,7.2));
#1958 = SURFACE_CURVE('',#1959,(#1963,#1970),.PCURVE_S1.);
#1959 = LINE('',#1960,#1961);
#1960 = CARTESIAN_POINT('',(243.92793062103,-101.8450482229,0.));
#1961 = VECTOR('',#1962,1.);
#1962 = DIRECTION('',(0.,0.,1.));
#1963 = PCURVE('',#272,#1964);
#1964 = DEFINITIONAL_REPRESENTATION('',(#1965),#1969);
#1965 = LINE('',#1966,#1967);
#1966 = CARTESIAN_POINT('',(0.,0.));
#1967 = VECTOR('',#1968,1.);
#1968 = DIRECTION('',(0.,-1.));
#1969 = ( GEOMETRIC_REPRESENTATION_CONTEXT(2) 
PARAMETRIC_REPRESENTATION_CONTEXT() REPRESENTATION_CONTEXT('2D SPACE',''
  ) );
#1970 = PCURVE('',#1857,#1971);
#1971 = DEFINITIONAL_REPRESENTATION('',(#1972),#1976);
#1972 = LINE('',#1973,#1974);
#1973 = CARTESIAN_POINT('',(1.570796326795,0.));
#1974 = VECTOR('',#1975,1.);
#1975 = DIRECTION('',(0.,-1.));
#1976 = ( GEOMETRIC_REPRESENTATION_CONTEXT(2) 
PARAMETRIC_REPRESENTATION_CONTEXT() REPRESENTATION_CONTEXT('2D SPACE',''
  ) );
#1977 = ORIENTED_EDGE('',*,*,#1978,.T.);
#1978 = EDGE_CURVE('',#1956,#226,#1979,.T.);
#1979 = SURFACE_CURVE('',#1980,(#1984,#1991),.PCURVE_S1.);
#1980 = LINE('',#1981,#1982);
#1981 = CARTESIAN_POINT('',(244.0073,-101.6199,7.2));
#1982 = VECTOR('',#1983,1.);
#1983 = DIRECTION('',(-0.332467350803,-0.943114765365,0.));
#1984 = PCURVE('',#272,#1985);
#1985 = DEFINITIONAL_REPRESENTATION('',(#1986),#1990);
#1986 = LINE('',#1987,#1988);
#1987 = CARTESIAN_POINT('',(-0.238728340602,-7.2));
#1988 = VECTOR('',#1989,1.);
#1989 = DIRECTION('',(1.,0.));
#1990 = ( GEOMETRIC_REPRESENTATION_CONTEXT(2) 
PARAMETRIC_REPRESENTATION_CONTEXT() REPRESENTATION_CONTEXT('2D SPACE',''
  ) );
#1991 = PCURVE('',#242,#1992);
#1992 = DEFINITIONAL_REPRESENTATION('',(#1993),#1997);
#1993 = LINE('',#1994,#1995);
#1994 = CARTESIAN_POINT('',(-14.29859696927,28.308016619335));
#1995 = VECTOR('',#1996,1.);
#1996 = DIRECTION('',(-0.332467350803,-0.943114765365));
#1997 = ( GEOMETRIC_REPRESENTATION_CONTEXT(2) 
PARAMETRIC_REPRESENTATION_CONTEXT() REPRESENTATION_CONTEXT('2D SPACE',''
  ) );
#1998 = ORIENTED_EDGE('',*,*,#258,.F.);
#1999 = ORIENTED_EDGE('',*,*,#1869,.F.);
#2000 = ADVANCED_FACE('',(#2001,#3362),#242,.T.);
#2001 = FACE_BOUND('',#2002,.T.);
#2002 = EDGE_LOOP('',(#2003,#2004,#2025,#2051,#2084,#2110,#2136,#2162,
    #2190,#2213,#2241,#2264,#2292,#2315,#2343,#2366,#2394,#2417,#2445,
    #2468,#2496,#2519,#2547,#2570,#2598,#2621,#2649,#2672,#2700,#2723,
    #2751,#2774,#2802,#2825,#2853,#2876,#2904,#2927,#2955,#2978,#3006,
    #3029,#3057,#3080,#3108,#3131,#3159,#3182,#3210,#3233,#3261,#3284,
    #3312,#3335,#3361));
#2003 = ORIENTED_EDGE('',*,*,#225,.F.);
#2004 = ORIENTED_EDGE('',*,*,#2005,.F.);
#2005 = EDGE_CURVE('',#2006,#200,#2008,.T.);
#2006 = VERTEX_POINT('',#2007);
#2007 = CARTESIAN_POINT('',(234.56366180354,-134.994323878,7.2));
#2008 = SURFACE_CURVE('',#2009,(#2013,#2019),.PCURVE_S1.);
#2009 = LINE('',#2010,#2011);
#2010 = CARTESIAN_POINT('',(235.62076625366,-133.1583003594,7.2));
#2011 = VECTOR('',#2012,1.);
#2012 = DIRECTION('',(-0.498964444867,-0.866622456874,0.));
#2013 = PCURVE('',#242,#2014);
#2014 = DEFINITIONAL_REPRESENTATION('',(#2015),#2018);
#2015 = B_SPLINE_CURVE_WITH_KNOTS('',1,(#2016,#2017),.UNSPECIFIED.,.F.,
  .F.,(2,2),(2.118596747723,12.650086830707),.PIECEWISE_BEZIER_KNOTS.);
#2016 = CARTESIAN_POINT('',(-23.74223516572,-5.066407258723));
#2017 = CARTESIAN_POINT('',(-28.9970742686,-14.19323306898));
#2018 = ( GEOMETRIC_REPRESENTATION_CONTEXT(2) 
PARAMETRIC_REPRESENTATION_CONTEXT() REPRESENTATION_CONTEXT('2D SPACE',''
  ) );
#2019 = PCURVE('',#214,#2020);
#2020 = DEFINITIONAL_REPRESENTATION('',(#2021),#2024);
#2021 = B_SPLINE_CURVE_WITH_KNOTS('',1,(#2022,#2023),.UNSPECIFIED.,.F.,
  .F.,(2,2),(2.118596747723,12.650086830707),.PIECEWISE_BEZIER_KNOTS.);
#2022 = CARTESIAN_POINT('',(12.,-1.E-02));
#2023 = CARTESIAN_POINT('',(1.468509917016,-1.E-02));
#2024 = ( GEOMETRIC_REPRESENTATION_CONTEXT(2) 
PARAMETRIC_REPRESENTATION_CONTEXT() REPRESENTATION_CONTEXT('2D SPACE',''
  ) );
#2025 = ORIENTED_EDGE('',*,*,#2026,.F.);
#2026 = EDGE_CURVE('',#2027,#2006,#2029,.T.);
#2027 = VERTEX_POINT('',#2028);
#2028 = CARTESIAN_POINT('',(265.56171663131,-152.8416887788,7.2));
#2029 = SURFACE_CURVE('',#2030,(#2034,#2040),.PCURVE_S1.);
#2030 = LINE('',#2031,#2032);
#2031 = CARTESIAN_POINT('',(242.38388826708,-139.4968785085,7.2));
#2032 = VECTOR('',#2033,1.);
#2033 = DIRECTION('',(-0.866622456874,0.498964444867,0.));
#2034 = PCURVE('',#242,#2035);
#2035 = DEFINITIONAL_REPRESENTATION('',(#2036),#2039);
#2036 = B_SPLINE_CURVE_WITH_KNOTS('',1,(#2037,#2038),.UNSPECIFIED.,.F.,
  .F.,(2,2),(-26.74501241039,9.023798542843),.PIECEWISE_BEZIER_KNOTS.);
#2037 = CARTESIAN_POINT('',(7.255819662041,-22.91377215955));
#2038 = CARTESIAN_POINT('',(-23.74223516572,-5.066407258723));
#2039 = ( GEOMETRIC_REPRESENTATION_CONTEXT(2) 
PARAMETRIC_REPRESENTATION_CONTEXT() REPRESENTATION_CONTEXT('2D SPACE',''
  ) );
#2040 = PCURVE('',#2041,#2046);
#2041 = PLANE('',#2042);
#2042 = AXIS2_PLACEMENT_3D('',#2043,#2044,#2045);
#2043 = CARTESIAN_POINT('',(234.56366180354,-134.994323878,7.19));
#2044 = DIRECTION('',(0.498964444867,0.866622456874,-0.));
#2045 = DIRECTION('',(0.866622456874,-0.498964444867,0.));
#2046 = DEFINITIONAL_REPRESENTATION('',(#2047),#2050);
#2047 = B_SPLINE_CURVE_WITH_KNOTS('',1,(#2048,#2049),.UNSPECIFIED.,.F.,
  .F.,(2,2),(-26.74501241039,9.023798542843),.PIECEWISE_BEZIER_KNOTS.);
#2048 = CARTESIAN_POINT('',(35.768810953241,-1.E-02));
#2049 = CARTESIAN_POINT('',(0.,-1.E-02));
#2050 = ( GEOMETRIC_REPRESENTATION_CONTEXT(2) 
PARAMETRIC_REPRESENTATION_CONTEXT() REPRESENTATION_CONTEXT('2D SPACE',''
  ) );
#2051 = ORIENTED_EDGE('',*,*,#2052,.T.);
#2052 = EDGE_CURVE('',#2027,#2053,#2055,.T.);
#2053 = VERTEX_POINT('',#2054);
#2054 = CARTESIAN_POINT('',(268.98756740079,-157.8436456872,7.2));
#2055 = SURFACE_CURVE('',#2056,(#2061,#2072),.PCURVE_S1.);
#2056 = CIRCLE('',#2057,7.);
#2057 = AXIS2_PLACEMENT_3D('',#2058,#2059,#2060);
#2058 = CARTESIAN_POINT('',(262.06896551724,-158.908045977,7.2));
#2059 = DIRECTION('',(0.,0.,-1.));
#2060 = DIRECTION('',(-0.866622456874,0.498964444867,0.));
#2061 = PCURVE('',#242,#2062);
#2062 = DEFINITIONAL_REPRESENTATION('',(#2063),#2071);
#2063 = ( BOUNDED_CURVE() B_SPLINE_CURVE(2,(#2064,#2065,#2066,#2067,
#2068,#2069,#2070),.UNSPECIFIED.,.T.,.F.) B_SPLINE_CURVE_WITH_KNOTS((1,2
    ,2,2,2,1),(-2.094395102393,0.,2.094395102393,4.188790204786,
6.28318530718,8.377580409573),.UNSPECIFIED.) CURVE() 
GEOMETRIC_REPRESENTATION_ITEM() RATIONAL_B_SPLINE_CURVE((1.,0.5,1.,0.5,
1.,0.5,1.)) REPRESENTATION_ITEM('') );
#2064 = CARTESIAN_POINT('',(-2.303288650147,-25.4873782436));
#2065 = CARTESIAN_POINT('',(3.746333737612,-14.9801393596));
#2066 = CARTESIAN_POINT('',(9.821058340911,-25.4728854727));
#2067 = CARTESIAN_POINT('',(15.89578294421,-35.96563158581));
#2068 = CARTESIAN_POINT('',(3.771435953152,-35.98012435671));
#2069 = CARTESIAN_POINT('',(-8.352911037907,-35.99461712761));
#2070 = CARTESIAN_POINT('',(-2.303288650147,-25.4873782436));
#2071 = ( GEOMETRIC_REPRESENTATION_CONTEXT(2) 
PARAMETRIC_REPRESENTATION_CONTEXT() REPRESENTATION_CONTEXT('2D SPACE',''
  ) );
#2072 = PCURVE('',#2073,#2078);
#2073 = CYLINDRICAL_SURFACE('',#2074,7.);
#2074 = AXIS2_PLACEMENT_3D('',#2075,#2076,#2077);
#2075 = CARTESIAN_POINT('',(262.06896551724,-158.908045977,7.19));
#2076 = DIRECTION('',(0.,0.,-1.));
#2077 = DIRECTION('',(-0.866622456874,0.498964444867,0.));
#2078 = DEFINITIONAL_REPRESENTATION('',(#2079),#2083);
#2079 = LINE('',#2080,#2081);
#2080 = CARTESIAN_POINT('',(0.,-1.E-02));
#2081 = VECTOR('',#2082,1.);
#2082 = DIRECTION('',(1.,0.));
#2083 = ( GEOMETRIC_REPRESENTATION_CONTEXT(2) 
PARAMETRIC_REPRESENTATION_CONTEXT() REPRESENTATION_CONTEXT('2D SPACE',''
  ) );
#2084 = ORIENTED_EDGE('',*,*,#2085,.F.);
#2085 = EDGE_CURVE('',#2086,#2053,#2088,.T.);
#2086 = VERTEX_POINT('',#2087);
#2087 = CARTESIAN_POINT('',(269.79853614564,-163.1149425287,7.2));
#2088 = SURFACE_CURVE('',#2089,(#2093,#2099),.PCURVE_S1.);
#2089 = LINE('',#2090,#2091);
#2090 = CARTESIAN_POINT('',(266.76636613636,-143.4058374684,7.2));
#2091 = VECTOR('',#2092,1.);
#2092 = DIRECTION('',(-0.152057184254,0.988371697651,0.));
#2093 = PCURVE('',#242,#2094);
#2094 = DEFINITIONAL_REPRESENTATION('',(#2095),#2098);
#2095 = B_SPLINE_CURVE_WITH_KNOTS('',1,(#2096,#2097),.UNSPECIFIED.,.F.,
  .F.,(2,2),(-19.94098486138,-14.60767062947),.PIECEWISE_BEZIER_KNOTS.);
#2096 = CARTESIAN_POINT('',(11.492639176373,-33.1870259094));
#2097 = CARTESIAN_POINT('',(10.681670431526,-27.91572906789));
#2098 = ( GEOMETRIC_REPRESENTATION_CONTEXT(2) 
PARAMETRIC_REPRESENTATION_CONTEXT() REPRESENTATION_CONTEXT('2D SPACE',''
  ) );
#2099 = PCURVE('',#2100,#2105);
#2100 = PLANE('',#2101);
#2101 = AXIS2_PLACEMENT_3D('',#2102,#2103,#2104);
#2102 = CARTESIAN_POINT('',(268.98756740079,-157.8436456872,7.19));
#2103 = DIRECTION('',(0.988371697651,0.152057184254,-0.));
#2104 = DIRECTION('',(0.152057184254,-0.988371697651,0.));
#2105 = DEFINITIONAL_REPRESENTATION('',(#2106),#2109);
#2106 = B_SPLINE_CURVE_WITH_KNOTS('',1,(#2107,#2108),.UNSPECIFIED.,.F.,
  .F.,(2,2),(-19.94098486138,-14.60767062947),.PIECEWISE_BEZIER_KNOTS.);
#2107 = CARTESIAN_POINT('',(5.333314231915,-1.E-02));
#2108 = CARTESIAN_POINT('',(-1.7763568394E-15,-1.E-02));
#2109 = ( GEOMETRIC_REPRESENTATION_CONTEXT(2) 
PARAMETRIC_REPRESENTATION_CONTEXT() REPRESENTATION_CONTEXT('2D SPACE',''
  ) );
#2110 = ORIENTED_EDGE('',*,*,#2111,.F.);
#2111 = EDGE_CURVE('',#2112,#2086,#2114,.T.);
#2112 = VERTEX_POINT('',#2113);
#2113 = CARTESIAN_POINT('',(275.40715958991,-163.1149425287,7.2));
#2114 = SURFACE_CURVE('',#2115,(#2119,#2125),.PCURVE_S1.);
#2115 = LINE('',#2116,#2117);
#2116 = CARTESIAN_POINT('',(264.05221655745,-163.1149425287,7.2));
#2117 = VECTOR('',#2118,1.);
#2118 = DIRECTION('',(-1.,0.,0.));
#2119 = PCURVE('',#242,#2120);
#2120 = DEFINITIONAL_REPRESENTATION('',(#2121),#2124);
#2121 = B_SPLINE_CURVE_WITH_KNOTS('',1,(#2122,#2123),.UNSPECIFIED.,.F.,
  .F.,(2,2),(-11.35494303245,-5.746319588186),.PIECEWISE_BEZIER_KNOTS.);
#2122 = CARTESIAN_POINT('',(17.10126262064,-33.1870259094));
#2123 = CARTESIAN_POINT('',(11.492639176373,-33.1870259094));
#2124 = ( GEOMETRIC_REPRESENTATION_CONTEXT(2) 
PARAMETRIC_REPRESENTATION_CONTEXT() REPRESENTATION_CONTEXT('2D SPACE',''
  ) );
#2125 = PCURVE('',#2126,#2131);
#2126 = PLANE('',#2127);
#2127 = AXIS2_PLACEMENT_3D('',#2128,#2129,#2130);
#2128 = CARTESIAN_POINT('',(269.79853614564,-163.1149425287,7.19));
#2129 = DIRECTION('',(0.,1.,0.));
#2130 = DIRECTION('',(1.,0.,0.));
#2131 = DEFINITIONAL_REPRESENTATION('',(#2132),#2135);
#2132 = B_SPLINE_CURVE_WITH_KNOTS('',1,(#2133,#2134),.UNSPECIFIED.,.F.,
  .F.,(2,2),(-11.35494303245,-5.746319588186),.PIECEWISE_BEZIER_KNOTS.);
#2133 = CARTESIAN_POINT('',(5.608623444267,-1.E-02));
#2134 = CARTESIAN_POINT('',(0.,-1.E-02));
#2135 = ( GEOMETRIC_REPRESENTATION_CONTEXT(2) 
PARAMETRIC_REPRESENTATION_CONTEXT() REPRESENTATION_CONTEXT('2D SPACE',''
  ) );
#2136 = ORIENTED_EDGE('',*,*,#2137,.F.);
#2137 = EDGE_CURVE('',#2138,#2112,#2140,.T.);
#2138 = VERTEX_POINT('',#2139);
#2139 = CARTESIAN_POINT('',(275.38014733522,-163.8232135465,7.2));
#2140 = SURFACE_CURVE('',#2141,(#2145,#2151),.PCURVE_S1.);
#2141 = LINE('',#2142,#2143);
#2142 = CARTESIAN_POINT('',(276.02666976757,-146.8711632087,7.2));
#2143 = VECTOR('',#2144,1.);
#2144 = DIRECTION('',(3.811059657122E-02,0.999273527333,-0.));
#2145 = PCURVE('',#242,#2146);
#2146 = DEFINITIONAL_REPRESENTATION('',(#2147),#2150);
#2147 = B_SPLINE_CURVE_WITH_KNOTS('',1,(#2148,#2149),.UNSPECIFIED.,.F.,
  .F.,(2,2),(-19.12143303455,-16.25558856079),.PIECEWISE_BEZIER_KNOTS.);
#2148 = CARTESIAN_POINT('',(16.992043578065,-36.05078842548));
#2149 = CARTESIAN_POINT('',(17.10126262064,-33.1870259094));
#2150 = ( GEOMETRIC_REPRESENTATION_CONTEXT(2) 
PARAMETRIC_REPRESENTATION_CONTEXT() REPRESENTATION_CONTEXT('2D SPACE',''
  ) );
#2151 = PCURVE('',#2152,#2157);
#2152 = PLANE('',#2153);
#2153 = AXIS2_PLACEMENT_3D('',#2154,#2155,#2156);
#2154 = CARTESIAN_POINT('',(275.40715958991,-163.1149425287,7.19));
#2155 = DIRECTION('',(0.999273527333,-3.811059657122E-02,0.));
#2156 = DIRECTION('',(-3.811059657122E-02,-0.999273527333,0.));
#2157 = DEFINITIONAL_REPRESENTATION('',(#2158),#2161);
#2158 = B_SPLINE_CURVE_WITH_KNOTS('',1,(#2159,#2160),.UNSPECIFIED.,.F.,
  .F.,(2,2),(-19.12143303455,-16.25558856079),.PIECEWISE_BEZIER_KNOTS.);
#2159 = CARTESIAN_POINT('',(2.865844473762,-1.E-02));
#2160 = CARTESIAN_POINT('',(-3.552713678801E-15,-1.E-02));
#2161 = ( GEOMETRIC_REPRESENTATION_CONTEXT(2) 
PARAMETRIC_REPRESENTATION_CONTEXT() REPRESENTATION_CONTEXT('2D SPACE',''
  ) );
#2162 = ORIENTED_EDGE('',*,*,#2163,.F.);
#2163 = EDGE_CURVE('',#2164,#2138,#2166,.T.);
#2164 = VERTEX_POINT('',#2165);
#2165 = CARTESIAN_POINT('',(275.58809603802,-162.8717561307,7.2));
#2166 = SURFACE_CURVE('',#2167,(#2172,#2183),.PCURVE_S1.);
#2167 = CIRCLE('',#2168,4.);
#2168 = AXIS2_PLACEMENT_3D('',#2169,#2170,#2171);
#2169 = CARTESIAN_POINT('',(271.60543071871,-162.4997656008,7.2));
#2170 = DIRECTION('',(0.,0.,-1.));
#2171 = DIRECTION('',(9.299763248629E-02,0.995666329827,0.));
#2172 = PCURVE('',#242,#2173);
#2173 = DEFINITIONAL_REPRESENTATION('',(#2174),#2182);
#2174 = ( BOUNDED_CURVE() B_SPLINE_CURVE(2,(#2175,#2176,#2177,#2178,
#2179,#2180,#2181),.UNSPECIFIED.,.T.,.F.) B_SPLINE_CURVE_WITH_KNOTS((1,2
    ,2,2,2,1),(-2.094395102393,0.,2.094395102393,4.188790204786,
6.28318530718,8.377580409573),.UNSPECIFIED.) CURVE() 
GEOMETRIC_REPRESENTATION_ITEM() RATIONAL_B_SPLINE_CURVE((1.,0.5,1.,0.5,
1.,0.5,1.)) REPRESENTATION_ITEM('') );
#2175 = CARTESIAN_POINT('',(13.671524279387,-28.58918366218));
#2176 = CARTESIAN_POINT('',(20.569702961973,-29.23349015997));
#2177 = CARTESIAN_POINT('',(16.562627825762,-34.88533489004));
#2178 = CARTESIAN_POINT('',(12.555552689551,-40.5371796201));
#2179 = CARTESIAN_POINT('',(9.664449143175,-34.24102839224));
#2180 = CARTESIAN_POINT('',(6.7733455968,-27.94487716438));
#2181 = CARTESIAN_POINT('',(13.671524279387,-28.58918366218));
#2182 = ( GEOMETRIC_REPRESENTATION_CONTEXT(2) 
PARAMETRIC_REPRESENTATION_CONTEXT() REPRESENTATION_CONTEXT('2D SPACE',''
  ) );
#2183 = PCURVE('',#454,#2184);
#2184 = DEFINITIONAL_REPRESENTATION('',(#2185),#2189);
#2185 = LINE('',#2186,#2187);
#2186 = CARTESIAN_POINT('',(0.,-7.2));
#2187 = VECTOR('',#2188,1.);
#2188 = DIRECTION('',(1.,0.));
#2189 = ( GEOMETRIC_REPRESENTATION_CONTEXT(2) 
PARAMETRIC_REPRESENTATION_CONTEXT() REPRESENTATION_CONTEXT('2D SPACE',''
  ) );
#2190 = ORIENTED_EDGE('',*,*,#2191,.T.);
#2191 = EDGE_CURVE('',#2164,#2192,#2194,.T.);
#2192 = VERTEX_POINT('',#2193);
#2193 = CARTESIAN_POINT('',(280.39325478324,-111.4259865537,7.2));
#2194 = SURFACE_CURVE('',#2195,(#2199,#2206),.PCURVE_S1.);
#2195 = LINE('',#2196,#2197);
#2196 = CARTESIAN_POINT('',(275.2979,-165.9787,7.2));
#2197 = VECTOR('',#2198,1.);
#2198 = DIRECTION('',(9.299763248629E-02,0.995666329827,0.));
#2199 = PCURVE('',#242,#2200);
#2200 = DEFINITIONAL_REPRESENTATION('',(#2201),#2205);
#2201 = LINE('',#2202,#2203);
#2202 = CARTESIAN_POINT('',(16.992003030731,-36.05078338066));
#2203 = VECTOR('',#2204,1.);
#2204 = DIRECTION('',(9.299763248629E-02,0.995666329827));
#2205 = ( GEOMETRIC_REPRESENTATION_CONTEXT(2) 
PARAMETRIC_REPRESENTATION_CONTEXT() REPRESENTATION_CONTEXT('2D SPACE',''
  ) );
#2206 = PCURVE('',#482,#2207);
#2207 = DEFINITIONAL_REPRESENTATION('',(#2208),#2212);
#2208 = LINE('',#2209,#2210);
#2209 = CARTESIAN_POINT('',(-3.120466943749,-7.2));
#2210 = VECTOR('',#2211,1.);
#2211 = DIRECTION('',(1.,0.));
#2212 = ( GEOMETRIC_REPRESENTATION_CONTEXT(2) 
PARAMETRIC_REPRESENTATION_CONTEXT() REPRESENTATION_CONTEXT('2D SPACE',''
  ) );
#2213 = ORIENTED_EDGE('',*,*,#2214,.F.);
#2214 = EDGE_CURVE('',#2215,#2192,#2217,.T.);
#2215 = VERTEX_POINT('',#2216);
#2216 = CARTESIAN_POINT('',(280.40201967177,-111.315692214,7.2));
#2217 = SURFACE_CURVE('',#2218,(#2223,#2234),.PCURVE_S1.);
#2218 = CIRCLE('',#2219,4.);
#2219 = AXIS2_PLACEMENT_3D('',#2220,#2221,#2222);
#2220 = CARTESIAN_POINT('',(276.41058946394,-111.0539960237,7.2));
#2221 = DIRECTION('',(0.,0.,-1.));
#2222 = DIRECTION('',(6.542404755987E-02,0.997857551959,0.));
#2223 = PCURVE('',#242,#2224);
#2224 = DEFINITIONAL_REPRESENTATION('',(#2225),#2233);
#2225 = ( BOUNDED_CURVE() B_SPLINE_CURVE(2,(#2226,#2227,#2228,#2229,
#2230,#2231,#2232),.UNSPECIFIED.,.T.,.F.) B_SPLINE_CURVE_WITH_KNOTS((1,2
    ,2,2,2,1),(-2.094395102393,0.,2.094395102393,4.188790204786,
6.28318530718,8.377580409573),.UNSPECIFIED.) CURVE() 
GEOMETRIC_REPRESENTATION_ITEM() RATIONAL_B_SPLINE_CURVE((1.,0.5,1.,0.5,
1.,0.5,1.)) REPRESENTATION_ITEM('') );
#2226 = CARTESIAN_POINT('',(18.36638868491,22.86535080339));
#2227 = CARTESIAN_POINT('',(25.279748599744,22.412079705748));
#2228 = CARTESIAN_POINT('',(21.430524356968,16.651569942817));
#2229 = CARTESIAN_POINT('',(17.581300114191,10.891060179886));
#2230 = CARTESIAN_POINT('',(14.517164442133,17.104841040459));
#2231 = CARTESIAN_POINT('',(11.453028770075,23.318621901032));
#2232 = CARTESIAN_POINT('',(18.36638868491,22.86535080339));
#2233 = ( GEOMETRIC_REPRESENTATION_CONTEXT(2) 
PARAMETRIC_REPRESENTATION_CONTEXT() REPRESENTATION_CONTEXT('2D SPACE',''
  ) );
#2234 = PCURVE('',#515,#2235);
#2235 = DEFINITIONAL_REPRESENTATION('',(#2236),#2240);
#2236 = LINE('',#2237,#2238);
#2237 = CARTESIAN_POINT('',(0.,-7.2));
#2238 = VECTOR('',#2239,1.);
#2239 = DIRECTION('',(1.,0.));
#2240 = ( GEOMETRIC_REPRESENTATION_CONTEXT(2) 
PARAMETRIC_REPRESENTATION_CONTEXT() REPRESENTATION_CONTEXT('2D SPACE',''
  ) );
#2241 = ORIENTED_EDGE('',*,*,#2242,.T.);
#2242 = EDGE_CURVE('',#2215,#2243,#2245,.T.);
#2243 = VERTEX_POINT('',#2244);
#2244 = CARTESIAN_POINT('',(280.54384201591,-109.1525961902,7.2));
#2245 = SURFACE_CURVE('',#2246,(#2250,#2257),.PCURVE_S1.);
#2246 = LINE('',#2247,#2248);
#2247 = CARTESIAN_POINT('',(280.3984,-111.3709,7.2));
#2248 = VECTOR('',#2249,1.);
#2249 = DIRECTION('',(6.542404755987E-02,0.997857551959,0.));
#2250 = PCURVE('',#242,#2251);
#2251 = DEFINITIONAL_REPRESENTATION('',(#2252),#2256);
#2252 = LINE('',#2253,#2254);
#2253 = CARTESIAN_POINT('',(22.09250303073,18.557016619335));
#2254 = VECTOR('',#2255,1.);
#2255 = DIRECTION('',(6.542404755987E-02,0.997857551959));
#2256 = ( GEOMETRIC_REPRESENTATION_CONTEXT(2) 
PARAMETRIC_REPRESENTATION_CONTEXT() REPRESENTATION_CONTEXT('2D SPACE',''
  ) );
#2257 = PCURVE('',#543,#2258);
#2258 = DEFINITIONAL_REPRESENTATION('',(#2259),#2263);
#2259 = LINE('',#2260,#2261);
#2260 = CARTESIAN_POINT('',(-5.532631974635E-02,-7.2));
#2261 = VECTOR('',#2262,1.);
#2262 = DIRECTION('',(1.,0.));
#2263 = ( GEOMETRIC_REPRESENTATION_CONTEXT(2) 
PARAMETRIC_REPRESENTATION_CONTEXT() REPRESENTATION_CONTEXT('2D SPACE',''
  ) );
#2264 = ORIENTED_EDGE('',*,*,#2265,.F.);
#2265 = EDGE_CURVE('',#2266,#2243,#2268,.T.);
#2266 = VERTEX_POINT('',#2267);
#2267 = CARTESIAN_POINT('',(280.54384201591,-108.6292038097,7.2));
#2268 = SURFACE_CURVE('',#2269,(#2274,#2285),.PCURVE_S1.);
#2269 = CIRCLE('',#2270,4.);
#2270 = AXIS2_PLACEMENT_3D('',#2271,#2272,#2273);
#2271 = CARTESIAN_POINT('',(276.55241180808,-108.8909,7.2));
#2272 = DIRECTION('',(0.,0.,-1.));
#2273 = DIRECTION('',(-6.542404755987E-02,0.997857551959,0.));
#2274 = PCURVE('',#242,#2275);
#2275 = DEFINITIONAL_REPRESENTATION('',(#2276),#2284);
#2276 = ( BOUNDED_CURVE() B_SPLINE_CURVE(2,(#2277,#2278,#2279,#2280,
#2281,#2282,#2283),.UNSPECIFIED.,.T.,.F.) B_SPLINE_CURVE_WITH_KNOTS((1,2
    ,2,2,2,1),(-2.094395102393,0.,2.094395102393,4.188790204786,
6.28318530718,8.377580409573),.UNSPECIFIED.) CURVE() 
GEOMETRIC_REPRESENTATION_ITEM() RATIONAL_B_SPLINE_CURVE((1.,0.5,1.,0.5,
1.,0.5,1.)) REPRESENTATION_ITEM('') );
#2277 = CARTESIAN_POINT('',(17.984818648571,25.028446827169));
#2278 = CARTESIAN_POINT('',(24.898178563405,25.481717924811));
#2279 = CARTESIAN_POINT('',(21.834042891347,19.267937064238));
#2280 = CARTESIAN_POINT('',(18.769907219289,13.054156203666));
#2281 = CARTESIAN_POINT('',(14.920682976512,18.814665966596));
#2282 = CARTESIAN_POINT('',(11.071458733736,24.575175729527));
#2283 = CARTESIAN_POINT('',(17.984818648571,25.028446827169));
#2284 = ( GEOMETRIC_REPRESENTATION_CONTEXT(2) 
PARAMETRIC_REPRESENTATION_CONTEXT() REPRESENTATION_CONTEXT('2D SPACE',''
  ) );
#2285 = PCURVE('',#576,#2286);
#2286 = DEFINITIONAL_REPRESENTATION('',(#2287),#2291);
#2287 = LINE('',#2288,#2289);
#2288 = CARTESIAN_POINT('',(0.,-7.2));
#2289 = VECTOR('',#2290,1.);
#2290 = DIRECTION('',(1.,0.));
#2291 = ( GEOMETRIC_REPRESENTATION_CONTEXT(2) 
PARAMETRIC_REPRESENTATION_CONTEXT() REPRESENTATION_CONTEXT('2D SPACE',''
  ) );
#2292 = ORIENTED_EDGE('',*,*,#2293,.T.);
#2293 = EDGE_CURVE('',#2266,#2294,#2296,.T.);
#2294 = VERTEX_POINT('',#2295);
#2295 = CARTESIAN_POINT('',(280.41554615259,-106.6724157344,7.2));
#2296 = SURFACE_CURVE('',#2297,(#2301,#2308),.PCURVE_S1.);
#2297 = LINE('',#2298,#2299);
#2298 = CARTESIAN_POINT('',(280.561,-108.8909,7.2));
#2299 = VECTOR('',#2300,1.);
#2300 = DIRECTION('',(-6.542404755987E-02,0.997857551959,0.));
#2301 = PCURVE('',#242,#2302);
#2302 = DEFINITIONAL_REPRESENTATION('',(#2303),#2307);
#2303 = LINE('',#2304,#2305);
#2304 = CARTESIAN_POINT('',(22.25510303073,21.037016619335));
#2305 = VECTOR('',#2306,1.);
#2306 = DIRECTION('',(-6.542404755987E-02,0.997857551959));
#2307 = ( GEOMETRIC_REPRESENTATION_CONTEXT(2) 
PARAMETRIC_REPRESENTATION_CONTEXT() REPRESENTATION_CONTEXT('2D SPACE',''
  ) );
#2308 = PCURVE('',#604,#2309);
#2309 = DEFINITIONAL_REPRESENTATION('',(#2310),#2314);
#2310 = LINE('',#2311,#2312);
#2311 = CARTESIAN_POINT('',(-0.262258064516,-7.2));
#2312 = VECTOR('',#2313,1.);
#2313 = DIRECTION('',(1.,0.));
#2314 = ( GEOMETRIC_REPRESENTATION_CONTEXT(2) 
PARAMETRIC_REPRESENTATION_CONTEXT() REPRESENTATION_CONTEXT('2D SPACE',''
  ) );
#2315 = ORIENTED_EDGE('',*,*,#2316,.F.);
#2316 = EDGE_CURVE('',#2317,#2294,#2319,.T.);
#2317 = VERTEX_POINT('',#2318);
#2318 = CARTESIAN_POINT('',(280.34727824795,-106.1538571312,7.2));
#2319 = SURFACE_CURVE('',#2320,(#2325,#2336),.PCURVE_S1.);
#2320 = CIRCLE('',#2321,4.);
#2321 = AXIS2_PLACEMENT_3D('',#2322,#2323,#2324);
#2322 = CARTESIAN_POINT('',(276.42411594475,-106.9341119247,7.2));
#2323 = DIRECTION('',(0.,0.,-1.));
#2324 = DIRECTION('',(-0.19506369837,0.9807905758,0.));
#2325 = PCURVE('',#242,#2326);
#2326 = DEFINITIONAL_REPRESENTATION('',(#2327),#2335);
#2327 = ( BOUNDED_CURVE() B_SPLINE_CURVE(2,(#2328,#2329,#2330,#2331,
#2332,#2333,#2334),.UNSPECIFIED.,.T.,.F.) B_SPLINE_CURVE_WITH_KNOTS((1,2
    ,2,2,2,1),(-2.094395102393,0.,2.094395102393,4.188790204786,
6.28318530718,8.377580409573),.UNSPECIFIED.) CURVE() 
GEOMETRIC_REPRESENTATION_ITEM() RATIONAL_B_SPLINE_CURVE((1.,0.5,1.,0.5,
1.,0.5,1.)) REPRESENTATION_ITEM('') );
#2328 = CARTESIAN_POINT('',(17.337964182004,26.91696699783));
#2329 = CARTESIAN_POINT('',(24.133080617486,28.26840794299));
#2330 = CARTESIAN_POINT('',(21.905904589968,21.70794401561));
#2331 = CARTESIAN_POINT('',(19.67872856245,15.14748008823));
#2332 = CARTESIAN_POINT('',(15.110788154487,20.35650307045));
#2333 = CARTESIAN_POINT('',(10.542847746523,25.56552605267));
#2334 = CARTESIAN_POINT('',(17.337964182004,26.91696699783));
#2335 = ( GEOMETRIC_REPRESENTATION_CONTEXT(2) 
PARAMETRIC_REPRESENTATION_CONTEXT() REPRESENTATION_CONTEXT('2D SPACE',''
  ) );
#2336 = PCURVE('',#637,#2337);
#2337 = DEFINITIONAL_REPRESENTATION('',(#2338),#2342);
#2338 = LINE('',#2339,#2340);
#2339 = CARTESIAN_POINT('',(0.,-7.2));
#2340 = VECTOR('',#2341,1.);
#2341 = DIRECTION('',(1.,0.));
#2342 = ( GEOMETRIC_REPRESENTATION_CONTEXT(2) 
PARAMETRIC_REPRESENTATION_CONTEXT() REPRESENTATION_CONTEXT('2D SPACE',''
  ) );
#2343 = ORIENTED_EDGE('',*,*,#2344,.T.);
#2344 = EDGE_CURVE('',#2317,#2345,#2347,.T.);
#2345 = VERTEX_POINT('',#2346);
#2346 = CARTESIAN_POINT('',(279.96475546834,-104.2305123961,7.2));
#2347 = SURFACE_CURVE('',#2348,(#2352,#2359),.PCURVE_S1.);
#2348 = LINE('',#2349,#2350);
#2349 = CARTESIAN_POINT('',(280.3984,-106.4109,7.2));
#2350 = VECTOR('',#2351,1.);
#2351 = DIRECTION('',(-0.19506369837,0.9807905758,0.));
#2352 = PCURVE('',#242,#2353);
#2353 = DEFINITIONAL_REPRESENTATION('',(#2354),#2358);
#2354 = LINE('',#2355,#2356);
#2355 = CARTESIAN_POINT('',(22.09250303073,23.517016619335));
#2356 = VECTOR('',#2357,1.);
#2357 = DIRECTION('',(-0.19506369837,0.9807905758));
#2358 = ( GEOMETRIC_REPRESENTATION_CONTEXT(2) 
PARAMETRIC_REPRESENTATION_CONTEXT() REPRESENTATION_CONTEXT('2D SPACE',''
  ) );
#2359 = PCURVE('',#665,#2360);
#2360 = DEFINITIONAL_REPRESENTATION('',(#2361),#2365);
#2361 = LINE('',#2362,#2363);
#2362 = CARTESIAN_POINT('',(-0.262077221294,-7.2));
#2363 = VECTOR('',#2364,1.);
#2364 = DIRECTION('',(1.,0.));
#2365 = ( GEOMETRIC_REPRESENTATION_CONTEXT(2) 
PARAMETRIC_REPRESENTATION_CONTEXT() REPRESENTATION_CONTEXT('2D SPACE',''
  ) );
#2366 = ORIENTED_EDGE('',*,*,#2367,.F.);
#2367 = EDGE_CURVE('',#2368,#2345,#2370,.T.);
#2368 = VERTEX_POINT('',#2369);
#2369 = CARTESIAN_POINT('',(279.82929979592,-103.7249684187,7.2));
#2370 = SURFACE_CURVE('',#2371,(#2376,#2387),.PCURVE_S1.);
#2371 = CIRCLE('',#2372,4.);
#2372 = AXIS2_PLACEMENT_3D('',#2373,#2374,#2375);
#2373 = CARTESIAN_POINT('',(276.04159316514,-105.0107671895,7.2));
#2374 = DIRECTION('',(0.,0.,-1.));
#2375 = DIRECTION('',(-0.321449692714,0.946926657695,0.));
#2376 = PCURVE('',#242,#2377);
#2377 = DEFINITIONAL_REPRESENTATION('',(#2378),#2386);
#2378 = ( BOUNDED_CURVE() B_SPLINE_CURVE(2,(#2379,#2380,#2381,#2382,
#2383,#2384,#2385),.UNSPECIFIED.,.T.,.F.) B_SPLINE_CURVE_WITH_KNOTS((1,2
    ,2,2,2,1),(-2.094395102393,0.,2.094395102393,4.188790204786,
6.28318530718,8.377580409573),.UNSPECIFIED.) CURVE() 
GEOMETRIC_REPRESENTATION_ITEM() RATIONAL_B_SPLINE_CURVE((1.,0.5,1.,0.5,
1.,0.5,1.)) REPRESENTATION_ITEM('') );
#2379 = CARTESIAN_POINT('',(16.44989742502,28.704856060519));
#2380 = CARTESIAN_POINT('',(23.010397753699,30.93192485995));
#2381 = CARTESIAN_POINT('',(21.658845745643,24.136830514062));
#2382 = CARTESIAN_POINT('',(20.307293737586,17.341736168174));
#2383 = CARTESIAN_POINT('',(15.098345416963,21.909761714631));
#2384 = CARTESIAN_POINT('',(9.889397096341,26.477787261088));
#2385 = CARTESIAN_POINT('',(16.44989742502,28.704856060519));
#2386 = ( GEOMETRIC_REPRESENTATION_CONTEXT(2) 
PARAMETRIC_REPRESENTATION_CONTEXT() REPRESENTATION_CONTEXT('2D SPACE',''
  ) );
#2387 = PCURVE('',#698,#2388);
#2388 = DEFINITIONAL_REPRESENTATION('',(#2389),#2393);
#2389 = LINE('',#2390,#2391);
#2390 = CARTESIAN_POINT('',(0.,-7.2));
#2391 = VECTOR('',#2392,1.);
#2392 = DIRECTION('',(1.,0.));
#2393 = ( GEOMETRIC_REPRESENTATION_CONTEXT(2) 
PARAMETRIC_REPRESENTATION_CONTEXT() REPRESENTATION_CONTEXT('2D SPACE',''
  ) );
#2394 = ORIENTED_EDGE('',*,*,#2395,.T.);
#2395 = EDGE_CURVE('',#2368,#2396,#2398,.T.);
#2396 = VERTEX_POINT('',#2397);
#2397 = CARTESIAN_POINT('',(279.19896380134,-101.868124346,7.2));
#2398 = SURFACE_CURVE('',#2399,(#2403,#2410),.PCURVE_S1.);
#2399 = LINE('',#2400,#2401);
#2400 = CARTESIAN_POINT('',(279.9136,-103.9733,7.2));
#2401 = VECTOR('',#2402,1.);
#2402 = DIRECTION('',(-0.321449692714,0.946926657695,0.));
#2403 = PCURVE('',#242,#2404);
#2404 = DEFINITIONAL_REPRESENTATION('',(#2405),#2409);
#2405 = LINE('',#2406,#2407);
#2406 = CARTESIAN_POINT('',(21.60770303073,25.954616619335));
#2407 = VECTOR('',#2408,1.);
#2408 = DIRECTION('',(-0.321449692714,0.946926657695));
#2409 = ( GEOMETRIC_REPRESENTATION_CONTEXT(2) 
PARAMETRIC_REPRESENTATION_CONTEXT() REPRESENTATION_CONTEXT('2D SPACE',''
  ) );
#2410 = PCURVE('',#726,#2411);
#2411 = DEFINITIONAL_REPRESENTATION('',(#2412),#2416);
#2412 = LINE('',#2413,#2414);
#2413 = CARTESIAN_POINT('',(-0.262250068936,-7.2));
#2414 = VECTOR('',#2415,1.);
#2415 = DIRECTION('',(1.,0.));
#2416 = ( GEOMETRIC_REPRESENTATION_CONTEXT(2) 
PARAMETRIC_REPRESENTATION_CONTEXT() REPRESENTATION_CONTEXT('2D SPACE',''
  ) );
#2417 = ORIENTED_EDGE('',*,*,#2418,.F.);
#2418 = EDGE_CURVE('',#2419,#2396,#2421,.T.);
#2419 = VERTEX_POINT('',#2420);
#2420 = CARTESIAN_POINT('',(278.99876164251,-101.3847957434,7.2));
#2421 = SURFACE_CURVE('',#2422,(#2427,#2438),.PCURVE_S1.);
#2422 = CIRCLE('',#2423,4.);
#2423 = AXIS2_PLACEMENT_3D('',#2424,#2425,#2426);
#2424 = CARTESIAN_POINT('',(275.41125717056,-103.1539231169,7.2));
#2425 = DIRECTION('',(0.,0.,-1.));
#2426 = DIRECTION('',(-0.442281843379,0.896876117988,0.));
#2427 = PCURVE('',#242,#2428);
#2428 = DEFINITIONAL_REPRESENTATION('',(#2429),#2437);
#2429 = ( BOUNDED_CURVE() B_SPLINE_CURVE(2,(#2430,#2431,#2432,#2433,
#2434,#2435,#2436),.UNSPECIFIED.,.T.,.F.) B_SPLINE_CURVE_WITH_KNOTS((1,2
    ,2,2,2,1),(-2.094395102393,0.,2.094395102393,4.188790204786,
6.28318530718,8.377580409573),.UNSPECIFIED.) CURVE() 
GEOMETRIC_REPRESENTATION_ITEM() RATIONAL_B_SPLINE_CURVE((1.,0.5,1.,0.5,
1.,0.5,1.)) REPRESENTATION_ITEM('') );
#2430 = CARTESIAN_POINT('',(15.336232827775,30.361497974355));
#2431 = CARTESIAN_POINT('',(21.549972845575,33.425716470347));
#2432 = CARTESIAN_POINT('',(21.096793896951,26.512350514424));
#2433 = CARTESIAN_POINT('',(20.643614948326,19.5989845585));
#2434 = CARTESIAN_POINT('',(14.88305387915,23.448132018431));
#2435 = CARTESIAN_POINT('',(9.122492809974,27.297279478363));
#2436 = CARTESIAN_POINT('',(15.336232827775,30.361497974355));
#2437 = ( GEOMETRIC_REPRESENTATION_CONTEXT(2) 
PARAMETRIC_REPRESENTATION_CONTEXT() REPRESENTATION_CONTEXT('2D SPACE',''
  ) );
#2438 = PCURVE('',#759,#2439);
#2439 = DEFINITIONAL_REPRESENTATION('',(#2440),#2444);
#2440 = LINE('',#2441,#2442);
#2441 = CARTESIAN_POINT('',(0.,-7.2));
#2442 = VECTOR('',#2443,1.);
#2443 = DIRECTION('',(1.,0.));
#2444 = ( GEOMETRIC_REPRESENTATION_CONTEXT(2) 
PARAMETRIC_REPRESENTATION_CONTEXT() REPRESENTATION_CONTEXT('2D SPACE',''
  ) );
#2445 = ORIENTED_EDGE('',*,*,#2446,.T.);
#2446 = EDGE_CURVE('',#2419,#2447,#2449,.T.);
#2447 = VERTEX_POINT('',#2448);
#2448 = CARTESIAN_POINT('',(278.13146414474,-99.62605654896,7.2));
#2449 = SURFACE_CURVE('',#2450,(#2454,#2461),.PCURVE_S1.);
#2450 = LINE('',#2451,#2452);
#2451 = CARTESIAN_POINT('',(279.1147,-101.6199,7.2));
#2452 = VECTOR('',#2453,1.);
#2453 = DIRECTION('',(-0.442281843379,0.896876117988,0.));
#2454 = PCURVE('',#242,#2455);
#2455 = DEFINITIONAL_REPRESENTATION('',(#2456),#2460);
#2456 = LINE('',#2457,#2458);
#2457 = CARTESIAN_POINT('',(20.808803030731,28.308016619335));
#2458 = VECTOR('',#2459,1.);
#2459 = DIRECTION('',(-0.442281843379,0.896876117988));
#2460 = ( GEOMETRIC_REPRESENTATION_CONTEXT(2) 
PARAMETRIC_REPRESENTATION_CONTEXT() REPRESENTATION_CONTEXT('2D SPACE',''
  ) );
#2461 = PCURVE('',#787,#2462);
#2462 = DEFINITIONAL_REPRESENTATION('',(#2463),#2467);
#2463 = LINE('',#2464,#2465);
#2464 = CARTESIAN_POINT('',(-0.262136823437,-7.2));
#2465 = VECTOR('',#2466,1.);
#2466 = DIRECTION('',(1.,0.));
#2467 = ( GEOMETRIC_REPRESENTATION_CONTEXT(2) 
PARAMETRIC_REPRESENTATION_CONTEXT() REPRESENTATION_CONTEXT('2D SPACE',''
  ) );
#2468 = ORIENTED_EDGE('',*,*,#2469,.F.);
#2469 = EDGE_CURVE('',#2470,#2447,#2472,.T.);
#2470 = VERTEX_POINT('',#2471);
#2471 = CARTESIAN_POINT('',(277.8698315463,-99.17289314922,7.2));
#2472 = SURFACE_CURVE('',#2473,(#2478,#2489),.PCURVE_S1.);
#2473 = CIRCLE('',#2474,4.);
#2474 = AXIS2_PLACEMENT_3D('',#2475,#2476,#2477);
#2475 = CARTESIAN_POINT('',(274.54395967278,-101.3951839224,7.2));
#2476 = DIRECTION('',(0.,0.,-1.));
#2477 = DIRECTION('',(-0.555572693316,0.83146796838,0.));
#2478 = PCURVE('',#242,#2479);
#2479 = DEFINITIONAL_REPRESENTATION('',(#2480),#2488);
#2480 = ( BOUNDED_CURVE() B_SPLINE_CURVE(2,(#2481,#2482,#2483,#2484,
#2485,#2486,#2487),.UNSPECIFIED.,.T.,.F.) B_SPLINE_CURVE_WITH_KNOTS((1,2
    ,2,2,2,1),(-2.094395102393,0.,2.094395102393,4.188790204786,
6.28318530718,8.377580409573),.UNSPECIFIED.) CURVE() 
GEOMETRIC_REPRESENTATION_ITEM() RATIONAL_B_SPLINE_CURVE((1.,0.5,1.,0.5,
1.,0.5,1.)) REPRESENTATION_ITEM('') );
#2481 = CARTESIAN_POINT('',(14.015771930254,31.858604570367));
#2482 = CARTESIAN_POINT('',(19.776350994651,35.707725098855));
#2483 = CARTESIAN_POINT('',(20.229497622351,28.794357024334));
#2484 = CARTESIAN_POINT('',(20.682644250051,21.880988949813));
#2485 = CARTESIAN_POINT('',(14.468918557953,24.945236495846));
#2486 = CARTESIAN_POINT('',(8.255192865856,28.009484041879));
#2487 = CARTESIAN_POINT('',(14.015771930254,31.858604570367));
#2488 = ( GEOMETRIC_REPRESENTATION_CONTEXT(2) 
PARAMETRIC_REPRESENTATION_CONTEXT() REPRESENTATION_CONTEXT('2D SPACE',''
  ) );
#2489 = PCURVE('',#820,#2490);
#2490 = DEFINITIONAL_REPRESENTATION('',(#2491),#2495);
#2491 = LINE('',#2492,#2493);
#2492 = CARTESIAN_POINT('',(0.,-7.2));
#2493 = VECTOR('',#2494,1.);
#2494 = DIRECTION('',(1.,0.));
#2495 = ( GEOMETRIC_REPRESENTATION_CONTEXT(2) 
PARAMETRIC_REPRESENTATION_CONTEXT() REPRESENTATION_CONTEXT('2D SPACE',''
  ) );
#2496 = ORIENTED_EDGE('',*,*,#2497,.T.);
#2497 = EDGE_CURVE('',#2470,#2498,#2500,.T.);
#2498 = VERTEX_POINT('',#2499);
#2499 = CARTESIAN_POINT('',(276.78037678567,-97.54241932039,7.2));
#2500 = SURFACE_CURVE('',#2501,(#2505,#2512),.PCURVE_S1.);
#2501 = LINE('',#2502,#2503);
#2502 = CARTESIAN_POINT('',(278.0155,-99.3909,7.2));
#2503 = VECTOR('',#2504,1.);
#2504 = DIRECTION('',(-0.555572693316,0.83146796838,0.));
#2505 = PCURVE('',#242,#2506);
#2506 = DEFINITIONAL_REPRESENTATION('',(#2507),#2511);
#2507 = LINE('',#2508,#2509);
#2508 = CARTESIAN_POINT('',(19.70960303073,30.537016619335));
#2509 = VECTOR('',#2510,1.);
#2510 = DIRECTION('',(-0.555572693316,0.83146796838));
#2511 = ( GEOMETRIC_REPRESENTATION_CONTEXT(2) 
PARAMETRIC_REPRESENTATION_CONTEXT() REPRESENTATION_CONTEXT('2D SPACE',''
  ) );
#2512 = PCURVE('',#848,#2513);
#2513 = DEFINITIONAL_REPRESENTATION('',(#2514),#2518);
#2514 = LINE('',#2515,#2516);
#2515 = CARTESIAN_POINT('',(-0.26219512846,-7.2));
#2516 = VECTOR('',#2517,1.);
#2517 = DIRECTION('',(1.,0.));
#2518 = ( GEOMETRIC_REPRESENTATION_CONTEXT(2) 
PARAMETRIC_REPRESENTATION_CONTEXT() REPRESENTATION_CONTEXT('2D SPACE',''
  ) );
#2519 = ORIENTED_EDGE('',*,*,#2520,.F.);
#2520 = EDGE_CURVE('',#2521,#2498,#2523,.T.);
#2521 = VERTEX_POINT('',#2522);
#2522 = CARTESIAN_POINT('',(276.46180870747,-97.12726362355,7.2));
#2523 = SURFACE_CURVE('',#2524,(#2529,#2540),.PCURVE_S1.);
#2524 = CIRCLE('',#2525,4.);
#2525 = AXIS2_PLACEMENT_3D('',#2526,#2527,#2528);
#2526 = CARTESIAN_POINT('',(273.45450491215,-99.76471009365,7.2));
#2527 = DIRECTION('',(0.,0.,-1.));
#2528 = DIRECTION('',(-0.659361617526,0.75182594883,0.));
#2529 = PCURVE('',#242,#2530);
#2530 = DEFINITIONAL_REPRESENTATION('',(#2531),#2539);
#2531 = ( BOUNDED_CURVE() B_SPLINE_CURVE(2,(#2532,#2533,#2534,#2535,
#2536,#2537,#2538),.UNSPECIFIED.,.T.,.F.) B_SPLINE_CURVE_WITH_KNOTS((1,2
    ,2,2,2,1),(-2.094395102393,0.,2.094395102393,4.188790204786,
6.28318530718,8.377580409573),.UNSPECIFIED.) CURVE() 
GEOMETRIC_REPRESENTATION_ITEM() RATIONAL_B_SPLINE_CURVE((1.,0.5,1.,0.5,
1.,0.5,1.)) REPRESENTATION_ITEM('') );
#2532 = CARTESIAN_POINT('',(12.511161472784,33.170510320995));
#2533 = CARTESIAN_POINT('',(17.71996444007,37.738701609458));
#2534 = CARTESIAN_POINT('',(19.071732661583,30.943650272249));
#2535 = CARTESIAN_POINT('',(20.423500883095,24.14859893504));
#2536 = CARTESIAN_POINT('',(13.862929694296,26.375458983786));
#2537 = CARTESIAN_POINT('',(7.302358505497,28.602319032533));
#2538 = CARTESIAN_POINT('',(12.511161472784,33.170510320995));
#2539 = ( GEOMETRIC_REPRESENTATION_CONTEXT(2) 
PARAMETRIC_REPRESENTATION_CONTEXT() REPRESENTATION_CONTEXT('2D SPACE',''
  ) );
#2540 = PCURVE('',#881,#2541);
#2541 = DEFINITIONAL_REPRESENTATION('',(#2542),#2546);
#2542 = LINE('',#2543,#2544);
#2543 = CARTESIAN_POINT('',(0.,-7.2));
#2544 = VECTOR('',#2545,1.);
#2545 = DIRECTION('',(1.,0.));
#2546 = ( GEOMETRIC_REPRESENTATION_CONTEXT(2) 
PARAMETRIC_REPRESENTATION_CONTEXT() REPRESENTATION_CONTEXT('2D SPACE',''
  ) );
#2547 = ORIENTED_EDGE('',*,*,#2548,.T.);
#2548 = EDGE_CURVE('',#2521,#2549,#2551,.T.);
#2549 = VERTEX_POINT('',#2550);
#2550 = CARTESIAN_POINT('',(275.16884683706,-95.65298568685,7.2));
#2551 = SURFACE_CURVE('',#2552,(#2556,#2563),.PCURVE_S1.);
#2552 = LINE('',#2553,#2554);
#2553 = CARTESIAN_POINT('',(276.6347,-97.3244,7.2));
#2554 = VECTOR('',#2555,1.);
#2555 = DIRECTION('',(-0.659361617526,0.75182594883,0.));
#2556 = PCURVE('',#242,#2557);
#2557 = DEFINITIONAL_REPRESENTATION('',(#2558),#2562);
#2558 = LINE('',#2559,#2560);
#2559 = CARTESIAN_POINT('',(18.328803030731,32.603516619335));
#2560 = VECTOR('',#2561,1.);
#2561 = DIRECTION('',(-0.659361617526,0.75182594883));
#2562 = ( GEOMETRIC_REPRESENTATION_CONTEXT(2) 
PARAMETRIC_REPRESENTATION_CONTEXT() REPRESENTATION_CONTEXT('2D SPACE',''
  ) );
#2563 = PCURVE('',#909,#2564);
#2564 = DEFINITIONAL_REPRESENTATION('',(#2565),#2569);
#2565 = LINE('',#2566,#2567);
#2566 = CARTESIAN_POINT('',(-0.262210125565,-7.2));
#2567 = VECTOR('',#2568,1.);
#2568 = DIRECTION('',(1.,0.));
#2569 = ( GEOMETRIC_REPRESENTATION_CONTEXT(2) 
PARAMETRIC_REPRESENTATION_CONTEXT() REPRESENTATION_CONTEXT('2D SPACE',''
  ) );
#2570 = ORIENTED_EDGE('',*,*,#2571,.F.);
#2571 = EDGE_CURVE('',#2572,#2549,#2574,.T.);
#2572 = VERTEX_POINT('',#2573);
#2573 = CARTESIAN_POINT('',(274.79890972761,-95.28305839165,7.2));
#2574 = SURFACE_CURVE('',#2575,(#2580,#2591),.PCURVE_S1.);
#2575 = CIRCLE('',#2576,4.);
#2576 = AXIS2_PLACEMENT_3D('',#2577,#2578,#2579);
#2577 = CARTESIAN_POINT('',(272.16154304174,-98.29043215696,7.2));
#2578 = DIRECTION('',(0.,0.,-1.));
#2579 = DIRECTION('',(-0.751843441327,0.659341671467,0.));
#2580 = PCURVE('',#242,#2581);
#2581 = DEFINITIONAL_REPRESENTATION('',(#2582),#2590);
#2582 = ( BOUNDED_CURVE() B_SPLINE_CURVE(2,(#2583,#2584,#2585,#2586,
#2587,#2588,#2589),.UNSPECIFIED.,.T.,.F.) B_SPLINE_CURVE_WITH_KNOTS((1,2
    ,2,2,2,1),(-2.094395102393,0.,2.094395102393,4.188790204786,
6.28318530718,8.377580409573),.UNSPECIFIED.) CURVE() 
GEOMETRIC_REPRESENTATION_ITEM() RATIONAL_B_SPLINE_CURVE((1.,0.5,1.,0.5,
1.,0.5,1.)) REPRESENTATION_ITEM('') );
#2583 = CARTESIAN_POINT('',(10.848272307165,34.274851148242));
#2584 = CARTESIAN_POINT('',(15.416325405278,39.483775307108));
#2585 = CARTESIAN_POINT('',(17.643359504186,32.923263198873));
#2586 = CARTESIAN_POINT('',(19.870393603094,26.362751090638));
#2587 = CARTESIAN_POINT('',(13.075306406073,27.714339040007));
#2588 = CARTESIAN_POINT('',(6.280219209052,29.065926989376));
#2589 = CARTESIAN_POINT('',(10.848272307165,34.274851148242));
#2590 = ( GEOMETRIC_REPRESENTATION_CONTEXT(2) 
PARAMETRIC_REPRESENTATION_CONTEXT() REPRESENTATION_CONTEXT('2D SPACE',''
  ) );
#2591 = PCURVE('',#942,#2592);
#2592 = DEFINITIONAL_REPRESENTATION('',(#2593),#2597);
#2593 = LINE('',#2594,#2595);
#2594 = CARTESIAN_POINT('',(0.,-7.2));
#2595 = VECTOR('',#2596,1.);
#2596 = DIRECTION('',(1.,0.));
#2597 = ( GEOMETRIC_REPRESENTATION_CONTEXT(2) 
PARAMETRIC_REPRESENTATION_CONTEXT() REPRESENTATION_CONTEXT('2D SPACE',''
  ) );
#2598 = ORIENTED_EDGE('',*,*,#2599,.T.);
#2599 = EDGE_CURVE('',#2572,#2600,#2602,.T.);
#2600 = VERTEX_POINT('',#2601);
#2601 = CARTESIAN_POINT('',(273.32446714061,-93.99002132255,7.2));
#2602 = SURFACE_CURVE('',#2603,(#2607,#2614),.PCURVE_S1.);
#2603 = LINE('',#2604,#2605);
#2604 = CARTESIAN_POINT('',(274.996,-95.4559,7.2));
#2605 = VECTOR('',#2606,1.);
#2606 = DIRECTION('',(-0.751843441327,0.659341671467,0.));
#2607 = PCURVE('',#242,#2608);
#2608 = DEFINITIONAL_REPRESENTATION('',(#2609),#2613);
#2609 = LINE('',#2610,#2611);
#2610 = CARTESIAN_POINT('',(16.69010303073,34.472016619335));
#2611 = VECTOR('',#2612,1.);
#2612 = DIRECTION('',(-0.751843441327,0.659341671467));
#2613 = ( GEOMETRIC_REPRESENTATION_CONTEXT(2) 
PARAMETRIC_REPRESENTATION_CONTEXT() REPRESENTATION_CONTEXT('2D SPACE',''
  ) );
#2614 = PCURVE('',#970,#2615);
#2615 = DEFINITIONAL_REPRESENTATION('',(#2616),#2620);
#2616 = LINE('',#2617,#2618);
#2617 = CARTESIAN_POINT('',(-0.262142703592,-7.2));
#2618 = VECTOR('',#2619,1.);
#2619 = DIRECTION('',(1.,0.));
#2620 = ( GEOMETRIC_REPRESENTATION_CONTEXT(2) 
PARAMETRIC_REPRESENTATION_CONTEXT() REPRESENTATION_CONTEXT('2D SPACE',''
  ) );
#2621 = ORIENTED_EDGE('',*,*,#2622,.F.);
#2622 = EDGE_CURVE('',#2623,#2600,#2625,.T.);
#2623 = VERTEX_POINT('',#2624);
#2624 = CARTESIAN_POINT('',(272.90946557575,-93.67157289343,7.2));
#2625 = SURFACE_CURVE('',#2626,(#2631,#2642),.PCURVE_S1.);
#2626 = CIRCLE('',#2627,4.);
#2627 = AXIS2_PLACEMENT_3D('',#2628,#2629,#2630);
#2628 = CARTESIAN_POINT('',(270.68710045474,-96.99739508786,7.2));
#2629 = DIRECTION('',(0.,0.,-1.));
#2630 = DIRECTION('',(-0.831455548606,0.555591280253,0.));
#2631 = PCURVE('',#242,#2632);
#2632 = DEFINITIONAL_REPRESENTATION('',(#2633),#2641);
#2633 = ( BOUNDED_CURVE() B_SPLINE_CURVE(2,(#2634,#2635,#2636,#2637,
#2638,#2639,#2640),.UNSPECIFIED.,.T.,.F.) B_SPLINE_CURVE_WITH_KNOTS((1,2
    ,2,2,2,1),(-2.094395102393,0.,2.094395102393,4.188790204786,
6.28318530718,8.377580409573),.UNSPECIFIED.) CURVE() 
GEOMETRIC_REPRESENTATION_ITEM() RATIONAL_B_SPLINE_CURVE((1.,0.5,1.,0.5,
1.,0.5,1.)) REPRESENTATION_ITEM('') );
#2634 = CARTESIAN_POINT('',(9.055381291051,35.152886652485));
#2635 = CARTESIAN_POINT('',(12.904630593612,40.913379670165));
#2636 = CARTESIAN_POINT('',(15.968739233965,34.699585479808));
#2637 = CARTESIAN_POINT('',(19.032847874318,28.485791289451));
#2638 = CARTESIAN_POINT('',(12.119489931404,28.939092462128));
#2639 = CARTESIAN_POINT('',(5.20613198849,29.392393634806));
#2640 = CARTESIAN_POINT('',(9.055381291051,35.152886652485));
#2641 = ( GEOMETRIC_REPRESENTATION_CONTEXT(2) 
PARAMETRIC_REPRESENTATION_CONTEXT() REPRESENTATION_CONTEXT('2D SPACE',''
  ) );
#2642 = PCURVE('',#1003,#2643);
#2643 = DEFINITIONAL_REPRESENTATION('',(#2644),#2648);
#2644 = LINE('',#2645,#2646);
#2645 = CARTESIAN_POINT('',(0.,-7.2));
#2646 = VECTOR('',#2647,1.);
#2647 = DIRECTION('',(1.,0.));
#2648 = ( GEOMETRIC_REPRESENTATION_CONTEXT(2) 
PARAMETRIC_REPRESENTATION_CONTEXT() REPRESENTATION_CONTEXT('2D SPACE',''
  ) );
#2649 = ORIENTED_EDGE('',*,*,#2650,.T.);
#2650 = EDGE_CURVE('',#2623,#2651,#2653,.T.);
#2651 = VERTEX_POINT('',#2652);
#2652 = CARTESIAN_POINT('',(271.27904092772,-92.5820982738,7.2));
#2653 = SURFACE_CURVE('',#2654,(#2658,#2665),.PCURVE_S1.);
#2654 = LINE('',#2655,#2656);
#2655 = CARTESIAN_POINT('',(273.1274,-93.8172,7.2));
#2656 = VECTOR('',#2657,1.);
#2657 = DIRECTION('',(-0.831455548606,0.555591280253,0.));
#2658 = PCURVE('',#242,#2659);
#2659 = DEFINITIONAL_REPRESENTATION('',(#2660),#2664);
#2660 = LINE('',#2661,#2662);
#2661 = CARTESIAN_POINT('',(14.821503030731,36.110716619335));
#2662 = VECTOR('',#2663,1.);
#2663 = DIRECTION('',(-0.831455548606,0.555591280253));
#2664 = ( GEOMETRIC_REPRESENTATION_CONTEXT(2) 
PARAMETRIC_REPRESENTATION_CONTEXT() REPRESENTATION_CONTEXT('2D SPACE',''
  ) );
#2665 = PCURVE('',#1031,#2666);
#2666 = DEFINITIONAL_REPRESENTATION('',(#2667),#2671);
#2667 = LINE('',#2668,#2669);
#2668 = CARTESIAN_POINT('',(-0.262111936845,-7.2));
#2669 = VECTOR('',#2670,1.);
#2670 = DIRECTION('',(1.,0.));
#2671 = ( GEOMETRIC_REPRESENTATION_CONTEXT(2) 
PARAMETRIC_REPRESENTATION_CONTEXT() REPRESENTATION_CONTEXT('2D SPACE',''
  ) );
#2672 = ORIENTED_EDGE('',*,*,#2673,.F.);
#2673 = EDGE_CURVE('',#2674,#2651,#2676,.T.);
#2674 = VERTEX_POINT('',#2675);
#2675 = CARTESIAN_POINT('',(270.82580318022,-92.32041599627,7.2));
#2676 = SURFACE_CURVE('',#2677,(#2682,#2693),.PCURVE_S1.);
#2677 = CIRCLE('',#2678,4.);
#2678 = AXIS2_PLACEMENT_3D('',#2679,#2680,#2681);
#2679 = CARTESIAN_POINT('',(269.0566758067,-95.90792046823,7.2));
#2680 = DIRECTION('',(0.,0.,-1.));
#2681 = DIRECTION('',(-0.896876117988,0.442281843379,0.));
#2682 = PCURVE('',#242,#2683);
#2683 = DEFINITIONAL_REPRESENTATION('',(#2684),#2692);
#2684 = ( BOUNDED_CURVE() B_SPLINE_CURVE(2,(#2685,#2686,#2687,#2688,
#2689,#2690,#2691),.UNSPECIFIED.,.T.,.F.) B_SPLINE_CURVE_WITH_KNOTS((1,2
    ,2,2,2,1),(-2.094395102393,0.,2.094395102393,4.188790204786,
6.28318530718,8.377580409573),.UNSPECIFIED.) CURVE() 
GEOMETRIC_REPRESENTATION_ITEM() RATIONAL_B_SPLINE_CURVE((1.,0.5,1.,0.5,
1.,0.5,1.)) REPRESENTATION_ITEM('') );
#2685 = CARTESIAN_POINT('',(7.163274365487,35.789123524622));
#2686 = CARTESIAN_POINT('',(10.22749286148,42.002863542423));
#2687 = CARTESIAN_POINT('',(14.076640321411,36.242302473247));
#2688 = CARTESIAN_POINT('',(17.925787781342,30.481741404071));
#2689 = CARTESIAN_POINT('',(11.012421825419,30.028562455446));
#2690 = CARTESIAN_POINT('',(4.099055869495,29.575383506821));
#2691 = CARTESIAN_POINT('',(7.163274365487,35.789123524622));
#2692 = ( GEOMETRIC_REPRESENTATION_CONTEXT(2) 
PARAMETRIC_REPRESENTATION_CONTEXT() REPRESENTATION_CONTEXT('2D SPACE',''
  ) );
#2693 = PCURVE('',#1064,#2694);
#2694 = DEFINITIONAL_REPRESENTATION('',(#2695),#2699);
#2695 = LINE('',#2696,#2697);
#2696 = CARTESIAN_POINT('',(0.,-7.2));
#2697 = VECTOR('',#2698,1.);
#2698 = DIRECTION('',(1.,0.));
#2699 = ( GEOMETRIC_REPRESENTATION_CONTEXT(2) 
PARAMETRIC_REPRESENTATION_CONTEXT() REPRESENTATION_CONTEXT('2D SPACE',''
  ) );
#2700 = ORIENTED_EDGE('',*,*,#2701,.T.);
#2701 = EDGE_CURVE('',#2674,#2702,#2704,.T.);
#2702 = VERTEX_POINT('',#2703);
#2703 = CARTESIAN_POINT('',(269.06712755577,-91.45314984715,7.2));
#2704 = SURFACE_CURVE('',#2705,(#2709,#2716),.PCURVE_S1.);
#2705 = LINE('',#2706,#2707);
#2706 = CARTESIAN_POINT('',(271.061,-92.4364,7.2));
#2707 = VECTOR('',#2708,1.);
#2708 = DIRECTION('',(-0.896876117988,0.442281843379,0.));
#2709 = PCURVE('',#242,#2710);
#2710 = DEFINITIONAL_REPRESENTATION('',(#2711),#2715);
#2711 = LINE('',#2712,#2713);
#2712 = CARTESIAN_POINT('',(12.75510303073,37.491516619335));
#2713 = VECTOR('',#2714,1.);
#2714 = DIRECTION('',(-0.896876117988,0.442281843379));
#2715 = ( GEOMETRIC_REPRESENTATION_CONTEXT(2) 
PARAMETRIC_REPRESENTATION_CONTEXT() REPRESENTATION_CONTEXT('2D SPACE',''
  ) );
#2716 = PCURVE('',#1092,#2717);
#2717 = DEFINITIONAL_REPRESENTATION('',(#2718),#2722);
#2718 = LINE('',#2719,#2720);
#2719 = CARTESIAN_POINT('',(-0.262240029651,-7.2));
#2720 = VECTOR('',#2721,1.);
#2721 = DIRECTION('',(1.,0.));
#2722 = ( GEOMETRIC_REPRESENTATION_CONTEXT(2) 
PARAMETRIC_REPRESENTATION_CONTEXT() REPRESENTATION_CONTEXT('2D SPACE',''
  ) );
#2723 = ORIENTED_EDGE('',*,*,#2724,.F.);
#2724 = EDGE_CURVE('',#2725,#2702,#2727,.T.);
#2725 = VERTEX_POINT('',#2726);
#2726 = CARTESIAN_POINT('',(268.58374996459,-91.25293105872,7.2));
#2727 = SURFACE_CURVE('',#2728,(#2733,#2744),.PCURVE_S1.);
#2728 = CIRCLE('',#2729,4.);
#2729 = AXIS2_PLACEMENT_3D('',#2730,#2731,#2732);
#2730 = CARTESIAN_POINT('',(267.29800018226,-95.0406543191,7.2));
#2731 = DIRECTION('',(0.,0.,-1.));
#2732 = DIRECTION('',(-0.946930815095,0.321437445583,0.));
#2733 = PCURVE('',#242,#2734);
#2734 = DEFINITIONAL_REPRESENTATION('',(#2735),#2743);
#2735 = ( BOUNDED_CURVE() B_SPLINE_CURVE(2,(#2736,#2737,#2738,#2739,
#2740,#2741,#2742),.UNSPECIFIED.,.T.,.F.) B_SPLINE_CURVE_WITH_KNOTS((1,2
    ,2,2,2,1),(-2.094395102393,0.,2.094395102393,4.188790204786,
6.28318530718,8.377580409573),.UNSPECIFIED.) CURVE() 
GEOMETRIC_REPRESENTATION_ITEM() RATIONAL_B_SPLINE_CURVE((1.,0.5,1.,0.5,
1.,0.5,1.)) REPRESENTATION_ITEM('') );
#2736 = CARTESIAN_POINT('',(5.204379952611,36.173012082558));
#2737 = CARTESIAN_POINT('',(7.431363901431,42.733541214549));
#2738 = CARTESIAN_POINT('',(11.999456817593,37.524651975056));
#2739 = CARTESIAN_POINT('',(16.567549733755,32.315762735562));
#2740 = CARTESIAN_POINT('',(9.772472868773,30.964122843065));
#2741 = CARTESIAN_POINT('',(2.977396003792,29.612482950568));
#2742 = CARTESIAN_POINT('',(5.204379952611,36.173012082558));
#2743 = ( GEOMETRIC_REPRESENTATION_CONTEXT(2) 
PARAMETRIC_REPRESENTATION_CONTEXT() REPRESENTATION_CONTEXT('2D SPACE',''
  ) );
#2744 = PCURVE('',#1125,#2745);
#2745 = DEFINITIONAL_REPRESENTATION('',(#2746),#2750);
#2746 = LINE('',#2747,#2748);
#2747 = CARTESIAN_POINT('',(0.,-7.2));
#2748 = VECTOR('',#2749,1.);
#2749 = DIRECTION('',(1.,0.));
#2750 = ( GEOMETRIC_REPRESENTATION_CONTEXT(2) 
PARAMETRIC_REPRESENTATION_CONTEXT() REPRESENTATION_CONTEXT('2D SPACE',''
  ) );
#2751 = ORIENTED_EDGE('',*,*,#2752,.T.);
#2752 = EDGE_CURVE('',#2725,#2753,#2755,.T.);
#2753 = VERTEX_POINT('',#2754);
#2754 = CARTESIAN_POINT('',(266.7267180826,-90.62255809483,7.2));
#2755 = SURFACE_CURVE('',#2756,(#2760,#2767),.PCURVE_S1.);
#2756 = LINE('',#2757,#2758);
#2757 = CARTESIAN_POINT('',(268.832,-91.3372,7.2));
#2758 = VECTOR('',#2759,1.);
#2759 = DIRECTION('',(-0.946930815095,0.321437445583,0.));
#2760 = PCURVE('',#242,#2761);
#2761 = DEFINITIONAL_REPRESENTATION('',(#2762),#2766);
#2762 = LINE('',#2763,#2764);
#2763 = CARTESIAN_POINT('',(10.52610303073,38.590716619335));
#2764 = VECTOR('',#2765,1.);
#2765 = DIRECTION('',(-0.946930815095,0.321437445583));
#2766 = ( GEOMETRIC_REPRESENTATION_CONTEXT(2) 
PARAMETRIC_REPRESENTATION_CONTEXT() REPRESENTATION_CONTEXT('2D SPACE',''
  ) );
#2767 = PCURVE('',#1153,#2768);
#2768 = DEFINITIONAL_REPRESENTATION('',(#2769),#2773);
#2769 = LINE('',#2770,#2771);
#2770 = CARTESIAN_POINT('',(-0.262162801599,-7.2));
#2771 = VECTOR('',#2772,1.);
#2772 = DIRECTION('',(1.,0.));
#2773 = ( GEOMETRIC_REPRESENTATION_CONTEXT(2) 
PARAMETRIC_REPRESENTATION_CONTEXT() REPRESENTATION_CONTEXT('2D SPACE',''
  ) );
#2774 = ORIENTED_EDGE('',*,*,#2775,.F.);
#2775 = EDGE_CURVE('',#2776,#2753,#2778,.T.);
#2776 = VERTEX_POINT('',#2777);
#2777 = CARTESIAN_POINT('',(266.22140870971,-90.48715597265,7.2));
#2778 = SURFACE_CURVE('',#2779,(#2784,#2795),.PCURVE_S1.);
#2779 = CIRCLE('',#2780,4.);
#2780 = AXIS2_PLACEMENT_3D('',#2781,#2782,#2783);
#2781 = CARTESIAN_POINT('',(265.44096830027,-94.41028135521,7.2));
#2782 = DIRECTION('',(0.,0.,-1.));
#2783 = DIRECTION('',(-0.980781345641,0.19511010236,0.));
#2784 = PCURVE('',#242,#2785);
#2785 = DEFINITIONAL_REPRESENTATION('',(#2786),#2794);
#2786 = ( BOUNDED_CURVE() B_SPLINE_CURVE(2,(#2787,#2788,#2789,#2790,
#2791,#2792,#2793),.UNSPECIFIED.,.T.,.F.) B_SPLINE_CURVE_WITH_KNOTS((1,2
    ,2,2,2,1),(-2.094395102393,0.,2.094395102393,4.188790204786,
6.28318530718,8.377580409573),.UNSPECIFIED.) CURVE() 
GEOMETRIC_REPRESENTATION_ITEM() RATIONAL_B_SPLINE_CURVE((1.,0.5,1.,0.5,
1.,0.5,1.)) REPRESENTATION_ITEM('') );
#2787 = CARTESIAN_POINT('',(3.211945948438,36.298075673557));
#2788 = CARTESIAN_POINT('',(4.563708389865,43.093128160621));
#2789 = CARTESIAN_POINT('',(9.772515242997,38.524941302932));
#2790 = CARTESIAN_POINT('',(14.98132209613,33.956754445243));
#2791 = CARTESIAN_POINT('',(8.420752801571,31.729888815868));
#2792 = CARTESIAN_POINT('',(1.860183507012,29.503023186494));
#2793 = CARTESIAN_POINT('',(3.211945948438,36.298075673557));
#2794 = ( GEOMETRIC_REPRESENTATION_CONTEXT(2) 
PARAMETRIC_REPRESENTATION_CONTEXT() REPRESENTATION_CONTEXT('2D SPACE',''
  ) );
#2795 = PCURVE('',#1186,#2796);
#2796 = DEFINITIONAL_REPRESENTATION('',(#2797),#2801);
#2797 = LINE('',#2798,#2799);
#2798 = CARTESIAN_POINT('',(0.,-7.2));
#2799 = VECTOR('',#2800,1.);
#2800 = DIRECTION('',(1.,0.));
#2801 = ( GEOMETRIC_REPRESENTATION_CONTEXT(2) 
PARAMETRIC_REPRESENTATION_CONTEXT() REPRESENTATION_CONTEXT('2D SPACE',''
  ) );
#2802 = ORIENTED_EDGE('',*,*,#2803,.T.);
#2803 = EDGE_CURVE('',#2776,#2804,#2806,.T.);
#2804 = VERTEX_POINT('',#2805);
#2805 = CARTESIAN_POINT('',(264.29821275121,-90.10456818997,7.2));
#2806 = SURFACE_CURVE('',#2807,(#2811,#2818),.PCURVE_S1.);
#2807 = LINE('',#2808,#2809);
#2808 = CARTESIAN_POINT('',(266.4785,-90.5383,7.2));
#2809 = VECTOR('',#2810,1.);
#2810 = DIRECTION('',(-0.980781345641,0.19511010236,0.));
#2811 = PCURVE('',#242,#2812);
#2812 = DEFINITIONAL_REPRESENTATION('',(#2813),#2817);
#2813 = LINE('',#2814,#2815);
#2814 = CARTESIAN_POINT('',(8.17260303073,39.389616619335));
#2815 = VECTOR('',#2816,1.);
#2816 = DIRECTION('',(-0.980781345641,0.19511010236));
#2817 = ( GEOMETRIC_REPRESENTATION_CONTEXT(2) 
PARAMETRIC_REPRESENTATION_CONTEXT() REPRESENTATION_CONTEXT('2D SPACE',''
  ) );
#2818 = PCURVE('',#1214,#2819);
#2819 = DEFINITIONAL_REPRESENTATION('',(#2820),#2824);
#2820 = LINE('',#2821,#2822);
#2821 = CARTESIAN_POINT('',(-0.262129058055,-7.2));
#2822 = VECTOR('',#2823,1.);
#2823 = DIRECTION('',(1.,0.));
#2824 = ( GEOMETRIC_REPRESENTATION_CONTEXT(2) 
PARAMETRIC_REPRESENTATION_CONTEXT() REPRESENTATION_CONTEXT('2D SPACE',''
  ) );
#2825 = ORIENTED_EDGE('',*,*,#2826,.F.);
#2826 = EDGE_CURVE('',#2827,#2804,#2829,.T.);
#2827 = VERTEX_POINT('',#2828);
#2828 = CARTESIAN_POINT('',(263.7793082755,-90.03625286079,7.2));
#2829 = SURFACE_CURVE('',#2830,(#2835,#2846),.PCURVE_S1.);
#2830 = CIRCLE('',#2831,4.);
#2831 = AXIS2_PLACEMENT_3D('',#2832,#2833,#2834);
#2832 = CARTESIAN_POINT('',(263.51777234177,-94.02769357253,7.2));
#2833 = DIRECTION('',(0.,0.,-1.));
#2834 = DIRECTION('',(-0.997860177936,6.53839834333E-02,0.));
#2835 = PCURVE('',#242,#2836);
#2836 = DEFINITIONAL_REPRESENTATION('',(#2837),#2845);
#2837 = ( BOUNDED_CURVE() B_SPLINE_CURVE(2,(#2838,#2839,#2840,#2841,
#2842,#2843,#2844),.UNSPECIFIED.,.T.,.F.) B_SPLINE_CURVE_WITH_KNOTS((1,2
    ,2,2,2,1),(-2.094395102393,0.,2.094395102393,4.188790204786,
6.28318530718,8.377580409573),.UNSPECIFIED.) CURVE() 
GEOMETRIC_REPRESENTATION_ITEM() RATIONAL_B_SPLINE_CURVE((1.,0.5,1.,0.5,
1.,0.5,1.)) REPRESENTATION_ITEM('') );
#2838 = CARTESIAN_POINT('',(1.22043466076,36.16175898053));
#2839 = CARTESIAN_POINT('',(1.673428185991,43.075137088669));
#2840 = CARTESIAN_POINT('',(7.434092490992,39.226144133999));
#2841 = CARTESIAN_POINT('',(13.194756795992,35.37715117933));
#2842 = CARTESIAN_POINT('',(6.981098965761,32.31276602586));
#2843 = CARTESIAN_POINT('',(0.767441135529,29.24838087239));
#2844 = CARTESIAN_POINT('',(1.22043466076,36.16175898053));
#2845 = ( GEOMETRIC_REPRESENTATION_CONTEXT(2) 
PARAMETRIC_REPRESENTATION_CONTEXT() REPRESENTATION_CONTEXT('2D SPACE',''
  ) );
#2846 = PCURVE('',#1247,#2847);
#2847 = DEFINITIONAL_REPRESENTATION('',(#2848),#2852);
#2848 = LINE('',#2849,#2850);
#2849 = CARTESIAN_POINT('',(0.,-7.2));
#2850 = VECTOR('',#2851,1.);
#2851 = DIRECTION('',(1.,0.));
#2852 = ( GEOMETRIC_REPRESENTATION_CONTEXT(2) 
PARAMETRIC_REPRESENTATION_CONTEXT() REPRESENTATION_CONTEXT('2D SPACE',''
  ) );
#2853 = ORIENTED_EDGE('',*,*,#2854,.T.);
#2854 = EDGE_CURVE('',#2827,#2855,#2857,.T.);
#2855 = VERTEX_POINT('',#2856);
#2856 = CARTESIAN_POINT('',(261.82253593373,-89.90803693114,7.2));
#2857 = SURFACE_CURVE('',#2858,(#2862,#2869),.PCURVE_S1.);
#2858 = LINE('',#2859,#2860);
#2859 = CARTESIAN_POINT('',(264.041,-90.0534,7.2));
#2860 = VECTOR('',#2861,1.);
#2861 = DIRECTION('',(-0.997860177936,6.53839834333E-02,0.));
#2862 = PCURVE('',#242,#2863);
#2863 = DEFINITIONAL_REPRESENTATION('',(#2864),#2868);
#2864 = LINE('',#2865,#2866);
#2865 = CARTESIAN_POINT('',(5.73510303073,39.874516619335));
#2866 = VECTOR('',#2867,1.);
#2867 = DIRECTION('',(-0.997860177936,6.53839834333E-02));
#2868 = ( GEOMETRIC_REPRESENTATION_CONTEXT(2) 
PARAMETRIC_REPRESENTATION_CONTEXT() REPRESENTATION_CONTEXT('2D SPACE',''
  ) );
#2869 = PCURVE('',#1275,#2870);
#2870 = DEFINITIONAL_REPRESENTATION('',(#2871),#2875);
#2871 = LINE('',#2872,#2873);
#2872 = CARTESIAN_POINT('',(-0.262252899033,-7.2));
#2873 = VECTOR('',#2874,1.);
#2874 = DIRECTION('',(1.,0.));
#2875 = ( GEOMETRIC_REPRESENTATION_CONTEXT(2) 
PARAMETRIC_REPRESENTATION_CONTEXT() REPRESENTATION_CONTEXT('2D SPACE',''
  ) );
#2876 = ORIENTED_EDGE('',*,*,#2877,.F.);
#2877 = EDGE_CURVE('',#2878,#2855,#2880,.T.);
#2878 = VERTEX_POINT('',#2879);
#2879 = CARTESIAN_POINT('',(261.29946406626,-89.90803693114,7.2));
#2880 = SURFACE_CURVE('',#2881,(#2886,#2897),.PCURVE_S1.);
#2881 = CIRCLE('',#2882,4.);
#2882 = AXIS2_PLACEMENT_3D('',#2883,#2884,#2885);
#2883 = CARTESIAN_POINT('',(261.561,-93.89947764288,7.2));
#2884 = DIRECTION('',(-0.,0.,-1.));
#2885 = DIRECTION('',(-0.997860177936,-6.53839834333E-02,0.));
#2886 = PCURVE('',#242,#2887);
#2887 = DEFINITIONAL_REPRESENTATION('',(#2888),#2896);
#2888 = ( BOUNDED_CURVE() B_SPLINE_CURVE(2,(#2889,#2890,#2891,#2892,
#2893,#2894,#2895),.UNSPECIFIED.,.T.,.F.) B_SPLINE_CURVE_WITH_KNOTS((1,2
    ,2,2,2,1),(-2.094395102393,0.,2.094395102393,4.188790204786,
6.28318530718,8.377580409573),.UNSPECIFIED.) CURVE() 
GEOMETRIC_REPRESENTATION_ITEM() RATIONAL_B_SPLINE_CURVE((1.,0.5,1.,0.5,
1.,0.5,1.)) REPRESENTATION_ITEM('') );
#2889 = CARTESIAN_POINT('',(-0.736337681013,35.766903042716));
#2890 = CARTESIAN_POINT('',(-1.189331206244,42.680281150855));
#2891 = CARTESIAN_POINT('',(5.024326623987,39.615895997385));
#2892 = CARTESIAN_POINT('',(11.237984454218,36.551510843915));
#2893 = CARTESIAN_POINT('',(5.477320149218,32.702517889246));
#2894 = CARTESIAN_POINT('',(-0.283344155782,28.853524934577));
#2895 = CARTESIAN_POINT('',(-0.736337681013,35.766903042716));
#2896 = ( GEOMETRIC_REPRESENTATION_CONTEXT(2) 
PARAMETRIC_REPRESENTATION_CONTEXT() REPRESENTATION_CONTEXT('2D SPACE',''
  ) );
#2897 = PCURVE('',#1308,#2898);
#2898 = DEFINITIONAL_REPRESENTATION('',(#2899),#2903);
#2899 = LINE('',#2900,#2901);
#2900 = CARTESIAN_POINT('',(0.,-7.2));
#2901 = VECTOR('',#2902,1.);
#2902 = DIRECTION('',(1.,0.));
#2903 = ( GEOMETRIC_REPRESENTATION_CONTEXT(2) 
PARAMETRIC_REPRESENTATION_CONTEXT() REPRESENTATION_CONTEXT('2D SPACE',''
  ) );
#2904 = ORIENTED_EDGE('',*,*,#2905,.T.);
#2905 = EDGE_CURVE('',#2878,#2906,#2908,.T.);
#2906 = VERTEX_POINT('',#2907);
#2907 = CARTESIAN_POINT('',(259.34267599,-90.03625389178,7.2));
#2908 = SURFACE_CURVE('',#2909,(#2913,#2920),.PCURVE_S1.);
#2909 = LINE('',#2910,#2911);
#2910 = CARTESIAN_POINT('',(261.561,-89.8909,7.2));
#2911 = VECTOR('',#2912,1.);
#2912 = DIRECTION('',(-0.997860177936,-6.53839834333E-02,0.));
#2913 = PCURVE('',#242,#2914);
#2914 = DEFINITIONAL_REPRESENTATION('',(#2915),#2919);
#2915 = LINE('',#2916,#2917);
#2916 = CARTESIAN_POINT('',(3.25510303073,40.037016619335));
#2917 = VECTOR('',#2918,1.);
#2918 = DIRECTION('',(-0.997860177936,-6.53839834333E-02));
#2919 = ( GEOMETRIC_REPRESENTATION_CONTEXT(2) 
PARAMETRIC_REPRESENTATION_CONTEXT() REPRESENTATION_CONTEXT('2D SPACE',''
  ) );
#2920 = PCURVE('',#1336,#2921);
#2921 = DEFINITIONAL_REPRESENTATION('',(#2922),#2926);
#2922 = LINE('',#2923,#2924);
#2923 = CARTESIAN_POINT('',(-0.262096774194,-7.2));
#2924 = VECTOR('',#2925,1.);
#2925 = DIRECTION('',(1.,0.));
#2926 = ( GEOMETRIC_REPRESENTATION_CONTEXT(2) 
PARAMETRIC_REPRESENTATION_CONTEXT() REPRESENTATION_CONTEXT('2D SPACE',''
  ) );
#2927 = ORIENTED_EDGE('',*,*,#2928,.F.);
#2928 = EDGE_CURVE('',#2929,#2906,#2931,.T.);
#2929 = VERTEX_POINT('',#2930);
#2930 = CARTESIAN_POINT('',(258.82380231231,-90.10456309433,7.2));
#2931 = SURFACE_CURVE('',#2932,(#2937,#2948),.PCURVE_S1.);
#2932 = CIRCLE('',#2933,4.);
#2933 = AXIS2_PLACEMENT_3D('',#2934,#2935,#2936);
#2934 = CARTESIAN_POINT('',(259.60421192373,-94.02769460352,7.2));
#2935 = DIRECTION('',(-0.,0.,-1.));
#2936 = DIRECTION('',(-0.980782877297,-0.195102402856,0.));
#2937 = PCURVE('',#242,#2938);
#2938 = DEFINITIONAL_REPRESENTATION('',(#2939),#2947);
#2939 = ( BOUNDED_CURVE() B_SPLINE_CURVE(2,(#2940,#2941,#2942,#2943,
#2944,#2945,#2946),.UNSPECIFIED.,.T.,.F.) B_SPLINE_CURVE_WITH_KNOTS((1,2
    ,2,2,2,1),(-2.094395102393,0.,2.094395102393,4.188790204786,
6.28318530718,8.377580409573),.UNSPECIFIED.) CURVE() 
GEOMETRIC_REPRESENTATION_ITEM() RATIONAL_B_SPLINE_CURVE((1.,0.5,1.,0.5,
1.,0.5,1.)) REPRESENTATION_ITEM('') );
#2940 = CARTESIAN_POINT('',(-2.62481655472,35.119812404383));
#2941 = CARTESIAN_POINT('',(-3.976525652421,41.914875503074));
#2942 = CARTESIAN_POINT('',(2.584026160214,39.687958370864));
#2943 = CARTESIAN_POINT('',(9.144577972849,37.461041238654));
#2944 = CARTESIAN_POINT('',(3.935735257915,32.892895272173));
#2945 = CARTESIAN_POINT('',(-1.273107457019,28.324749305692));
#2946 = CARTESIAN_POINT('',(-2.62481655472,35.119812404383));
#2947 = ( GEOMETRIC_REPRESENTATION_CONTEXT(2) 
PARAMETRIC_REPRESENTATION_CONTEXT() REPRESENTATION_CONTEXT('2D SPACE',''
  ) );
#2948 = PCURVE('',#1369,#2949);
#2949 = DEFINITIONAL_REPRESENTATION('',(#2950),#2954);
#2950 = LINE('',#2951,#2952);
#2951 = CARTESIAN_POINT('',(0.,-7.2));
#2952 = VECTOR('',#2953,1.);
#2953 = DIRECTION('',(1.,0.));
#2954 = ( GEOMETRIC_REPRESENTATION_CONTEXT(2) 
PARAMETRIC_REPRESENTATION_CONTEXT() REPRESENTATION_CONTEXT('2D SPACE',''
  ) );
#2955 = ORIENTED_EDGE('',*,*,#2956,.T.);
#2956 = EDGE_CURVE('',#2929,#2957,#2959,.T.);
#2957 = VERTEX_POINT('',#2958);
#2958 = CARTESIAN_POINT('',(256.90053263587,-90.4871498461,7.2));
#2959 = SURFACE_CURVE('',#2960,(#2964,#2971),.PCURVE_S1.);
#2960 = LINE('',#2961,#2962);
#2961 = CARTESIAN_POINT('',(259.081,-90.0534,7.2));
#2962 = VECTOR('',#2963,1.);
#2963 = DIRECTION('',(-0.980782877297,-0.195102402856,0.));
#2964 = PCURVE('',#242,#2965);
#2965 = DEFINITIONAL_REPRESENTATION('',(#2966),#2970);
#2966 = LINE('',#2967,#2968);
#2967 = CARTESIAN_POINT('',(0.775103030731,39.874516619335));
#2968 = VECTOR('',#2969,1.);
#2969 = DIRECTION('',(-0.980782877297,-0.195102402856));
#2970 = ( GEOMETRIC_REPRESENTATION_CONTEXT(2) 
PARAMETRIC_REPRESENTATION_CONTEXT() REPRESENTATION_CONTEXT('2D SPACE',''
  ) );
#2971 = PCURVE('',#1397,#2972);
#2972 = DEFINITIONAL_REPRESENTATION('',(#2973),#2977);
#2973 = LINE('',#2974,#2975);
#2974 = CARTESIAN_POINT('',(-0.262237130804,-7.2));
#2975 = VECTOR('',#2976,1.);
#2976 = DIRECTION('',(1.,0.));
#2977 = ( GEOMETRIC_REPRESENTATION_CONTEXT(2) 
PARAMETRIC_REPRESENTATION_CONTEXT() REPRESENTATION_CONTEXT('2D SPACE',''
  ) );
#2978 = ORIENTED_EDGE('',*,*,#2979,.F.);
#2979 = EDGE_CURVE('',#2980,#2957,#2982,.T.);
#2980 = VERTEX_POINT('',#2981);
#2981 = CARTESIAN_POINT('',(256.39514347644,-90.62257472451,7.2));
#2982 = SURFACE_CURVE('',#2983,(#2988,#2999),.PCURVE_S1.);
#2983 = CIRCLE('',#2984,4.);
#2984 = AXIS2_PLACEMENT_3D('',#2985,#2986,#2987);
#2985 = CARTESIAN_POINT('',(257.6809422473,-94.41028135529,7.2));
#2986 = DIRECTION('',(-0.,0.,-1.));
#2987 = DIRECTION('',(-0.946926657695,-0.321449692714,0.));
#2988 = PCURVE('',#242,#2989);
#2989 = DEFINITIONAL_REPRESENTATION('',(#2990),#2998);
#2990 = ( BOUNDED_CURVE() B_SPLINE_CURVE(2,(#2991,#2992,#2993,#2994,
#2995,#2996,#2997),.UNSPECIFIED.,.T.,.F.) B_SPLINE_CURVE_WITH_KNOTS((1,2
    ,2,2,2,1),(-2.094395102393,0.,2.094395102393,4.188790204786,
6.28318530718,8.377580409573),.UNSPECIFIED.) CURVE() 
GEOMETRIC_REPRESENTATION_ITEM() RATIONAL_B_SPLINE_CURVE((1.,0.5,1.,0.5,
1.,0.5,1.)) REPRESENTATION_ITEM('') );
#2991 = CARTESIAN_POINT('',(-4.412661352748,34.231836493186));
#2992 = CARTESIAN_POINT('',(-6.639730152179,40.792336821865));
#2993 = CARTESIAN_POINT('',(0.155364193709,39.440784813809));
#2994 = CARTESIAN_POINT('',(6.950458539597,38.089232805752));
#2995 = CARTESIAN_POINT('',(2.38243299314,32.880284485129));
#2996 = CARTESIAN_POINT('',(-2.185592553317,27.671336164507));
#2997 = CARTESIAN_POINT('',(-4.412661352748,34.231836493186));
#2998 = ( GEOMETRIC_REPRESENTATION_CONTEXT(2) 
PARAMETRIC_REPRESENTATION_CONTEXT() REPRESENTATION_CONTEXT('2D SPACE',''
  ) );
#2999 = PCURVE('',#1430,#3000);
#3000 = DEFINITIONAL_REPRESENTATION('',(#3001),#3005);
#3001 = LINE('',#3002,#3003);
#3002 = CARTESIAN_POINT('',(0.,-7.2));
#3003 = VECTOR('',#3004,1.);
#3004 = DIRECTION('',(1.,0.));
#3005 = ( GEOMETRIC_REPRESENTATION_CONTEXT(2) 
PARAMETRIC_REPRESENTATION_CONTEXT() REPRESENTATION_CONTEXT('2D SPACE',''
  ) );
#3006 = ORIENTED_EDGE('',*,*,#3007,.T.);
#3007 = EDGE_CURVE('',#2980,#3008,#3010,.T.);
#3008 = VERTEX_POINT('',#3009);
#3009 = CARTESIAN_POINT('',(254.53822434607,-91.25293619865,7.2));
#3010 = SURFACE_CURVE('',#3011,(#3015,#3022),.PCURVE_S1.);
#3011 = LINE('',#3012,#3013);
#3012 = CARTESIAN_POINT('',(256.6434,-90.5383,7.2));
#3013 = VECTOR('',#3014,1.);
#3014 = DIRECTION('',(-0.946926657695,-0.321449692714,0.));
#3015 = PCURVE('',#242,#3016);
#3016 = DEFINITIONAL_REPRESENTATION('',(#3017),#3021);
#3017 = LINE('',#3018,#3019);
#3018 = CARTESIAN_POINT('',(-1.66249696927,39.389616619335));
#3019 = VECTOR('',#3020,1.);
#3020 = DIRECTION('',(-0.946926657695,-0.321449692714));
#3021 = ( GEOMETRIC_REPRESENTATION_CONTEXT(2) 
PARAMETRIC_REPRESENTATION_CONTEXT() REPRESENTATION_CONTEXT('2D SPACE',''
  ) );
#3022 = PCURVE('',#1458,#3023);
#3023 = DEFINITIONAL_REPRESENTATION('',(#3024),#3028);
#3024 = LINE('',#3025,#3026);
#3025 = CARTESIAN_POINT('',(-0.262170804397,-7.2));
#3026 = VECTOR('',#3027,1.);
#3027 = DIRECTION('',(1.,0.));
#3028 = ( GEOMETRIC_REPRESENTATION_CONTEXT(2) 
PARAMETRIC_REPRESENTATION_CONTEXT() REPRESENTATION_CONTEXT('2D SPACE',''
  ) );
#3029 = ORIENTED_EDGE('',*,*,#3030,.F.);
#3030 = EDGE_CURVE('',#3031,#3008,#3033,.T.);
#3031 = VERTEX_POINT('',#3032);
#3032 = CARTESIAN_POINT('',(254.05489574341,-91.45313835748,7.2));
#3033 = SURFACE_CURVE('',#3034,(#3039,#3050),.PCURVE_S1.);
#3034 = CIRCLE('',#3035,4.);
#3035 = AXIS2_PLACEMENT_3D('',#3036,#3037,#3038);
#3036 = CARTESIAN_POINT('',(255.82402311693,-95.04064282943,7.2));
#3037 = DIRECTION('',(-0.,0.,-1.));
#3038 = DIRECTION('',(-0.896876117988,-0.442281843379,0.));
#3039 = PCURVE('',#242,#3040);
#3040 = DEFINITIONAL_REPRESENTATION('',(#3041),#3049);
#3041 = ( BOUNDED_CURVE() B_SPLINE_CURVE(2,(#3042,#3043,#3044,#3045,
#3046,#3047,#3048),.UNSPECIFIED.,.T.,.F.) B_SPLINE_CURVE_WITH_KNOTS((1,2
    ,2,2,2,1),(-2.094395102393,0.,2.094395102393,4.188790204786,
6.28318530718,8.377580409573),.UNSPECIFIED.) CURVE() 
GEOMETRIC_REPRESENTATION_ITEM() RATIONAL_B_SPLINE_CURVE((1.,0.5,1.,0.5,
1.,0.5,1.)) REPRESENTATION_ITEM('') );
#3042 = CARTESIAN_POINT('',(-6.06937832429,33.118146416379));
#3043 = CARTESIAN_POINT('',(-9.133596820282,39.33188643418));
#3044 = CARTESIAN_POINT('',(-2.220230864358,38.878707485555));
#3045 = CARTESIAN_POINT('',(4.693135091565,38.42552853693));
#3046 = CARTESIAN_POINT('',(0.843987631634,32.664967467754));
#3047 = CARTESIAN_POINT('',(-3.005159828298,26.904406398578));
#3048 = CARTESIAN_POINT('',(-6.06937832429,33.118146416379));
#3049 = ( GEOMETRIC_REPRESENTATION_CONTEXT(2) 
PARAMETRIC_REPRESENTATION_CONTEXT() REPRESENTATION_CONTEXT('2D SPACE',''
  ) );
#3050 = PCURVE('',#1491,#3051);
#3051 = DEFINITIONAL_REPRESENTATION('',(#3052),#3056);
#3052 = LINE('',#3053,#3054);
#3053 = CARTESIAN_POINT('',(0.,-7.2));
#3054 = VECTOR('',#3055,1.);
#3055 = DIRECTION('',(1.,0.));
#3056 = ( GEOMETRIC_REPRESENTATION_CONTEXT(2) 
PARAMETRIC_REPRESENTATION_CONTEXT() REPRESENTATION_CONTEXT('2D SPACE',''
  ) );
#3057 = ORIENTED_EDGE('',*,*,#3058,.T.);
#3058 = EDGE_CURVE('',#3031,#3059,#3061,.T.);
#3059 = VERTEX_POINT('',#3060);
#3060 = CARTESIAN_POINT('',(252.29615654896,-92.32043585526,7.2));
#3061 = SURFACE_CURVE('',#3062,(#3066,#3073),.PCURVE_S1.);
#3062 = LINE('',#3063,#3064);
#3063 = CARTESIAN_POINT('',(254.29,-91.3372,7.2));
#3064 = VECTOR('',#3065,1.);
#3065 = DIRECTION('',(-0.896876117988,-0.442281843379,0.));
#3066 = PCURVE('',#242,#3067);
#3067 = DEFINITIONAL_REPRESENTATION('',(#3068),#3072);
#3068 = LINE('',#3069,#3070);
#3069 = CARTESIAN_POINT('',(-4.01589696927,38.590716619335));
#3070 = VECTOR('',#3071,1.);
#3071 = DIRECTION('',(-0.896876117988,-0.442281843379));
#3072 = ( GEOMETRIC_REPRESENTATION_CONTEXT(2) 
PARAMETRIC_REPRESENTATION_CONTEXT() REPRESENTATION_CONTEXT('2D SPACE',''
  ) );
#3073 = PCURVE('',#1519,#3074);
#3074 = DEFINITIONAL_REPRESENTATION('',(#3075),#3079);
#3075 = LINE('',#3076,#3077);
#3076 = CARTESIAN_POINT('',(-0.262136823437,-7.2));
#3077 = VECTOR('',#3078,1.);
#3078 = DIRECTION('',(1.,0.));
#3079 = ( GEOMETRIC_REPRESENTATION_CONTEXT(2) 
PARAMETRIC_REPRESENTATION_CONTEXT() REPRESENTATION_CONTEXT('2D SPACE',''
  ) );
#3080 = ORIENTED_EDGE('',*,*,#3081,.F.);
#3081 = EDGE_CURVE('',#3082,#3059,#3084,.T.);
#3082 = VERTEX_POINT('',#3083);
#3083 = CARTESIAN_POINT('',(251.84299314922,-92.58206845369,7.2));
#3084 = SURFACE_CURVE('',#3085,(#3090,#3101),.PCURVE_S1.);
#3085 = CIRCLE('',#3086,4.);
#3086 = AXIS2_PLACEMENT_3D('',#3087,#3088,#3089);
#3087 = CARTESIAN_POINT('',(254.06528392248,-95.90794032721,7.2));
#3088 = DIRECTION('',(-0.,0.,-1.));
#3089 = DIRECTION('',(-0.831467968379,-0.555572693316,0.));
#3090 = PCURVE('',#242,#3091);
#3091 = DEFINITIONAL_REPRESENTATION('',(#3092),#3100);
#3092 = ( BOUNDED_CURVE() B_SPLINE_CURVE(2,(#3093,#3094,#3095,#3096,
#3097,#3098,#3099),.UNSPECIFIED.,.T.,.F.) B_SPLINE_CURVE_WITH_KNOTS((1,2
    ,2,2,2,1),(-2.094395102393,0.,2.094395102393,4.188790204786,
6.28318530718,8.377580409573),.UNSPECIFIED.) CURVE() 
GEOMETRIC_REPRESENTATION_ITEM() RATIONAL_B_SPLINE_CURVE((1.,0.5,1.,0.5,
1.,0.5,1.)) REPRESENTATION_ITEM('') );
#3093 = CARTESIAN_POINT('',(-7.566484920302,31.797685518858));
#3094 = CARTESIAN_POINT('',(-11.41560544878,37.558264583255));
#3095 = CARTESIAN_POINT('',(-4.502237374269,38.011411210955));
#3096 = CARTESIAN_POINT('',(2.411130700252,38.464557838655));
#3097 = CARTESIAN_POINT('',(-0.653116845781,32.250832146558));
#3098 = CARTESIAN_POINT('',(-3.717364391814,26.03710645446));
#3099 = CARTESIAN_POINT('',(-7.566484920302,31.797685518858));
#3100 = ( GEOMETRIC_REPRESENTATION_CONTEXT(2) 
PARAMETRIC_REPRESENTATION_CONTEXT() REPRESENTATION_CONTEXT('2D SPACE',''
  ) );
#3101 = PCURVE('',#1552,#3102);
#3102 = DEFINITIONAL_REPRESENTATION('',(#3103),#3107);
#3103 = LINE('',#3104,#3105);
#3104 = CARTESIAN_POINT('',(0.,-7.2));
#3105 = VECTOR('',#3106,1.);
#3106 = DIRECTION('',(1.,0.));
#3107 = ( GEOMETRIC_REPRESENTATION_CONTEXT(2) 
PARAMETRIC_REPRESENTATION_CONTEXT() REPRESENTATION_CONTEXT('2D SPACE',''
  ) );
#3108 = ORIENTED_EDGE('',*,*,#3109,.T.);
#3109 = EDGE_CURVE('',#3082,#3110,#3112,.T.);
#3110 = VERTEX_POINT('',#3111);
#3111 = CARTESIAN_POINT('',(250.21247501341,-93.67155281948,7.2));
#3112 = SURFACE_CURVE('',#3113,(#3117,#3124),.PCURVE_S1.);
#3113 = LINE('',#3114,#3115);
#3114 = CARTESIAN_POINT('',(252.061,-92.4364,7.2));
#3115 = VECTOR('',#3116,1.);
#3116 = DIRECTION('',(-0.831467968379,-0.555572693316,0.));
#3117 = PCURVE('',#242,#3118);
#3118 = DEFINITIONAL_REPRESENTATION('',(#3119),#3123);
#3119 = LINE('',#3120,#3121);
#3120 = CARTESIAN_POINT('',(-6.244896969269,37.491516619335));
#3121 = VECTOR('',#3122,1.);
#3122 = DIRECTION('',(-0.831467968379,-0.555572693316));
#3123 = ( GEOMETRIC_REPRESENTATION_CONTEXT(2) 
PARAMETRIC_REPRESENTATION_CONTEXT() REPRESENTATION_CONTEXT('2D SPACE',''
  ) );
#3124 = PCURVE('',#1580,#3125);
#3125 = DEFINITIONAL_REPRESENTATION('',(#3126),#3130);
#3126 = LINE('',#3127,#3128);
#3127 = CARTESIAN_POINT('',(-0.26219512846,-7.2));
#3128 = VECTOR('',#3129,1.);
#3129 = DIRECTION('',(1.,0.));
#3130 = ( GEOMETRIC_REPRESENTATION_CONTEXT(2) 
PARAMETRIC_REPRESENTATION_CONTEXT() REPRESENTATION_CONTEXT('2D SPACE',''
  ) );
#3131 = ORIENTED_EDGE('',*,*,#3132,.F.);
#3132 = EDGE_CURVE('',#3133,#3110,#3135,.T.);
#3133 = VERTEX_POINT('',#3134);
#3134 = CARTESIAN_POINT('',(249.79739910081,-93.99005092769,7.2));
#3135 = SURFACE_CURVE('',#3136,(#3141,#3152),.PCURVE_S1.);
#3136 = CIRCLE('',#3137,4.);
#3137 = AXIS2_PLACEMENT_3D('',#3138,#3139,#3140);
#3138 = CARTESIAN_POINT('',(252.43476578668,-96.997424693,7.2));
#3139 = DIRECTION('',(-0.,0.,-1.));
#3140 = DIRECTION('',(-0.751843441327,-0.659341671467,0.));
#3141 = PCURVE('',#242,#3142);
#3142 = DEFINITIONAL_REPRESENTATION('',(#3143),#3151);
#3143 = ( BOUNDED_CURVE() B_SPLINE_CURVE(2,(#3144,#3145,#3146,#3147,
#3148,#3149,#3150),.UNSPECIFIED.,.T.,.F.) B_SPLINE_CURVE_WITH_KNOTS((1,2
    ,2,2,2,1),(-2.094395102393,0.,2.094395102393,4.188790204786,
6.28318530718,8.377580409573),.UNSPECIFIED.) CURVE() 
GEOMETRIC_REPRESENTATION_ITEM() RATIONAL_B_SPLINE_CURVE((1.,0.5,1.,0.5,
1.,0.5,1.)) REPRESENTATION_ITEM('') );
#3144 = CARTESIAN_POINT('',(-8.878504947896,30.29312524046));
#3145 = CARTESIAN_POINT('',(-13.446558046,35.502049399326));
#3146 = CARTESIAN_POINT('',(-6.651470848988,36.853637348695));
#3147 = CARTESIAN_POINT('',(0.143616348033,38.205225298064));
#3148 = CARTESIAN_POINT('',(-2.083417750875,31.644713189829));
#3149 = CARTESIAN_POINT('',(-4.310451849783,25.084201081594));
#3150 = CARTESIAN_POINT('',(-8.878504947896,30.29312524046));
#3151 = ( GEOMETRIC_REPRESENTATION_CONTEXT(2) 
PARAMETRIC_REPRESENTATION_CONTEXT() REPRESENTATION_CONTEXT('2D SPACE',''
  ) );
#3152 = PCURVE('',#1613,#3153);
#3153 = DEFINITIONAL_REPRESENTATION('',(#3154),#3158);
#3154 = LINE('',#3155,#3156);
#3155 = CARTESIAN_POINT('',(0.,-7.2));
#3156 = VECTOR('',#3157,1.);
#3157 = DIRECTION('',(1.,0.));
#3158 = ( GEOMETRIC_REPRESENTATION_CONTEXT(2) 
PARAMETRIC_REPRESENTATION_CONTEXT() REPRESENTATION_CONTEXT('2D SPACE',''
  ) );
#3159 = ORIENTED_EDGE('',*,*,#3160,.T.);
#3160 = EDGE_CURVE('',#3133,#3161,#3163,.T.);
#3161 = VERTEX_POINT('',#3162);
#3162 = CARTESIAN_POINT('',(248.32303595723,-95.28301832756,7.2));
#3163 = SURFACE_CURVE('',#3164,(#3168,#3175),.PCURVE_S1.);
#3164 = LINE('',#3165,#3166);
#3165 = CARTESIAN_POINT('',(249.9945,-93.8172,7.2));
#3166 = VECTOR('',#3167,1.);
#3167 = DIRECTION('',(-0.751843441327,-0.659341671467,0.));
#3168 = PCURVE('',#242,#3169);
#3169 = DEFINITIONAL_REPRESENTATION('',(#3170),#3174);
#3170 = LINE('',#3171,#3172);
#3171 = CARTESIAN_POINT('',(-8.31139696927,36.110716619335));
#3172 = VECTOR('',#3173,1.);
#3173 = DIRECTION('',(-0.751843441327,-0.659341671467));
#3174 = ( GEOMETRIC_REPRESENTATION_CONTEXT(2) 
PARAMETRIC_REPRESENTATION_CONTEXT() REPRESENTATION_CONTEXT('2D SPACE',''
  ) );
#3175 = PCURVE('',#1641,#3176);
#3176 = DEFINITIONAL_REPRESENTATION('',(#3177),#3181);
#3177 = LINE('',#3178,#3179);
#3178 = CARTESIAN_POINT('',(-0.262156837914,-7.2));
#3179 = VECTOR('',#3180,1.);
#3180 = DIRECTION('',(1.,0.));
#3181 = ( GEOMETRIC_REPRESENTATION_CONTEXT(2) 
PARAMETRIC_REPRESENTATION_CONTEXT() REPRESENTATION_CONTEXT('2D SPACE',''
  ) );
#3182 = ORIENTED_EDGE('',*,*,#3183,.F.);
#3183 = EDGE_CURVE('',#3184,#3161,#3186,.T.);
#3184 = VERTEX_POINT('',#3185);
#3185 = CARTESIAN_POINT('',(247.95301906132,-95.65303660071,7.2));
#3186 = SURFACE_CURVE('',#3187,(#3192,#3203),.PCURVE_S1.);
#3187 = CIRCLE('',#3188,4.);
#3188 = AXIS2_PLACEMENT_3D('',#3189,#3190,#3191);
#3189 = CARTESIAN_POINT('',(250.9604026431,-98.29039209287,7.2));
#3190 = DIRECTION('',(-0.,0.,-1.));
#3191 = DIRECTION('',(-0.659338873041,-0.751845895445,0.));
#3192 = PCURVE('',#242,#3193);
#3193 = DEFINITIONAL_REPRESENTATION('',(#3194),#3202);
#3194 = ( BOUNDED_CURVE() B_SPLINE_CURVE(2,(#3195,#3196,#3197,#3198,
#3199,#3200,#3201),.UNSPECIFIED.,.T.,.F.) B_SPLINE_CURVE_WITH_KNOTS((1,2
    ,2,2,2,1),(-2.094395102393,0.,2.094395102393,4.188790204786,
6.28318530718,8.377580409573),.UNSPECIFIED.) CURVE() 
GEOMETRIC_REPRESENTATION_ITEM() RATIONAL_B_SPLINE_CURVE((1.,0.5,1.,0.5,
1.,0.5,1.)) REPRESENTATION_ITEM('') );
#3195 = CARTESIAN_POINT('',(-9.982849818332,28.630140944682));
#3196 = CARTESIAN_POINT('',(-15.19179097982,33.198174654728));
#3197 = CARTESIAN_POINT('',(-8.631287160834,35.425233172375));
#3198 = CARTESIAN_POINT('',(-2.070783341845,37.652291690023));
#3199 = CARTESIAN_POINT('',(-3.422345999342,30.857199462329));
#3200 = CARTESIAN_POINT('',(-4.77390865684,24.062107234636));
#3201 = CARTESIAN_POINT('',(-9.982849818332,28.630140944682));
#3202 = ( GEOMETRIC_REPRESENTATION_CONTEXT(2) 
PARAMETRIC_REPRESENTATION_CONTEXT() REPRESENTATION_CONTEXT('2D SPACE',''
  ) );
#3203 = PCURVE('',#1674,#3204);
#3204 = DEFINITIONAL_REPRESENTATION('',(#3205),#3209);
#3205 = LINE('',#3206,#3207);
#3206 = CARTESIAN_POINT('',(0.,-7.2));
#3207 = VECTOR('',#3208,1.);
#3208 = DIRECTION('',(1.,0.));
#3209 = ( GEOMETRIC_REPRESENTATION_CONTEXT(2) 
PARAMETRIC_REPRESENTATION_CONTEXT() REPRESENTATION_CONTEXT('2D SPACE',''
  ) );
#3210 = ORIENTED_EDGE('',*,*,#3211,.T.);
#3211 = EDGE_CURVE('',#3184,#3212,#3214,.T.);
#3212 = VERTEX_POINT('',#3213);
#3213 = CARTESIAN_POINT('',(246.66014526476,-97.12730407835,7.2));
#3214 = SURFACE_CURVE('',#3215,(#3219,#3226),.PCURVE_S1.);
#3215 = LINE('',#3216,#3217);
#3216 = CARTESIAN_POINT('',(248.1259,-95.4559,7.2));
#3217 = VECTOR('',#3218,1.);
#3218 = DIRECTION('',(-0.659338873041,-0.751845895445,0.));
#3219 = PCURVE('',#242,#3220);
#3220 = DEFINITIONAL_REPRESENTATION('',(#3221),#3225);
#3221 = LINE('',#3222,#3223);
#3222 = CARTESIAN_POINT('',(-10.17999696926,34.472016619335));
#3223 = VECTOR('',#3224,1.);
#3224 = DIRECTION('',(-0.659338873041,-0.751845895445));
#3225 = ( GEOMETRIC_REPRESENTATION_CONTEXT(2) 
PARAMETRIC_REPRESENTATION_CONTEXT() REPRESENTATION_CONTEXT('2D SPACE',''
  ) );
#3226 = PCURVE('',#1702,#3227);
#3227 = DEFINITIONAL_REPRESENTATION('',(#3228),#3232);
#3228 = LINE('',#3229,#3230);
#3229 = CARTESIAN_POINT('',(-0.262203467366,-7.2));
#3230 = VECTOR('',#3231,1.);
#3231 = DIRECTION('',(1.,0.));
#3232 = ( GEOMETRIC_REPRESENTATION_CONTEXT(2) 
PARAMETRIC_REPRESENTATION_CONTEXT() REPRESENTATION_CONTEXT('2D SPACE',''
  ) );
#3233 = ORIENTED_EDGE('',*,*,#3234,.F.);
#3234 = EDGE_CURVE('',#3235,#3212,#3237,.T.);
#3235 = VERTEX_POINT('',#3236);
#3236 = CARTESIAN_POINT('',(246.34165697302,-97.54236879725,7.2));
#3237 = SURFACE_CURVE('',#3238,(#3243,#3254),.PCURVE_S1.);
#3238 = CIRCLE('',#3239,4.);
#3239 = AXIS2_PLACEMENT_3D('',#3240,#3241,#3242);
#3240 = CARTESIAN_POINT('',(249.66752884654,-99.76465957051,7.2));
#3241 = DIRECTION('',(-0.,0.,-1.));
#3242 = DIRECTION('',(-0.555572693316,-0.831467968379,0.));
#3243 = PCURVE('',#242,#3244);
#3244 = DEFINITIONAL_REPRESENTATION('',(#3245),#3253);
#3245 = ( BOUNDED_CURVE() B_SPLINE_CURVE(2,(#3246,#3247,#3248,#3249,
#3250,#3251,#3252),.UNSPECIFIED.,.T.,.F.) B_SPLINE_CURVE_WITH_KNOTS((1,2
    ,2,2,2,1),(-2.094395102393,0.,2.094395102393,4.188790204786,
6.28318530718,8.377580409573),.UNSPECIFIED.) CURVE() 
GEOMETRIC_REPRESENTATION_ITEM() RATIONAL_B_SPLINE_CURVE((1.,0.5,1.,0.5,
1.,0.5,1.)) REPRESENTATION_ITEM('') );
#3246 = CARTESIAN_POINT('',(-10.86065889599,26.837385175301));
#3247 = CARTESIAN_POINT('',(-16.62123796038,30.686505703789));
#3248 = CARTESIAN_POINT('',(-10.40751226829,33.750753249822));
#3249 = CARTESIAN_POINT('',(-4.193786576194,36.815000795855));
#3250 = CARTESIAN_POINT('',(-4.646933203894,29.901632721334));
#3251 = CARTESIAN_POINT('',(-5.100079831594,22.988264646813));
#3252 = CARTESIAN_POINT('',(-10.86065889599,26.837385175301));
#3253 = ( GEOMETRIC_REPRESENTATION_CONTEXT(2) 
PARAMETRIC_REPRESENTATION_CONTEXT() REPRESENTATION_CONTEXT('2D SPACE',''
  ) );
#3254 = PCURVE('',#1735,#3255);
#3255 = DEFINITIONAL_REPRESENTATION('',(#3256),#3260);
#3256 = LINE('',#3257,#3258);
#3257 = CARTESIAN_POINT('',(0.,-7.2));
#3258 = VECTOR('',#3259,1.);
#3259 = DIRECTION('',(1.,0.));
#3260 = ( GEOMETRIC_REPRESENTATION_CONTEXT(2) 
PARAMETRIC_REPRESENTATION_CONTEXT() REPRESENTATION_CONTEXT('2D SPACE',''
  ) );
#3261 = ORIENTED_EDGE('',*,*,#3262,.T.);
#3262 = EDGE_CURVE('',#3235,#3263,#3265,.T.);
#3263 = VERTEX_POINT('',#3264);
#3264 = CARTESIAN_POINT('',(245.25216845369,-99.17289314922,7.2));
#3265 = SURFACE_CURVE('',#3266,(#3270,#3277),.PCURVE_S1.);
#3266 = LINE('',#3267,#3268);
#3267 = CARTESIAN_POINT('',(246.4873,-97.3244,7.2));
#3268 = VECTOR('',#3269,1.);
#3269 = DIRECTION('',(-0.555572693316,-0.831467968379,0.));
#3270 = PCURVE('',#242,#3271);
#3271 = DEFINITIONAL_REPRESENTATION('',(#3272),#3276);
#3272 = LINE('',#3273,#3274);
#3273 = CARTESIAN_POINT('',(-11.81859696926,32.603516619335));
#3274 = VECTOR('',#3275,1.);
#3275 = DIRECTION('',(-0.555572693316,-0.831467968379));
#3276 = ( GEOMETRIC_REPRESENTATION_CONTEXT(2) 
PARAMETRIC_REPRESENTATION_CONTEXT() REPRESENTATION_CONTEXT('2D SPACE',''
  ) );
#3277 = PCURVE('',#1763,#3278);
#3278 = DEFINITIONAL_REPRESENTATION('',(#3279),#3283);
#3279 = LINE('',#3280,#3281);
#3280 = CARTESIAN_POINT('',(-0.262149361778,-7.2));
#3281 = VECTOR('',#3282,1.);
#3282 = DIRECTION('',(1.,0.));
#3283 = ( GEOMETRIC_REPRESENTATION_CONTEXT(2) 
PARAMETRIC_REPRESENTATION_CONTEXT() REPRESENTATION_CONTEXT('2D SPACE',''
  ) );
#3284 = ORIENTED_EDGE('',*,*,#3285,.F.);
#3285 = EDGE_CURVE('',#3286,#3263,#3288,.T.);
#3286 = VERTEX_POINT('',#3287);
#3287 = CARTESIAN_POINT('',(244.99053585526,-99.62605654896,7.2));
#3288 = SURFACE_CURVE('',#3289,(#3294,#3305),.PCURVE_S1.);
#3289 = CIRCLE('',#3290,4.);
#3290 = AXIS2_PLACEMENT_3D('',#3291,#3292,#3293);
#3291 = CARTESIAN_POINT('',(248.57804032721,-101.3951839224,7.2));
#3292 = DIRECTION('',(-0.,0.,-1.));
#3293 = DIRECTION('',(-0.442281843379,-0.896876117988,0.));
#3294 = PCURVE('',#242,#3295);
#3295 = DEFINITIONAL_REPRESENTATION('',(#3296),#3304);
#3296 = ( BOUNDED_CURVE() B_SPLINE_CURVE(2,(#3297,#3298,#3299,#3300,
#3301,#3302,#3303),.UNSPECIFIED.,.T.,.F.) B_SPLINE_CURVE_WITH_KNOTS((1,2
    ,2,2,2,1),(-2.094395102393,0.,2.094395102393,4.188790204786,
6.28318530718,8.377580409573),.UNSPECIFIED.) CURVE() 
GEOMETRIC_REPRESENTATION_ITEM() RATIONAL_B_SPLINE_CURVE((1.,0.5,1.,0.5,
1.,0.5,1.)) REPRESENTATION_ITEM('') );
#3297 = CARTESIAN_POINT('',(-11.49698401557,24.945228224897));
#3298 = CARTESIAN_POINT('',(-17.71072403337,28.009446720889));
#3299 = CARTESIAN_POINT('',(-11.9501629642,31.858594180821));
#3300 = CARTESIAN_POINT('',(-6.189601895024,35.707741640752));
#3301 = CARTESIAN_POINT('',(-5.736422946399,28.794375684828));
#3302 = CARTESIAN_POINT('',(-5.283243997775,21.881009728905));
#3303 = CARTESIAN_POINT('',(-11.49698401557,24.945228224897));
#3304 = ( GEOMETRIC_REPRESENTATION_CONTEXT(2) 
PARAMETRIC_REPRESENTATION_CONTEXT() REPRESENTATION_CONTEXT('2D SPACE',''
  ) );
#3305 = PCURVE('',#1796,#3306);
#3306 = DEFINITIONAL_REPRESENTATION('',(#3307),#3311);
#3307 = LINE('',#3308,#3309);
#3308 = CARTESIAN_POINT('',(0.,-7.2));
#3309 = VECTOR('',#3310,1.);
#3310 = DIRECTION('',(1.,0.));
#3311 = ( GEOMETRIC_REPRESENTATION_CONTEXT(2) 
PARAMETRIC_REPRESENTATION_CONTEXT() REPRESENTATION_CONTEXT('2D SPACE',''
  ) );
#3312 = ORIENTED_EDGE('',*,*,#3313,.T.);
#3313 = EDGE_CURVE('',#3286,#3314,#3316,.T.);
#3314 = VERTEX_POINT('',#3315);
#3315 = CARTESIAN_POINT('',(244.11288521054,-101.4057902526,7.2));
#3316 = SURFACE_CURVE('',#3317,(#3321,#3328),.PCURVE_S1.);
#3317 = LINE('',#3318,#3319);
#3318 = CARTESIAN_POINT('',(245.1065,-99.3909,7.2));
#3319 = VECTOR('',#3320,1.);
#3320 = DIRECTION('',(-0.442281843379,-0.896876117988,0.));
#3321 = PCURVE('',#242,#3322);
#3322 = DEFINITIONAL_REPRESENTATION('',(#3323),#3327);
#3323 = LINE('',#3324,#3325);
#3324 = CARTESIAN_POINT('',(-13.19939696926,30.537016619335));
#3325 = VECTOR('',#3326,1.);
#3326 = DIRECTION('',(-0.442281843379,-0.896876117988));
#3327 = ( GEOMETRIC_REPRESENTATION_CONTEXT(2) 
PARAMETRIC_REPRESENTATION_CONTEXT() REPRESENTATION_CONTEXT('2D SPACE',''
  ) );
#3328 = PCURVE('',#1824,#3329);
#3329 = DEFINITIONAL_REPRESENTATION('',(#3330),#3334);
#3330 = LINE('',#3331,#3332);
#3331 = CARTESIAN_POINT('',(-0.26219512846,-7.2));
#3332 = VECTOR('',#3333,1.);
#3333 = DIRECTION('',(1.,0.));
#3334 = ( GEOMETRIC_REPRESENTATION_CONTEXT(2) 
PARAMETRIC_REPRESENTATION_CONTEXT() REPRESENTATION_CONTEXT('2D SPACE',''
  ) );
#3335 = ORIENTED_EDGE('',*,*,#3336,.F.);
#3336 = EDGE_CURVE('',#1956,#3314,#3337,.T.);
#3337 = SURFACE_CURVE('',#3338,(#3343,#3354),.PCURVE_S1.);
#3338 = CIRCLE('',#3339,4.);
#3339 = AXIS2_PLACEMENT_3D('',#3340,#3341,#3342);
#3340 = CARTESIAN_POINT('',(247.7003896825,-103.1749176261,7.2));
#3341 = DIRECTION('',(-0.,0.,-1.));
#3342 = DIRECTION('',(-0.332467350803,-0.943114765365,0.));
#3343 = PCURVE('',#242,#3344);
#3344 = DEFINITIONAL_REPRESENTATION('',(#3345),#3353);
#3345 = ( BOUNDED_CURVE() B_SPLINE_CURVE(2,(#3346,#3347,#3348,#3349,
#3350,#3351,#3352),.UNSPECIFIED.,.T.,.F.) B_SPLINE_CURVE_WITH_KNOTS((1,2
    ,2,2,2,1),(-2.094395102393,0.,2.094395102393,4.188790204786,
6.28318530718,8.377580409573),.UNSPECIFIED.) CURVE() 
GEOMETRIC_REPRESENTATION_ITEM() RATIONAL_B_SPLINE_CURVE((1.,0.5,1.,0.5,
1.,0.5,1.)) REPRESENTATION_ITEM('') );
#3346 = CARTESIAN_POINT('',(-11.93537668998,22.980539931729));
#3347 = CARTESIAN_POINT('',(-18.4694674539,25.283941305522));
#3348 = CARTESIAN_POINT('',(-13.20761796712,29.790929210818));
#3349 = CARTESIAN_POINT('',(-7.945768480347,34.297917116113));
#3350 = CARTESIAN_POINT('',(-6.673527203202,27.487527837025));
#3351 = CARTESIAN_POINT('',(-5.401285926056,20.677138557936));
#3352 = CARTESIAN_POINT('',(-11.93537668998,22.980539931729));
#3353 = ( GEOMETRIC_REPRESENTATION_CONTEXT(2) 
PARAMETRIC_REPRESENTATION_CONTEXT() REPRESENTATION_CONTEXT('2D SPACE',''
  ) );
#3354 = PCURVE('',#1857,#3355);
#3355 = DEFINITIONAL_REPRESENTATION('',(#3356),#3360);
#3356 = LINE('',#3357,#3358);
#3357 = CARTESIAN_POINT('',(0.,-7.2));
#3358 = VECTOR('',#3359,1.);
#3359 = DIRECTION('',(1.,0.));
#3360 = ( GEOMETRIC_REPRESENTATION_CONTEXT(2) 
PARAMETRIC_REPRESENTATION_CONTEXT() REPRESENTATION_CONTEXT('2D SPACE',''
  ) );
#3361 = ORIENTED_EDGE('',*,*,#1978,.T.);
#3362 = FACE_BOUND('',#3363,.T.);
#3363 = EDGE_LOOP('',(#3364));
#3364 = ORIENTED_EDGE('',*,*,#3365,.F.);
#3365 = EDGE_CURVE('',#3366,#3366,#3368,.T.);
#3366 = VERTEX_POINT('',#3367);
#3367 = CARTESIAN_POINT('',(275.96097566106,-108.8908974119,7.2));
#3368 = SURFACE_CURVE('',#3369,(#3374,#3381),.PCURVE_S1.);
#3369 = CIRCLE('',#3370,14.4);
#3370 = AXIS2_PLACEMENT_3D('',#3371,#3372,#3373);
#3371 = CARTESIAN_POINT('',(261.56097566106,-108.8908974119,7.2));
#3372 = DIRECTION('',(0.,0.,1.));
#3373 = DIRECTION('',(1.,0.,-0.));
#3374 = PCURVE('',#242,#3375);
#3375 = DEFINITIONAL_REPRESENTATION('',(#3376),#3380);
#3376 = CIRCLE('',#3377,14.4);
#3377 = AXIS2_PLACEMENT_2D('',#3378,#3379);
#3378 = CARTESIAN_POINT('',(3.255078691798,21.037019207405));
#3379 = DIRECTION('',(1.,0.));
#3380 = ( GEOMETRIC_REPRESENTATION_CONTEXT(2) 
PARAMETRIC_REPRESENTATION_CONTEXT() REPRESENTATION_CONTEXT('2D SPACE',''
  ) );
#3381 = PCURVE('',#3382,#3387);
#3382 = CYLINDRICAL_SURFACE('',#3383,14.4);
#3383 = AXIS2_PLACEMENT_3D('',#3384,#3385,#3386);
#3384 = CARTESIAN_POINT('',(261.56097566106,-108.8908974119,3.));
#3385 = DIRECTION('',(0.,0.,1.));
#3386 = DIRECTION('',(1.,0.,-0.));
#3387 = DEFINITIONAL_REPRESENTATION('',(#3388),#3392);
#3388 = LINE('',#3389,#3390);
#3389 = CARTESIAN_POINT('',(0.,4.2));
#3390 = VECTOR('',#3391,1.);
#3391 = DIRECTION('',(1.,0.));
#3392 = ( GEOMETRIC_REPRESENTATION_CONTEXT(2) 
PARAMETRIC_REPRESENTATION_CONTEXT() REPRESENTATION_CONTEXT('2D SPACE',''
  ) );
#3393 = ADVANCED_FACE('',(#3394),#214,.T.);
#3394 = FACE_BOUND('',#3395,.T.);
#3395 = EDGE_LOOP('',(#3396,#3419,#3442,#3470,#3496,#3522,#3548,#3574,
    #3600,#3626,#3652,#3678,#3704,#3730,#3756,#3782,#3808,#3834,#3860,
    #3886,#3912,#3938,#3964,#3990,#4016,#4042,#4068,#4094,#4120,#4146,
    #4172,#4198,#4224,#4250,#4276,#4302,#4328,#4354,#4380,#4406,#4432,
    #4458,#4484,#4510,#4531,#4532));
#3396 = ORIENTED_EDGE('',*,*,#3397,.F.);
#3397 = EDGE_CURVE('',#3398,#167,#3400,.T.);
#3398 = VERTEX_POINT('',#3399);
#3399 = CARTESIAN_POINT('',(228.57608846514,-145.3937933605,7.19));
#3400 = SURFACE_CURVE('',#3401,(#3405,#3412),.PCURVE_S1.);
#3401 = LINE('',#3402,#3403);
#3402 = CARTESIAN_POINT('',(225.08333735107,-151.4601505586,7.19));
#3403 = VECTOR('',#3404,1.);
#3404 = DIRECTION('',(0.498964444867,0.866622456874,0.));
#3405 = PCURVE('',#214,#3406);
#3406 = DEFINITIONAL_REPRESENTATION('',(#3407),#3411);
#3407 = LINE('',#3408,#3409);
#3408 = CARTESIAN_POINT('',(-7.,-0.));
#3409 = VECTOR('',#3410,1.);
#3410 = DIRECTION('',(1.,0.));
#3411 = ( GEOMETRIC_REPRESENTATION_CONTEXT(2) 
PARAMETRIC_REPRESENTATION_CONTEXT() REPRESENTATION_CONTEXT('2D SPACE',''
  ) );
#3412 = PCURVE('',#183,#3413);
#3413 = DEFINITIONAL_REPRESENTATION('',(#3414),#3418);
#3414 = LINE('',#3415,#3416);
#3415 = CARTESIAN_POINT('',(44.35345501007,-34.75509761043));
#3416 = VECTOR('',#3417,1.);
#3417 = DIRECTION('',(0.498964444867,0.866622456874));
#3418 = ( GEOMETRIC_REPRESENTATION_CONTEXT(2) 
PARAMETRIC_REPRESENTATION_CONTEXT() REPRESENTATION_CONTEXT('2D SPACE',''
  ) );
#3419 = ORIENTED_EDGE('',*,*,#3420,.T.);
#3420 = EDGE_CURVE('',#3398,#3421,#3423,.T.);
#3421 = VERTEX_POINT('',#3422);
#3422 = CARTESIAN_POINT('',(228.57608846514,-145.3937933605,
    46.685281374239));
#3423 = SURFACE_CURVE('',#3424,(#3428,#3435),.PCURVE_S1.);
#3424 = LINE('',#3425,#3426);
#3425 = CARTESIAN_POINT('',(228.57608846514,-145.3937933605,7.19));
#3426 = VECTOR('',#3427,1.);
#3427 = DIRECTION('',(0.,0.,1.));
#3428 = PCURVE('',#214,#3429);
#3429 = DEFINITIONAL_REPRESENTATION('',(#3430),#3434);
#3430 = LINE('',#3431,#3432);
#3431 = CARTESIAN_POINT('',(0.,0.));
#3432 = VECTOR('',#3433,1.);
#3433 = DIRECTION('',(0.,-1.));
#3434 = ( GEOMETRIC_REPRESENTATION_CONTEXT(2) 
PARAMETRIC_REPRESENTATION_CONTEXT() REPRESENTATION_CONTEXT('2D SPACE',''
  ) );
#3435 = PCURVE('',#155,#3436);
#3436 = DEFINITIONAL_REPRESENTATION('',(#3437),#3441);
#3437 = LINE('',#3438,#3439);
#3438 = CARTESIAN_POINT('',(0.,0.));
#3439 = VECTOR('',#3440,1.);
#3440 = DIRECTION('',(0.,-1.));
#3441 = ( GEOMETRIC_REPRESENTATION_CONTEXT(2) 
PARAMETRIC_REPRESENTATION_CONTEXT() REPRESENTATION_CONTEXT('2D SPACE',''
  ) );
#3442 = ORIENTED_EDGE('',*,*,#3443,.T.);
#3443 = EDGE_CURVE('',#3421,#3444,#3446,.T.);
#3444 = VERTEX_POINT('',#3445);
#3445 = CARTESIAN_POINT('',(234.36407602559,-135.3409728608,
    46.685281374239));
#3446 = SURFACE_CURVE('',#3447,(#3451,#3458),.PCURVE_S1.);
#3447 = LINE('',#3448,#3449);
#3448 = CARTESIAN_POINT('',(225.08333735107,-151.4601505586,
    46.685281374239));
#3449 = VECTOR('',#3450,1.);
#3450 = DIRECTION('',(0.498964444867,0.866622456874,0.));
#3451 = PCURVE('',#214,#3452);
#3452 = DEFINITIONAL_REPRESENTATION('',(#3453),#3457);
#3453 = LINE('',#3454,#3455);
#3454 = CARTESIAN_POINT('',(-7.,-39.49528137423));
#3455 = VECTOR('',#3456,1.);
#3456 = DIRECTION('',(1.,0.));
#3457 = ( GEOMETRIC_REPRESENTATION_CONTEXT(2) 
PARAMETRIC_REPRESENTATION_CONTEXT() REPRESENTATION_CONTEXT('2D SPACE',''
  ) );
#3458 = PCURVE('',#3459,#3464);
#3459 = PLANE('',#3460);
#3460 = AXIS2_PLACEMENT_3D('',#3461,#3462,#3463);
#3461 = CARTESIAN_POINT('',(180.729882341,-116.7050529482,
    46.685281374239));
#3462 = DIRECTION('',(0.,0.,1.));
#3463 = DIRECTION('',(1.,0.,-0.));
#3464 = DEFINITIONAL_REPRESENTATION('',(#3465),#3469);
#3465 = LINE('',#3466,#3467);
#3466 = CARTESIAN_POINT('',(44.35345501007,-34.75509761043));
#3467 = VECTOR('',#3468,1.);
#3468 = DIRECTION('',(0.498964444867,0.866622456874));
#3469 = ( GEOMETRIC_REPRESENTATION_CONTEXT(2) 
PARAMETRIC_REPRESENTATION_CONTEXT() REPRESENTATION_CONTEXT('2D SPACE',''
  ) );
#3470 = ORIENTED_EDGE('',*,*,#3471,.T.);
#3471 = EDGE_CURVE('',#3444,#3472,#3474,.T.);
#3472 = VERTEX_POINT('',#3473);
#3473 = CARTESIAN_POINT('',(234.36407602559,-135.3409728608,
    46.295281374239));
#3474 = SURFACE_CURVE('',#3475,(#3479,#3485),.PCURVE_S1.);
#3475 = LINE('',#3476,#3477);
#3476 = CARTESIAN_POINT('',(234.36407602559,-135.3409728608,
    26.737640687119));
#3477 = VECTOR('',#3478,1.);
#3478 = DIRECTION('',(0.,0.,-1.));
#3479 = PCURVE('',#214,#3480);
#3480 = DEFINITIONAL_REPRESENTATION('',(#3481),#3484);
#3481 = B_SPLINE_CURVE_WITH_KNOTS('',1,(#3482,#3483),.UNSPECIFIED.,.F.,
  .F.,(2,2),(-19.94764068711,-19.55764068711),.PIECEWISE_BEZIER_KNOTS.);
#3482 = CARTESIAN_POINT('',(11.6,-39.49528137423));
#3483 = CARTESIAN_POINT('',(11.6,-39.10528137423));
#3484 = ( GEOMETRIC_REPRESENTATION_CONTEXT(2) 
PARAMETRIC_REPRESENTATION_CONTEXT() REPRESENTATION_CONTEXT('2D SPACE',''
  ) );
#3485 = PCURVE('',#3486,#3491);
#3486 = PLANE('',#3487);
#3487 = AXIS2_PLACEMENT_3D('',#3488,#3489,#3490);
#3488 = CARTESIAN_POINT('',(230.55093721535,-133.1455293033,
    46.285281374239));
#3489 = DIRECTION('',(0.498964444867,0.866622456874,0.));
#3490 = DIRECTION('',(0.866622456874,-0.498964444867,0.));
#3491 = DEFINITIONAL_REPRESENTATION('',(#3492),#3495);
#3492 = B_SPLINE_CURVE_WITH_KNOTS('',1,(#3493,#3494),.UNSPECIFIED.,.F.,
  .F.,(2,2),(-19.94764068711,-19.55764068711),.PIECEWISE_BEZIER_KNOTS.);
#3493 = CARTESIAN_POINT('',(4.4,-0.4));
#3494 = CARTESIAN_POINT('',(4.4,-9.999999999998E-03));
#3495 = ( GEOMETRIC_REPRESENTATION_CONTEXT(2) 
PARAMETRIC_REPRESENTATION_CONTEXT() REPRESENTATION_CONTEXT('2D SPACE',''
  ) );
#3496 = ORIENTED_EDGE('',*,*,#3497,.T.);
#3497 = EDGE_CURVE('',#3472,#3498,#3500,.T.);
#3498 = VERTEX_POINT('',#3499);
#3499 = CARTESIAN_POINT('',(234.16449024765,-135.6876218435,
    46.295281374239));
#3500 = SURFACE_CURVE('',#3501,(#3505,#3511),.PCURVE_S1.);
#3501 = LINE('',#3502,#3503);
#3502 = CARTESIAN_POINT('',(230.00938015875,-142.9043919979,
    46.295281374239));
#3503 = VECTOR('',#3504,1.);
#3504 = DIRECTION('',(-0.498964444867,-0.866622456874,0.));
#3505 = PCURVE('',#214,#3506);
#3506 = DEFINITIONAL_REPRESENTATION('',(#3507),#3510);
#3507 = B_SPLINE_CURVE_WITH_KNOTS('',1,(#3508,#3509),.UNSPECIFIED.,.F.,
  .F.,(2,2),(-9.127467280772,9.374824491172E-03),
  .PIECEWISE_BEZIER_KNOTS.);
#3508 = CARTESIAN_POINT('',(12.,-39.10528137423));
#3509 = CARTESIAN_POINT('',(2.863157894737,-39.10528137423));
#3510 = ( GEOMETRIC_REPRESENTATION_CONTEXT(2) 
PARAMETRIC_REPRESENTATION_CONTEXT() REPRESENTATION_CONTEXT('2D SPACE',''
  ) );
#3511 = PCURVE('',#3512,#3517);
#3512 = PLANE('',#3513);
#3513 = AXIS2_PLACEMENT_3D('',#3514,#3515,#3516);
#3514 = CARTESIAN_POINT('',(251.35618330711,-151.8803457153,
    46.295281374239));
#3515 = DIRECTION('',(-0.,-0.,-1.));
#3516 = DIRECTION('',(-1.,0.,0.));
#3517 = DEFINITIONAL_REPRESENTATION('',(#3518),#3521);
#3518 = B_SPLINE_CURVE_WITH_KNOTS('',1,(#3519,#3520),.UNSPECIFIED.,.F.,
  .F.,(2,2),(-9.127467280772,9.374824491172E-03),
  .PIECEWISE_BEZIER_KNOTS.);
#3519 = CARTESIAN_POINT('',(16.792521503568,16.886021837319));
#3520 = CARTESIAN_POINT('',(21.351480852457,8.967829283984));
#3521 = ( GEOMETRIC_REPRESENTATION_CONTEXT(2) 
PARAMETRIC_REPRESENTATION_CONTEXT() REPRESENTATION_CONTEXT('2D SPACE',''
  ) );
#3522 = ORIENTED_EDGE('',*,*,#3523,.T.);
#3523 = EDGE_CURVE('',#3498,#3524,#3526,.T.);
#3524 = VERTEX_POINT('',#3525);
#3525 = CARTESIAN_POINT('',(234.16449024765,-135.6876218435,
    45.895281374239));
#3526 = SURFACE_CURVE('',#3527,(#3531,#3537),.PCURVE_S1.);
#3527 = LINE('',#3528,#3529);
#3528 = CARTESIAN_POINT('',(234.16449024765,-135.6876218435,
    26.537640687119));
#3529 = VECTOR('',#3530,1.);
#3530 = DIRECTION('',(0.,0.,-1.));
#3531 = PCURVE('',#214,#3532);
#3532 = DEFINITIONAL_REPRESENTATION('',(#3533),#3536);
#3533 = B_SPLINE_CURVE_WITH_KNOTS('',1,(#3534,#3535),.UNSPECIFIED.,.F.,
  .F.,(2,2),(-19.75764068711,-19.35764068711),.PIECEWISE_BEZIER_KNOTS.);
#3534 = CARTESIAN_POINT('',(11.2,-39.10528137423));
#3535 = CARTESIAN_POINT('',(11.2,-38.70528137423));
#3536 = ( GEOMETRIC_REPRESENTATION_CONTEXT(2) 
PARAMETRIC_REPRESENTATION_CONTEXT() REPRESENTATION_CONTEXT('2D SPACE',''
  ) );
#3537 = PCURVE('',#3538,#3543);
#3538 = PLANE('',#3539);
#3539 = AXIS2_PLACEMENT_3D('',#3540,#3541,#3542);
#3540 = CARTESIAN_POINT('',(230.00470245465,-133.2925925081,
    45.885281374239));
#3541 = DIRECTION('',(0.498964444867,0.866622456874,0.));
#3542 = DIRECTION('',(0.866622456874,-0.498964444867,0.));
#3543 = DEFINITIONAL_REPRESENTATION('',(#3544),#3547);
#3544 = B_SPLINE_CURVE_WITH_KNOTS('',1,(#3545,#3546),.UNSPECIFIED.,.F.,
  .F.,(2,2),(-19.75764068711,-19.35764068711),.PIECEWISE_BEZIER_KNOTS.);
#3545 = CARTESIAN_POINT('',(4.8,-0.41));
#3546 = CARTESIAN_POINT('',(4.8,-9.999999999991E-03));
#3547 = ( GEOMETRIC_REPRESENTATION_CONTEXT(2) 
PARAMETRIC_REPRESENTATION_CONTEXT() REPRESENTATION_CONTEXT('2D SPACE',''
  ) );
#3548 = ORIENTED_EDGE('',*,*,#3549,.T.);
#3549 = EDGE_CURVE('',#3524,#3550,#3552,.T.);
#3550 = VERTEX_POINT('',#3551);
#3551 = CARTESIAN_POINT('',(233.9649044697,-136.0342708263,
    45.895281374239));
#3552 = SURFACE_CURVE('',#3553,(#3557,#3563),.PCURVE_S1.);
#3553 = LINE('',#3554,#3555);
#3554 = CARTESIAN_POINT('',(230.00938015875,-142.9043919979,
    45.895281374239));
#3555 = VECTOR('',#3556,1.);
#3556 = DIRECTION('',(-0.498964444867,-0.866622456874,0.));
#3557 = PCURVE('',#214,#3558);
#3558 = DEFINITIONAL_REPRESENTATION('',(#3559),#3562);
#3559 = B_SPLINE_CURVE_WITH_KNOTS('',1,(#3560,#3561),.UNSPECIFIED.,.F.,
  .F.,(2,2),(-9.127467280772,1.104111666596),.PIECEWISE_BEZIER_KNOTS.);
#3560 = CARTESIAN_POINT('',(12.,-38.70528137423));
#3561 = CARTESIAN_POINT('',(1.768421052632,-38.70528137423));
#3562 = ( GEOMETRIC_REPRESENTATION_CONTEXT(2) 
PARAMETRIC_REPRESENTATION_CONTEXT() REPRESENTATION_CONTEXT('2D SPACE',''
  ) );
#3563 = PCURVE('',#3564,#3569);
#3564 = PLANE('',#3565);
#3565 = AXIS2_PLACEMENT_3D('',#3566,#3567,#3568);
#3566 = CARTESIAN_POINT('',(251.35618330711,-151.8803457153,
    45.895281374239));
#3567 = DIRECTION('',(-0.,-0.,-1.));
#3568 = DIRECTION('',(-1.,0.,0.));
#3569 = DEFINITIONAL_REPRESENTATION('',(#3570),#3573);
#3570 = B_SPLINE_CURVE_WITH_KNOTS('',1,(#3571,#3572),.UNSPECIFIED.,.F.,
  .F.,(2,2),(-9.127467280772,1.104111666596),.PIECEWISE_BEZIER_KNOTS.);
#3571 = CARTESIAN_POINT('',(16.792521503568,16.886021837319));
#3572 = CARTESIAN_POINT('',(21.897715613154,8.019105752248));
#3573 = ( GEOMETRIC_REPRESENTATION_CONTEXT(2) 
PARAMETRIC_REPRESENTATION_CONTEXT() REPRESENTATION_CONTEXT('2D SPACE',''
  ) );
#3574 = ORIENTED_EDGE('',*,*,#3575,.T.);
#3575 = EDGE_CURVE('',#3550,#3576,#3578,.T.);
#3576 = VERTEX_POINT('',#3577);
#3577 = CARTESIAN_POINT('',(233.9649044697,-136.0342708263,
    45.495281374239));
#3578 = SURFACE_CURVE('',#3579,(#3583,#3589),.PCURVE_S1.);
#3579 = LINE('',#3580,#3581);
#3580 = CARTESIAN_POINT('',(233.9649044697,-136.0342708263,
    26.337640687119));
#3581 = VECTOR('',#3582,1.);
#3582 = DIRECTION('',(0.,0.,-1.));
#3583 = PCURVE('',#214,#3584);
#3584 = DEFINITIONAL_REPRESENTATION('',(#3585),#3588);
#3585 = B_SPLINE_CURVE_WITH_KNOTS('',1,(#3586,#3587),.UNSPECIFIED.,.F.,
  .F.,(2,2),(-19.55764068711,-19.15764068711),.PIECEWISE_BEZIER_KNOTS.);
#3586 = CARTESIAN_POINT('',(10.8,-38.70528137423));
#3587 = CARTESIAN_POINT('',(10.8,-38.30528137423));
#3588 = ( GEOMETRIC_REPRESENTATION_CONTEXT(2) 
PARAMETRIC_REPRESENTATION_CONTEXT() REPRESENTATION_CONTEXT('2D SPACE',''
  ) );
#3589 = PCURVE('',#3590,#3595);
#3590 = PLANE('',#3591);
#3591 = AXIS2_PLACEMENT_3D('',#3592,#3593,#3594);
#3592 = CARTESIAN_POINT('',(229.45846769395,-133.4396557129,
    45.485281374239));
#3593 = DIRECTION('',(0.498964444867,0.866622456874,0.));
#3594 = DIRECTION('',(0.866622456874,-0.498964444867,0.));
#3595 = DEFINITIONAL_REPRESENTATION('',(#3596),#3599);
#3596 = B_SPLINE_CURVE_WITH_KNOTS('',1,(#3597,#3598),.UNSPECIFIED.,.F.,
  .F.,(2,2),(-19.55764068711,-19.15764068711),.PIECEWISE_BEZIER_KNOTS.);
#3597 = CARTESIAN_POINT('',(5.2,-0.41));
#3598 = CARTESIAN_POINT('',(5.2,-9.999999999998E-03));
#3599 = ( GEOMETRIC_REPRESENTATION_CONTEXT(2) 
PARAMETRIC_REPRESENTATION_CONTEXT() REPRESENTATION_CONTEXT('2D SPACE',''
  ) );
#3600 = ORIENTED_EDGE('',*,*,#3601,.T.);
#3601 = EDGE_CURVE('',#3576,#3602,#3604,.T.);
#3602 = VERTEX_POINT('',#3603);
#3603 = CARTESIAN_POINT('',(233.76531869175,-136.380919809,
    45.495281374239));
#3604 = SURFACE_CURVE('',#3605,(#3609,#3615),.PCURVE_S1.);
#3605 = LINE('',#3606,#3607);
#3606 = CARTESIAN_POINT('',(230.00938015875,-142.9043919979,
    45.495281374239));
#3607 = VECTOR('',#3608,1.);
#3608 = DIRECTION('',(-0.498964444867,-0.866622456874,0.));
#3609 = PCURVE('',#214,#3610);
#3610 = DEFINITIONAL_REPRESENTATION('',(#3611),#3614);
#3611 = B_SPLINE_CURVE_WITH_KNOTS('',1,(#3612,#3613),.UNSPECIFIED.,.F.,
  .F.,(2,2),(-9.127467280772,2.198848508702),.PIECEWISE_BEZIER_KNOTS.);
#3612 = CARTESIAN_POINT('',(12.,-38.30528137423));
#3613 = CARTESIAN_POINT('',(0.673684210526,-38.30528137423));
#3614 = ( GEOMETRIC_REPRESENTATION_CONTEXT(2) 
PARAMETRIC_REPRESENTATION_CONTEXT() REPRESENTATION_CONTEXT('2D SPACE',''
  ) );
#3615 = PCURVE('',#3616,#3621);
#3616 = PLANE('',#3617);
#3617 = AXIS2_PLACEMENT_3D('',#3618,#3619,#3620);
#3618 = CARTESIAN_POINT('',(251.35618330711,-151.8803457153,
    45.495281374239));
#3619 = DIRECTION('',(-0.,-0.,-1.));
#3620 = DIRECTION('',(-1.,0.,0.));
#3621 = DEFINITIONAL_REPRESENTATION('',(#3622),#3625);
#3622 = B_SPLINE_CURVE_WITH_KNOTS('',1,(#3623,#3624),.UNSPECIFIED.,.F.,
  .F.,(2,2),(-9.127467280772,2.198848508702),.PIECEWISE_BEZIER_KNOTS.);
#3623 = CARTESIAN_POINT('',(16.792521503568,16.886021837319));
#3624 = CARTESIAN_POINT('',(22.44395037385,7.070382220512));
#3625 = ( GEOMETRIC_REPRESENTATION_CONTEXT(2) 
PARAMETRIC_REPRESENTATION_CONTEXT() REPRESENTATION_CONTEXT('2D SPACE',''
  ) );
#3626 = ORIENTED_EDGE('',*,*,#3627,.T.);
#3627 = EDGE_CURVE('',#3602,#3628,#3630,.T.);
#3628 = VERTEX_POINT('',#3629);
#3629 = CARTESIAN_POINT('',(233.76531869175,-136.380919809,
    45.095281374239));
#3630 = SURFACE_CURVE('',#3631,(#3635,#3641),.PCURVE_S1.);
#3631 = LINE('',#3632,#3633);
#3632 = CARTESIAN_POINT('',(233.76531869175,-136.380919809,
    26.137640687119));
#3633 = VECTOR('',#3634,1.);
#3634 = DIRECTION('',(0.,0.,-1.));
#3635 = PCURVE('',#214,#3636);
#3636 = DEFINITIONAL_REPRESENTATION('',(#3637),#3640);
#3637 = B_SPLINE_CURVE_WITH_KNOTS('',1,(#3638,#3639),.UNSPECIFIED.,.F.,
  .F.,(2,2),(-19.35764068711,-18.95764068711),.PIECEWISE_BEZIER_KNOTS.);
#3638 = CARTESIAN_POINT('',(10.4,-38.30528137423));
#3639 = CARTESIAN_POINT('',(10.4,-37.90528137423));
#3640 = ( GEOMETRIC_REPRESENTATION_CONTEXT(2) 
PARAMETRIC_REPRESENTATION_CONTEXT() REPRESENTATION_CONTEXT('2D SPACE',''
  ) );
#3641 = PCURVE('',#3642,#3647);
#3642 = PLANE('',#3643);
#3643 = AXIS2_PLACEMENT_3D('',#3644,#3645,#3646);
#3644 = CARTESIAN_POINT('',(228.91223293326,-133.5867189178,
    45.085281374239));
#3645 = DIRECTION('',(0.498964444867,0.866622456874,0.));
#3646 = DIRECTION('',(0.866622456874,-0.498964444867,0.));
#3647 = DEFINITIONAL_REPRESENTATION('',(#3648),#3651);
#3648 = B_SPLINE_CURVE_WITH_KNOTS('',1,(#3649,#3650),.UNSPECIFIED.,.F.,
  .F.,(2,2),(-19.35764068711,-18.95764068711),.PIECEWISE_BEZIER_KNOTS.);
#3649 = CARTESIAN_POINT('',(5.6,-0.41));
#3650 = CARTESIAN_POINT('',(5.6,-9.999999999998E-03));
#3651 = ( GEOMETRIC_REPRESENTATION_CONTEXT(2) 
PARAMETRIC_REPRESENTATION_CONTEXT() REPRESENTATION_CONTEXT('2D SPACE',''
  ) );
#3652 = ORIENTED_EDGE('',*,*,#3653,.T.);
#3653 = EDGE_CURVE('',#3628,#3654,#3656,.T.);
#3654 = VERTEX_POINT('',#3655);
#3655 = CARTESIAN_POINT('',(233.56573291381,-136.7275687918,
    45.095281374239));
#3656 = SURFACE_CURVE('',#3657,(#3661,#3667),.PCURVE_S1.);
#3657 = LINE('',#3658,#3659);
#3658 = CARTESIAN_POINT('',(230.00938015875,-142.9043919979,
    45.095281374239));
#3659 = VECTOR('',#3660,1.);
#3660 = DIRECTION('',(-0.498964444867,-0.866622456874,0.));
#3661 = PCURVE('',#214,#3662);
#3662 = DEFINITIONAL_REPRESENTATION('',(#3663),#3666);
#3663 = B_SPLINE_CURVE_WITH_KNOTS('',1,(#3664,#3665),.UNSPECIFIED.,.F.,
  .F.,(2,2),(-9.127467280772,2.872532719228),.PIECEWISE_BEZIER_KNOTS.);
#3664 = CARTESIAN_POINT('',(12.,-37.90528137423));
#3665 = CARTESIAN_POINT('',(0.,-37.90528137423));
#3666 = ( GEOMETRIC_REPRESENTATION_CONTEXT(2) 
PARAMETRIC_REPRESENTATION_CONTEXT() REPRESENTATION_CONTEXT('2D SPACE',''
  ) );
#3667 = PCURVE('',#3668,#3673);
#3668 = PLANE('',#3669);
#3669 = AXIS2_PLACEMENT_3D('',#3670,#3671,#3672);
#3670 = CARTESIAN_POINT('',(251.35618330711,-151.8803457153,
    45.095281374239));
#3671 = DIRECTION('',(-0.,-0.,-1.));
#3672 = DIRECTION('',(-1.,0.,0.));
#3673 = DEFINITIONAL_REPRESENTATION('',(#3674),#3677);
#3674 = B_SPLINE_CURVE_WITH_KNOTS('',1,(#3675,#3676),.UNSPECIFIED.,.F.,
  .F.,(2,2),(-9.127467280772,2.872532719228),.PIECEWISE_BEZIER_KNOTS.);
#3675 = CARTESIAN_POINT('',(16.792521503568,16.886021837319));
#3676 = CARTESIAN_POINT('',(22.780094841971,6.486552354829));
#3677 = ( GEOMETRIC_REPRESENTATION_CONTEXT(2) 
PARAMETRIC_REPRESENTATION_CONTEXT() REPRESENTATION_CONTEXT('2D SPACE',''
  ) );
#3678 = ORIENTED_EDGE('',*,*,#3679,.T.);
#3679 = EDGE_CURVE('',#3654,#3680,#3682,.T.);
#3680 = VERTEX_POINT('',#3681);
#3681 = CARTESIAN_POINT('',(233.56573291381,-136.7275687918,
    44.695281374239));
#3682 = SURFACE_CURVE('',#3683,(#3687,#3693),.PCURVE_S1.);
#3683 = LINE('',#3684,#3685);
#3684 = CARTESIAN_POINT('',(233.56573291381,-136.7275687918,
    25.937640687119));
#3685 = VECTOR('',#3686,1.);
#3686 = DIRECTION('',(0.,0.,-1.));
#3687 = PCURVE('',#214,#3688);
#3688 = DEFINITIONAL_REPRESENTATION('',(#3689),#3692);
#3689 = B_SPLINE_CURVE_WITH_KNOTS('',1,(#3690,#3691),.UNSPECIFIED.,.F.,
  .F.,(2,2),(-19.15764068711,-18.75764068711),.PIECEWISE_BEZIER_KNOTS.);
#3690 = CARTESIAN_POINT('',(10.,-37.90528137423));
#3691 = CARTESIAN_POINT('',(10.,-37.50528137423));
#3692 = ( GEOMETRIC_REPRESENTATION_CONTEXT(2) 
PARAMETRIC_REPRESENTATION_CONTEXT() REPRESENTATION_CONTEXT('2D SPACE',''
  ) );
#3693 = PCURVE('',#3694,#3699);
#3694 = PLANE('',#3695);
#3695 = AXIS2_PLACEMENT_3D('',#3696,#3697,#3698);
#3696 = CARTESIAN_POINT('',(228.36599817256,-133.7337821226,
    44.685281374239));
#3697 = DIRECTION('',(0.498964444867,0.866622456874,0.));
#3698 = DIRECTION('',(0.866622456874,-0.498964444867,0.));
#3699 = DEFINITIONAL_REPRESENTATION('',(#3700),#3703);
#3700 = B_SPLINE_CURVE_WITH_KNOTS('',1,(#3701,#3702),.UNSPECIFIED.,.F.,
  .F.,(2,2),(-19.15764068711,-18.75764068711),.PIECEWISE_BEZIER_KNOTS.);
#3701 = CARTESIAN_POINT('',(6.,-0.41));
#3702 = CARTESIAN_POINT('',(6.,-9.999999999998E-03));
#3703 = ( GEOMETRIC_REPRESENTATION_CONTEXT(2) 
PARAMETRIC_REPRESENTATION_CONTEXT() REPRESENTATION_CONTEXT('2D SPACE',''
  ) );
#3704 = ORIENTED_EDGE('',*,*,#3705,.T.);
#3705 = EDGE_CURVE('',#3680,#3706,#3708,.T.);
#3706 = VERTEX_POINT('',#3707);
#3707 = CARTESIAN_POINT('',(233.36614713586,-137.0742177745,
    44.695281374239));
#3708 = SURFACE_CURVE('',#3709,(#3713,#3719),.PCURVE_S1.);
#3709 = LINE('',#3710,#3711);
#3710 = CARTESIAN_POINT('',(230.00938015875,-142.9043919979,
    44.695281374239));
#3711 = VECTOR('',#3712,1.);
#3712 = DIRECTION('',(-0.498964444867,-0.866622456874,0.));
#3713 = PCURVE('',#214,#3714);
#3714 = DEFINITIONAL_REPRESENTATION('',(#3715),#3718);
#3715 = B_SPLINE_CURVE_WITH_KNOTS('',1,(#3716,#3717),.UNSPECIFIED.,.F.,
  .F.,(2,2),(-9.127467280772,2.872532719228),.PIECEWISE_BEZIER_KNOTS.);
#3716 = CARTESIAN_POINT('',(12.,-37.50528137423));
#3717 = CARTESIAN_POINT('',(0.,-37.50528137423));
#3718 = ( GEOMETRIC_REPRESENTATION_CONTEXT(2) 
PARAMETRIC_REPRESENTATION_CONTEXT() REPRESENTATION_CONTEXT('2D SPACE',''
  ) );
#3719 = PCURVE('',#3720,#3725);
#3720 = PLANE('',#3721);
#3721 = AXIS2_PLACEMENT_3D('',#3722,#3723,#3724);
#3722 = CARTESIAN_POINT('',(251.35618330711,-151.8803457153,
    44.695281374239));
#3723 = DIRECTION('',(-0.,-0.,-1.));
#3724 = DIRECTION('',(-1.,0.,0.));
#3725 = DEFINITIONAL_REPRESENTATION('',(#3726),#3729);
#3726 = B_SPLINE_CURVE_WITH_KNOTS('',1,(#3727,#3728),.UNSPECIFIED.,.F.,
  .F.,(2,2),(-9.127467280772,2.872532719228),.PIECEWISE_BEZIER_KNOTS.);
#3727 = CARTESIAN_POINT('',(16.792521503568,16.886021837319));
#3728 = CARTESIAN_POINT('',(22.780094841971,6.486552354829));
#3729 = ( GEOMETRIC_REPRESENTATION_CONTEXT(2) 
PARAMETRIC_REPRESENTATION_CONTEXT() REPRESENTATION_CONTEXT('2D SPACE',''
  ) );
#3730 = ORIENTED_EDGE('',*,*,#3731,.T.);
#3731 = EDGE_CURVE('',#3706,#3732,#3734,.T.);
#3732 = VERTEX_POINT('',#3733);
#3733 = CARTESIAN_POINT('',(233.36614713586,-137.0742177745,
    44.295281374239));
#3734 = SURFACE_CURVE('',#3735,(#3739,#3745),.PCURVE_S1.);
#3735 = LINE('',#3736,#3737);
#3736 = CARTESIAN_POINT('',(233.36614713586,-137.0742177745,
    25.737640687119));
#3737 = VECTOR('',#3738,1.);
#3738 = DIRECTION('',(0.,0.,-1.));
#3739 = PCURVE('',#214,#3740);
#3740 = DEFINITIONAL_REPRESENTATION('',(#3741),#3744);
#3741 = B_SPLINE_CURVE_WITH_KNOTS('',1,(#3742,#3743),.UNSPECIFIED.,.F.,
  .F.,(2,2),(-18.95764068711,-18.55764068711),.PIECEWISE_BEZIER_KNOTS.);
#3742 = CARTESIAN_POINT('',(9.6,-37.50528137423));
#3743 = CARTESIAN_POINT('',(9.6,-37.10528137423));
#3744 = ( GEOMETRIC_REPRESENTATION_CONTEXT(2) 
PARAMETRIC_REPRESENTATION_CONTEXT() REPRESENTATION_CONTEXT('2D SPACE',''
  ) );
#3745 = PCURVE('',#3746,#3751);
#3746 = PLANE('',#3747);
#3747 = AXIS2_PLACEMENT_3D('',#3748,#3749,#3750);
#3748 = CARTESIAN_POINT('',(227.81976341186,-133.8808453274,
    44.285281374239));
#3749 = DIRECTION('',(0.498964444867,0.866622456874,0.));
#3750 = DIRECTION('',(0.866622456874,-0.498964444867,0.));
#3751 = DEFINITIONAL_REPRESENTATION('',(#3752),#3755);
#3752 = B_SPLINE_CURVE_WITH_KNOTS('',1,(#3753,#3754),.UNSPECIFIED.,.F.,
  .F.,(2,2),(-18.95764068711,-18.55764068711),.PIECEWISE_BEZIER_KNOTS.);
#3753 = CARTESIAN_POINT('',(6.4,-0.41));
#3754 = CARTESIAN_POINT('',(6.4,-9.999999999998E-03));
#3755 = ( GEOMETRIC_REPRESENTATION_CONTEXT(2) 
PARAMETRIC_REPRESENTATION_CONTEXT() REPRESENTATION_CONTEXT('2D SPACE',''
  ) );
#3756 = ORIENTED_EDGE('',*,*,#3757,.T.);
#3757 = EDGE_CURVE('',#3732,#3758,#3760,.T.);
#3758 = VERTEX_POINT('',#3759);
#3759 = CARTESIAN_POINT('',(233.16656135791,-137.4208667573,
    44.295281374239));
#3760 = SURFACE_CURVE('',#3761,(#3765,#3771),.PCURVE_S1.);
#3761 = LINE('',#3762,#3763);
#3762 = CARTESIAN_POINT('',(230.00938015875,-142.9043919979,
    44.295281374239));
#3763 = VECTOR('',#3764,1.);
#3764 = DIRECTION('',(-0.498964444867,-0.866622456874,0.));
#3765 = PCURVE('',#214,#3766);
#3766 = DEFINITIONAL_REPRESENTATION('',(#3767),#3770);
#3767 = B_SPLINE_CURVE_WITH_KNOTS('',1,(#3768,#3769),.UNSPECIFIED.,.F.,
  .F.,(2,2),(-9.127467280772,2.872532719228),.PIECEWISE_BEZIER_KNOTS.);
#3768 = CARTESIAN_POINT('',(12.,-37.10528137423));
#3769 = CARTESIAN_POINT('',(0.,-37.10528137423));
#3770 = ( GEOMETRIC_REPRESENTATION_CONTEXT(2) 
PARAMETRIC_REPRESENTATION_CONTEXT() REPRESENTATION_CONTEXT('2D SPACE',''
  ) );
#3771 = PCURVE('',#3772,#3777);
#3772 = PLANE('',#3773);
#3773 = AXIS2_PLACEMENT_3D('',#3774,#3775,#3776);
#3774 = CARTESIAN_POINT('',(251.35618330711,-151.8803457153,
    44.295281374239));
#3775 = DIRECTION('',(-0.,-0.,-1.));
#3776 = DIRECTION('',(-1.,0.,0.));
#3777 = DEFINITIONAL_REPRESENTATION('',(#3778),#3781);
#3778 = B_SPLINE_CURVE_WITH_KNOTS('',1,(#3779,#3780),.UNSPECIFIED.,.F.,
  .F.,(2,2),(-9.127467280772,2.872532719228),.PIECEWISE_BEZIER_KNOTS.);
#3779 = CARTESIAN_POINT('',(16.792521503568,16.886021837319));
#3780 = CARTESIAN_POINT('',(22.780094841971,6.486552354829));
#3781 = ( GEOMETRIC_REPRESENTATION_CONTEXT(2) 
PARAMETRIC_REPRESENTATION_CONTEXT() REPRESENTATION_CONTEXT('2D SPACE',''
  ) );
#3782 = ORIENTED_EDGE('',*,*,#3783,.T.);
#3783 = EDGE_CURVE('',#3758,#3784,#3786,.T.);
#3784 = VERTEX_POINT('',#3785);
#3785 = CARTESIAN_POINT('',(233.16656135791,-137.4208667573,
    43.895281374239));
#3786 = SURFACE_CURVE('',#3787,(#3791,#3797),.PCURVE_S1.);
#3787 = LINE('',#3788,#3789);
#3788 = CARTESIAN_POINT('',(233.16656135791,-137.4208667573,
    25.537640687119));
#3789 = VECTOR('',#3790,1.);
#3790 = DIRECTION('',(0.,0.,-1.));
#3791 = PCURVE('',#214,#3792);
#3792 = DEFINITIONAL_REPRESENTATION('',(#3793),#3796);
#3793 = B_SPLINE_CURVE_WITH_KNOTS('',1,(#3794,#3795),.UNSPECIFIED.,.F.,
  .F.,(2,2),(-18.75764068711,-18.35764068711),.PIECEWISE_BEZIER_KNOTS.);
#3794 = CARTESIAN_POINT('',(9.2,-37.10528137423));
#3795 = CARTESIAN_POINT('',(9.2,-36.70528137423));
#3796 = ( GEOMETRIC_REPRESENTATION_CONTEXT(2) 
PARAMETRIC_REPRESENTATION_CONTEXT() REPRESENTATION_CONTEXT('2D SPACE',''
  ) );
#3797 = PCURVE('',#3798,#3803);
#3798 = PLANE('',#3799);
#3799 = AXIS2_PLACEMENT_3D('',#3800,#3801,#3802);
#3800 = CARTESIAN_POINT('',(227.27352865117,-134.0279085322,
    43.885281374239));
#3801 = DIRECTION('',(0.498964444867,0.866622456874,0.));
#3802 = DIRECTION('',(0.866622456874,-0.498964444867,0.));
#3803 = DEFINITIONAL_REPRESENTATION('',(#3804),#3807);
#3804 = B_SPLINE_CURVE_WITH_KNOTS('',1,(#3805,#3806),.UNSPECIFIED.,.F.,
  .F.,(2,2),(-18.75764068711,-18.35764068711),.PIECEWISE_BEZIER_KNOTS.);
#3805 = CARTESIAN_POINT('',(6.8,-0.41));
#3806 = CARTESIAN_POINT('',(6.8,-9.999999999991E-03));
#3807 = ( GEOMETRIC_REPRESENTATION_CONTEXT(2) 
PARAMETRIC_REPRESENTATION_CONTEXT() REPRESENTATION_CONTEXT('2D SPACE',''
  ) );
#3808 = ORIENTED_EDGE('',*,*,#3809,.T.);
#3809 = EDGE_CURVE('',#3784,#3810,#3812,.T.);
#3810 = VERTEX_POINT('',#3811);
#3811 = CARTESIAN_POINT('',(232.96697557997,-137.76751574,
    43.895281374239));
#3812 = SURFACE_CURVE('',#3813,(#3817,#3823),.PCURVE_S1.);
#3813 = LINE('',#3814,#3815);
#3814 = CARTESIAN_POINT('',(230.00938015875,-142.9043919979,
    43.895281374239));
#3815 = VECTOR('',#3816,1.);
#3816 = DIRECTION('',(-0.498964444867,-0.866622456874,0.));
#3817 = PCURVE('',#214,#3818);
#3818 = DEFINITIONAL_REPRESENTATION('',(#3819),#3822);
#3819 = B_SPLINE_CURVE_WITH_KNOTS('',1,(#3820,#3821),.UNSPECIFIED.,.F.,
  .F.,(2,2),(-9.127467280772,2.872532719228),.PIECEWISE_BEZIER_KNOTS.);
#3820 = CARTESIAN_POINT('',(12.,-36.70528137423));
#3821 = CARTESIAN_POINT('',(0.,-36.70528137423));
#3822 = ( GEOMETRIC_REPRESENTATION_CONTEXT(2) 
PARAMETRIC_REPRESENTATION_CONTEXT() REPRESENTATION_CONTEXT('2D SPACE',''
  ) );
#3823 = PCURVE('',#3824,#3829);
#3824 = PLANE('',#3825);
#3825 = AXIS2_PLACEMENT_3D('',#3826,#3827,#3828);
#3826 = CARTESIAN_POINT('',(251.35618330711,-151.8803457153,
    43.895281374239));
#3827 = DIRECTION('',(-0.,-0.,-1.));
#3828 = DIRECTION('',(-1.,0.,0.));
#3829 = DEFINITIONAL_REPRESENTATION('',(#3830),#3833);
#3830 = B_SPLINE_CURVE_WITH_KNOTS('',1,(#3831,#3832),.UNSPECIFIED.,.F.,
  .F.,(2,2),(-9.127467280772,2.872532719228),.PIECEWISE_BEZIER_KNOTS.);
#3831 = CARTESIAN_POINT('',(16.792521503568,16.886021837319));
#3832 = CARTESIAN_POINT('',(22.780094841971,6.486552354829));
#3833 = ( GEOMETRIC_REPRESENTATION_CONTEXT(2) 
PARAMETRIC_REPRESENTATION_CONTEXT() REPRESENTATION_CONTEXT('2D SPACE',''
  ) );
#3834 = ORIENTED_EDGE('',*,*,#3835,.T.);
#3835 = EDGE_CURVE('',#3810,#3836,#3838,.T.);
#3836 = VERTEX_POINT('',#3837);
#3837 = CARTESIAN_POINT('',(232.96697557997,-137.76751574,
    43.495281374239));
#3838 = SURFACE_CURVE('',#3839,(#3843,#3849),.PCURVE_S1.);
#3839 = LINE('',#3840,#3841);
#3840 = CARTESIAN_POINT('',(232.96697557997,-137.76751574,
    25.337640687119));
#3841 = VECTOR('',#3842,1.);
#3842 = DIRECTION('',(0.,0.,-1.));
#3843 = PCURVE('',#214,#3844);
#3844 = DEFINITIONAL_REPRESENTATION('',(#3845),#3848);
#3845 = B_SPLINE_CURVE_WITH_KNOTS('',1,(#3846,#3847),.UNSPECIFIED.,.F.,
  .F.,(2,2),(-18.55764068711,-18.15764068711),.PIECEWISE_BEZIER_KNOTS.);
#3846 = CARTESIAN_POINT('',(8.8,-36.70528137423));
#3847 = CARTESIAN_POINT('',(8.8,-36.30528137423));
#3848 = ( GEOMETRIC_REPRESENTATION_CONTEXT(2) 
PARAMETRIC_REPRESENTATION_CONTEXT() REPRESENTATION_CONTEXT('2D SPACE',''
  ) );
#3849 = PCURVE('',#3850,#3855);
#3850 = PLANE('',#3851);
#3851 = AXIS2_PLACEMENT_3D('',#3852,#3853,#3854);
#3852 = CARTESIAN_POINT('',(226.72729389047,-134.174971737,
    43.485281374239));
#3853 = DIRECTION('',(0.498964444867,0.866622456874,0.));
#3854 = DIRECTION('',(0.866622456874,-0.498964444867,0.));
#3855 = DEFINITIONAL_REPRESENTATION('',(#3856),#3859);
#3856 = B_SPLINE_CURVE_WITH_KNOTS('',1,(#3857,#3858),.UNSPECIFIED.,.F.,
  .F.,(2,2),(-18.55764068711,-18.15764068711),.PIECEWISE_BEZIER_KNOTS.);
#3857 = CARTESIAN_POINT('',(7.2,-0.41));
#3858 = CARTESIAN_POINT('',(7.2,-9.999999999998E-03));
#3859 = ( GEOMETRIC_REPRESENTATION_CONTEXT(2) 
PARAMETRIC_REPRESENTATION_CONTEXT() REPRESENTATION_CONTEXT('2D SPACE',''
  ) );
#3860 = ORIENTED_EDGE('',*,*,#3861,.T.);
#3861 = EDGE_CURVE('',#3836,#3862,#3864,.T.);
#3862 = VERTEX_POINT('',#3863);
#3863 = CARTESIAN_POINT('',(232.76738980202,-138.1141647228,
    43.495281374239));
#3864 = SURFACE_CURVE('',#3865,(#3869,#3875),.PCURVE_S1.);
#3865 = LINE('',#3866,#3867);
#3866 = CARTESIAN_POINT('',(230.00938015875,-142.9043919979,
    43.495281374239));
#3867 = VECTOR('',#3868,1.);
#3868 = DIRECTION('',(-0.498964444867,-0.866622456874,0.));
#3869 = PCURVE('',#214,#3870);
#3870 = DEFINITIONAL_REPRESENTATION('',(#3871),#3874);
#3871 = B_SPLINE_CURVE_WITH_KNOTS('',1,(#3872,#3873),.UNSPECIFIED.,.F.,
  .F.,(2,2),(-9.127467280772,2.872532719228),.PIECEWISE_BEZIER_KNOTS.);
#3872 = CARTESIAN_POINT('',(12.,-36.30528137423));
#3873 = CARTESIAN_POINT('',(0.,-36.30528137423));
#3874 = ( GEOMETRIC_REPRESENTATION_CONTEXT(2) 
PARAMETRIC_REPRESENTATION_CONTEXT() REPRESENTATION_CONTEXT('2D SPACE',''
  ) );
#3875 = PCURVE('',#3876,#3881);
#3876 = PLANE('',#3877);
#3877 = AXIS2_PLACEMENT_3D('',#3878,#3879,#3880);
#3878 = CARTESIAN_POINT('',(251.35618330711,-151.8803457153,
    43.495281374239));
#3879 = DIRECTION('',(-0.,-0.,-1.));
#3880 = DIRECTION('',(-1.,0.,0.));
#3881 = DEFINITIONAL_REPRESENTATION('',(#3882),#3885);
#3882 = B_SPLINE_CURVE_WITH_KNOTS('',1,(#3883,#3884),.UNSPECIFIED.,.F.,
  .F.,(2,2),(-9.127467280772,2.872532719228),.PIECEWISE_BEZIER_KNOTS.);
#3883 = CARTESIAN_POINT('',(16.792521503568,16.886021837319));
#3884 = CARTESIAN_POINT('',(22.780094841971,6.486552354829));
#3885 = ( GEOMETRIC_REPRESENTATION_CONTEXT(2) 
PARAMETRIC_REPRESENTATION_CONTEXT() REPRESENTATION_CONTEXT('2D SPACE',''
  ) );
#3886 = ORIENTED_EDGE('',*,*,#3887,.T.);
#3887 = EDGE_CURVE('',#3862,#3888,#3890,.T.);
#3888 = VERTEX_POINT('',#3889);
#3889 = CARTESIAN_POINT('',(232.76738980202,-138.1141647228,
    43.095281374239));
#3890 = SURFACE_CURVE('',#3891,(#3895,#3901),.PCURVE_S1.);
#3891 = LINE('',#3892,#3893);
#3892 = CARTESIAN_POINT('',(232.76738980202,-138.1141647228,
    25.137640687119));
#3893 = VECTOR('',#3894,1.);
#3894 = DIRECTION('',(0.,0.,-1.));
#3895 = PCURVE('',#214,#3896);
#3896 = DEFINITIONAL_REPRESENTATION('',(#3897),#3900);
#3897 = B_SPLINE_CURVE_WITH_KNOTS('',1,(#3898,#3899),.UNSPECIFIED.,.F.,
  .F.,(2,2),(-18.35764068711,-17.95764068711),.PIECEWISE_BEZIER_KNOTS.);
#3898 = CARTESIAN_POINT('',(8.4,-36.30528137423));
#3899 = CARTESIAN_POINT('',(8.4,-35.90528137423));
#3900 = ( GEOMETRIC_REPRESENTATION_CONTEXT(2) 
PARAMETRIC_REPRESENTATION_CONTEXT() REPRESENTATION_CONTEXT('2D SPACE',''
  ) );
#3901 = PCURVE('',#3902,#3907);
#3902 = PLANE('',#3903);
#3903 = AXIS2_PLACEMENT_3D('',#3904,#3905,#3906);
#3904 = CARTESIAN_POINT('',(226.18105912978,-134.3220349418,
    43.085281374239));
#3905 = DIRECTION('',(0.498964444867,0.866622456874,0.));
#3906 = DIRECTION('',(0.866622456874,-0.498964444867,0.));
#3907 = DEFINITIONAL_REPRESENTATION('',(#3908),#3911);
#3908 = B_SPLINE_CURVE_WITH_KNOTS('',1,(#3909,#3910),.UNSPECIFIED.,.F.,
  .F.,(2,2),(-18.35764068711,-17.95764068711),.PIECEWISE_BEZIER_KNOTS.);
#3909 = CARTESIAN_POINT('',(7.6,-0.41));
#3910 = CARTESIAN_POINT('',(7.6,-9.999999999998E-03));
#3911 = ( GEOMETRIC_REPRESENTATION_CONTEXT(2) 
PARAMETRIC_REPRESENTATION_CONTEXT() REPRESENTATION_CONTEXT('2D SPACE',''
  ) );
#3912 = ORIENTED_EDGE('',*,*,#3913,.T.);
#3913 = EDGE_CURVE('',#3888,#3914,#3916,.T.);
#3914 = VERTEX_POINT('',#3915);
#3915 = CARTESIAN_POINT('',(232.56780402407,-138.4608137055,
    43.095281374239));
#3916 = SURFACE_CURVE('',#3917,(#3921,#3927),.PCURVE_S1.);
#3917 = LINE('',#3918,#3919);
#3918 = CARTESIAN_POINT('',(230.00938015875,-142.9043919979,
    43.095281374239));
#3919 = VECTOR('',#3920,1.);
#3920 = DIRECTION('',(-0.498964444867,-0.866622456874,0.));
#3921 = PCURVE('',#214,#3922);
#3922 = DEFINITIONAL_REPRESENTATION('',(#3923),#3926);
#3923 = B_SPLINE_CURVE_WITH_KNOTS('',1,(#3924,#3925),.UNSPECIFIED.,.F.,
  .F.,(2,2),(-9.127467280772,2.872532719228),.PIECEWISE_BEZIER_KNOTS.);
#3924 = CARTESIAN_POINT('',(12.,-35.90528137423));
#3925 = CARTESIAN_POINT('',(0.,-35.90528137423));
#3926 = ( GEOMETRIC_REPRESENTATION_CONTEXT(2) 
PARAMETRIC_REPRESENTATION_CONTEXT() REPRESENTATION_CONTEXT('2D SPACE',''
  ) );
#3927 = PCURVE('',#3928,#3933);
#3928 = PLANE('',#3929);
#3929 = AXIS2_PLACEMENT_3D('',#3930,#3931,#3932);
#3930 = CARTESIAN_POINT('',(251.35618330711,-151.8803457153,
    43.095281374239));
#3931 = DIRECTION('',(-0.,-0.,-1.));
#3932 = DIRECTION('',(-1.,0.,0.));
#3933 = DEFINITIONAL_REPRESENTATION('',(#3934),#3937);
#3934 = B_SPLINE_CURVE_WITH_KNOTS('',1,(#3935,#3936),.UNSPECIFIED.,.F.,
  .F.,(2,2),(-9.127467280772,2.872532719228),.PIECEWISE_BEZIER_KNOTS.);
#3935 = CARTESIAN_POINT('',(16.792521503568,16.886021837319));
#3936 = CARTESIAN_POINT('',(22.780094841971,6.486552354829));
#3937 = ( GEOMETRIC_REPRESENTATION_CONTEXT(2) 
PARAMETRIC_REPRESENTATION_CONTEXT() REPRESENTATION_CONTEXT('2D SPACE',''
  ) );
#3938 = ORIENTED_EDGE('',*,*,#3939,.T.);
#3939 = EDGE_CURVE('',#3914,#3940,#3942,.T.);
#3940 = VERTEX_POINT('',#3941);
#3941 = CARTESIAN_POINT('',(232.56780402407,-138.4608137055,
    42.695281374239));
#3942 = SURFACE_CURVE('',#3943,(#3947,#3953),.PCURVE_S1.);
#3943 = LINE('',#3944,#3945);
#3944 = CARTESIAN_POINT('',(232.56780402407,-138.4608137055,
    24.937640687119));
#3945 = VECTOR('',#3946,1.);
#3946 = DIRECTION('',(0.,0.,-1.));
#3947 = PCURVE('',#214,#3948);
#3948 = DEFINITIONAL_REPRESENTATION('',(#3949),#3952);
#3949 = B_SPLINE_CURVE_WITH_KNOTS('',1,(#3950,#3951),.UNSPECIFIED.,.F.,
  .F.,(2,2),(-18.15764068711,-17.75764068711),.PIECEWISE_BEZIER_KNOTS.);
#3950 = CARTESIAN_POINT('',(8.,-35.90528137423));
#3951 = CARTESIAN_POINT('',(8.,-35.50528137423));
#3952 = ( GEOMETRIC_REPRESENTATION_CONTEXT(2) 
PARAMETRIC_REPRESENTATION_CONTEXT() REPRESENTATION_CONTEXT('2D SPACE',''
  ) );
#3953 = PCURVE('',#3954,#3959);
#3954 = PLANE('',#3955);
#3955 = AXIS2_PLACEMENT_3D('',#3956,#3957,#3958);
#3956 = CARTESIAN_POINT('',(225.66465043478,-134.4862707299,
    42.685281374239));
#3957 = DIRECTION('',(0.498964444867,0.866622456874,0.));
#3958 = DIRECTION('',(0.866622456874,-0.498964444867,0.));
#3959 = DEFINITIONAL_REPRESENTATION('',(#3960),#3963);
#3960 = B_SPLINE_CURVE_WITH_KNOTS('',1,(#3961,#3962),.UNSPECIFIED.,.F.,
  .F.,(2,2),(-18.15764068711,-17.75764068711),.PIECEWISE_BEZIER_KNOTS.);
#3961 = CARTESIAN_POINT('',(7.965583553178,-0.41));
#3962 = CARTESIAN_POINT('',(7.965583553178,-9.999999999998E-03));
#3963 = ( GEOMETRIC_REPRESENTATION_CONTEXT(2) 
PARAMETRIC_REPRESENTATION_CONTEXT() REPRESENTATION_CONTEXT('2D SPACE',''
  ) );
#3964 = ORIENTED_EDGE('',*,*,#3965,.T.);
#3965 = EDGE_CURVE('',#3940,#3966,#3968,.T.);
#3966 = VERTEX_POINT('',#3967);
#3967 = CARTESIAN_POINT('',(232.36821824613,-138.8074626883,
    42.695281374239));
#3968 = SURFACE_CURVE('',#3969,(#3973,#3979),.PCURVE_S1.);
#3969 = LINE('',#3970,#3971);
#3970 = CARTESIAN_POINT('',(230.00938015875,-142.9043919979,
    42.695281374239));
#3971 = VECTOR('',#3972,1.);
#3972 = DIRECTION('',(-0.498964444867,-0.866622456874,0.));
#3973 = PCURVE('',#214,#3974);
#3974 = DEFINITIONAL_REPRESENTATION('',(#3975),#3978);
#3975 = B_SPLINE_CURVE_WITH_KNOTS('',1,(#3976,#3977),.UNSPECIFIED.,.F.,
  .F.,(2,2),(-9.127467280772,2.872532719228),.PIECEWISE_BEZIER_KNOTS.);
#3976 = CARTESIAN_POINT('',(12.,-35.50528137423));
#3977 = CARTESIAN_POINT('',(0.,-35.50528137423));
#3978 = ( GEOMETRIC_REPRESENTATION_CONTEXT(2) 
PARAMETRIC_REPRESENTATION_CONTEXT() REPRESENTATION_CONTEXT('2D SPACE',''
  ) );
#3979 = PCURVE('',#3980,#3985);
#3980 = PLANE('',#3981);
#3981 = AXIS2_PLACEMENT_3D('',#3982,#3983,#3984);
#3982 = CARTESIAN_POINT('',(251.35618330711,-151.8803457153,
    42.695281374239));
#3983 = DIRECTION('',(-0.,-0.,-1.));
#3984 = DIRECTION('',(-1.,0.,0.));
#3985 = DEFINITIONAL_REPRESENTATION('',(#3986),#3989);
#3986 = B_SPLINE_CURVE_WITH_KNOTS('',1,(#3987,#3988),.UNSPECIFIED.,.F.,
  .F.,(2,2),(-9.127467280772,2.872532719228),.PIECEWISE_BEZIER_KNOTS.);
#3987 = CARTESIAN_POINT('',(16.792521503568,16.886021837319));
#3988 = CARTESIAN_POINT('',(22.780094841971,6.486552354829));
#3989 = ( GEOMETRIC_REPRESENTATION_CONTEXT(2) 
PARAMETRIC_REPRESENTATION_CONTEXT() REPRESENTATION_CONTEXT('2D SPACE',''
  ) );
#3990 = ORIENTED_EDGE('',*,*,#3991,.T.);
#3991 = EDGE_CURVE('',#3966,#3992,#3994,.T.);
#3992 = VERTEX_POINT('',#3993);
#3993 = CARTESIAN_POINT('',(232.36821824613,-138.8074626883,
    42.295281374239));
#3994 = SURFACE_CURVE('',#3995,(#3999,#4005),.PCURVE_S1.);
#3995 = LINE('',#3996,#3997);
#3996 = CARTESIAN_POINT('',(232.36821824613,-138.8074626883,
    24.737640687119));
#3997 = VECTOR('',#3998,1.);
#3998 = DIRECTION('',(0.,0.,-1.));
#3999 = PCURVE('',#214,#4000);
#4000 = DEFINITIONAL_REPRESENTATION('',(#4001),#4004);
#4001 = B_SPLINE_CURVE_WITH_KNOTS('',1,(#4002,#4003),.UNSPECIFIED.,.F.,
  .F.,(2,2),(-17.95764068711,-17.55764068711),.PIECEWISE_BEZIER_KNOTS.);
#4002 = CARTESIAN_POINT('',(7.6,-35.50528137423));
#4003 = CARTESIAN_POINT('',(7.6,-35.10528137423));
#4004 = ( GEOMETRIC_REPRESENTATION_CONTEXT(2) 
PARAMETRIC_REPRESENTATION_CONTEXT() REPRESENTATION_CONTEXT('2D SPACE',''
  ) );
#4005 = PCURVE('',#4006,#4011);
#4006 = PLANE('',#4007);
#4007 = AXIS2_PLACEMENT_3D('',#4008,#4009,#4010);
#4008 = CARTESIAN_POINT('',(225.46506465683,-134.8329197126,
    42.285281374239));
#4009 = DIRECTION('',(0.498964444867,0.866622456874,0.));
#4010 = DIRECTION('',(0.866622456874,-0.498964444867,0.));
#4011 = DEFINITIONAL_REPRESENTATION('',(#4012),#4015);
#4012 = B_SPLINE_CURVE_WITH_KNOTS('',1,(#4013,#4014),.UNSPECIFIED.,.F.,
  .F.,(2,2),(-17.95764068711,-17.55764068711),.PIECEWISE_BEZIER_KNOTS.);
#4013 = CARTESIAN_POINT('',(7.965583553178,-0.41));
#4014 = CARTESIAN_POINT('',(7.965583553178,-9.999999999998E-03));
#4015 = ( GEOMETRIC_REPRESENTATION_CONTEXT(2) 
PARAMETRIC_REPRESENTATION_CONTEXT() REPRESENTATION_CONTEXT('2D SPACE',''
  ) );
#4016 = ORIENTED_EDGE('',*,*,#4017,.T.);
#4017 = EDGE_CURVE('',#3992,#4018,#4020,.T.);
#4018 = VERTEX_POINT('',#4019);
#4019 = CARTESIAN_POINT('',(232.16863246818,-139.154111671,
    42.295281374239));
#4020 = SURFACE_CURVE('',#4021,(#4025,#4031),.PCURVE_S1.);
#4021 = LINE('',#4022,#4023);
#4022 = CARTESIAN_POINT('',(230.00938015875,-142.9043919979,
    42.295281374239));
#4023 = VECTOR('',#4024,1.);
#4024 = DIRECTION('',(-0.498964444867,-0.866622456874,0.));
#4025 = PCURVE('',#214,#4026);
#4026 = DEFINITIONAL_REPRESENTATION('',(#4027),#4030);
#4027 = B_SPLINE_CURVE_WITH_KNOTS('',1,(#4028,#4029),.UNSPECIFIED.,.F.,
  .F.,(2,2),(-9.127467280772,2.872532719228),.PIECEWISE_BEZIER_KNOTS.);
#4028 = CARTESIAN_POINT('',(12.,-35.10528137423));
#4029 = CARTESIAN_POINT('',(0.,-35.10528137423));
#4030 = ( GEOMETRIC_REPRESENTATION_CONTEXT(2) 
PARAMETRIC_REPRESENTATION_CONTEXT() REPRESENTATION_CONTEXT('2D SPACE',''
  ) );
#4031 = PCURVE('',#4032,#4037);
#4032 = PLANE('',#4033);
#4033 = AXIS2_PLACEMENT_3D('',#4034,#4035,#4036);
#4034 = CARTESIAN_POINT('',(251.35618330711,-151.8803457153,
    42.295281374239));
#4035 = DIRECTION('',(-0.,-0.,-1.));
#4036 = DIRECTION('',(-1.,0.,0.));
#4037 = DEFINITIONAL_REPRESENTATION('',(#4038),#4041);
#4038 = B_SPLINE_CURVE_WITH_KNOTS('',1,(#4039,#4040),.UNSPECIFIED.,.F.,
  .F.,(2,2),(-9.127467280772,2.872532719228),.PIECEWISE_BEZIER_KNOTS.);
#4039 = CARTESIAN_POINT('',(16.792521503568,16.886021837319));
#4040 = CARTESIAN_POINT('',(22.780094841971,6.486552354829));
#4041 = ( GEOMETRIC_REPRESENTATION_CONTEXT(2) 
PARAMETRIC_REPRESENTATION_CONTEXT() REPRESENTATION_CONTEXT('2D SPACE',''
  ) );
#4042 = ORIENTED_EDGE('',*,*,#4043,.T.);
#4043 = EDGE_CURVE('',#4018,#4044,#4046,.T.);
#4044 = VERTEX_POINT('',#4045);
#4045 = CARTESIAN_POINT('',(232.16863246818,-139.154111671,
    41.895281374239));
#4046 = SURFACE_CURVE('',#4047,(#4051,#4057),.PCURVE_S1.);
#4047 = LINE('',#4048,#4049);
#4048 = CARTESIAN_POINT('',(232.16863246818,-139.154111671,
    24.537640687119));
#4049 = VECTOR('',#4050,1.);
#4050 = DIRECTION('',(0.,0.,-1.));
#4051 = PCURVE('',#214,#4052);
#4052 = DEFINITIONAL_REPRESENTATION('',(#4053),#4056);
#4053 = B_SPLINE_CURVE_WITH_KNOTS('',1,(#4054,#4055),.UNSPECIFIED.,.F.,
  .F.,(2,2),(-17.75764068711,-17.35764068711),.PIECEWISE_BEZIER_KNOTS.);
#4054 = CARTESIAN_POINT('',(7.2,-35.10528137423));
#4055 = CARTESIAN_POINT('',(7.2,-34.70528137423));
#4056 = ( GEOMETRIC_REPRESENTATION_CONTEXT(2) 
PARAMETRIC_REPRESENTATION_CONTEXT() REPRESENTATION_CONTEXT('2D SPACE',''
  ) );
#4057 = PCURVE('',#4058,#4063);
#4058 = PLANE('',#4059);
#4059 = AXIS2_PLACEMENT_3D('',#4060,#4061,#4062);
#4060 = CARTESIAN_POINT('',(225.26547887889,-135.1795686954,
    41.885281374239));
#4061 = DIRECTION('',(0.498964444867,0.866622456874,0.));
#4062 = DIRECTION('',(0.866622456874,-0.498964444867,0.));
#4063 = DEFINITIONAL_REPRESENTATION('',(#4064),#4067);
#4064 = B_SPLINE_CURVE_WITH_KNOTS('',1,(#4065,#4066),.UNSPECIFIED.,.F.,
  .F.,(2,2),(-17.75764068711,-17.35764068711),.PIECEWISE_BEZIER_KNOTS.);
#4065 = CARTESIAN_POINT('',(7.965583553178,-0.41));
#4066 = CARTESIAN_POINT('',(7.965583553178,-9.999999999991E-03));
#4067 = ( GEOMETRIC_REPRESENTATION_CONTEXT(2) 
PARAMETRIC_REPRESENTATION_CONTEXT() REPRESENTATION_CONTEXT('2D SPACE',''
  ) );
#4068 = ORIENTED_EDGE('',*,*,#4069,.T.);
#4069 = EDGE_CURVE('',#4044,#4070,#4072,.T.);
#4070 = VERTEX_POINT('',#4071);
#4071 = CARTESIAN_POINT('',(231.96904669023,-139.5007606538,
    41.895281374239));
#4072 = SURFACE_CURVE('',#4073,(#4077,#4083),.PCURVE_S1.);
#4073 = LINE('',#4074,#4075);
#4074 = CARTESIAN_POINT('',(230.00938015875,-142.9043919979,
    41.895281374239));
#4075 = VECTOR('',#4076,1.);
#4076 = DIRECTION('',(-0.498964444867,-0.866622456874,0.));
#4077 = PCURVE('',#214,#4078);
#4078 = DEFINITIONAL_REPRESENTATION('',(#4079),#4082);
#4079 = B_SPLINE_CURVE_WITH_KNOTS('',1,(#4080,#4081),.UNSPECIFIED.,.F.,
  .F.,(2,2),(-9.127467280772,2.872532719228),.PIECEWISE_BEZIER_KNOTS.);
#4080 = CARTESIAN_POINT('',(12.,-34.70528137423));
#4081 = CARTESIAN_POINT('',(0.,-34.70528137423));
#4082 = ( GEOMETRIC_REPRESENTATION_CONTEXT(2) 
PARAMETRIC_REPRESENTATION_CONTEXT() REPRESENTATION_CONTEXT('2D SPACE',''
  ) );
#4083 = PCURVE('',#4084,#4089);
#4084 = PLANE('',#4085);
#4085 = AXIS2_PLACEMENT_3D('',#4086,#4087,#4088);
#4086 = CARTESIAN_POINT('',(251.35618330711,-151.8803457153,
    41.895281374239));
#4087 = DIRECTION('',(-0.,-0.,-1.));
#4088 = DIRECTION('',(-1.,0.,0.));
#4089 = DEFINITIONAL_REPRESENTATION('',(#4090),#4093);
#4090 = B_SPLINE_CURVE_WITH_KNOTS('',1,(#4091,#4092),.UNSPECIFIED.,.F.,
  .F.,(2,2),(-9.127467280772,2.872532719228),.PIECEWISE_BEZIER_KNOTS.);
#4091 = CARTESIAN_POINT('',(16.792521503568,16.886021837319));
#4092 = CARTESIAN_POINT('',(22.780094841971,6.486552354829));
#4093 = ( GEOMETRIC_REPRESENTATION_CONTEXT(2) 
PARAMETRIC_REPRESENTATION_CONTEXT() REPRESENTATION_CONTEXT('2D SPACE',''
  ) );
#4094 = ORIENTED_EDGE('',*,*,#4095,.T.);
#4095 = EDGE_CURVE('',#4070,#4096,#4098,.T.);
#4096 = VERTEX_POINT('',#4097);
#4097 = CARTESIAN_POINT('',(231.96904669023,-139.5007606538,
    41.495281374239));
#4098 = SURFACE_CURVE('',#4099,(#4103,#4109),.PCURVE_S1.);
#4099 = LINE('',#4100,#4101);
#4100 = CARTESIAN_POINT('',(231.96904669023,-139.5007606538,
    24.337640687119));
#4101 = VECTOR('',#4102,1.);
#4102 = DIRECTION('',(0.,0.,-1.));
#4103 = PCURVE('',#214,#4104);
#4104 = DEFINITIONAL_REPRESENTATION('',(#4105),#4108);
#4105 = B_SPLINE_CURVE_WITH_KNOTS('',1,(#4106,#4107),.UNSPECIFIED.,.F.,
  .F.,(2,2),(-17.55764068711,-17.15764068711),.PIECEWISE_BEZIER_KNOTS.);
#4106 = CARTESIAN_POINT('',(6.8,-34.70528137423));
#4107 = CARTESIAN_POINT('',(6.8,-34.30528137423));
#4108 = ( GEOMETRIC_REPRESENTATION_CONTEXT(2) 
PARAMETRIC_REPRESENTATION_CONTEXT() REPRESENTATION_CONTEXT('2D SPACE',''
  ) );
#4109 = PCURVE('',#4110,#4115);
#4110 = PLANE('',#4111);
#4111 = AXIS2_PLACEMENT_3D('',#4112,#4113,#4114);
#4112 = CARTESIAN_POINT('',(225.06589310094,-135.5262176781,
    41.485281374239));
#4113 = DIRECTION('',(0.498964444867,0.866622456874,0.));
#4114 = DIRECTION('',(0.866622456874,-0.498964444867,0.));
#4115 = DEFINITIONAL_REPRESENTATION('',(#4116),#4119);
#4116 = B_SPLINE_CURVE_WITH_KNOTS('',1,(#4117,#4118),.UNSPECIFIED.,.F.,
  .F.,(2,2),(-17.55764068711,-17.15764068711),.PIECEWISE_BEZIER_KNOTS.);
#4117 = CARTESIAN_POINT('',(7.965583553178,-0.41));
#4118 = CARTESIAN_POINT('',(7.965583553178,-9.999999999998E-03));
#4119 = ( GEOMETRIC_REPRESENTATION_CONTEXT(2) 
PARAMETRIC_REPRESENTATION_CONTEXT() REPRESENTATION_CONTEXT('2D SPACE',''
  ) );
#4120 = ORIENTED_EDGE('',*,*,#4121,.T.);
#4121 = EDGE_CURVE('',#4096,#4122,#4124,.T.);
#4122 = VERTEX_POINT('',#4123);
#4123 = CARTESIAN_POINT('',(231.76946091229,-139.8474096365,
    41.495281374239));
#4124 = SURFACE_CURVE('',#4125,(#4129,#4135),.PCURVE_S1.);
#4125 = LINE('',#4126,#4127);
#4126 = CARTESIAN_POINT('',(230.00938015875,-142.9043919979,
    41.495281374239));
#4127 = VECTOR('',#4128,1.);
#4128 = DIRECTION('',(-0.498964444867,-0.866622456874,0.));
#4129 = PCURVE('',#214,#4130);
#4130 = DEFINITIONAL_REPRESENTATION('',(#4131),#4134);
#4131 = B_SPLINE_CURVE_WITH_KNOTS('',1,(#4132,#4133),.UNSPECIFIED.,.F.,
  .F.,(2,2),(-9.127467280772,2.872532719228),.PIECEWISE_BEZIER_KNOTS.);
#4132 = CARTESIAN_POINT('',(12.,-34.30528137423));
#4133 = CARTESIAN_POINT('',(0.,-34.30528137423));
#4134 = ( GEOMETRIC_REPRESENTATION_CONTEXT(2) 
PARAMETRIC_REPRESENTATION_CONTEXT() REPRESENTATION_CONTEXT('2D SPACE',''
  ) );
#4135 = PCURVE('',#4136,#4141);
#4136 = PLANE('',#4137);
#4137 = AXIS2_PLACEMENT_3D('',#4138,#4139,#4140);
#4138 = CARTESIAN_POINT('',(251.35618330711,-151.8803457153,
    41.495281374239));
#4139 = DIRECTION('',(-0.,-0.,-1.));
#4140 = DIRECTION('',(-1.,0.,0.));
#4141 = DEFINITIONAL_REPRESENTATION('',(#4142),#4145);
#4142 = B_SPLINE_CURVE_WITH_KNOTS('',1,(#4143,#4144),.UNSPECIFIED.,.F.,
  .F.,(2,2),(-9.127467280772,2.872532719228),.PIECEWISE_BEZIER_KNOTS.);
#4143 = CARTESIAN_POINT('',(16.792521503568,16.886021837319));
#4144 = CARTESIAN_POINT('',(22.780094841971,6.486552354829));
#4145 = ( GEOMETRIC_REPRESENTATION_CONTEXT(2) 
PARAMETRIC_REPRESENTATION_CONTEXT() REPRESENTATION_CONTEXT('2D SPACE',''
  ) );
#4146 = ORIENTED_EDGE('',*,*,#4147,.T.);
#4147 = EDGE_CURVE('',#4122,#4148,#4150,.T.);
#4148 = VERTEX_POINT('',#4149);
#4149 = CARTESIAN_POINT('',(231.76946091229,-139.8474096365,
    41.095281374239));
#4150 = SURFACE_CURVE('',#4151,(#4155,#4161),.PCURVE_S1.);
#4151 = LINE('',#4152,#4153);
#4152 = CARTESIAN_POINT('',(231.76946091229,-139.8474096365,
    24.137640687119));
#4153 = VECTOR('',#4154,1.);
#4154 = DIRECTION('',(0.,0.,-1.));
#4155 = PCURVE('',#214,#4156);
#4156 = DEFINITIONAL_REPRESENTATION('',(#4157),#4160);
#4157 = B_SPLINE_CURVE_WITH_KNOTS('',1,(#4158,#4159),.UNSPECIFIED.,.F.,
  .F.,(2,2),(-17.35764068711,-16.95764068711),.PIECEWISE_BEZIER_KNOTS.);
#4158 = CARTESIAN_POINT('',(6.4,-34.30528137423));
#4159 = CARTESIAN_POINT('',(6.4,-33.90528137423));
#4160 = ( GEOMETRIC_REPRESENTATION_CONTEXT(2) 
PARAMETRIC_REPRESENTATION_CONTEXT() REPRESENTATION_CONTEXT('2D SPACE',''
  ) );
#4161 = PCURVE('',#4162,#4167);
#4162 = PLANE('',#4163);
#4163 = AXIS2_PLACEMENT_3D('',#4164,#4165,#4166);
#4164 = CARTESIAN_POINT('',(224.86630732299,-135.8728666609,
    41.085281374239));
#4165 = DIRECTION('',(0.498964444867,0.866622456874,0.));
#4166 = DIRECTION('',(0.866622456874,-0.498964444867,0.));
#4167 = DEFINITIONAL_REPRESENTATION('',(#4168),#4171);
#4168 = B_SPLINE_CURVE_WITH_KNOTS('',1,(#4169,#4170),.UNSPECIFIED.,.F.,
  .F.,(2,2),(-17.35764068711,-16.95764068711),.PIECEWISE_BEZIER_KNOTS.);
#4169 = CARTESIAN_POINT('',(7.965583553178,-0.41));
#4170 = CARTESIAN_POINT('',(7.965583553178,-9.999999999998E-03));
#4171 = ( GEOMETRIC_REPRESENTATION_CONTEXT(2) 
PARAMETRIC_REPRESENTATION_CONTEXT() REPRESENTATION_CONTEXT('2D SPACE',''
  ) );
#4172 = ORIENTED_EDGE('',*,*,#4173,.T.);
#4173 = EDGE_CURVE('',#4148,#4174,#4176,.T.);
#4174 = VERTEX_POINT('',#4175);
#4175 = CARTESIAN_POINT('',(231.56987513434,-140.1940586193,
    41.095281374239));
#4176 = SURFACE_CURVE('',#4177,(#4181,#4187),.PCURVE_S1.);
#4177 = LINE('',#4178,#4179);
#4178 = CARTESIAN_POINT('',(230.00938015875,-142.9043919979,
    41.095281374239));
#4179 = VECTOR('',#4180,1.);
#4180 = DIRECTION('',(-0.498964444867,-0.866622456874,0.));
#4181 = PCURVE('',#214,#4182);
#4182 = DEFINITIONAL_REPRESENTATION('',(#4183),#4186);
#4183 = B_SPLINE_CURVE_WITH_KNOTS('',1,(#4184,#4185),.UNSPECIFIED.,.F.,
  .F.,(2,2),(-9.127467280772,2.872532719228),.PIECEWISE_BEZIER_KNOTS.);
#4184 = CARTESIAN_POINT('',(12.,-33.90528137423));
#4185 = CARTESIAN_POINT('',(0.,-33.90528137423));
#4186 = ( GEOMETRIC_REPRESENTATION_CONTEXT(2) 
PARAMETRIC_REPRESENTATION_CONTEXT() REPRESENTATION_CONTEXT('2D SPACE',''
  ) );
#4187 = PCURVE('',#4188,#4193);
#4188 = PLANE('',#4189);
#4189 = AXIS2_PLACEMENT_3D('',#4190,#4191,#4192);
#4190 = CARTESIAN_POINT('',(251.35618330711,-151.8803457153,
    41.095281374239));
#4191 = DIRECTION('',(-0.,-0.,-1.));
#4192 = DIRECTION('',(-1.,0.,0.));
#4193 = DEFINITIONAL_REPRESENTATION('',(#4194),#4197);
#4194 = B_SPLINE_CURVE_WITH_KNOTS('',1,(#4195,#4196),.UNSPECIFIED.,.F.,
  .F.,(2,2),(-9.127467280772,2.872532719228),.PIECEWISE_BEZIER_KNOTS.);
#4195 = CARTESIAN_POINT('',(16.792521503568,16.886021837319));
#4196 = CARTESIAN_POINT('',(22.780094841971,6.486552354829));
#4197 = ( GEOMETRIC_REPRESENTATION_CONTEXT(2) 
PARAMETRIC_REPRESENTATION_CONTEXT() REPRESENTATION_CONTEXT('2D SPACE',''
  ) );
#4198 = ORIENTED_EDGE('',*,*,#4199,.T.);
#4199 = EDGE_CURVE('',#4174,#4200,#4202,.T.);
#4200 = VERTEX_POINT('',#4201);
#4201 = CARTESIAN_POINT('',(231.56987513434,-140.1940586193,
    40.695281374239));
#4202 = SURFACE_CURVE('',#4203,(#4207,#4213),.PCURVE_S1.);
#4203 = LINE('',#4204,#4205);
#4204 = CARTESIAN_POINT('',(231.56987513434,-140.1940586193,
    23.937640687119));
#4205 = VECTOR('',#4206,1.);
#4206 = DIRECTION('',(0.,0.,-1.));
#4207 = PCURVE('',#214,#4208);
#4208 = DEFINITIONAL_REPRESENTATION('',(#4209),#4212);
#4209 = B_SPLINE_CURVE_WITH_KNOTS('',1,(#4210,#4211),.UNSPECIFIED.,.F.,
  .F.,(2,2),(-17.15764068711,-16.75764068711),.PIECEWISE_BEZIER_KNOTS.);
#4210 = CARTESIAN_POINT('',(6.,-33.90528137423));
#4211 = CARTESIAN_POINT('',(6.,-33.50528137423));
#4212 = ( GEOMETRIC_REPRESENTATION_CONTEXT(2) 
PARAMETRIC_REPRESENTATION_CONTEXT() REPRESENTATION_CONTEXT('2D SPACE',''
  ) );
#4213 = PCURVE('',#4214,#4219);
#4214 = PLANE('',#4215);
#4215 = AXIS2_PLACEMENT_3D('',#4216,#4217,#4218);
#4216 = CARTESIAN_POINT('',(224.66672154505,-136.2195156436,
    40.685281374239));
#4217 = DIRECTION('',(0.498964444867,0.866622456874,0.));
#4218 = DIRECTION('',(0.866622456874,-0.498964444867,0.));
#4219 = DEFINITIONAL_REPRESENTATION('',(#4220),#4223);
#4220 = B_SPLINE_CURVE_WITH_KNOTS('',1,(#4221,#4222),.UNSPECIFIED.,.F.,
  .F.,(2,2),(-17.15764068711,-16.75764068711),.PIECEWISE_BEZIER_KNOTS.);
#4221 = CARTESIAN_POINT('',(7.965583553178,-0.41));
#4222 = CARTESIAN_POINT('',(7.965583553178,-9.999999999998E-03));
#4223 = ( GEOMETRIC_REPRESENTATION_CONTEXT(2) 
PARAMETRIC_REPRESENTATION_CONTEXT() REPRESENTATION_CONTEXT('2D SPACE',''
  ) );
#4224 = ORIENTED_EDGE('',*,*,#4225,.T.);
#4225 = EDGE_CURVE('',#4200,#4226,#4228,.T.);
#4226 = VERTEX_POINT('',#4227);
#4227 = CARTESIAN_POINT('',(231.37028935639,-140.540707602,
    40.695281374239));
#4228 = SURFACE_CURVE('',#4229,(#4233,#4239),.PCURVE_S1.);
#4229 = LINE('',#4230,#4231);
#4230 = CARTESIAN_POINT('',(230.00938015875,-142.9043919979,
    40.695281374239));
#4231 = VECTOR('',#4232,1.);
#4232 = DIRECTION('',(-0.498964444867,-0.866622456874,0.));
#4233 = PCURVE('',#214,#4234);
#4234 = DEFINITIONAL_REPRESENTATION('',(#4235),#4238);
#4235 = B_SPLINE_CURVE_WITH_KNOTS('',1,(#4236,#4237),.UNSPECIFIED.,.F.,
  .F.,(2,2),(-9.127467280772,2.872532719228),.PIECEWISE_BEZIER_KNOTS.);
#4236 = CARTESIAN_POINT('',(12.,-33.50528137423));
#4237 = CARTESIAN_POINT('',(0.,-33.50528137423));
#4238 = ( GEOMETRIC_REPRESENTATION_CONTEXT(2) 
PARAMETRIC_REPRESENTATION_CONTEXT() REPRESENTATION_CONTEXT('2D SPACE',''
  ) );
#4239 = PCURVE('',#4240,#4245);
#4240 = PLANE('',#4241);
#4241 = AXIS2_PLACEMENT_3D('',#4242,#4243,#4244);
#4242 = CARTESIAN_POINT('',(251.35618330711,-151.8803457153,
    40.695281374239));
#4243 = DIRECTION('',(-0.,-0.,-1.));
#4244 = DIRECTION('',(-1.,0.,0.));
#4245 = DEFINITIONAL_REPRESENTATION('',(#4246),#4249);
#4246 = B_SPLINE_CURVE_WITH_KNOTS('',1,(#4247,#4248),.UNSPECIFIED.,.F.,
  .F.,(2,2),(-9.127467280772,2.872532719228),.PIECEWISE_BEZIER_KNOTS.);
#4247 = CARTESIAN_POINT('',(16.792521503568,16.886021837319));
#4248 = CARTESIAN_POINT('',(22.780094841971,6.486552354829));
#4249 = ( GEOMETRIC_REPRESENTATION_CONTEXT(2) 
PARAMETRIC_REPRESENTATION_CONTEXT() REPRESENTATION_CONTEXT('2D SPACE',''
  ) );
#4250 = ORIENTED_EDGE('',*,*,#4251,.T.);
#4251 = EDGE_CURVE('',#4226,#4252,#4254,.T.);
#4252 = VERTEX_POINT('',#4253);
#4253 = CARTESIAN_POINT('',(231.37028935639,-140.540707602,
    40.295281374239));
#4254 = SURFACE_CURVE('',#4255,(#4259,#4265),.PCURVE_S1.);
#4255 = LINE('',#4256,#4257);
#4256 = CARTESIAN_POINT('',(231.37028935639,-140.540707602,
    23.737640687119));
#4257 = VECTOR('',#4258,1.);
#4258 = DIRECTION('',(0.,0.,-1.));
#4259 = PCURVE('',#214,#4260);
#4260 = DEFINITIONAL_REPRESENTATION('',(#4261),#4264);
#4261 = B_SPLINE_CURVE_WITH_KNOTS('',1,(#4262,#4263),.UNSPECIFIED.,.F.,
  .F.,(2,2),(-16.95764068711,-16.55764068711),.PIECEWISE_BEZIER_KNOTS.);
#4262 = CARTESIAN_POINT('',(5.6,-33.50528137423));
#4263 = CARTESIAN_POINT('',(5.6,-33.10528137423));
#4264 = ( GEOMETRIC_REPRESENTATION_CONTEXT(2) 
PARAMETRIC_REPRESENTATION_CONTEXT() REPRESENTATION_CONTEXT('2D SPACE',''
  ) );
#4265 = PCURVE('',#4266,#4271);
#4266 = PLANE('',#4267);
#4267 = AXIS2_PLACEMENT_3D('',#4268,#4269,#4270);
#4268 = CARTESIAN_POINT('',(224.4671357671,-136.5661646264,
    40.285281374239));
#4269 = DIRECTION('',(0.498964444867,0.866622456874,0.));
#4270 = DIRECTION('',(0.866622456874,-0.498964444867,0.));
#4271 = DEFINITIONAL_REPRESENTATION('',(#4272),#4275);
#4272 = B_SPLINE_CURVE_WITH_KNOTS('',1,(#4273,#4274),.UNSPECIFIED.,.F.,
  .F.,(2,2),(-16.95764068711,-16.55764068711),.PIECEWISE_BEZIER_KNOTS.);
#4273 = CARTESIAN_POINT('',(7.965583553178,-0.41));
#4274 = CARTESIAN_POINT('',(7.965583553178,-9.999999999998E-03));
#4275 = ( GEOMETRIC_REPRESENTATION_CONTEXT(2) 
PARAMETRIC_REPRESENTATION_CONTEXT() REPRESENTATION_CONTEXT('2D SPACE',''
  ) );
#4276 = ORIENTED_EDGE('',*,*,#4277,.T.);
#4277 = EDGE_CURVE('',#4252,#4278,#4280,.T.);
#4278 = VERTEX_POINT('',#4279);
#4279 = CARTESIAN_POINT('',(231.17070357844,-140.8873565848,
    40.295281374239));
#4280 = SURFACE_CURVE('',#4281,(#4285,#4291),.PCURVE_S1.);
#4281 = LINE('',#4282,#4283);
#4282 = CARTESIAN_POINT('',(230.00938015875,-142.9043919979,
    40.295281374239));
#4283 = VECTOR('',#4284,1.);
#4284 = DIRECTION('',(-0.498964444867,-0.866622456874,0.));
#4285 = PCURVE('',#214,#4286);
#4286 = DEFINITIONAL_REPRESENTATION('',(#4287),#4290);
#4287 = B_SPLINE_CURVE_WITH_KNOTS('',1,(#4288,#4289),.UNSPECIFIED.,.F.,
  .F.,(2,2),(-9.127467280772,2.872532719228),.PIECEWISE_BEZIER_KNOTS.);
#4288 = CARTESIAN_POINT('',(12.,-33.10528137423));
#4289 = CARTESIAN_POINT('',(0.,-33.10528137423));
#4290 = ( GEOMETRIC_REPRESENTATION_CONTEXT(2) 
PARAMETRIC_REPRESENTATION_CONTEXT() REPRESENTATION_CONTEXT('2D SPACE',''
  ) );
#4291 = PCURVE('',#4292,#4297);
#4292 = PLANE('',#4293);
#4293 = AXIS2_PLACEMENT_3D('',#4294,#4295,#4296);
#4294 = CARTESIAN_POINT('',(251.35618330711,-151.8803457153,
    40.295281374239));
#4295 = DIRECTION('',(-0.,-0.,-1.));
#4296 = DIRECTION('',(-1.,0.,0.));
#4297 = DEFINITIONAL_REPRESENTATION('',(#4298),#4301);
#4298 = B_SPLINE_CURVE_WITH_KNOTS('',1,(#4299,#4300),.UNSPECIFIED.,.F.,
  .F.,(2,2),(-9.127467280772,2.872532719228),.PIECEWISE_BEZIER_KNOTS.);
#4299 = CARTESIAN_POINT('',(16.792521503568,16.886021837319));
#4300 = CARTESIAN_POINT('',(22.780094841971,6.486552354829));
#4301 = ( GEOMETRIC_REPRESENTATION_CONTEXT(2) 
PARAMETRIC_REPRESENTATION_CONTEXT() REPRESENTATION_CONTEXT('2D SPACE',''
  ) );
#4302 = ORIENTED_EDGE('',*,*,#4303,.T.);
#4303 = EDGE_CURVE('',#4278,#4304,#4306,.T.);
#4304 = VERTEX_POINT('',#4305);
#4305 = CARTESIAN_POINT('',(231.17070357844,-140.8873565848,
    39.895281374239));
#4306 = SURFACE_CURVE('',#4307,(#4311,#4317),.PCURVE_S1.);
#4307 = LINE('',#4308,#4309);
#4308 = CARTESIAN_POINT('',(231.17070357844,-140.8873565848,
    23.537640687119));
#4309 = VECTOR('',#4310,1.);
#4310 = DIRECTION('',(0.,0.,-1.));
#4311 = PCURVE('',#214,#4312);
#4312 = DEFINITIONAL_REPRESENTATION('',(#4313),#4316);
#4313 = B_SPLINE_CURVE_WITH_KNOTS('',1,(#4314,#4315),.UNSPECIFIED.,.F.,
  .F.,(2,2),(-16.75764068711,-16.35764068711),.PIECEWISE_BEZIER_KNOTS.);
#4314 = CARTESIAN_POINT('',(5.2,-33.10528137423));
#4315 = CARTESIAN_POINT('',(5.2,-32.70528137423));
#4316 = ( GEOMETRIC_REPRESENTATION_CONTEXT(2) 
PARAMETRIC_REPRESENTATION_CONTEXT() REPRESENTATION_CONTEXT('2D SPACE',''
  ) );
#4317 = PCURVE('',#4318,#4323);
#4318 = PLANE('',#4319);
#4319 = AXIS2_PLACEMENT_3D('',#4320,#4321,#4322);
#4320 = CARTESIAN_POINT('',(224.26754998915,-136.9128136091,
    39.885281374239));
#4321 = DIRECTION('',(0.498964444867,0.866622456874,0.));
#4322 = DIRECTION('',(0.866622456874,-0.498964444867,0.));
#4323 = DEFINITIONAL_REPRESENTATION('',(#4324),#4327);
#4324 = B_SPLINE_CURVE_WITH_KNOTS('',1,(#4325,#4326),.UNSPECIFIED.,.F.,
  .F.,(2,2),(-16.75764068711,-16.35764068711),.PIECEWISE_BEZIER_KNOTS.);
#4325 = CARTESIAN_POINT('',(7.965583553178,-0.41));
#4326 = CARTESIAN_POINT('',(7.965583553178,-9.999999999991E-03));
#4327 = ( GEOMETRIC_REPRESENTATION_CONTEXT(2) 
PARAMETRIC_REPRESENTATION_CONTEXT() REPRESENTATION_CONTEXT('2D SPACE',''
  ) );
#4328 = ORIENTED_EDGE('',*,*,#4329,.T.);
#4329 = EDGE_CURVE('',#4304,#4330,#4332,.T.);
#4330 = VERTEX_POINT('',#4331);
#4331 = CARTESIAN_POINT('',(230.9711178005,-141.2340055675,
    39.895281374239));
#4332 = SURFACE_CURVE('',#4333,(#4337,#4343),.PCURVE_S1.);
#4333 = LINE('',#4334,#4335);
#4334 = CARTESIAN_POINT('',(230.00938015875,-142.9043919979,
    39.895281374239));
#4335 = VECTOR('',#4336,1.);
#4336 = DIRECTION('',(-0.498964444867,-0.866622456874,0.));
#4337 = PCURVE('',#214,#4338);
#4338 = DEFINITIONAL_REPRESENTATION('',(#4339),#4342);
#4339 = B_SPLINE_CURVE_WITH_KNOTS('',1,(#4340,#4341),.UNSPECIFIED.,.F.,
  .F.,(2,2),(-9.127467280772,2.872532719228),.PIECEWISE_BEZIER_KNOTS.);
#4340 = CARTESIAN_POINT('',(12.,-32.70528137423));
#4341 = CARTESIAN_POINT('',(0.,-32.70528137423));
#4342 = ( GEOMETRIC_REPRESENTATION_CONTEXT(2) 
PARAMETRIC_REPRESENTATION_CONTEXT() REPRESENTATION_CONTEXT('2D SPACE',''
  ) );
#4343 = PCURVE('',#4344,#4349);
#4344 = PLANE('',#4345);
#4345 = AXIS2_PLACEMENT_3D('',#4346,#4347,#4348);
#4346 = CARTESIAN_POINT('',(251.35618330711,-151.8803457153,
    39.895281374239));
#4347 = DIRECTION('',(-0.,-0.,-1.));
#4348 = DIRECTION('',(-1.,0.,0.));
#4349 = DEFINITIONAL_REPRESENTATION('',(#4350),#4353);
#4350 = B_SPLINE_CURVE_WITH_KNOTS('',1,(#4351,#4352),.UNSPECIFIED.,.F.,
  .F.,(2,2),(-9.127467280772,2.872532719228),.PIECEWISE_BEZIER_KNOTS.);
#4351 = CARTESIAN_POINT('',(16.792521503568,16.886021837319));
#4352 = CARTESIAN_POINT('',(22.780094841971,6.486552354829));
#4353 = ( GEOMETRIC_REPRESENTATION_CONTEXT(2) 
PARAMETRIC_REPRESENTATION_CONTEXT() REPRESENTATION_CONTEXT('2D SPACE',''
  ) );
#4354 = ORIENTED_EDGE('',*,*,#4355,.T.);
#4355 = EDGE_CURVE('',#4330,#4356,#4358,.T.);
#4356 = VERTEX_POINT('',#4357);
#4357 = CARTESIAN_POINT('',(230.9711178005,-141.2340055675,
    39.495281374239));
#4358 = SURFACE_CURVE('',#4359,(#4363,#4369),.PCURVE_S1.);
#4359 = LINE('',#4360,#4361);
#4360 = CARTESIAN_POINT('',(230.9711178005,-141.2340055675,
    23.337640687119));
#4361 = VECTOR('',#4362,1.);
#4362 = DIRECTION('',(0.,0.,-1.));
#4363 = PCURVE('',#214,#4364);
#4364 = DEFINITIONAL_REPRESENTATION('',(#4365),#4368);
#4365 = B_SPLINE_CURVE_WITH_KNOTS('',1,(#4366,#4367),.UNSPECIFIED.,.F.,
  .F.,(2,2),(-16.55764068711,-16.15764068711),.PIECEWISE_BEZIER_KNOTS.);
#4366 = CARTESIAN_POINT('',(4.8,-32.70528137423));
#4367 = CARTESIAN_POINT('',(4.8,-32.30528137423));
#4368 = ( GEOMETRIC_REPRESENTATION_CONTEXT(2) 
PARAMETRIC_REPRESENTATION_CONTEXT() REPRESENTATION_CONTEXT('2D SPACE',''
  ) );
#4369 = PCURVE('',#4370,#4375);
#4370 = PLANE('',#4371);
#4371 = AXIS2_PLACEMENT_3D('',#4372,#4373,#4374);
#4372 = CARTESIAN_POINT('',(224.06796421121,-137.2594625918,
    39.485281374239));
#4373 = DIRECTION('',(0.498964444867,0.866622456874,0.));
#4374 = DIRECTION('',(0.866622456874,-0.498964444867,0.));
#4375 = DEFINITIONAL_REPRESENTATION('',(#4376),#4379);
#4376 = B_SPLINE_CURVE_WITH_KNOTS('',1,(#4377,#4378),.UNSPECIFIED.,.F.,
  .F.,(2,2),(-16.55764068711,-16.15764068711),.PIECEWISE_BEZIER_KNOTS.);
#4377 = CARTESIAN_POINT('',(7.965583553178,-0.41));
#4378 = CARTESIAN_POINT('',(7.965583553178,-9.999999999998E-03));
#4379 = ( GEOMETRIC_REPRESENTATION_CONTEXT(2) 
PARAMETRIC_REPRESENTATION_CONTEXT() REPRESENTATION_CONTEXT('2D SPACE',''
  ) );
#4380 = ORIENTED_EDGE('',*,*,#4381,.T.);
#4381 = EDGE_CURVE('',#4356,#4382,#4384,.T.);
#4382 = VERTEX_POINT('',#4383);
#4383 = CARTESIAN_POINT('',(230.77153202255,-141.5806545503,
    39.495281374239));
#4384 = SURFACE_CURVE('',#4385,(#4389,#4395),.PCURVE_S1.);
#4385 = LINE('',#4386,#4387);
#4386 = CARTESIAN_POINT('',(230.00938015875,-142.9043919979,
    39.495281374239));
#4387 = VECTOR('',#4388,1.);
#4388 = DIRECTION('',(-0.498964444867,-0.866622456874,0.));
#4389 = PCURVE('',#214,#4390);
#4390 = DEFINITIONAL_REPRESENTATION('',(#4391),#4394);
#4391 = B_SPLINE_CURVE_WITH_KNOTS('',1,(#4392,#4393),.UNSPECIFIED.,.F.,
  .F.,(2,2),(-9.127467280772,2.872532719228),.PIECEWISE_BEZIER_KNOTS.);
#4392 = CARTESIAN_POINT('',(12.,-32.30528137423));
#4393 = CARTESIAN_POINT('',(0.,-32.30528137423));
#4394 = ( GEOMETRIC_REPRESENTATION_CONTEXT(2) 
PARAMETRIC_REPRESENTATION_CONTEXT() REPRESENTATION_CONTEXT('2D SPACE',''
  ) );
#4395 = PCURVE('',#4396,#4401);
#4396 = PLANE('',#4397);
#4397 = AXIS2_PLACEMENT_3D('',#4398,#4399,#4400);
#4398 = CARTESIAN_POINT('',(251.35618330711,-151.8803457153,
    39.495281374239));
#4399 = DIRECTION('',(-0.,-0.,-1.));
#4400 = DIRECTION('',(-1.,0.,0.));
#4401 = DEFINITIONAL_REPRESENTATION('',(#4402),#4405);
#4402 = B_SPLINE_CURVE_WITH_KNOTS('',1,(#4403,#4404),.UNSPECIFIED.,.F.,
  .F.,(2,2),(-9.127467280772,2.872532719228),.PIECEWISE_BEZIER_KNOTS.);
#4403 = CARTESIAN_POINT('',(16.792521503568,16.886021837319));
#4404 = CARTESIAN_POINT('',(22.780094841971,6.486552354829));
#4405 = ( GEOMETRIC_REPRESENTATION_CONTEXT(2) 
PARAMETRIC_REPRESENTATION_CONTEXT() REPRESENTATION_CONTEXT('2D SPACE',''
  ) );
#4406 = ORIENTED_EDGE('',*,*,#4407,.T.);
#4407 = EDGE_CURVE('',#4382,#4408,#4410,.T.);
#4408 = VERTEX_POINT('',#4409);
#4409 = CARTESIAN_POINT('',(230.77153202255,-141.5806545503,
    39.095281374239));
#4410 = SURFACE_CURVE('',#4411,(#4415,#4421),.PCURVE_S1.);
#4411 = LINE('',#4412,#4413);
#4412 = CARTESIAN_POINT('',(230.77153202255,-141.5806545503,
    23.137640687119));
#4413 = VECTOR('',#4414,1.);
#4414 = DIRECTION('',(0.,0.,-1.));
#4415 = PCURVE('',#214,#4416);
#4416 = DEFINITIONAL_REPRESENTATION('',(#4417),#4420);
#4417 = B_SPLINE_CURVE_WITH_KNOTS('',1,(#4418,#4419),.UNSPECIFIED.,.F.,
  .F.,(2,2),(-16.35764068711,-15.95764068711),.PIECEWISE_BEZIER_KNOTS.);
#4418 = CARTESIAN_POINT('',(4.4,-32.30528137423));
#4419 = CARTESIAN_POINT('',(4.4,-31.90528137423));
#4420 = ( GEOMETRIC_REPRESENTATION_CONTEXT(2) 
PARAMETRIC_REPRESENTATION_CONTEXT() REPRESENTATION_CONTEXT('2D SPACE',''
  ) );
#4421 = PCURVE('',#4422,#4427);
#4422 = PLANE('',#4423);
#4423 = AXIS2_PLACEMENT_3D('',#4424,#4425,#4426);
#4424 = CARTESIAN_POINT('',(223.86837843326,-137.6061115746,
    39.085281374239));
#4425 = DIRECTION('',(0.498964444867,0.866622456874,0.));
#4426 = DIRECTION('',(0.866622456874,-0.498964444867,0.));
#4427 = DEFINITIONAL_REPRESENTATION('',(#4428),#4431);
#4428 = B_SPLINE_CURVE_WITH_KNOTS('',1,(#4429,#4430),.UNSPECIFIED.,.F.,
  .F.,(2,2),(-16.35764068711,-15.95764068711),.PIECEWISE_BEZIER_KNOTS.);
#4429 = CARTESIAN_POINT('',(7.965583553178,-0.41));
#4430 = CARTESIAN_POINT('',(7.965583553178,-9.999999999998E-03));
#4431 = ( GEOMETRIC_REPRESENTATION_CONTEXT(2) 
PARAMETRIC_REPRESENTATION_CONTEXT() REPRESENTATION_CONTEXT('2D SPACE',''
  ) );
#4432 = ORIENTED_EDGE('',*,*,#4433,.F.);
#4433 = EDGE_CURVE('',#4434,#4408,#4436,.T.);
#4434 = VERTEX_POINT('',#4435);
#4435 = CARTESIAN_POINT('',(230.5719462446,-141.927303533,
    39.095281374239));
#4436 = SURFACE_CURVE('',#4437,(#4441,#4447),.PCURVE_S1.);
#4437 = LINE('',#4438,#4439);
#4438 = CARTESIAN_POINT('',(228.8227642678,-144.9653564401,
    39.095281374239));
#4439 = VECTOR('',#4440,1.);
#4440 = DIRECTION('',(0.498964444867,0.866622456874,-0.));
#4441 = PCURVE('',#214,#4442);
#4442 = DEFINITIONAL_REPRESENTATION('',(#4443),#4446);
#4443 = B_SPLINE_CURVE_WITH_KNOTS('',1,(#4444,#4445),.UNSPECIFIED.,.F.,
  .F.,(2,2),(-0.494375511515,11.505624488485),.PIECEWISE_BEZIER_KNOTS.);
#4444 = CARTESIAN_POINT('',(0.,-31.90528137423));
#4445 = CARTESIAN_POINT('',(12.,-31.90528137423));
#4446 = ( GEOMETRIC_REPRESENTATION_CONTEXT(2) 
PARAMETRIC_REPRESENTATION_CONTEXT() REPRESENTATION_CONTEXT('2D SPACE',''
  ) );
#4447 = PCURVE('',#4448,#4453);
#4448 = PLANE('',#4449);
#4449 = AXIS2_PLACEMENT_3D('',#4450,#4451,#4452);
#4450 = CARTESIAN_POINT('',(180.729882341,-116.7050529482,
    39.095281374239));
#4451 = DIRECTION('',(0.,0.,1.));
#4452 = DIRECTION('',(1.,0.,-0.));
#4453 = DEFINITIONAL_REPRESENTATION('',(#4454),#4457);
#4454 = B_SPLINE_CURVE_WITH_KNOTS('',1,(#4455,#4456),.UNSPECIFIED.,.F.,
  .F.,(2,2),(-0.494375511515,11.505624488485),.PIECEWISE_BEZIER_KNOTS.);
#4455 = CARTESIAN_POINT('',(47.846206124138,-28.68874041232));
#4456 = CARTESIAN_POINT('',(53.833779462542,-18.28927092983));
#4457 = ( GEOMETRIC_REPRESENTATION_CONTEXT(2) 
PARAMETRIC_REPRESENTATION_CONTEXT() REPRESENTATION_CONTEXT('2D SPACE',''
  ) );
#4458 = ORIENTED_EDGE('',*,*,#4459,.T.);
#4459 = EDGE_CURVE('',#4434,#4460,#4462,.T.);
#4460 = VERTEX_POINT('',#4461);
#4461 = CARTESIAN_POINT('',(230.5719462446,-141.927303533,8.2));
#4462 = SURFACE_CURVE('',#4463,(#4467,#4473),.PCURVE_S1.);
#4463 = LINE('',#4464,#4465);
#4464 = CARTESIAN_POINT('',(230.5719462446,-141.927303533,7.695));
#4465 = VECTOR('',#4466,1.);
#4466 = DIRECTION('',(-0.,0.,-1.));
#4467 = PCURVE('',#214,#4468);
#4468 = DEFINITIONAL_REPRESENTATION('',(#4469),#4472);
#4469 = B_SPLINE_CURVE_WITH_KNOTS('',1,(#4470,#4471),.UNSPECIFIED.,.F.,
  .F.,(2,2),(-31.40028137423,-0.505),.PIECEWISE_BEZIER_KNOTS.);
#4470 = CARTESIAN_POINT('',(4.,-31.90528137423));
#4471 = CARTESIAN_POINT('',(4.,-1.01));
#4472 = ( GEOMETRIC_REPRESENTATION_CONTEXT(2) 
PARAMETRIC_REPRESENTATION_CONTEXT() REPRESENTATION_CONTEXT('2D SPACE',''
  ) );
#4473 = PCURVE('',#4474,#4479);
#4474 = PLANE('',#4475);
#4475 = AXIS2_PLACEMENT_3D('',#4476,#4477,#4478);
#4476 = CARTESIAN_POINT('',(223.66879265531,-137.9527605573,8.2));
#4477 = DIRECTION('',(0.498964444867,0.866622456874,-0.));
#4478 = DIRECTION('',(0.866622456874,-0.498964444867,0.));
#4479 = DEFINITIONAL_REPRESENTATION('',(#4480),#4483);
#4480 = B_SPLINE_CURVE_WITH_KNOTS('',1,(#4481,#4482),.UNSPECIFIED.,.F.,
  .F.,(2,2),(-31.40028137423,-0.505),.PIECEWISE_BEZIER_KNOTS.);
#4481 = CARTESIAN_POINT('',(7.965583553178,-30.89528137423));
#4482 = CARTESIAN_POINT('',(7.965583553178,0.));
#4483 = ( GEOMETRIC_REPRESENTATION_CONTEXT(2) 
PARAMETRIC_REPRESENTATION_CONTEXT() REPRESENTATION_CONTEXT('2D SPACE',''
  ) );
#4484 = ORIENTED_EDGE('',*,*,#4485,.T.);
#4485 = EDGE_CURVE('',#4460,#4486,#4488,.T.);
#4486 = VERTEX_POINT('',#4487);
#4487 = CARTESIAN_POINT('',(234.56366180354,-134.994323878,8.2));
#4488 = SURFACE_CURVE('',#4489,(#4493,#4499),.PCURVE_S1.);
#4489 = LINE('',#4490,#4491);
#4490 = CARTESIAN_POINT('',(228.8227642678,-144.9653564401,8.2));
#4491 = VECTOR('',#4492,1.);
#4492 = DIRECTION('',(0.498964444867,0.866622456874,-0.));
#4493 = PCURVE('',#214,#4494);
#4494 = DEFINITIONAL_REPRESENTATION('',(#4495),#4498);
#4495 = B_SPLINE_CURVE_WITH_KNOTS('',1,(#4496,#4497),.UNSPECIFIED.,.F.,
  .F.,(2,2),(-0.494375511515,11.505624488485),.PIECEWISE_BEZIER_KNOTS.);
#4496 = CARTESIAN_POINT('',(0.,-1.01));
#4497 = CARTESIAN_POINT('',(12.,-1.01));
#4498 = ( GEOMETRIC_REPRESENTATION_CONTEXT(2) 
PARAMETRIC_REPRESENTATION_CONTEXT() REPRESENTATION_CONTEXT('2D SPACE',''
  ) );
#4499 = PCURVE('',#4500,#4505);
#4500 = PLANE('',#4501);
#4501 = AXIS2_PLACEMENT_3D('',#4502,#4503,#4504);
#4502 = CARTESIAN_POINT('',(180.729882341,-116.7050529482,8.2));
#4503 = DIRECTION('',(0.,0.,1.));
#4504 = DIRECTION('',(1.,0.,-0.));
#4505 = DEFINITIONAL_REPRESENTATION('',(#4506),#4509);
#4506 = B_SPLINE_CURVE_WITH_KNOTS('',1,(#4507,#4508),.UNSPECIFIED.,.F.,
  .F.,(2,2),(-0.494375511515,11.505624488485),.PIECEWISE_BEZIER_KNOTS.);
#4507 = CARTESIAN_POINT('',(47.846206124138,-28.68874041232));
#4508 = CARTESIAN_POINT('',(53.833779462542,-18.28927092983));
#4509 = ( GEOMETRIC_REPRESENTATION_CONTEXT(2) 
PARAMETRIC_REPRESENTATION_CONTEXT() REPRESENTATION_CONTEXT('2D SPACE',''
  ) );
#4510 = ORIENTED_EDGE('',*,*,#4511,.F.);
#4511 = EDGE_CURVE('',#2006,#4486,#4512,.T.);
#4512 = SURFACE_CURVE('',#4513,(#4517,#4524),.PCURVE_S1.);
#4513 = LINE('',#4514,#4515);
#4514 = CARTESIAN_POINT('',(234.56366180354,-134.994323878,7.19));
#4515 = VECTOR('',#4516,1.);
#4516 = DIRECTION('',(0.,0.,1.));
#4517 = PCURVE('',#214,#4518);
#4518 = DEFINITIONAL_REPRESENTATION('',(#4519),#4523);
#4519 = LINE('',#4520,#4521);
#4520 = CARTESIAN_POINT('',(12.,0.));
#4521 = VECTOR('',#4522,1.);
#4522 = DIRECTION('',(0.,-1.));
#4523 = ( GEOMETRIC_REPRESENTATION_CONTEXT(2) 
PARAMETRIC_REPRESENTATION_CONTEXT() REPRESENTATION_CONTEXT('2D SPACE',''
  ) );
#4524 = PCURVE('',#2041,#4525);
#4525 = DEFINITIONAL_REPRESENTATION('',(#4526),#4530);
#4526 = LINE('',#4527,#4528);
#4527 = CARTESIAN_POINT('',(0.,0.));
#4528 = VECTOR('',#4529,1.);
#4529 = DIRECTION('',(0.,-1.));
#4530 = ( GEOMETRIC_REPRESENTATION_CONTEXT(2) 
PARAMETRIC_REPRESENTATION_CONTEXT() REPRESENTATION_CONTEXT('2D SPACE',''
  ) );
#4531 = ORIENTED_EDGE('',*,*,#2005,.T.);
#4532 = ORIENTED_EDGE('',*,*,#199,.T.);
#4533 = ADVANCED_FACE('',(#4534),#183,.F.);
#4534 = FACE_BOUND('',#4535,.F.);
#4535 = EDGE_LOOP('',(#4536,#4537,#4558));
#4536 = ORIENTED_EDGE('',*,*,#3397,.F.);
#4537 = ORIENTED_EDGE('',*,*,#4538,.T.);
#4538 = EDGE_CURVE('',#3398,#141,#4539,.T.);
#4539 = SURFACE_CURVE('',#4540,(#4544,#4551),.PCURVE_S1.);
#4540 = LINE('',#4541,#4542);
#4541 = CARTESIAN_POINT('',(221.64310881014,-141.4020778016,7.19));
#4542 = VECTOR('',#4543,1.);
#4543 = DIRECTION('',(0.866622456874,-0.498964444867,-0.));
#4544 = PCURVE('',#183,#4545);
#4545 = DEFINITIONAL_REPRESENTATION('',(#4546),#4550);
#4546 = LINE('',#4547,#4548);
#4547 = CARTESIAN_POINT('',(40.913226469145,-24.69702485338));
#4548 = VECTOR('',#4549,1.);
#4549 = DIRECTION('',(0.866622456874,-0.498964444867));
#4550 = ( GEOMETRIC_REPRESENTATION_CONTEXT(2) 
PARAMETRIC_REPRESENTATION_CONTEXT() REPRESENTATION_CONTEXT('2D SPACE',''
  ) );
#4551 = PCURVE('',#155,#4552);
#4552 = DEFINITIONAL_REPRESENTATION('',(#4553),#4557);
#4553 = LINE('',#4554,#4555);
#4554 = CARTESIAN_POINT('',(-8.,-0.));
#4555 = VECTOR('',#4556,1.);
#4556 = DIRECTION('',(1.,0.));
#4557 = ( GEOMETRIC_REPRESENTATION_CONTEXT(2) 
PARAMETRIC_REPRESENTATION_CONTEXT() REPRESENTATION_CONTEXT('2D SPACE',''
  ) );
#4558 = ORIENTED_EDGE('',*,*,#166,.T.);
#4559 = ADVANCED_FACE('',(#4560),#155,.F.);
#4560 = FACE_BOUND('',#4561,.F.);
#4561 = EDGE_LOOP('',(#4562,#4563,#4564,#4587,#4615,#4634));
#4562 = ORIENTED_EDGE('',*,*,#4538,.F.);
#4563 = ORIENTED_EDGE('',*,*,#3420,.T.);
#4564 = ORIENTED_EDGE('',*,*,#4565,.T.);
#4565 = EDGE_CURVE('',#3421,#4566,#4568,.T.);
#4566 = VERTEX_POINT('',#4567);
#4567 = CARTESIAN_POINT('',(257.4923734278,-162.0425634905,
    46.685281374239));
#4568 = SURFACE_CURVE('',#4569,(#4573,#4580),.PCURVE_S1.);
#4569 = LINE('',#4570,#4571);
#4570 = CARTESIAN_POINT('',(221.64310881014,-141.4020778016,
    46.685281374239));
#4571 = VECTOR('',#4572,1.);
#4572 = DIRECTION('',(0.866622456874,-0.498964444867,-0.));
#4573 = PCURVE('',#155,#4574);
#4574 = DEFINITIONAL_REPRESENTATION('',(#4575),#4579);
#4575 = LINE('',#4576,#4577);
#4576 = CARTESIAN_POINT('',(-8.,-39.49528137423));
#4577 = VECTOR('',#4578,1.);
#4578 = DIRECTION('',(1.,0.));
#4579 = ( GEOMETRIC_REPRESENTATION_CONTEXT(2) 
PARAMETRIC_REPRESENTATION_CONTEXT() REPRESENTATION_CONTEXT('2D SPACE',''
  ) );
#4580 = PCURVE('',#3459,#4581);
#4581 = DEFINITIONAL_REPRESENTATION('',(#4582),#4586);
#4582 = LINE('',#4583,#4584);
#4583 = CARTESIAN_POINT('',(40.913226469145,-24.69702485338));
#4584 = VECTOR('',#4585,1.);
#4585 = DIRECTION('',(0.866622456874,-0.498964444867));
#4586 = ( GEOMETRIC_REPRESENTATION_CONTEXT(2) 
PARAMETRIC_REPRESENTATION_CONTEXT() REPRESENTATION_CONTEXT('2D SPACE',''
  ) );
#4587 = ORIENTED_EDGE('',*,*,#4588,.F.);
#4588 = EDGE_CURVE('',#4589,#4566,#4591,.T.);
#4589 = VERTEX_POINT('',#4590);
#4590 = CARTESIAN_POINT('',(257.4923734278,-162.0425634905,7.2));
#4591 = SURFACE_CURVE('',#4592,(#4596,#4603),.PCURVE_S1.);
#4592 = LINE('',#4593,#4594);
#4593 = CARTESIAN_POINT('',(257.4923734278,-162.0425634905,7.19));
#4594 = VECTOR('',#4595,1.);
#4595 = DIRECTION('',(0.,0.,1.));
#4596 = PCURVE('',#155,#4597);
#4597 = DEFINITIONAL_REPRESENTATION('',(#4598),#4602);
#4598 = LINE('',#4599,#4600);
#4599 = CARTESIAN_POINT('',(33.366646263655,0.));
#4600 = VECTOR('',#4601,1.);
#4601 = DIRECTION('',(0.,-1.));
#4602 = ( GEOMETRIC_REPRESENTATION_CONTEXT(2) 
PARAMETRIC_REPRESENTATION_CONTEXT() REPRESENTATION_CONTEXT('2D SPACE',''
  ) );
#4603 = PCURVE('',#4604,#4609);
#4604 = PLANE('',#4605);
#4605 = AXIS2_PLACEMENT_3D('',#4606,#4607,#4608);
#4606 = CARTESIAN_POINT('',(257.4923734278,-162.0425634905,7.19));
#4607 = DIRECTION('',(0.988371697651,0.152057184254,-0.));
#4608 = DIRECTION('',(0.152057184254,-0.988371697651,0.));
#4609 = DEFINITIONAL_REPRESENTATION('',(#4610),#4614);
#4610 = LINE('',#4611,#4612);
#4611 = CARTESIAN_POINT('',(0.,0.));
#4612 = VECTOR('',#4613,1.);
#4613 = DIRECTION('',(0.,-1.));
#4614 = ( GEOMETRIC_REPRESENTATION_CONTEXT(2) 
PARAMETRIC_REPRESENTATION_CONTEXT() REPRESENTATION_CONTEXT('2D SPACE',''
  ) );
#4615 = ORIENTED_EDGE('',*,*,#4616,.T.);
#4616 = EDGE_CURVE('',#4589,#108,#4617,.T.);
#4617 = SURFACE_CURVE('',#4618,(#4622,#4628),.PCURVE_S1.);
#4618 = LINE('',#4619,#4620);
#4619 = CARTESIAN_POINT('',(236.39631492867,-149.896347991,7.2));
#4620 = VECTOR('',#4621,1.);
#4621 = DIRECTION('',(-0.866622456874,0.498964444867,0.));
#4622 = PCURVE('',#155,#4623);
#4623 = DEFINITIONAL_REPRESENTATION('',(#4624),#4627);
#4624 = B_SPLINE_CURVE_WITH_KNOTS('',1,(#4625,#4626),.UNSPECIFIED.,.F.,
  .F.,(2,2),(-24.34284772081,8.178292833046),.PIECEWISE_BEZIER_KNOTS.);
#4625 = CARTESIAN_POINT('',(33.366646263655,-1.E-02));
#4626 = CARTESIAN_POINT('',(0.845505709797,-1.E-02));
#4627 = ( GEOMETRIC_REPRESENTATION_CONTEXT(2) 
PARAMETRIC_REPRESENTATION_CONTEXT() REPRESENTATION_CONTEXT('2D SPACE',''
  ) );
#4628 = PCURVE('',#124,#4629);
#4629 = DEFINITIONAL_REPRESENTATION('',(#4630),#4633);
#4630 = B_SPLINE_CURVE_WITH_KNOTS('',1,(#4631,#4632),.UNSPECIFIED.,.F.,
  .F.,(2,2),(-24.34284772081,8.178292833046),.PIECEWISE_BEZIER_KNOTS.);
#4631 = CARTESIAN_POINT('',(-0.813523541468,-32.11464687122));
#4632 = CARTESIAN_POINT('',(-28.9970742686,-15.88775402833));
#4633 = ( GEOMETRIC_REPRESENTATION_CONTEXT(2) 
PARAMETRIC_REPRESENTATION_CONTEXT() REPRESENTATION_CONTEXT('2D SPACE',''
  ) );
#4634 = ORIENTED_EDGE('',*,*,#140,.T.);
#4635 = ADVANCED_FACE('',(#4636),#124,.T.);
#4636 = FACE_BOUND('',#4637,.T.);
#4637 = EDGE_LOOP('',(#4638,#4639,#4662,#4690,#4709));
#4638 = ORIENTED_EDGE('',*,*,#107,.F.);
#4639 = ORIENTED_EDGE('',*,*,#4640,.T.);
#4640 = EDGE_CURVE('',#80,#4641,#4643,.T.);
#4641 = VERTEX_POINT('',#4642);
#4642 = CARTESIAN_POINT('',(257.13685433557,-167.5114764945,7.2));
#4643 = SURFACE_CURVE('',#4644,(#4648,#4655),.PCURVE_S1.);
#4644 = LINE('',#4645,#4646);
#4645 = CARTESIAN_POINT('',(228.5761,-145.3938,7.2));
#4646 = VECTOR('',#4647,1.);
#4647 = DIRECTION('',(0.790641628038,-0.612279197763,-0.));
#4648 = PCURVE('',#124,#4649);
#4649 = DEFINITIONAL_REPRESENTATION('',(#4650),#4654);
#4650 = LINE('',#4651,#4652);
#4651 = CARTESIAN_POINT('',(-29.72979696927,-15.46588338066));
#4652 = VECTOR('',#4653,1.);
#4653 = DIRECTION('',(0.790641628038,-0.612279197763));
#4654 = ( GEOMETRIC_REPRESENTATION_CONTEXT(2) 
PARAMETRIC_REPRESENTATION_CONTEXT() REPRESENTATION_CONTEXT('2D SPACE',''
  ) );
#4655 = PCURVE('',#95,#4656);
#4656 = DEFINITIONAL_REPRESENTATION('',(#4657),#4661);
#4657 = LINE('',#4658,#4659);
#4658 = CARTESIAN_POINT('',(-2.888294555501,-7.2));
#4659 = VECTOR('',#4660,1.);
#4660 = DIRECTION('',(1.,0.));
#4661 = ( GEOMETRIC_REPRESENTATION_CONTEXT(2) 
PARAMETRIC_REPRESENTATION_CONTEXT() REPRESENTATION_CONTEXT('2D SPACE',''
  ) );
#4662 = ORIENTED_EDGE('',*,*,#4663,.F.);
#4663 = EDGE_CURVE('',#4664,#4641,#4666,.T.);
#4664 = VERTEX_POINT('',#4665);
#4665 = CARTESIAN_POINT('',(258.4366298448,-168.180230201,7.2));
#4666 = SURFACE_CURVE('',#4667,(#4672,#4683),.PCURVE_S1.);
#4667 = CIRCLE('',#4668,4.);
#4668 = AXIS2_PLACEMENT_3D('',#4669,#4670,#4671);
#4669 = CARTESIAN_POINT('',(259.58597112662,-164.3489099824,7.2));
#4670 = DIRECTION('',(0.,0.,-1.));
#4671 = DIRECTION('',(0.988373431644,0.152045912871,0.));
#4672 = PCURVE('',#124,#4673);
#4673 = DEFINITIONAL_REPRESENTATION('',(#4674),#4682);
#4674 = ( BOUNDED_CURVE() B_SPLINE_CURVE(2,(#4675,#4676,#4677,#4678,
#4679,#4680,#4681),.UNSPECIFIED.,.T.,.F.) B_SPLINE_CURVE_WITH_KNOTS((1,2
    ,2,2,2,1),(-2.094395102393,0.,2.094395102393,4.188790204786,
6.28318530718,8.377580409573),.UNSPECIFIED.) CURVE() 
GEOMETRIC_REPRESENTATION_ITEM() RATIONAL_B_SPLINE_CURVE((1.,0.5,1.,0.5,
1.,0.5,1.)) REPRESENTATION_ITEM('') );
#4675 = CARTESIAN_POINT('',(5.233567883934,-33.81280971162));
#4676 = CARTESIAN_POINT('',(6.286972868636,-40.66046171345));
#4677 = CARTESIAN_POINT('',(-0.169970213578,-38.14891118976));
#4678 = CARTESIAN_POINT('',(-6.626913295791,-35.63736066606));
#4679 = CARTESIAN_POINT('',(-1.223375198279,-31.30125918792));
#4680 = CARTESIAN_POINT('',(4.180162899233,-26.96515770978));
#4681 = CARTESIAN_POINT('',(5.233567883934,-33.81280971162));
#4682 = ( GEOMETRIC_REPRESENTATION_CONTEXT(2) 
PARAMETRIC_REPRESENTATION_CONTEXT() REPRESENTATION_CONTEXT('2D SPACE',''
  ) );
#4683 = PCURVE('',#332,#4684);
#4684 = DEFINITIONAL_REPRESENTATION('',(#4685),#4689);
#4685 = LINE('',#4686,#4687);
#4686 = CARTESIAN_POINT('',(0.,-7.2));
#4687 = VECTOR('',#4688,1.);
#4688 = DIRECTION('',(1.,0.));
#4689 = ( GEOMETRIC_REPRESENTATION_CONTEXT(2) 
PARAMETRIC_REPRESENTATION_CONTEXT() REPRESENTATION_CONTEXT('2D SPACE',''
  ) );
#4690 = ORIENTED_EDGE('',*,*,#4691,.T.);
#4691 = EDGE_CURVE('',#4664,#4589,#4692,.T.);
#4692 = SURFACE_CURVE('',#4693,(#4697,#4703),.PCURVE_S1.);
#4693 = LINE('',#4694,#4695);
#4694 = CARTESIAN_POINT('',(255.08853896396,-146.4176394756,7.2));
#4695 = VECTOR('',#4696,1.);
#4696 = DIRECTION('',(-0.152057184254,0.988371697651,0.));
#4697 = PCURVE('',#124,#4698);
#4698 = DEFINITIONAL_REPRESENTATION('',(#4699),#4702);
#4699 = B_SPLINE_CURVE_WITH_KNOTS('',1,(#4700,#4701),.UNSPECIFIED.,.F.,
  .F.,(2,2),(-22.18929433017,-15.80875297426),.PIECEWISE_BEZIER_KNOTS.);
#4700 = CARTESIAN_POINT('',(0.156683611127,-38.4209933631));
#4701 = CARTESIAN_POINT('',(-0.813523541469,-32.11464687122));
#4702 = ( GEOMETRIC_REPRESENTATION_CONTEXT(2) 
PARAMETRIC_REPRESENTATION_CONTEXT() REPRESENTATION_CONTEXT('2D SPACE',''
  ) );
#4703 = PCURVE('',#4604,#4704);
#4704 = DEFINITIONAL_REPRESENTATION('',(#4705),#4708);
#4705 = B_SPLINE_CURVE_WITH_KNOTS('',1,(#4706,#4707),.UNSPECIFIED.,.F.,
  .F.,(2,2),(-22.18929433017,-15.80875297426),.PIECEWISE_BEZIER_KNOTS.);
#4706 = CARTESIAN_POINT('',(6.380541355913,-1.E-02));
#4707 = CARTESIAN_POINT('',(-8.881784197001E-15,-1.E-02));
#4708 = ( GEOMETRIC_REPRESENTATION_CONTEXT(2) 
PARAMETRIC_REPRESENTATION_CONTEXT() REPRESENTATION_CONTEXT('2D SPACE',''
  ) );
#4709 = ORIENTED_EDGE('',*,*,#4616,.T.);
#4710 = ADVANCED_FACE('',(#4711),#95,.F.);
#4711 = FACE_BOUND('',#4712,.F.);
#4712 = EDGE_LOOP('',(#4713,#4714,#4715,#4736));
#4713 = ORIENTED_EDGE('',*,*,#79,.T.);
#4714 = ORIENTED_EDGE('',*,*,#4640,.T.);
#4715 = ORIENTED_EDGE('',*,*,#4716,.F.);
#4716 = EDGE_CURVE('',#289,#4641,#4717,.T.);
#4717 = SURFACE_CURVE('',#4718,(#4722,#4729),.PCURVE_S1.);
#4718 = LINE('',#4719,#4720);
#4719 = CARTESIAN_POINT('',(257.13685433557,-167.5114764945,0.));
#4720 = VECTOR('',#4721,1.);
#4721 = DIRECTION('',(0.,0.,1.));
#4722 = PCURVE('',#95,#4723);
#4723 = DEFINITIONAL_REPRESENTATION('',(#4724),#4728);
#4724 = LINE('',#4725,#4726);
#4725 = CARTESIAN_POINT('',(33.235219970863,0.));
#4726 = VECTOR('',#4727,1.);
#4727 = DIRECTION('',(0.,-1.));
#4728 = ( GEOMETRIC_REPRESENTATION_CONTEXT(2) 
PARAMETRIC_REPRESENTATION_CONTEXT() REPRESENTATION_CONTEXT('2D SPACE',''
  ) );
#4729 = PCURVE('',#332,#4730);
#4730 = DEFINITIONAL_REPRESENTATION('',(#4731),#4735);
#4731 = LINE('',#4732,#4733);
#4732 = CARTESIAN_POINT('',(2.382374354728,0.));
#4733 = VECTOR('',#4734,1.);
#4734 = DIRECTION('',(0.,-1.));
#4735 = ( GEOMETRIC_REPRESENTATION_CONTEXT(2) 
PARAMETRIC_REPRESENTATION_CONTEXT() REPRESENTATION_CONTEXT('2D SPACE',''
  ) );
#4736 = ORIENTED_EDGE('',*,*,#288,.F.);
#4737 = ADVANCED_FACE('',(#4738),#332,.T.);
#4738 = FACE_BOUND('',#4739,.T.);
#4739 = EDGE_LOOP('',(#4740,#4741,#4764,#4797,#4823,#4856,#4875,#4876));
#4740 = ORIENTED_EDGE('',*,*,#311,.F.);
#4741 = ORIENTED_EDGE('',*,*,#4742,.T.);
#4742 = EDGE_CURVE('',#312,#4743,#4745,.T.);
#4743 = VERTEX_POINT('',#4744);
#4744 = CARTESIAN_POINT('',(260.19415477811,-168.302403709,7.2));
#4745 = SURFACE_CURVE('',#4746,(#4750,#4757),.PCURVE_S1.);
#4746 = LINE('',#4747,#4748);
#4747 = CARTESIAN_POINT('',(260.19415477811,-168.302403709,0.));
#4748 = VECTOR('',#4749,1.);
#4749 = DIRECTION('',(0.,0.,1.));
#4750 = PCURVE('',#332,#4751);
#4751 = DEFINITIONAL_REPRESENTATION('',(#4752),#4756);
#4752 = LINE('',#4753,#4754);
#4753 = CARTESIAN_POINT('',(1.570796326795,0.));
#4754 = VECTOR('',#4755,1.);
#4755 = DIRECTION('',(0.,-1.));
#4756 = ( GEOMETRIC_REPRESENTATION_CONTEXT(2) 
PARAMETRIC_REPRESENTATION_CONTEXT() REPRESENTATION_CONTEXT('2D SPACE',''
  ) );
#4757 = PCURVE('',#360,#4758);
#4758 = DEFINITIONAL_REPRESENTATION('',(#4759),#4763);
#4759 = LINE('',#4760,#4761);
#4760 = CARTESIAN_POINT('',(5.618252496582E-14,0.));
#4761 = VECTOR('',#4762,1.);
#4762 = DIRECTION('',(0.,-1.));
#4763 = ( GEOMETRIC_REPRESENTATION_CONTEXT(2) 
PARAMETRIC_REPRESENTATION_CONTEXT() REPRESENTATION_CONTEXT('2D SPACE',''
  ) );
#4764 = ORIENTED_EDGE('',*,*,#4765,.T.);
#4765 = EDGE_CURVE('',#4743,#4766,#4768,.T.);
#4766 = VERTEX_POINT('',#4767);
#4767 = CARTESIAN_POINT('',(260.176767645,-168.3050393374,7.2));
#4768 = SURFACE_CURVE('',#4769,(#4774,#4781),.PCURVE_S1.);
#4769 = CIRCLE('',#4770,4.);
#4770 = AXIS2_PLACEMENT_3D('',#4771,#4772,#4773);
#4771 = CARTESIAN_POINT('',(259.58597112662,-164.3489099824,7.2));
#4772 = DIRECTION('',(0.,0.,-1.));
#4773 = DIRECTION('',(0.988373431644,0.152045912871,0.));
#4774 = PCURVE('',#332,#4775);
#4775 = DEFINITIONAL_REPRESENTATION('',(#4776),#4780);
#4776 = LINE('',#4777,#4778);
#4777 = CARTESIAN_POINT('',(0.,-7.2));
#4778 = VECTOR('',#4779,1.);
#4779 = DIRECTION('',(1.,0.));
#4780 = ( GEOMETRIC_REPRESENTATION_CONTEXT(2) 
PARAMETRIC_REPRESENTATION_CONTEXT() REPRESENTATION_CONTEXT('2D SPACE',''
  ) );
#4781 = PCURVE('',#4782,#4787);
#4782 = PLANE('',#4783);
#4783 = AXIS2_PLACEMENT_3D('',#4784,#4785,#4786);
#4784 = CARTESIAN_POINT('',(258.30589696926,-129.9279166193,7.2));
#4785 = DIRECTION('',(0.,0.,1.));
#4786 = DIRECTION('',(1.,0.,-0.));
#4787 = DEFINITIONAL_REPRESENTATION('',(#4788),#4796);
#4788 = ( BOUNDED_CURVE() B_SPLINE_CURVE(2,(#4789,#4790,#4791,#4792,
#4793,#4794,#4795),.UNSPECIFIED.,.T.,.F.) B_SPLINE_CURVE_WITH_KNOTS((1,2
    ,2,2,2,1),(-2.094395102393,0.,2.094395102393,4.188790204786,
6.28318530718,8.377580409573),.UNSPECIFIED.) CURVE() 
GEOMETRIC_REPRESENTATION_ITEM() RATIONAL_B_SPLINE_CURVE((1.,0.5,1.,0.5,
1.,0.5,1.)) REPRESENTATION_ITEM('') );
#4789 = CARTESIAN_POINT('',(5.233567883934,-33.81280971162));
#4790 = CARTESIAN_POINT('',(6.286972868636,-40.66046171345));
#4791 = CARTESIAN_POINT('',(-0.169970213578,-38.14891118976));
#4792 = CARTESIAN_POINT('',(-6.626913295791,-35.63736066606));
#4793 = CARTESIAN_POINT('',(-1.223375198279,-31.30125918792));
#4794 = CARTESIAN_POINT('',(4.180162899233,-26.96515770978));
#4795 = CARTESIAN_POINT('',(5.233567883934,-33.81280971162));
#4796 = ( GEOMETRIC_REPRESENTATION_CONTEXT(2) 
PARAMETRIC_REPRESENTATION_CONTEXT() REPRESENTATION_CONTEXT('2D SPACE',''
  ) );
#4797 = ORIENTED_EDGE('',*,*,#4798,.T.);
#4798 = EDGE_CURVE('',#4766,#4799,#4801,.T.);
#4799 = VERTEX_POINT('',#4800);
#4800 = CARTESIAN_POINT('',(260.17676764534,-168.3050393374,7.19));
#4801 = SURFACE_CURVE('',#4802,(#4806,#4812),.PCURVE_S1.);
#4802 = LINE('',#4803,#4804);
#4803 = CARTESIAN_POINT('',(260.176767645,-168.3050393374,0.));
#4804 = VECTOR('',#4805,1.);
#4805 = DIRECTION('',(0.,0.,-1.));
#4806 = PCURVE('',#332,#4807);
#4807 = DEFINITIONAL_REPRESENTATION('',(#4808),#4811);
#4808 = B_SPLINE_CURVE_WITH_KNOTS('',1,(#4809,#4810),.UNSPECIFIED.,.F.,
  .F.,(2,2),(-7.2000024,-3.240471862576),.PIECEWISE_BEZIER_KNOTS.);
#4809 = CARTESIAN_POINT('',(1.575192770197,-7.2000024));
#4810 = CARTESIAN_POINT('',(1.575192770197,-3.240471862576));
#4811 = ( GEOMETRIC_REPRESENTATION_CONTEXT(2) 
PARAMETRIC_REPRESENTATION_CONTEXT() REPRESENTATION_CONTEXT('2D SPACE',''
  ) );
#4812 = PCURVE('',#4813,#4818);
#4813 = PLANE('',#4814);
#4814 = AXIS2_PLACEMENT_3D('',#4815,#4816,#4817);
#4815 = CARTESIAN_POINT('',(275.29794054733,-165.9787050448,7.19));
#4816 = DIRECTION('',(0.152057184254,-0.988371697651,0.));
#4817 = DIRECTION('',(-0.988371697651,-0.152057184254,0.));
#4818 = DEFINITIONAL_REPRESENTATION('',(#4819),#4822);
#4819 = B_SPLINE_CURVE_WITH_KNOTS('',1,(#4820,#4821),.UNSPECIFIED.,.F.,
  .F.,(2,2),(-7.2000024,-3.240471862576),.PIECEWISE_BEZIER_KNOTS.);
#4820 = CARTESIAN_POINT('',(15.299075174123,-1.00024E-02));
#4821 = CARTESIAN_POINT('',(15.299075174123,3.949528137424));
#4822 = ( GEOMETRIC_REPRESENTATION_CONTEXT(2) 
PARAMETRIC_REPRESENTATION_CONTEXT() REPRESENTATION_CONTEXT('2D SPACE',''
  ) );
#4823 = ORIENTED_EDGE('',*,*,#4824,.T.);
#4824 = EDGE_CURVE('',#4799,#4825,#4827,.T.);
#4825 = VERTEX_POINT('',#4826);
#4826 = CARTESIAN_POINT('',(258.4366298448,-168.180230201,7.19));
#4827 = SURFACE_CURVE('',#4828,(#4833,#4840),.PCURVE_S1.);
#4828 = CIRCLE('',#4829,4.);
#4829 = AXIS2_PLACEMENT_3D('',#4830,#4831,#4832);
#4830 = CARTESIAN_POINT('',(259.58597112662,-164.3489099824,7.19));
#4831 = DIRECTION('',(0.,0.,-1.));
#4832 = DIRECTION('',(0.988373431644,0.152045912871,0.));
#4833 = PCURVE('',#332,#4834);
#4834 = DEFINITIONAL_REPRESENTATION('',(#4835),#4839);
#4835 = LINE('',#4836,#4837);
#4836 = CARTESIAN_POINT('',(0.,-7.19));
#4837 = VECTOR('',#4838,1.);
#4838 = DIRECTION('',(1.,0.));
#4839 = ( GEOMETRIC_REPRESENTATION_CONTEXT(2) 
PARAMETRIC_REPRESENTATION_CONTEXT() REPRESENTATION_CONTEXT('2D SPACE',''
  ) );
#4840 = PCURVE('',#4841,#4846);
#4841 = PLANE('',#4842);
#4842 = AXIS2_PLACEMENT_3D('',#4843,#4844,#4845);
#4843 = CARTESIAN_POINT('',(180.729882341,-116.7050529482,7.19));
#4844 = DIRECTION('',(0.,0.,1.));
#4845 = DIRECTION('',(1.,0.,-0.));
#4846 = DEFINITIONAL_REPRESENTATION('',(#4847),#4855);
#4847 = ( BOUNDED_CURVE() B_SPLINE_CURVE(2,(#4848,#4849,#4850,#4851,
#4852,#4853,#4854),.UNSPECIFIED.,.T.,.F.) B_SPLINE_CURVE_WITH_KNOTS((1,2
    ,2,2,2,1),(-2.094395102393,0.,2.094395102393,4.188790204786,
6.28318530718,8.377580409573),.UNSPECIFIED.) CURVE() 
GEOMETRIC_REPRESENTATION_ITEM() RATIONAL_B_SPLINE_CURVE((1.,0.5,1.,0.5,
1.,0.5,1.)) REPRESENTATION_ITEM('') );
#4848 = CARTESIAN_POINT('',(82.809582512201,-47.03567338272));
#4849 = CARTESIAN_POINT('',(83.862987496902,-53.88332538456));
#4850 = CARTESIAN_POINT('',(77.406044414689,-51.37177486086));
#4851 = CARTESIAN_POINT('',(70.949101332476,-48.86022433717));
#4852 = CARTESIAN_POINT('',(76.352639429988,-44.52412285903));
#4853 = CARTESIAN_POINT('',(81.7561775275,-40.18802138089));
#4854 = CARTESIAN_POINT('',(82.809582512201,-47.03567338272));
#4855 = ( GEOMETRIC_REPRESENTATION_CONTEXT(2) 
PARAMETRIC_REPRESENTATION_CONTEXT() REPRESENTATION_CONTEXT('2D SPACE',''
  ) );
#4856 = ORIENTED_EDGE('',*,*,#4857,.F.);
#4857 = EDGE_CURVE('',#4664,#4825,#4858,.T.);
#4858 = SURFACE_CURVE('',#4859,(#4863,#4869),.PCURVE_S1.);
#4859 = LINE('',#4860,#4861);
#4860 = CARTESIAN_POINT('',(258.4366298448,-168.180230201,0.));
#4861 = VECTOR('',#4862,1.);
#4862 = DIRECTION('',(0.,0.,-1.));
#4863 = PCURVE('',#332,#4864);
#4864 = DEFINITIONAL_REPRESENTATION('',(#4865),#4868);
#4865 = B_SPLINE_CURVE_WITH_KNOTS('',1,(#4866,#4867),.UNSPECIFIED.,.F.,
  .F.,(2,2),(-7.2000024,-3.240471862576),.PIECEWISE_BEZIER_KNOTS.);
#4866 = CARTESIAN_POINT('',(2.014877927351,-7.2000024));
#4867 = CARTESIAN_POINT('',(2.014877927351,-3.240471862576));
#4868 = ( GEOMETRIC_REPRESENTATION_CONTEXT(2) 
PARAMETRIC_REPRESENTATION_CONTEXT() REPRESENTATION_CONTEXT('2D SPACE',''
  ) );
#4869 = PCURVE('',#4604,#4870);
#4870 = DEFINITIONAL_REPRESENTATION('',(#4871),#4874);
#4871 = B_SPLINE_CURVE_WITH_KNOTS('',1,(#4872,#4873),.UNSPECIFIED.,.F.,
  .F.,(2,2),(-7.2000024,-3.240471862576),.PIECEWISE_BEZIER_KNOTS.);
#4872 = CARTESIAN_POINT('',(6.209877038285,-1.00024E-02));
#4873 = CARTESIAN_POINT('',(6.209877038285,3.949528137424));
#4874 = ( GEOMETRIC_REPRESENTATION_CONTEXT(2) 
PARAMETRIC_REPRESENTATION_CONTEXT() REPRESENTATION_CONTEXT('2D SPACE',''
  ) );
#4875 = ORIENTED_EDGE('',*,*,#4663,.T.);
#4876 = ORIENTED_EDGE('',*,*,#4716,.F.);
#4877 = ADVANCED_FACE('',(#4878),#1857,.T.);
#4878 = FACE_BOUND('',#4879,.T.);
#4879 = EDGE_LOOP('',(#4880,#4881,#4882,#4903));
#4880 = ORIENTED_EDGE('',*,*,#1955,.T.);
#4881 = ORIENTED_EDGE('',*,*,#3336,.T.);
#4882 = ORIENTED_EDGE('',*,*,#4883,.F.);
#4883 = EDGE_CURVE('',#1809,#3314,#4884,.T.);
#4884 = SURFACE_CURVE('',#4885,(#4889,#4896),.PCURVE_S1.);
#4885 = LINE('',#4886,#4887);
#4886 = CARTESIAN_POINT('',(244.11288521054,-101.4057902526,0.));
#4887 = VECTOR('',#4888,1.);
#4888 = DIRECTION('',(0.,0.,1.));
#4889 = PCURVE('',#1857,#4890);
#4890 = DEFINITIONAL_REPRESENTATION('',(#4891),#4895);
#4891 = LINE('',#4892,#4893);
#4892 = CARTESIAN_POINT('',(1.690019076094,0.));
#4893 = VECTOR('',#4894,1.);
#4894 = DIRECTION('',(0.,-1.));
#4895 = ( GEOMETRIC_REPRESENTATION_CONTEXT(2) 
PARAMETRIC_REPRESENTATION_CONTEXT() REPRESENTATION_CONTEXT('2D SPACE',''
  ) );
#4896 = PCURVE('',#1824,#4897);
#4897 = DEFINITIONAL_REPRESENTATION('',(#4898),#4902);
#4898 = LINE('',#4899,#4900);
#4899 = CARTESIAN_POINT('',(1.984369600175,0.));
#4900 = VECTOR('',#4901,1.);
#4901 = DIRECTION('',(0.,-1.));
#4902 = ( GEOMETRIC_REPRESENTATION_CONTEXT(2) 
PARAMETRIC_REPRESENTATION_CONTEXT() REPRESENTATION_CONTEXT('2D SPACE',''
  ) );
#4903 = ORIENTED_EDGE('',*,*,#1836,.F.);
#4904 = ADVANCED_FACE('',(#4905),#360,.F.);
#4905 = FACE_BOUND('',#4906,.F.);
#4906 = EDGE_LOOP('',(#4907,#4908,#4931,#4952));
#4907 = ORIENTED_EDGE('',*,*,#4742,.T.);
#4908 = ORIENTED_EDGE('',*,*,#4909,.T.);
#4909 = EDGE_CURVE('',#4743,#4910,#4912,.T.);
#4910 = VERTEX_POINT('',#4911);
#4911 = CARTESIAN_POINT('',(260.4723774572,-168.2596034678,7.2));
#4912 = SURFACE_CURVE('',#4913,(#4917,#4924),.PCURVE_S1.);
#4913 = LINE('',#4914,#4915);
#4914 = CARTESIAN_POINT('',(258.4956,-168.5637,7.2));
#4915 = VECTOR('',#4916,1.);
#4916 = DIRECTION('',(0.988373431644,0.152045912871,0.));
#4917 = PCURVE('',#360,#4918);
#4918 = DEFINITIONAL_REPRESENTATION('',(#4919),#4923);
#4919 = LINE('',#4920,#4921);
#4920 = CARTESIAN_POINT('',(-1.71853544797,-7.2));
#4921 = VECTOR('',#4922,1.);
#4922 = DIRECTION('',(1.,0.));
#4923 = ( GEOMETRIC_REPRESENTATION_CONTEXT(2) 
PARAMETRIC_REPRESENTATION_CONTEXT() REPRESENTATION_CONTEXT('2D SPACE',''
  ) );
#4924 = PCURVE('',#4782,#4925);
#4925 = DEFINITIONAL_REPRESENTATION('',(#4926),#4930);
#4926 = LINE('',#4927,#4928);
#4927 = CARTESIAN_POINT('',(0.189703030731,-38.63578338066));
#4928 = VECTOR('',#4929,1.);
#4929 = DIRECTION('',(0.988373431644,0.152045912871));
#4930 = ( GEOMETRIC_REPRESENTATION_CONTEXT(2) 
PARAMETRIC_REPRESENTATION_CONTEXT() REPRESENTATION_CONTEXT('2D SPACE',''
  ) );
#4931 = ORIENTED_EDGE('',*,*,#4932,.F.);
#4932 = EDGE_CURVE('',#345,#4910,#4933,.T.);
#4933 = SURFACE_CURVE('',#4934,(#4938,#4945),.PCURVE_S1.);
#4934 = LINE('',#4935,#4936);
#4935 = CARTESIAN_POINT('',(260.4723774572,-168.2596034678,0.));
#4936 = VECTOR('',#4937,1.);
#4937 = DIRECTION('',(0.,0.,1.));
#4938 = PCURVE('',#360,#4939);
#4939 = DEFINITIONAL_REPRESENTATION('',(#4940),#4944);
#4940 = LINE('',#4941,#4942);
#4941 = CARTESIAN_POINT('',(0.281495505833,0.));
#4942 = VECTOR('',#4943,1.);
#4943 = DIRECTION('',(0.,-1.));
#4944 = ( GEOMETRIC_REPRESENTATION_CONTEXT(2) 
PARAMETRIC_REPRESENTATION_CONTEXT() REPRESENTATION_CONTEXT('2D SPACE',''
  ) );
#4945 = PCURVE('',#393,#4946);
#4946 = DEFINITIONAL_REPRESENTATION('',(#4947),#4951);
#4947 = LINE('',#4948,#4949);
#4948 = CARTESIAN_POINT('',(1.570807730777,0.));
#4949 = VECTOR('',#4950,1.);
#4950 = DIRECTION('',(0.,-1.));
#4951 = ( GEOMETRIC_REPRESENTATION_CONTEXT(2) 
PARAMETRIC_REPRESENTATION_CONTEXT() REPRESENTATION_CONTEXT('2D SPACE',''
  ) );
#4952 = ORIENTED_EDGE('',*,*,#344,.F.);
#4953 = ADVANCED_FACE('',(#4954),#1824,.F.);
#4954 = FACE_BOUND('',#4955,.F.);
#4955 = EDGE_LOOP('',(#4956,#4977,#4978,#4979));
#4956 = ORIENTED_EDGE('',*,*,#4957,.T.);
#4957 = EDGE_CURVE('',#1776,#3286,#4958,.T.);
#4958 = SURFACE_CURVE('',#4959,(#4963,#4970),.PCURVE_S1.);
#4959 = LINE('',#4960,#4961);
#4960 = CARTESIAN_POINT('',(244.99053585526,-99.62605654896,0.));
#4961 = VECTOR('',#4962,1.);
#4962 = DIRECTION('',(0.,0.,1.));
#4963 = PCURVE('',#1824,#4964);
#4964 = DEFINITIONAL_REPRESENTATION('',(#4965),#4969);
#4965 = LINE('',#4966,#4967);
#4966 = CARTESIAN_POINT('',(0.,0.));
#4967 = VECTOR('',#4968,1.);
#4968 = DIRECTION('',(0.,-1.));
#4969 = ( GEOMETRIC_REPRESENTATION_CONTEXT(2) 
PARAMETRIC_REPRESENTATION_CONTEXT() REPRESENTATION_CONTEXT('2D SPACE',''
  ) );
#4970 = PCURVE('',#1796,#4971);
#4971 = DEFINITIONAL_REPRESENTATION('',(#4972),#4976);
#4972 = LINE('',#4973,#4974);
#4973 = CARTESIAN_POINT('',(1.570796326795,0.));
#4974 = VECTOR('',#4975,1.);
#4975 = DIRECTION('',(0.,-1.));
#4976 = ( GEOMETRIC_REPRESENTATION_CONTEXT(2) 
PARAMETRIC_REPRESENTATION_CONTEXT() REPRESENTATION_CONTEXT('2D SPACE',''
  ) );
#4977 = ORIENTED_EDGE('',*,*,#3313,.T.);
#4978 = ORIENTED_EDGE('',*,*,#4883,.F.);
#4979 = ORIENTED_EDGE('',*,*,#1808,.F.);
#4980 = ADVANCED_FACE('',(#4981),#393,.T.);
#4981 = FACE_BOUND('',#4982,.T.);
#4982 = EDGE_LOOP('',(#4983,#5006,#5032,#5033));
#4983 = ORIENTED_EDGE('',*,*,#4984,.T.);
#4984 = EDGE_CURVE('',#373,#4985,#4987,.T.);
#4985 = VERTEX_POINT('',#4986);
#4986 = CARTESIAN_POINT('',(260.47242254273,-168.2595965318,7.2));
#4987 = SURFACE_CURVE('',#4988,(#4992,#4999),.PCURVE_S1.);
#4988 = LINE('',#4989,#4990);
#4989 = CARTESIAN_POINT('',(260.47242254273,-168.2595965318,0.));
#4990 = VECTOR('',#4991,1.);
#4991 = DIRECTION('',(0.,0.,1.));
#4992 = PCURVE('',#393,#4993);
#4993 = DEFINITIONAL_REPRESENTATION('',(#4994),#4998);
#4994 = LINE('',#4995,#4996);
#4995 = CARTESIAN_POINT('',(1.570796326795,0.));
#4996 = VECTOR('',#4997,1.);
#4997 = DIRECTION('',(0.,-1.));
#4998 = ( GEOMETRIC_REPRESENTATION_CONTEXT(2) 
PARAMETRIC_REPRESENTATION_CONTEXT() REPRESENTATION_CONTEXT('2D SPACE',''
  ) );
#4999 = PCURVE('',#421,#5000);
#5000 = DEFINITIONAL_REPRESENTATION('',(#5001),#5005);
#5001 = LINE('',#5002,#5003);
#5002 = CARTESIAN_POINT('',(0.,0.));
#5003 = VECTOR('',#5004,1.);
#5004 = DIRECTION('',(0.,-1.));
#5005 = ( GEOMETRIC_REPRESENTATION_CONTEXT(2) 
PARAMETRIC_REPRESENTATION_CONTEXT() REPRESENTATION_CONTEXT('2D SPACE',''
  ) );
#5006 = ORIENTED_EDGE('',*,*,#5007,.T.);
#5007 = EDGE_CURVE('',#4985,#4910,#5008,.T.);
#5008 = SURFACE_CURVE('',#5009,(#5014,#5021),.PCURVE_S1.);
#5009 = CIRCLE('',#5010,4.);
#5010 = AXIS2_PLACEMENT_3D('',#5011,#5012,#5013);
#5011 = CARTESIAN_POINT('',(259.86419380572,-164.3061097412,7.2));
#5012 = DIRECTION('',(0.,0.,-1.));
#5013 = DIRECTION('',(0.988371697651,0.152057184254,0.));
#5014 = PCURVE('',#393,#5015);
#5015 = DEFINITIONAL_REPRESENTATION('',(#5016),#5020);
#5016 = LINE('',#5017,#5018);
#5017 = CARTESIAN_POINT('',(0.,-7.2));
#5018 = VECTOR('',#5019,1.);
#5019 = DIRECTION('',(1.,0.));
#5020 = ( GEOMETRIC_REPRESENTATION_CONTEXT(2) 
PARAMETRIC_REPRESENTATION_CONTEXT() REPRESENTATION_CONTEXT('2D SPACE',''
  ) );
#5021 = PCURVE('',#4782,#5022);
#5022 = DEFINITIONAL_REPRESENTATION('',(#5023),#5031);
#5023 = ( BOUNDED_CURVE() B_SPLINE_CURVE(2,(#5024,#5025,#5026,#5027,
#5028,#5029,#5030),.UNSPECIFIED.,.T.,.F.) B_SPLINE_CURVE_WITH_KNOTS((1,2
    ,2,2,2,1),(-2.094395102393,0.,2.094395102393,4.188790204786,
6.28318530718,8.377580409573),.UNSPECIFIED.) CURVE() 
GEOMETRIC_REPRESENTATION_ITEM() RATIONAL_B_SPLINE_CURVE((1.,0.5,1.,0.5,
1.,0.5,1.)) REPRESENTATION_ITEM('') );
#5024 = CARTESIAN_POINT('',(5.511783627054,-33.76996438493));
#5025 = CARTESIAN_POINT('',(6.565266702188,-40.61760437331));
#5026 = CARTESIAN_POINT('',(0.108294978717,-38.10612748464));
#5027 = CARTESIAN_POINT('',(-6.348676744754,-35.59465059598));
#5028 = CARTESIAN_POINT('',(-0.945188096417,-31.25848749627));
#5029 = CARTESIAN_POINT('',(4.458300551919,-26.92232439655));
#5030 = CARTESIAN_POINT('',(5.511783627054,-33.76996438493));
#5031 = ( GEOMETRIC_REPRESENTATION_CONTEXT(2) 
PARAMETRIC_REPRESENTATION_CONTEXT() REPRESENTATION_CONTEXT('2D SPACE',''
  ) );
#5032 = ORIENTED_EDGE('',*,*,#4932,.F.);
#5033 = ORIENTED_EDGE('',*,*,#372,.F.);
#5034 = ADVANCED_FACE('',(#5035),#1796,.T.);
#5035 = FACE_BOUND('',#5036,.T.);
#5036 = EDGE_LOOP('',(#5037,#5038,#5039,#5060));
#5037 = ORIENTED_EDGE('',*,*,#4957,.T.);
#5038 = ORIENTED_EDGE('',*,*,#3285,.T.);
#5039 = ORIENTED_EDGE('',*,*,#5040,.F.);
#5040 = EDGE_CURVE('',#1748,#3263,#5041,.T.);
#5041 = SURFACE_CURVE('',#5042,(#5046,#5053),.PCURVE_S1.);
#5042 = LINE('',#5043,#5044);
#5043 = CARTESIAN_POINT('',(245.25216845369,-99.17289314922,0.));
#5044 = VECTOR('',#5045,1.);
#5045 = DIRECTION('',(0.,0.,1.));
#5046 = PCURVE('',#1796,#5047);
#5047 = DEFINITIONAL_REPRESENTATION('',(#5048),#5052);
#5048 = LINE('',#5049,#5050);
#5049 = CARTESIAN_POINT('',(1.701706613783,0.));
#5050 = VECTOR('',#5051,1.);
#5051 = DIRECTION('',(0.,-1.));
#5052 = ( GEOMETRIC_REPRESENTATION_CONTEXT(2) 
PARAMETRIC_REPRESENTATION_CONTEXT() REPRESENTATION_CONTEXT('2D SPACE',''
  ) );
#5053 = PCURVE('',#1763,#5054);
#5054 = DEFINITIONAL_REPRESENTATION('',(#5055),#5059);
#5055 = LINE('',#5056,#5057);
#5056 = CARTESIAN_POINT('',(1.961018841349,0.));
#5057 = VECTOR('',#5058,1.);
#5058 = DIRECTION('',(0.,-1.));
#5059 = ( GEOMETRIC_REPRESENTATION_CONTEXT(2) 
PARAMETRIC_REPRESENTATION_CONTEXT() REPRESENTATION_CONTEXT('2D SPACE',''
  ) );
#5060 = ORIENTED_EDGE('',*,*,#1775,.F.);
#5061 = ADVANCED_FACE('',(#5062),#421,.F.);
#5062 = FACE_BOUND('',#5063,.F.);
#5063 = EDGE_LOOP('',(#5064,#5065,#5088,#5109));
#5064 = ORIENTED_EDGE('',*,*,#4984,.T.);
#5065 = ORIENTED_EDGE('',*,*,#5066,.F.);
#5066 = EDGE_CURVE('',#5067,#4985,#5069,.T.);
#5067 = VERTEX_POINT('',#5068);
#5068 = CARTESIAN_POINT('',(272.21365945572,-166.4532523914,7.2));
#5069 = SURFACE_CURVE('',#5070,(#5074,#5081),.PCURVE_S1.);
#5070 = LINE('',#5071,#5072);
#5071 = CARTESIAN_POINT('',(272.21365945572,-166.4532523914,7.2));
#5072 = VECTOR('',#5073,1.);
#5073 = DIRECTION('',(-0.988371697651,-0.152057184254,0.));
#5074 = PCURVE('',#421,#5075);
#5075 = DEFINITIONAL_REPRESENTATION('',(#5076),#5080);
#5076 = LINE('',#5077,#5078);
#5077 = CARTESIAN_POINT('',(11.879373864002,-7.2));
#5078 = VECTOR('',#5079,1.);
#5079 = DIRECTION('',(-1.,-0.));
#5080 = ( GEOMETRIC_REPRESENTATION_CONTEXT(2) 
PARAMETRIC_REPRESENTATION_CONTEXT() REPRESENTATION_CONTEXT('2D SPACE',''
  ) );
#5081 = PCURVE('',#4782,#5082);
#5082 = DEFINITIONAL_REPRESENTATION('',(#5083),#5087);
#5083 = LINE('',#5084,#5085);
#5084 = CARTESIAN_POINT('',(13.907762486457,-36.52533577209));
#5085 = VECTOR('',#5086,1.);
#5086 = DIRECTION('',(-0.988371697651,-0.152057184254));
#5087 = ( GEOMETRIC_REPRESENTATION_CONTEXT(2) 
PARAMETRIC_REPRESENTATION_CONTEXT() REPRESENTATION_CONTEXT('2D SPACE',''
  ) );
#5088 = ORIENTED_EDGE('',*,*,#5089,.F.);
#5089 = EDGE_CURVE('',#406,#5067,#5090,.T.);
#5090 = SURFACE_CURVE('',#5091,(#5095,#5102),.PCURVE_S1.);
#5091 = LINE('',#5092,#5093);
#5092 = CARTESIAN_POINT('',(272.21365945572,-166.4532523914,0.));
#5093 = VECTOR('',#5094,1.);
#5094 = DIRECTION('',(0.,0.,1.));
#5095 = PCURVE('',#421,#5096);
#5096 = DEFINITIONAL_REPRESENTATION('',(#5097),#5101);
#5097 = LINE('',#5098,#5099);
#5098 = CARTESIAN_POINT('',(11.879373864002,0.));
#5099 = VECTOR('',#5100,1.);
#5100 = DIRECTION('',(0.,-1.));
#5101 = ( GEOMETRIC_REPRESENTATION_CONTEXT(2) 
PARAMETRIC_REPRESENTATION_CONTEXT() REPRESENTATION_CONTEXT('2D SPACE',''
  ) );
#5102 = PCURVE('',#454,#5103);
#5103 = DEFINITIONAL_REPRESENTATION('',(#5104),#5108);
#5104 = LINE('',#5105,#5106);
#5105 = CARTESIAN_POINT('',(2.895811119045,0.));
#5106 = VECTOR('',#5107,1.);
#5107 = DIRECTION('',(0.,-1.));
#5108 = ( GEOMETRIC_REPRESENTATION_CONTEXT(2) 
PARAMETRIC_REPRESENTATION_CONTEXT() REPRESENTATION_CONTEXT('2D SPACE',''
  ) );
#5109 = ORIENTED_EDGE('',*,*,#405,.F.);
#5110 = ADVANCED_FACE('',(#5111),#1763,.F.);
#5111 = FACE_BOUND('',#5112,.F.);
#5112 = EDGE_LOOP('',(#5113,#5134,#5135,#5136));
#5113 = ORIENTED_EDGE('',*,*,#5114,.T.);
#5114 = EDGE_CURVE('',#1715,#3235,#5115,.T.);
#5115 = SURFACE_CURVE('',#5116,(#5120,#5127),.PCURVE_S1.);
#5116 = LINE('',#5117,#5118);
#5117 = CARTESIAN_POINT('',(246.34165697302,-97.54236879725,0.));
#5118 = VECTOR('',#5119,1.);
#5119 = DIRECTION('',(0.,0.,1.));
#5120 = PCURVE('',#1763,#5121);
#5121 = DEFINITIONAL_REPRESENTATION('',(#5122),#5126);
#5122 = LINE('',#5123,#5124);
#5123 = CARTESIAN_POINT('',(1.181587049899E-14,0.));
#5124 = VECTOR('',#5125,1.);
#5125 = DIRECTION('',(0.,-1.));
#5126 = ( GEOMETRIC_REPRESENTATION_CONTEXT(2) 
PARAMETRIC_REPRESENTATION_CONTEXT() REPRESENTATION_CONTEXT('2D SPACE',''
  ) );
#5127 = PCURVE('',#1735,#5128);
#5128 = DEFINITIONAL_REPRESENTATION('',(#5129),#5133);
#5129 = LINE('',#5130,#5131);
#5130 = CARTESIAN_POINT('',(1.570796326795,0.));
#5131 = VECTOR('',#5132,1.);
#5132 = DIRECTION('',(0.,-1.));
#5133 = ( GEOMETRIC_REPRESENTATION_CONTEXT(2) 
PARAMETRIC_REPRESENTATION_CONTEXT() REPRESENTATION_CONTEXT('2D SPACE',''
  ) );
#5134 = ORIENTED_EDGE('',*,*,#3262,.T.);
#5135 = ORIENTED_EDGE('',*,*,#5040,.F.);
#5136 = ORIENTED_EDGE('',*,*,#1747,.F.);
#5137 = ADVANCED_FACE('',(#5138),#454,.T.);
#5138 = FACE_BOUND('',#5139,.T.);
#5139 = EDGE_LOOP('',(#5140,#5141,#5162,#5163,#5184,#5217,#5238,#5264));
#5140 = ORIENTED_EDGE('',*,*,#433,.F.);
#5141 = ORIENTED_EDGE('',*,*,#5142,.T.);
#5142 = EDGE_CURVE('',#434,#2164,#5143,.T.);
#5143 = SURFACE_CURVE('',#5144,(#5148,#5155),.PCURVE_S1.);
#5144 = LINE('',#5145,#5146);
#5145 = CARTESIAN_POINT('',(275.58809603802,-162.8717561307,0.));
#5146 = VECTOR('',#5147,1.);
#5147 = DIRECTION('',(0.,0.,1.));
#5148 = PCURVE('',#454,#5149);
#5149 = DEFINITIONAL_REPRESENTATION('',(#5150),#5154);
#5150 = LINE('',#5151,#5152);
#5151 = CARTESIAN_POINT('',(1.570796326795,0.));
#5152 = VECTOR('',#5153,1.);
#5153 = DIRECTION('',(0.,-1.));
#5154 = ( GEOMETRIC_REPRESENTATION_CONTEXT(2) 
PARAMETRIC_REPRESENTATION_CONTEXT() REPRESENTATION_CONTEXT('2D SPACE',''
  ) );
#5155 = PCURVE('',#482,#5156);
#5156 = DEFINITIONAL_REPRESENTATION('',(#5157),#5161);
#5157 = LINE('',#5158,#5159);
#5158 = CARTESIAN_POINT('',(0.,0.));
#5159 = VECTOR('',#5160,1.);
#5160 = DIRECTION('',(0.,-1.));
#5161 = ( GEOMETRIC_REPRESENTATION_CONTEXT(2) 
PARAMETRIC_REPRESENTATION_CONTEXT() REPRESENTATION_CONTEXT('2D SPACE',''
  ) );
#5162 = ORIENTED_EDGE('',*,*,#2163,.T.);
#5163 = ORIENTED_EDGE('',*,*,#5164,.T.);
#5164 = EDGE_CURVE('',#2138,#5165,#5167,.T.);
#5165 = VERTEX_POINT('',#5166);
#5166 = CARTESIAN_POINT('',(275.38014733522,-163.8232135465,7.19));
#5167 = SURFACE_CURVE('',#5168,(#5172,#5178),.PCURVE_S1.);
#5168 = LINE('',#5169,#5170);
#5169 = CARTESIAN_POINT('',(275.38014733522,-163.8232135465,0.));
#5170 = VECTOR('',#5171,1.);
#5171 = DIRECTION('',(0.,0.,-1.));
#5172 = PCURVE('',#454,#5173);
#5173 = DEFINITIONAL_REPRESENTATION('',(#5174),#5177);
#5174 = B_SPLINE_CURVE_WITH_KNOTS('',1,(#5175,#5176),.UNSPECIFIED.,.F.,
  .F.,(2,2),(-7.2000024,-7.089),.PIECEWISE_BEZIER_KNOTS.);
#5175 = CARTESIAN_POINT('',(1.814880981381,-7.2000024));
#5176 = CARTESIAN_POINT('',(1.814880981381,-7.089));
#5177 = ( GEOMETRIC_REPRESENTATION_CONTEXT(2) 
PARAMETRIC_REPRESENTATION_CONTEXT() REPRESENTATION_CONTEXT('2D SPACE',''
  ) );
#5178 = PCURVE('',#2152,#5179);
#5179 = DEFINITIONAL_REPRESENTATION('',(#5180),#5183);
#5180 = B_SPLINE_CURVE_WITH_KNOTS('',1,(#5181,#5182),.UNSPECIFIED.,.F.,
  .F.,(2,2),(-7.2000024,-7.089),.PIECEWISE_BEZIER_KNOTS.);
#5181 = CARTESIAN_POINT('',(0.708785931416,-1.00024E-02));
#5182 = CARTESIAN_POINT('',(0.708785931416,0.101));
#5183 = ( GEOMETRIC_REPRESENTATION_CONTEXT(2) 
PARAMETRIC_REPRESENTATION_CONTEXT() REPRESENTATION_CONTEXT('2D SPACE',''
  ) );
#5184 = ORIENTED_EDGE('',*,*,#5185,.T.);
#5185 = EDGE_CURVE('',#5165,#5186,#5188,.T.);
#5186 = VERTEX_POINT('',#5187);
#5187 = CARTESIAN_POINT('',(272.2317848995,-166.4504212983,7.19));
#5188 = SURFACE_CURVE('',#5189,(#5194,#5201),.PCURVE_S1.);
#5189 = CIRCLE('',#5190,4.);
#5190 = AXIS2_PLACEMENT_3D('',#5191,#5192,#5193);
#5191 = CARTESIAN_POINT('',(271.60543071871,-162.4997656008,7.19));
#5192 = DIRECTION('',(0.,0.,-1.));
#5193 = DIRECTION('',(9.299763248629E-02,0.995666329827,0.));
#5194 = PCURVE('',#454,#5195);
#5195 = DEFINITIONAL_REPRESENTATION('',(#5196),#5200);
#5196 = LINE('',#5197,#5198);
#5197 = CARTESIAN_POINT('',(0.,-7.19));
#5198 = VECTOR('',#5199,1.);
#5199 = DIRECTION('',(1.,0.));
#5200 = ( GEOMETRIC_REPRESENTATION_CONTEXT(2) 
PARAMETRIC_REPRESENTATION_CONTEXT() REPRESENTATION_CONTEXT('2D SPACE',''
  ) );
#5201 = PCURVE('',#5202,#5207);
#5202 = PLANE('',#5203);
#5203 = AXIS2_PLACEMENT_3D('',#5204,#5205,#5206);
#5204 = CARTESIAN_POINT('',(180.729882341,-116.7050529482,7.19));
#5205 = DIRECTION('',(0.,0.,1.));
#5206 = DIRECTION('',(1.,0.,-0.));
#5207 = DEFINITIONAL_REPRESENTATION('',(#5208),#5216);
#5208 = ( BOUNDED_CURVE() B_SPLINE_CURVE(2,(#5209,#5210,#5211,#5212,
#5213,#5214,#5215),.UNSPECIFIED.,.T.,.F.) B_SPLINE_CURVE_WITH_KNOTS((1,2
    ,2,2,2,1),(-2.094395102393,0.,2.094395102393,4.188790204786,
6.28318530718,8.377580409573),.UNSPECIFIED.) CURVE() 
GEOMETRIC_REPRESENTATION_ITEM() RATIONAL_B_SPLINE_CURVE((1.,0.5,1.,0.5,
1.,0.5,1.)) REPRESENTATION_ITEM('') );
#5209 = CARTESIAN_POINT('',(91.247538907653,-41.81204733328));
#5210 = CARTESIAN_POINT('',(98.14571759024,-42.45635383108));
#5211 = CARTESIAN_POINT('',(94.138642454029,-48.10819856115));
#5212 = CARTESIAN_POINT('',(90.131567317818,-53.76004329121));
#5213 = CARTESIAN_POINT('',(87.240463771442,-47.46389206335));
#5214 = CARTESIAN_POINT('',(84.349360225066,-41.16774083548));
#5215 = CARTESIAN_POINT('',(91.247538907653,-41.81204733328));
#5216 = ( GEOMETRIC_REPRESENTATION_CONTEXT(2) 
PARAMETRIC_REPRESENTATION_CONTEXT() REPRESENTATION_CONTEXT('2D SPACE',''
  ) );
#5217 = ORIENTED_EDGE('',*,*,#5218,.F.);
#5218 = EDGE_CURVE('',#5219,#5186,#5221,.T.);
#5219 = VERTEX_POINT('',#5220);
#5220 = CARTESIAN_POINT('',(272.2317848982,-166.4504212985,7.2));
#5221 = SURFACE_CURVE('',#5222,(#5226,#5232),.PCURVE_S1.);
#5222 = LINE('',#5223,#5224);
#5223 = CARTESIAN_POINT('',(272.23178489819,-166.4504212985,0.));
#5224 = VECTOR('',#5225,1.);
#5225 = DIRECTION('',(0.,0.,-1.));
#5226 = PCURVE('',#454,#5227);
#5227 = DEFINITIONAL_REPRESENTATION('',(#5228),#5231);
#5228 = B_SPLINE_CURVE_WITH_KNOTS('',1,(#5229,#5230),.UNSPECIFIED.,.F.,
  .F.,(2,2),(-7.2000024,-3.240471862576),.PIECEWISE_BEZIER_KNOTS.);
#5229 = CARTESIAN_POINT('',(2.891224812377,-7.2000024));
#5230 = CARTESIAN_POINT('',(2.891224812377,-3.240471862576));
#5231 = ( GEOMETRIC_REPRESENTATION_CONTEXT(2) 
PARAMETRIC_REPRESENTATION_CONTEXT() REPRESENTATION_CONTEXT('2D SPACE',''
  ) );
#5232 = PCURVE('',#4813,#5233);
#5233 = DEFINITIONAL_REPRESENTATION('',(#5234),#5237);
#5234 = B_SPLINE_CURVE_WITH_KNOTS('',1,(#5235,#5236),.UNSPECIFIED.,.F.,
  .F.,(2,2),(-7.2000024,-3.240471862576),.PIECEWISE_BEZIER_KNOTS.);
#5235 = CARTESIAN_POINT('',(3.102229309507,-1.00024E-02));
#5236 = CARTESIAN_POINT('',(3.102229309507,3.949528137424));
#5237 = ( GEOMETRIC_REPRESENTATION_CONTEXT(2) 
PARAMETRIC_REPRESENTATION_CONTEXT() REPRESENTATION_CONTEXT('2D SPACE',''
  ) );
#5238 = ORIENTED_EDGE('',*,*,#5239,.T.);
#5239 = EDGE_CURVE('',#5219,#5067,#5240,.T.);
#5240 = SURFACE_CURVE('',#5241,(#5246,#5253),.PCURVE_S1.);
#5241 = CIRCLE('',#5242,4.);
#5242 = AXIS2_PLACEMENT_3D('',#5243,#5244,#5245);
#5243 = CARTESIAN_POINT('',(271.60543071871,-162.4997656008,7.2));
#5244 = DIRECTION('',(0.,0.,-1.));
#5245 = DIRECTION('',(9.299763248629E-02,0.995666329827,0.));
#5246 = PCURVE('',#454,#5247);
#5247 = DEFINITIONAL_REPRESENTATION('',(#5248),#5252);
#5248 = LINE('',#5249,#5250);
#5249 = CARTESIAN_POINT('',(0.,-7.2));
#5250 = VECTOR('',#5251,1.);
#5251 = DIRECTION('',(1.,0.));
#5252 = ( GEOMETRIC_REPRESENTATION_CONTEXT(2) 
PARAMETRIC_REPRESENTATION_CONTEXT() REPRESENTATION_CONTEXT('2D SPACE',''
  ) );
#5253 = PCURVE('',#4782,#5254);
#5254 = DEFINITIONAL_REPRESENTATION('',(#5255),#5263);
#5255 = ( BOUNDED_CURVE() B_SPLINE_CURVE(2,(#5256,#5257,#5258,#5259,
#5260,#5261,#5262),.UNSPECIFIED.,.T.,.F.) B_SPLINE_CURVE_WITH_KNOTS((1,2
    ,2,2,2,1),(-2.094395102393,0.,2.094395102393,4.188790204786,
6.28318530718,8.377580409573),.UNSPECIFIED.) CURVE() 
GEOMETRIC_REPRESENTATION_ITEM() RATIONAL_B_SPLINE_CURVE((1.,0.5,1.,0.5,
1.,0.5,1.)) REPRESENTATION_ITEM('') );
#5256 = CARTESIAN_POINT('',(13.671524279387,-28.58918366218));
#5257 = CARTESIAN_POINT('',(20.569702961973,-29.23349015997));
#5258 = CARTESIAN_POINT('',(16.562627825762,-34.88533489004));
#5259 = CARTESIAN_POINT('',(12.555552689551,-40.5371796201));
#5260 = CARTESIAN_POINT('',(9.664449143175,-34.24102839224));
#5261 = CARTESIAN_POINT('',(6.7733455968,-27.94487716438));
#5262 = CARTESIAN_POINT('',(13.671524279387,-28.58918366218));
#5263 = ( GEOMETRIC_REPRESENTATION_CONTEXT(2) 
PARAMETRIC_REPRESENTATION_CONTEXT() REPRESENTATION_CONTEXT('2D SPACE',''
  ) );
#5264 = ORIENTED_EDGE('',*,*,#5089,.F.);
#5265 = ADVANCED_FACE('',(#5266),#1735,.T.);
#5266 = FACE_BOUND('',#5267,.T.);
#5267 = EDGE_LOOP('',(#5268,#5269,#5270,#5291));
#5268 = ORIENTED_EDGE('',*,*,#5114,.T.);
#5269 = ORIENTED_EDGE('',*,*,#3234,.T.);
#5270 = ORIENTED_EDGE('',*,*,#5271,.F.);
#5271 = EDGE_CURVE('',#1687,#3212,#5272,.T.);
#5272 = SURFACE_CURVE('',#5273,(#5277,#5284),.PCURVE_S1.);
#5273 = LINE('',#5274,#5275);
#5274 = CARTESIAN_POINT('',(246.66014526476,-97.12730407835,0.));
#5275 = VECTOR('',#5276,1.);
#5276 = DIRECTION('',(0.,0.,1.));
#5277 = PCURVE('',#1735,#5278);
#5278 = DEFINITIONAL_REPRESENTATION('',(#5279),#5283);
#5279 = LINE('',#5280,#5281);
#5280 = CARTESIAN_POINT('',(1.701683828326,0.));
#5281 = VECTOR('',#5282,1.);
#5282 = DIRECTION('',(0.,-1.));
#5283 = ( GEOMETRIC_REPRESENTATION_CONTEXT(2) 
PARAMETRIC_REPRESENTATION_CONTEXT() REPRESENTATION_CONTEXT('2D SPACE',''
  ) );
#5284 = PCURVE('',#1702,#5285);
#5285 = DEFINITIONAL_REPRESENTATION('',(#5286),#5290);
#5286 = LINE('',#5287,#5288);
#5287 = CARTESIAN_POINT('',(1.960863903859,0.));
#5288 = VECTOR('',#5289,1.);
#5289 = DIRECTION('',(0.,-1.));
#5290 = ( GEOMETRIC_REPRESENTATION_CONTEXT(2) 
PARAMETRIC_REPRESENTATION_CONTEXT() REPRESENTATION_CONTEXT('2D SPACE',''
  ) );
#5291 = ORIENTED_EDGE('',*,*,#1714,.F.);
#5292 = ADVANCED_FACE('',(#5293),#482,.F.);
#5293 = FACE_BOUND('',#5294,.F.);
#5294 = EDGE_LOOP('',(#5295,#5296,#5297,#5318));
#5295 = ORIENTED_EDGE('',*,*,#5142,.T.);
#5296 = ORIENTED_EDGE('',*,*,#2191,.T.);
#5297 = ORIENTED_EDGE('',*,*,#5298,.F.);
#5298 = EDGE_CURVE('',#467,#2192,#5299,.T.);
#5299 = SURFACE_CURVE('',#5300,(#5304,#5311),.PCURVE_S1.);
#5300 = LINE('',#5301,#5302);
#5301 = CARTESIAN_POINT('',(280.39325478324,-111.4259865537,0.));
#5302 = VECTOR('',#5303,1.);
#5303 = DIRECTION('',(0.,0.,1.));
#5304 = PCURVE('',#482,#5305);
#5305 = DEFINITIONAL_REPRESENTATION('',(#5306),#5310);
#5306 = LINE('',#5307,#5308);
#5307 = CARTESIAN_POINT('',(51.669688966949,0.));
#5308 = VECTOR('',#5309,1.);
#5309 = DIRECTION('',(0.,-1.));
#5310 = ( GEOMETRIC_REPRESENTATION_CONTEXT(2) 
PARAMETRIC_REPRESENTATION_CONTEXT() REPRESENTATION_CONTEXT('2D SPACE',''
  ) );
#5311 = PCURVE('',#515,#5312);
#5312 = DEFINITIONAL_REPRESENTATION('',(#5313),#5317);
#5313 = LINE('',#5314,#5315);
#5314 = CARTESIAN_POINT('',(1.598457722767,0.));
#5315 = VECTOR('',#5316,1.);
#5316 = DIRECTION('',(0.,-1.));
#5317 = ( GEOMETRIC_REPRESENTATION_CONTEXT(2) 
PARAMETRIC_REPRESENTATION_CONTEXT() REPRESENTATION_CONTEXT('2D SPACE',''
  ) );
#5318 = ORIENTED_EDGE('',*,*,#466,.F.);
#5319 = ADVANCED_FACE('',(#5320),#1702,.F.);
#5320 = FACE_BOUND('',#5321,.F.);
#5321 = EDGE_LOOP('',(#5322,#5343,#5344,#5345));
#5322 = ORIENTED_EDGE('',*,*,#5323,.T.);
#5323 = EDGE_CURVE('',#1654,#3184,#5324,.T.);
#5324 = SURFACE_CURVE('',#5325,(#5329,#5336),.PCURVE_S1.);
#5325 = LINE('',#5326,#5327);
#5326 = CARTESIAN_POINT('',(247.95301906132,-95.65303660071,0.));
#5327 = VECTOR('',#5328,1.);
#5328 = DIRECTION('',(0.,0.,1.));
#5329 = PCURVE('',#1702,#5330);
#5330 = DEFINITIONAL_REPRESENTATION('',(#5331),#5335);
#5331 = LINE('',#5332,#5333);
#5332 = CARTESIAN_POINT('',(0.,0.));
#5333 = VECTOR('',#5334,1.);
#5334 = DIRECTION('',(0.,-1.));
#5335 = ( GEOMETRIC_REPRESENTATION_CONTEXT(2) 
PARAMETRIC_REPRESENTATION_CONTEXT() REPRESENTATION_CONTEXT('2D SPACE',''
  ) );
#5336 = PCURVE('',#1674,#5337);
#5337 = DEFINITIONAL_REPRESENTATION('',(#5338),#5342);
#5338 = LINE('',#5339,#5340);
#5339 = CARTESIAN_POINT('',(1.570796326795,0.));
#5340 = VECTOR('',#5341,1.);
#5341 = DIRECTION('',(0.,-1.));
#5342 = ( GEOMETRIC_REPRESENTATION_CONTEXT(2) 
PARAMETRIC_REPRESENTATION_CONTEXT() REPRESENTATION_CONTEXT('2D SPACE',''
  ) );
#5343 = ORIENTED_EDGE('',*,*,#3211,.T.);
#5344 = ORIENTED_EDGE('',*,*,#5271,.F.);
#5345 = ORIENTED_EDGE('',*,*,#1686,.F.);
#5346 = ADVANCED_FACE('',(#5347),#515,.T.);
#5347 = FACE_BOUND('',#5348,.T.);
#5348 = EDGE_LOOP('',(#5349,#5370,#5371,#5372));
#5349 = ORIENTED_EDGE('',*,*,#5350,.T.);
#5350 = EDGE_CURVE('',#495,#2215,#5351,.T.);
#5351 = SURFACE_CURVE('',#5352,(#5356,#5363),.PCURVE_S1.);
#5352 = LINE('',#5353,#5354);
#5353 = CARTESIAN_POINT('',(280.40201967177,-111.315692214,0.));
#5354 = VECTOR('',#5355,1.);
#5355 = DIRECTION('',(0.,0.,1.));
#5356 = PCURVE('',#515,#5357);
#5357 = DEFINITIONAL_REPRESENTATION('',(#5358),#5362);
#5358 = LINE('',#5359,#5360);
#5359 = CARTESIAN_POINT('',(1.570796326795,0.));
#5360 = VECTOR('',#5361,1.);
#5361 = DIRECTION('',(0.,-1.));
#5362 = ( GEOMETRIC_REPRESENTATION_CONTEXT(2) 
PARAMETRIC_REPRESENTATION_CONTEXT() REPRESENTATION_CONTEXT('2D SPACE',''
  ) );
#5363 = PCURVE('',#543,#5364);
#5364 = DEFINITIONAL_REPRESENTATION('',(#5365),#5369);
#5365 = LINE('',#5366,#5367);
#5366 = CARTESIAN_POINT('',(0.,0.));
#5367 = VECTOR('',#5368,1.);
#5368 = DIRECTION('',(0.,-1.));
#5369 = ( GEOMETRIC_REPRESENTATION_CONTEXT(2) 
PARAMETRIC_REPRESENTATION_CONTEXT() REPRESENTATION_CONTEXT('2D SPACE',''
  ) );
#5370 = ORIENTED_EDGE('',*,*,#2214,.T.);
#5371 = ORIENTED_EDGE('',*,*,#5298,.F.);
#5372 = ORIENTED_EDGE('',*,*,#494,.F.);
#5373 = ADVANCED_FACE('',(#5374),#1674,.T.);
#5374 = FACE_BOUND('',#5375,.T.);
#5375 = EDGE_LOOP('',(#5376,#5377,#5378,#5399));
#5376 = ORIENTED_EDGE('',*,*,#5323,.T.);
#5377 = ORIENTED_EDGE('',*,*,#3183,.T.);
#5378 = ORIENTED_EDGE('',*,*,#5379,.F.);
#5379 = EDGE_CURVE('',#1626,#3161,#5380,.T.);
#5380 = SURFACE_CURVE('',#5381,(#5385,#5392),.PCURVE_S1.);
#5381 = LINE('',#5382,#5383);
#5382 = CARTESIAN_POINT('',(248.32303595723,-95.28301832756,0.));
#5383 = VECTOR('',#5384,1.);
#5384 = DIRECTION('',(0.,0.,1.));
#5385 = PCURVE('',#1674,#5386);
#5386 = DEFINITIONAL_REPRESENTATION('',(#5387),#5391);
#5387 = LINE('',#5388,#5389);
#5388 = CARTESIAN_POINT('',(1.701710765397,0.));
#5389 = VECTOR('',#5390,1.);
#5390 = DIRECTION('',(0.,-1.));
#5391 = ( GEOMETRIC_REPRESENTATION_CONTEXT(2) 
PARAMETRIC_REPRESENTATION_CONTEXT() REPRESENTATION_CONTEXT('2D SPACE',''
  ) );
#5392 = PCURVE('',#1641,#5393);
#5393 = DEFINITIONAL_REPRESENTATION('',(#5394),#5398);
#5394 = LINE('',#5395,#5396);
#5395 = CARTESIAN_POINT('',(1.960997546218,0.));
#5396 = VECTOR('',#5397,1.);
#5397 = DIRECTION('',(0.,-1.));
#5398 = ( GEOMETRIC_REPRESENTATION_CONTEXT(2) 
PARAMETRIC_REPRESENTATION_CONTEXT() REPRESENTATION_CONTEXT('2D SPACE',''
  ) );
#5399 = ORIENTED_EDGE('',*,*,#1653,.F.);
#5400 = ADVANCED_FACE('',(#5401),#543,.F.);
#5401 = FACE_BOUND('',#5402,.F.);
#5402 = EDGE_LOOP('',(#5403,#5404,#5405,#5426));
#5403 = ORIENTED_EDGE('',*,*,#5350,.T.);
#5404 = ORIENTED_EDGE('',*,*,#2242,.T.);
#5405 = ORIENTED_EDGE('',*,*,#5406,.F.);
#5406 = EDGE_CURVE('',#528,#2243,#5407,.T.);
#5407 = SURFACE_CURVE('',#5408,(#5412,#5419),.PCURVE_S1.);
#5408 = LINE('',#5409,#5410);
#5409 = CARTESIAN_POINT('',(280.54384201591,-109.1525961902,0.));
#5410 = VECTOR('',#5411,1.);
#5411 = DIRECTION('',(0.,0.,1.));
#5412 = PCURVE('',#543,#5413);
#5413 = DEFINITIONAL_REPRESENTATION('',(#5414),#5418);
#5414 = LINE('',#5415,#5416);
#5415 = CARTESIAN_POINT('',(2.167740294728,0.));
#5416 = VECTOR('',#5417,1.);
#5417 = DIRECTION('',(0.,-1.));
#5418 = ( GEOMETRIC_REPRESENTATION_CONTEXT(2) 
PARAMETRIC_REPRESENTATION_CONTEXT() REPRESENTATION_CONTEXT('2D SPACE',''
  ) );
#5419 = PCURVE('',#576,#5420);
#5420 = DEFINITIONAL_REPRESENTATION('',(#5421),#5425);
#5421 = LINE('',#5422,#5423);
#5422 = CARTESIAN_POINT('',(1.70173794715,0.));
#5423 = VECTOR('',#5424,1.);
#5424 = DIRECTION('',(0.,-1.));
#5425 = ( GEOMETRIC_REPRESENTATION_CONTEXT(2) 
PARAMETRIC_REPRESENTATION_CONTEXT() REPRESENTATION_CONTEXT('2D SPACE',''
  ) );
#5426 = ORIENTED_EDGE('',*,*,#527,.F.);
#5427 = ADVANCED_FACE('',(#5428),#1641,.F.);
#5428 = FACE_BOUND('',#5429,.F.);
#5429 = EDGE_LOOP('',(#5430,#5451,#5452,#5453));
#5430 = ORIENTED_EDGE('',*,*,#5431,.T.);
#5431 = EDGE_CURVE('',#1593,#3133,#5432,.T.);
#5432 = SURFACE_CURVE('',#5433,(#5437,#5444),.PCURVE_S1.);
#5433 = LINE('',#5434,#5435);
#5434 = CARTESIAN_POINT('',(249.79739910081,-93.99005092769,0.));
#5435 = VECTOR('',#5436,1.);
#5436 = DIRECTION('',(0.,0.,1.));
#5437 = PCURVE('',#1641,#5438);
#5438 = DEFINITIONAL_REPRESENTATION('',(#5439),#5443);
#5439 = LINE('',#5440,#5441);
#5440 = CARTESIAN_POINT('',(0.,0.));
#5441 = VECTOR('',#5442,1.);
#5442 = DIRECTION('',(0.,-1.));
#5443 = ( GEOMETRIC_REPRESENTATION_CONTEXT(2) 
PARAMETRIC_REPRESENTATION_CONTEXT() REPRESENTATION_CONTEXT('2D SPACE',''
  ) );
#5444 = PCURVE('',#1613,#5445);
#5445 = DEFINITIONAL_REPRESENTATION('',(#5446),#5450);
#5446 = LINE('',#5447,#5448);
#5447 = CARTESIAN_POINT('',(1.570796326795,0.));
#5448 = VECTOR('',#5449,1.);
#5449 = DIRECTION('',(0.,-1.));
#5450 = ( GEOMETRIC_REPRESENTATION_CONTEXT(2) 
PARAMETRIC_REPRESENTATION_CONTEXT() REPRESENTATION_CONTEXT('2D SPACE',''
  ) );
#5451 = ORIENTED_EDGE('',*,*,#3160,.T.);
#5452 = ORIENTED_EDGE('',*,*,#5379,.F.);
#5453 = ORIENTED_EDGE('',*,*,#1625,.F.);
#5454 = ADVANCED_FACE('',(#5455),#576,.T.);
#5455 = FACE_BOUND('',#5456,.T.);
#5456 = EDGE_LOOP('',(#5457,#5478,#5479,#5480));
#5457 = ORIENTED_EDGE('',*,*,#5458,.T.);
#5458 = EDGE_CURVE('',#556,#2266,#5459,.T.);
#5459 = SURFACE_CURVE('',#5460,(#5464,#5471),.PCURVE_S1.);
#5460 = LINE('',#5461,#5462);
#5461 = CARTESIAN_POINT('',(280.54384201591,-108.6292038097,0.));
#5462 = VECTOR('',#5463,1.);
#5463 = DIRECTION('',(0.,0.,1.));
#5464 = PCURVE('',#576,#5465);
#5465 = DEFINITIONAL_REPRESENTATION('',(#5466),#5470);
#5466 = LINE('',#5467,#5468);
#5467 = CARTESIAN_POINT('',(1.570796326795,0.));
#5468 = VECTOR('',#5469,1.);
#5469 = DIRECTION('',(0.,-1.));
#5470 = ( GEOMETRIC_REPRESENTATION_CONTEXT(2) 
PARAMETRIC_REPRESENTATION_CONTEXT() REPRESENTATION_CONTEXT('2D SPACE',''
  ) );
#5471 = PCURVE('',#604,#5472);
#5472 = DEFINITIONAL_REPRESENTATION('',(#5473),#5477);
#5473 = LINE('',#5474,#5475);
#5474 = CARTESIAN_POINT('',(0.,0.));
#5475 = VECTOR('',#5476,1.);
#5476 = DIRECTION('',(0.,-1.));
#5477 = ( GEOMETRIC_REPRESENTATION_CONTEXT(2) 
PARAMETRIC_REPRESENTATION_CONTEXT() REPRESENTATION_CONTEXT('2D SPACE',''
  ) );
#5478 = ORIENTED_EDGE('',*,*,#2265,.T.);
#5479 = ORIENTED_EDGE('',*,*,#5406,.F.);
#5480 = ORIENTED_EDGE('',*,*,#555,.F.);
#5481 = ADVANCED_FACE('',(#5482),#1613,.T.);
#5482 = FACE_BOUND('',#5483,.T.);
#5483 = EDGE_LOOP('',(#5484,#5485,#5486,#5507));
#5484 = ORIENTED_EDGE('',*,*,#5431,.T.);
#5485 = ORIENTED_EDGE('',*,*,#3132,.T.);
#5486 = ORIENTED_EDGE('',*,*,#5487,.F.);
#5487 = EDGE_CURVE('',#1565,#3110,#5488,.T.);
#5488 = SURFACE_CURVE('',#5489,(#5493,#5500),.PCURVE_S1.);
#5489 = LINE('',#5490,#5491);
#5490 = CARTESIAN_POINT('',(250.21247501341,-93.67155281948,0.));
#5491 = VECTOR('',#5492,1.);
#5492 = DIRECTION('',(0.,0.,1.));
#5493 = PCURVE('',#1613,#5494);
#5494 = DEFINITIONAL_REPRESENTATION('',(#5495),#5499);
#5495 = LINE('',#5496,#5497);
#5496 = CARTESIAN_POINT('',(1.701687550407,0.));
#5497 = VECTOR('',#5498,1.);
#5498 = DIRECTION('',(0.,-1.));
#5499 = ( GEOMETRIC_REPRESENTATION_CONTEXT(2) 
PARAMETRIC_REPRESENTATION_CONTEXT() REPRESENTATION_CONTEXT('2D SPACE',''
  ) );
#5500 = PCURVE('',#1580,#5501);
#5501 = DEFINITIONAL_REPRESENTATION('',(#5502),#5506);
#5502 = LINE('',#5503,#5504);
#5503 = CARTESIAN_POINT('',(1.961011365213,0.));
#5504 = VECTOR('',#5505,1.);
#5505 = DIRECTION('',(0.,-1.));
#5506 = ( GEOMETRIC_REPRESENTATION_CONTEXT(2) 
PARAMETRIC_REPRESENTATION_CONTEXT() REPRESENTATION_CONTEXT('2D SPACE',''
  ) );
#5507 = ORIENTED_EDGE('',*,*,#1592,.F.);
#5508 = ADVANCED_FACE('',(#5509),#604,.F.);
#5509 = FACE_BOUND('',#5510,.F.);
#5510 = EDGE_LOOP('',(#5511,#5512,#5513,#5534));
#5511 = ORIENTED_EDGE('',*,*,#5458,.T.);
#5512 = ORIENTED_EDGE('',*,*,#2293,.T.);
#5513 = ORIENTED_EDGE('',*,*,#5514,.F.);
#5514 = EDGE_CURVE('',#589,#2294,#5515,.T.);
#5515 = SURFACE_CURVE('',#5516,(#5520,#5527),.PCURVE_S1.);
#5516 = LINE('',#5517,#5518);
#5517 = CARTESIAN_POINT('',(280.41554615259,-106.6724157344,0.));
#5518 = VECTOR('',#5519,1.);
#5519 = DIRECTION('',(0.,0.,1.));
#5520 = PCURVE('',#604,#5521);
#5521 = DEFINITIONAL_REPRESENTATION('',(#5522),#5526);
#5522 = LINE('',#5523,#5524);
#5523 = CARTESIAN_POINT('',(1.96098939318,0.));
#5524 = VECTOR('',#5525,1.);
#5525 = DIRECTION('',(0.,-1.));
#5526 = ( GEOMETRIC_REPRESENTATION_CONTEXT(2) 
PARAMETRIC_REPRESENTATION_CONTEXT() REPRESENTATION_CONTEXT('2D SPACE',''
  ) );
#5527 = PCURVE('',#637,#5528);
#5528 = DEFINITIONAL_REPRESENTATION('',(#5529),#5533);
#5529 = LINE('',#5530,#5531);
#5530 = CARTESIAN_POINT('',(1.701647912306,0.));
#5531 = VECTOR('',#5532,1.);
#5532 = DIRECTION('',(0.,-1.));
#5533 = ( GEOMETRIC_REPRESENTATION_CONTEXT(2) 
PARAMETRIC_REPRESENTATION_CONTEXT() REPRESENTATION_CONTEXT('2D SPACE',''
  ) );
#5534 = ORIENTED_EDGE('',*,*,#588,.F.);
#5535 = ADVANCED_FACE('',(#5536),#1580,.F.);
#5536 = FACE_BOUND('',#5537,.F.);
#5537 = EDGE_LOOP('',(#5538,#5559,#5560,#5561));
#5538 = ORIENTED_EDGE('',*,*,#5539,.T.);
#5539 = EDGE_CURVE('',#1532,#3082,#5540,.T.);
#5540 = SURFACE_CURVE('',#5541,(#5545,#5552),.PCURVE_S1.);
#5541 = LINE('',#5542,#5543);
#5542 = CARTESIAN_POINT('',(251.84299314922,-92.58206845369,0.));
#5543 = VECTOR('',#5544,1.);
#5544 = DIRECTION('',(0.,0.,1.));
#5545 = PCURVE('',#1580,#5546);
#5546 = DEFINITIONAL_REPRESENTATION('',(#5547),#5551);
#5547 = LINE('',#5548,#5549);
#5548 = CARTESIAN_POINT('',(0.,0.));
#5549 = VECTOR('',#5550,1.);
#5550 = DIRECTION('',(0.,-1.));
#5551 = ( GEOMETRIC_REPRESENTATION_CONTEXT(2) 
PARAMETRIC_REPRESENTATION_CONTEXT() REPRESENTATION_CONTEXT('2D SPACE',''
  ) );
#5552 = PCURVE('',#1552,#5553);
#5553 = DEFINITIONAL_REPRESENTATION('',(#5554),#5558);
#5554 = LINE('',#5555,#5556);
#5555 = CARTESIAN_POINT('',(1.570796326795,0.));
#5556 = VECTOR('',#5557,1.);
#5557 = DIRECTION('',(0.,-1.));
#5558 = ( GEOMETRIC_REPRESENTATION_CONTEXT(2) 
PARAMETRIC_REPRESENTATION_CONTEXT() REPRESENTATION_CONTEXT('2D SPACE',''
  ) );
#5559 = ORIENTED_EDGE('',*,*,#3109,.T.);
#5560 = ORIENTED_EDGE('',*,*,#5487,.F.);
#5561 = ORIENTED_EDGE('',*,*,#1564,.F.);
#5562 = ADVANCED_FACE('',(#5563),#637,.T.);
#5563 = FACE_BOUND('',#5564,.T.);
#5564 = EDGE_LOOP('',(#5565,#5586,#5587,#5588));
#5565 = ORIENTED_EDGE('',*,*,#5566,.T.);
#5566 = EDGE_CURVE('',#617,#2317,#5567,.T.);
#5567 = SURFACE_CURVE('',#5568,(#5572,#5579),.PCURVE_S1.);
#5568 = LINE('',#5569,#5570);
#5569 = CARTESIAN_POINT('',(280.34727824795,-106.1538571312,0.));
#5570 = VECTOR('',#5571,1.);
#5571 = DIRECTION('',(0.,0.,1.));
#5572 = PCURVE('',#637,#5573);
#5573 = DEFINITIONAL_REPRESENTATION('',(#5574),#5578);
#5574 = LINE('',#5575,#5576);
#5575 = CARTESIAN_POINT('',(1.570796326795,0.));
#5576 = VECTOR('',#5577,1.);
#5577 = DIRECTION('',(0.,-1.));
#5578 = ( GEOMETRIC_REPRESENTATION_CONTEXT(2) 
PARAMETRIC_REPRESENTATION_CONTEXT() REPRESENTATION_CONTEXT('2D SPACE',''
  ) );
#5579 = PCURVE('',#665,#5580);
#5580 = DEFINITIONAL_REPRESENTATION('',(#5581),#5585);
#5581 = LINE('',#5582,#5583);
#5582 = CARTESIAN_POINT('',(0.,0.));
#5583 = VECTOR('',#5584,1.);
#5584 = DIRECTION('',(0.,-1.));
#5585 = ( GEOMETRIC_REPRESENTATION_CONTEXT(2) 
PARAMETRIC_REPRESENTATION_CONTEXT() REPRESENTATION_CONTEXT('2D SPACE',''
  ) );
#5586 = ORIENTED_EDGE('',*,*,#2316,.T.);
#5587 = ORIENTED_EDGE('',*,*,#5514,.F.);
#5588 = ORIENTED_EDGE('',*,*,#616,.F.);
#5589 = ADVANCED_FACE('',(#5590),#1552,.T.);
#5590 = FACE_BOUND('',#5591,.T.);
#5591 = EDGE_LOOP('',(#5592,#5593,#5594,#5615));
#5592 = ORIENTED_EDGE('',*,*,#5539,.T.);
#5593 = ORIENTED_EDGE('',*,*,#3081,.T.);
#5594 = ORIENTED_EDGE('',*,*,#5595,.F.);
#5595 = EDGE_CURVE('',#1504,#3059,#5596,.T.);
#5596 = SURFACE_CURVE('',#5597,(#5601,#5608),.PCURVE_S1.);
#5597 = LINE('',#5598,#5599);
#5598 = CARTESIAN_POINT('',(252.29615654896,-92.32043585526,0.));
#5599 = VECTOR('',#5600,1.);
#5600 = DIRECTION('',(0.,0.,1.));
#5601 = PCURVE('',#1552,#5602);
#5602 = DEFINITIONAL_REPRESENTATION('',(#5603),#5607);
#5603 = LINE('',#5604,#5605);
#5604 = CARTESIAN_POINT('',(1.701706613783,0.));
#5605 = VECTOR('',#5606,1.);
#5606 = DIRECTION('',(0.,-1.));
#5607 = ( GEOMETRIC_REPRESENTATION_CONTEXT(2) 
PARAMETRIC_REPRESENTATION_CONTEXT() REPRESENTATION_CONTEXT('2D SPACE',''
  ) );
#5608 = PCURVE('',#1519,#5609);
#5609 = DEFINITIONAL_REPRESENTATION('',(#5610),#5614);
#5610 = LINE('',#5611,#5612);
#5611 = CARTESIAN_POINT('',(1.96096111734,0.));
#5612 = VECTOR('',#5613,1.);
#5613 = DIRECTION('',(0.,-1.));
#5614 = ( GEOMETRIC_REPRESENTATION_CONTEXT(2) 
PARAMETRIC_REPRESENTATION_CONTEXT() REPRESENTATION_CONTEXT('2D SPACE',''
  ) );
#5615 = ORIENTED_EDGE('',*,*,#1531,.F.);
#5616 = ADVANCED_FACE('',(#5617),#665,.F.);
#5617 = FACE_BOUND('',#5618,.F.);
#5618 = EDGE_LOOP('',(#5619,#5620,#5621,#5642));
#5619 = ORIENTED_EDGE('',*,*,#5566,.T.);
#5620 = ORIENTED_EDGE('',*,*,#2344,.T.);
#5621 = ORIENTED_EDGE('',*,*,#5622,.F.);
#5622 = EDGE_CURVE('',#650,#2345,#5623,.T.);
#5623 = SURFACE_CURVE('',#5624,(#5628,#5635),.PCURVE_S1.);
#5624 = LINE('',#5625,#5626);
#5625 = CARTESIAN_POINT('',(279.96475546834,-104.2305123961,0.));
#5626 = VECTOR('',#5627,1.);
#5627 = DIRECTION('',(0.,0.,1.));
#5628 = PCURVE('',#665,#5629);
#5629 = DEFINITIONAL_REPRESENTATION('',(#5630),#5634);
#5630 = LINE('',#5631,#5632);
#5631 = CARTESIAN_POINT('',(1.961014698309,0.));
#5632 = VECTOR('',#5633,1.);
#5633 = DIRECTION('',(0.,-1.));
#5634 = ( GEOMETRIC_REPRESENTATION_CONTEXT(2) 
PARAMETRIC_REPRESENTATION_CONTEXT() REPRESENTATION_CONTEXT('2D SPACE',''
  ) );
#5635 = PCURVE('',#698,#5636);
#5636 = DEFINITIONAL_REPRESENTATION('',(#5637),#5641);
#5637 = LINE('',#5638,#5639);
#5638 = CARTESIAN_POINT('',(1.701733966472,0.));
#5639 = VECTOR('',#5640,1.);
#5640 = DIRECTION('',(0.,-1.));
#5641 = ( GEOMETRIC_REPRESENTATION_CONTEXT(2) 
PARAMETRIC_REPRESENTATION_CONTEXT() REPRESENTATION_CONTEXT('2D SPACE',''
  ) );
#5642 = ORIENTED_EDGE('',*,*,#649,.F.);
#5643 = ADVANCED_FACE('',(#5644),#1519,.F.);
#5644 = FACE_BOUND('',#5645,.F.);
#5645 = EDGE_LOOP('',(#5646,#5667,#5668,#5669));
#5646 = ORIENTED_EDGE('',*,*,#5647,.T.);
#5647 = EDGE_CURVE('',#1471,#3031,#5648,.T.);
#5648 = SURFACE_CURVE('',#5649,(#5653,#5660),.PCURVE_S1.);
#5649 = LINE('',#5650,#5651);
#5650 = CARTESIAN_POINT('',(254.05489574341,-91.45313835748,0.));
#5651 = VECTOR('',#5652,1.);
#5652 = DIRECTION('',(0.,0.,1.));
#5653 = PCURVE('',#1519,#5654);
#5654 = DEFINITIONAL_REPRESENTATION('',(#5655),#5659);
#5655 = LINE('',#5656,#5657);
#5656 = CARTESIAN_POINT('',(0.,0.));
#5657 = VECTOR('',#5658,1.);
#5658 = DIRECTION('',(0.,-1.));
#5659 = ( GEOMETRIC_REPRESENTATION_CONTEXT(2) 
PARAMETRIC_REPRESENTATION_CONTEXT() REPRESENTATION_CONTEXT('2D SPACE',''
  ) );
#5660 = PCURVE('',#1491,#5661);
#5661 = DEFINITIONAL_REPRESENTATION('',(#5662),#5666);
#5662 = LINE('',#5663,#5664);
#5663 = CARTESIAN_POINT('',(1.570796326795,0.));
#5664 = VECTOR('',#5665,1.);
#5665 = DIRECTION('',(0.,-1.));
#5666 = ( GEOMETRIC_REPRESENTATION_CONTEXT(2) 
PARAMETRIC_REPRESENTATION_CONTEXT() REPRESENTATION_CONTEXT('2D SPACE',''
  ) );
#5667 = ORIENTED_EDGE('',*,*,#3058,.T.);
#5668 = ORIENTED_EDGE('',*,*,#5595,.F.);
#5669 = ORIENTED_EDGE('',*,*,#1503,.F.);
#5670 = ADVANCED_FACE('',(#5671),#698,.T.);
#5671 = FACE_BOUND('',#5672,.T.);
#5672 = EDGE_LOOP('',(#5673,#5694,#5695,#5696));
#5673 = ORIENTED_EDGE('',*,*,#5674,.T.);
#5674 = EDGE_CURVE('',#678,#2368,#5675,.T.);
#5675 = SURFACE_CURVE('',#5676,(#5680,#5687),.PCURVE_S1.);
#5676 = LINE('',#5677,#5678);
#5677 = CARTESIAN_POINT('',(279.82929979592,-103.7249684187,0.));
#5678 = VECTOR('',#5679,1.);
#5679 = DIRECTION('',(0.,0.,1.));
#5680 = PCURVE('',#698,#5681);
#5681 = DEFINITIONAL_REPRESENTATION('',(#5682),#5686);
#5682 = LINE('',#5683,#5684);
#5683 = CARTESIAN_POINT('',(1.570796326795,0.));
#5684 = VECTOR('',#5685,1.);
#5685 = DIRECTION('',(0.,-1.));
#5686 = ( GEOMETRIC_REPRESENTATION_CONTEXT(2) 
PARAMETRIC_REPRESENTATION_CONTEXT() REPRESENTATION_CONTEXT('2D SPACE',''
  ) );
#5687 = PCURVE('',#726,#5688);
#5688 = DEFINITIONAL_REPRESENTATION('',(#5689),#5693);
#5689 = LINE('',#5690,#5691);
#5690 = CARTESIAN_POINT('',(0.,0.));
#5691 = VECTOR('',#5692,1.);
#5692 = DIRECTION('',(0.,-1.));
#5693 = ( GEOMETRIC_REPRESENTATION_CONTEXT(2) 
PARAMETRIC_REPRESENTATION_CONTEXT() REPRESENTATION_CONTEXT('2D SPACE',''
  ) );
#5694 = ORIENTED_EDGE('',*,*,#2367,.T.);
#5695 = ORIENTED_EDGE('',*,*,#5622,.F.);
#5696 = ORIENTED_EDGE('',*,*,#677,.F.);
#5697 = ADVANCED_FACE('',(#5698),#1491,.T.);
#5698 = FACE_BOUND('',#5699,.T.);
#5699 = EDGE_LOOP('',(#5700,#5701,#5702,#5723));
#5700 = ORIENTED_EDGE('',*,*,#5647,.T.);
#5701 = ORIENTED_EDGE('',*,*,#3030,.T.);
#5702 = ORIENTED_EDGE('',*,*,#5703,.F.);
#5703 = EDGE_CURVE('',#1443,#3008,#5704,.T.);
#5704 = SURFACE_CURVE('',#5705,(#5709,#5716),.PCURVE_S1.);
#5705 = LINE('',#5706,#5707);
#5706 = CARTESIAN_POINT('',(254.53822434607,-91.25293619865,0.));
#5707 = VECTOR('',#5708,1.);
#5708 = DIRECTION('',(0.,0.,1.));
#5709 = PCURVE('',#1491,#5710);
#5710 = DEFINITIONAL_REPRESENTATION('',(#5711),#5715);
#5711 = LINE('',#5712,#5713);
#5712 = CARTESIAN_POINT('',(1.701677585966,0.));
#5713 = VECTOR('',#5714,1.);
#5714 = DIRECTION('',(0.,-1.));
#5715 = ( GEOMETRIC_REPRESENTATION_CONTEXT(2) 
PARAMETRIC_REPRESENTATION_CONTEXT() REPRESENTATION_CONTEXT('2D SPACE',''
  ) );
#5716 = PCURVE('',#1458,#5717);
#5717 = DEFINITIONAL_REPRESENTATION('',(#5718),#5722);
#5718 = LINE('',#5719,#5720);
#5719 = CARTESIAN_POINT('',(1.960995727896,0.));
#5720 = VECTOR('',#5721,1.);
#5721 = DIRECTION('',(0.,-1.));
#5722 = ( GEOMETRIC_REPRESENTATION_CONTEXT(2) 
PARAMETRIC_REPRESENTATION_CONTEXT() REPRESENTATION_CONTEXT('2D SPACE',''
  ) );
#5723 = ORIENTED_EDGE('',*,*,#1470,.F.);
#5724 = ADVANCED_FACE('',(#5725),#726,.F.);
#5725 = FACE_BOUND('',#5726,.F.);
#5726 = EDGE_LOOP('',(#5727,#5728,#5729,#5750));
#5727 = ORIENTED_EDGE('',*,*,#5674,.T.);
#5728 = ORIENTED_EDGE('',*,*,#2395,.T.);
#5729 = ORIENTED_EDGE('',*,*,#5730,.F.);
#5730 = EDGE_CURVE('',#711,#2396,#5731,.T.);
#5731 = SURFACE_CURVE('',#5732,(#5736,#5743),.PCURVE_S1.);
#5732 = LINE('',#5733,#5734);
#5733 = CARTESIAN_POINT('',(279.19896380134,-101.868124346,0.));
#5734 = VECTOR('',#5735,1.);
#5735 = DIRECTION('',(0.,0.,1.));
#5736 = PCURVE('',#726,#5737);
#5737 = DEFINITIONAL_REPRESENTATION('',(#5738),#5742);
#5738 = LINE('',#5739,#5740);
#5739 = CARTESIAN_POINT('',(1.960916463356,0.));
#5740 = VECTOR('',#5741,1.);
#5741 = DIRECTION('',(0.,-1.));
#5742 = ( GEOMETRIC_REPRESENTATION_CONTEXT(2) 
PARAMETRIC_REPRESENTATION_CONTEXT() REPRESENTATION_CONTEXT('2D SPACE',''
  ) );
#5743 = PCURVE('',#759,#5744);
#5744 = DEFINITIONAL_REPRESENTATION('',(#5745),#5749);
#5745 = LINE('',#5746,#5747);
#5746 = CARTESIAN_POINT('',(1.701677585966,0.));
#5747 = VECTOR('',#5748,1.);
#5748 = DIRECTION('',(0.,-1.));
#5749 = ( GEOMETRIC_REPRESENTATION_CONTEXT(2) 
PARAMETRIC_REPRESENTATION_CONTEXT() REPRESENTATION_CONTEXT('2D SPACE',''
  ) );
#5750 = ORIENTED_EDGE('',*,*,#710,.F.);
#5751 = ADVANCED_FACE('',(#5752),#1458,.F.);
#5752 = FACE_BOUND('',#5753,.F.);
#5753 = EDGE_LOOP('',(#5754,#5775,#5776,#5777));
#5754 = ORIENTED_EDGE('',*,*,#5755,.T.);
#5755 = EDGE_CURVE('',#1410,#2980,#5756,.T.);
#5756 = SURFACE_CURVE('',#5757,(#5761,#5768),.PCURVE_S1.);
#5757 = LINE('',#5758,#5759);
#5758 = CARTESIAN_POINT('',(256.39514347644,-90.62257472451,0.));
#5759 = VECTOR('',#5760,1.);
#5760 = DIRECTION('',(0.,0.,1.));
#5761 = PCURVE('',#1458,#5762);
#5762 = DEFINITIONAL_REPRESENTATION('',(#5763),#5767);
#5763 = LINE('',#5764,#5765);
#5764 = CARTESIAN_POINT('',(-5.839462351525E-14,0.));
#5765 = VECTOR('',#5766,1.);
#5766 = DIRECTION('',(0.,-1.));
#5767 = ( GEOMETRIC_REPRESENTATION_CONTEXT(2) 
PARAMETRIC_REPRESENTATION_CONTEXT() REPRESENTATION_CONTEXT('2D SPACE',''
  ) );
#5768 = PCURVE('',#1430,#5769);
#5769 = DEFINITIONAL_REPRESENTATION('',(#5770),#5774);
#5770 = LINE('',#5771,#5772);
#5771 = CARTESIAN_POINT('',(1.570796326795,0.));
#5772 = VECTOR('',#5773,1.);
#5773 = DIRECTION('',(0.,-1.));
#5774 = ( GEOMETRIC_REPRESENTATION_CONTEXT(2) 
PARAMETRIC_REPRESENTATION_CONTEXT() REPRESENTATION_CONTEXT('2D SPACE',''
  ) );
#5775 = ORIENTED_EDGE('',*,*,#3007,.T.);
#5776 = ORIENTED_EDGE('',*,*,#5703,.F.);
#5777 = ORIENTED_EDGE('',*,*,#1442,.F.);
#5778 = ADVANCED_FACE('',(#5779),#759,.T.);
#5779 = FACE_BOUND('',#5780,.T.);
#5780 = EDGE_LOOP('',(#5781,#5802,#5803,#5804));
#5781 = ORIENTED_EDGE('',*,*,#5782,.T.);
#5782 = EDGE_CURVE('',#739,#2419,#5783,.T.);
#5783 = SURFACE_CURVE('',#5784,(#5788,#5795),.PCURVE_S1.);
#5784 = LINE('',#5785,#5786);
#5785 = CARTESIAN_POINT('',(278.99876164251,-101.3847957434,0.));
#5786 = VECTOR('',#5787,1.);
#5787 = DIRECTION('',(0.,0.,1.));
#5788 = PCURVE('',#759,#5789);
#5789 = DEFINITIONAL_REPRESENTATION('',(#5790),#5794);
#5790 = LINE('',#5791,#5792);
#5791 = CARTESIAN_POINT('',(1.570796326795,0.));
#5792 = VECTOR('',#5793,1.);
#5793 = DIRECTION('',(0.,-1.));
#5794 = ( GEOMETRIC_REPRESENTATION_CONTEXT(2) 
PARAMETRIC_REPRESENTATION_CONTEXT() REPRESENTATION_CONTEXT('2D SPACE',''
  ) );
#5795 = PCURVE('',#787,#5796);
#5796 = DEFINITIONAL_REPRESENTATION('',(#5797),#5801);
#5797 = LINE('',#5798,#5799);
#5798 = CARTESIAN_POINT('',(0.,0.));
#5799 = VECTOR('',#5800,1.);
#5800 = DIRECTION('',(0.,-1.));
#5801 = ( GEOMETRIC_REPRESENTATION_CONTEXT(2) 
PARAMETRIC_REPRESENTATION_CONTEXT() REPRESENTATION_CONTEXT('2D SPACE',''
  ) );
#5802 = ORIENTED_EDGE('',*,*,#2418,.T.);
#5803 = ORIENTED_EDGE('',*,*,#5730,.F.);
#5804 = ORIENTED_EDGE('',*,*,#738,.F.);
#5805 = ADVANCED_FACE('',(#5806),#1430,.T.);
#5806 = FACE_BOUND('',#5807,.T.);
#5807 = EDGE_LOOP('',(#5808,#5809,#5810,#5831));
#5808 = ORIENTED_EDGE('',*,*,#5755,.T.);
#5809 = ORIENTED_EDGE('',*,*,#2979,.T.);
#5810 = ORIENTED_EDGE('',*,*,#5811,.F.);
#5811 = EDGE_CURVE('',#1382,#2957,#5812,.T.);
#5812 = SURFACE_CURVE('',#5813,(#5817,#5824),.PCURVE_S1.);
#5813 = LINE('',#5814,#5815);
#5814 = CARTESIAN_POINT('',(256.90053263587,-90.4871498461,0.));
#5815 = VECTOR('',#5816,1.);
#5816 = DIRECTION('',(0.,0.,1.));
#5817 = PCURVE('',#1430,#5818);
#5818 = DEFINITIONAL_REPRESENTATION('',(#5819),#5823);
#5819 = LINE('',#5820,#5821);
#5820 = CARTESIAN_POINT('',(1.701694503779,0.));
#5821 = VECTOR('',#5822,1.);
#5822 = DIRECTION('',(0.,-1.));
#5823 = ( GEOMETRIC_REPRESENTATION_CONTEXT(2) 
PARAMETRIC_REPRESENTATION_CONTEXT() REPRESENTATION_CONTEXT('2D SPACE',''
  ) );
#5824 = PCURVE('',#1397,#5825);
#5825 = DEFINITIONAL_REPRESENTATION('',(#5826),#5830);
#5826 = LINE('',#5827,#5828);
#5827 = CARTESIAN_POINT('',(1.960953561644,0.));
#5828 = VECTOR('',#5829,1.);
#5829 = DIRECTION('',(0.,-1.));
#5830 = ( GEOMETRIC_REPRESENTATION_CONTEXT(2) 
PARAMETRIC_REPRESENTATION_CONTEXT() REPRESENTATION_CONTEXT('2D SPACE',''
  ) );
#5831 = ORIENTED_EDGE('',*,*,#1409,.F.);
#5832 = ADVANCED_FACE('',(#5833),#787,.F.);
#5833 = FACE_BOUND('',#5834,.F.);
#5834 = EDGE_LOOP('',(#5835,#5836,#5837,#5858));
#5835 = ORIENTED_EDGE('',*,*,#5782,.T.);
#5836 = ORIENTED_EDGE('',*,*,#2446,.T.);
#5837 = ORIENTED_EDGE('',*,*,#5838,.F.);
#5838 = EDGE_CURVE('',#772,#2447,#5839,.T.);
#5839 = SURFACE_CURVE('',#5840,(#5844,#5851),.PCURVE_S1.);
#5840 = LINE('',#5841,#5842);
#5841 = CARTESIAN_POINT('',(278.13146414474,-99.62605654896,0.));
#5842 = VECTOR('',#5843,1.);
#5843 = DIRECTION('',(0.,0.,1.));
#5844 = PCURVE('',#787,#5845);
#5845 = DEFINITIONAL_REPRESENTATION('',(#5846),#5850);
#5846 = LINE('',#5847,#5848);
#5847 = CARTESIAN_POINT('',(1.96096111734,0.));
#5848 = VECTOR('',#5849,1.);
#5849 = DIRECTION('',(0.,-1.));
#5850 = ( GEOMETRIC_REPRESENTATION_CONTEXT(2) 
PARAMETRIC_REPRESENTATION_CONTEXT() REPRESENTATION_CONTEXT('2D SPACE',''
  ) );
#5851 = PCURVE('',#820,#5852);
#5852 = DEFINITIONAL_REPRESENTATION('',(#5853),#5857);
#5853 = LINE('',#5854,#5855);
#5854 = CARTESIAN_POINT('',(1.701706613783,0.));
#5855 = VECTOR('',#5856,1.);
#5856 = DIRECTION('',(0.,-1.));
#5857 = ( GEOMETRIC_REPRESENTATION_CONTEXT(2) 
PARAMETRIC_REPRESENTATION_CONTEXT() REPRESENTATION_CONTEXT('2D SPACE',''
  ) );
#5858 = ORIENTED_EDGE('',*,*,#771,.F.);
#5859 = ADVANCED_FACE('',(#5860),#1397,.F.);
#5860 = FACE_BOUND('',#5861,.F.);
#5861 = EDGE_LOOP('',(#5862,#5883,#5884,#5885));
#5862 = ORIENTED_EDGE('',*,*,#5863,.T.);
#5863 = EDGE_CURVE('',#1349,#2929,#5864,.T.);
#5864 = SURFACE_CURVE('',#5865,(#5869,#5876),.PCURVE_S1.);
#5865 = LINE('',#5866,#5867);
#5866 = CARTESIAN_POINT('',(258.82380231231,-90.10456309433,0.));
#5867 = VECTOR('',#5868,1.);
#5868 = DIRECTION('',(0.,0.,1.));
#5869 = PCURVE('',#1397,#5870);
#5870 = DEFINITIONAL_REPRESENTATION('',(#5871),#5875);
#5871 = LINE('',#5872,#5873);
#5872 = CARTESIAN_POINT('',(0.,0.));
#5873 = VECTOR('',#5874,1.);
#5874 = DIRECTION('',(0.,-1.));
#5875 = ( GEOMETRIC_REPRESENTATION_CONTEXT(2) 
PARAMETRIC_REPRESENTATION_CONTEXT() REPRESENTATION_CONTEXT('2D SPACE',''
  ) );
#5876 = PCURVE('',#1369,#5877);
#5877 = DEFINITIONAL_REPRESENTATION('',(#5878),#5882);
#5878 = LINE('',#5879,#5880);
#5879 = CARTESIAN_POINT('',(1.570796326795,0.));
#5880 = VECTOR('',#5881,1.);
#5881 = DIRECTION('',(0.,-1.));
#5882 = ( GEOMETRIC_REPRESENTATION_CONTEXT(2) 
PARAMETRIC_REPRESENTATION_CONTEXT() REPRESENTATION_CONTEXT('2D SPACE',''
  ) );
#5883 = ORIENTED_EDGE('',*,*,#2956,.T.);
#5884 = ORIENTED_EDGE('',*,*,#5811,.F.);
#5885 = ORIENTED_EDGE('',*,*,#1381,.F.);
#5886 = ADVANCED_FACE('',(#5887),#820,.T.);
#5887 = FACE_BOUND('',#5888,.T.);
#5888 = EDGE_LOOP('',(#5889,#5910,#5911,#5912));
#5889 = ORIENTED_EDGE('',*,*,#5890,.T.);
#5890 = EDGE_CURVE('',#800,#2470,#5891,.T.);
#5891 = SURFACE_CURVE('',#5892,(#5896,#5903),.PCURVE_S1.);
#5892 = LINE('',#5893,#5894);
#5893 = CARTESIAN_POINT('',(277.8698315463,-99.17289314922,0.));
#5894 = VECTOR('',#5895,1.);
#5895 = DIRECTION('',(0.,0.,1.));
#5896 = PCURVE('',#820,#5897);
#5897 = DEFINITIONAL_REPRESENTATION('',(#5898),#5902);
#5898 = LINE('',#5899,#5900);
#5899 = CARTESIAN_POINT('',(1.570796326795,0.));
#5900 = VECTOR('',#5901,1.);
#5901 = DIRECTION('',(0.,-1.));
#5902 = ( GEOMETRIC_REPRESENTATION_CONTEXT(2) 
PARAMETRIC_REPRESENTATION_CONTEXT() REPRESENTATION_CONTEXT('2D SPACE',''
  ) );
#5903 = PCURVE('',#848,#5904);
#5904 = DEFINITIONAL_REPRESENTATION('',(#5905),#5909);
#5905 = LINE('',#5906,#5907);
#5906 = CARTESIAN_POINT('',(0.,0.));
#5907 = VECTOR('',#5908,1.);
#5908 = DIRECTION('',(0.,-1.));
#5909 = ( GEOMETRIC_REPRESENTATION_CONTEXT(2) 
PARAMETRIC_REPRESENTATION_CONTEXT() REPRESENTATION_CONTEXT('2D SPACE',''
  ) );
#5910 = ORIENTED_EDGE('',*,*,#2469,.T.);
#5911 = ORIENTED_EDGE('',*,*,#5838,.F.);
#5912 = ORIENTED_EDGE('',*,*,#799,.F.);
#5913 = ADVANCED_FACE('',(#5914),#1369,.T.);
#5914 = FACE_BOUND('',#5915,.T.);
#5915 = EDGE_LOOP('',(#5916,#5917,#5918,#5939));
#5916 = ORIENTED_EDGE('',*,*,#5863,.T.);
#5917 = ORIENTED_EDGE('',*,*,#2928,.T.);
#5918 = ORIENTED_EDGE('',*,*,#5919,.F.);
#5919 = EDGE_CURVE('',#1321,#2906,#5920,.T.);
#5920 = SURFACE_CURVE('',#5921,(#5925,#5932),.PCURVE_S1.);
#5921 = LINE('',#5922,#5923);
#5922 = CARTESIAN_POINT('',(259.34267599,-90.03625389178,0.));
#5923 = VECTOR('',#5924,1.);
#5924 = DIRECTION('',(0.,0.,1.));
#5925 = PCURVE('',#1369,#5926);
#5926 = DEFINITIONAL_REPRESENTATION('',(#5927),#5931);
#5927 = LINE('',#5928,#5929);
#5928 = CARTESIAN_POINT('',(1.701727525092,0.));
#5929 = VECTOR('',#5930,1.);
#5930 = DIRECTION('',(0.,-1.));
#5931 = ( GEOMETRIC_REPRESENTATION_CONTEXT(2) 
PARAMETRIC_REPRESENTATION_CONTEXT() REPRESENTATION_CONTEXT('2D SPACE',''
  ) );
#5932 = PCURVE('',#1336,#5933);
#5933 = DEFINITIONAL_REPRESENTATION('',(#5934),#5938);
#5934 = LINE('',#5935,#5936);
#5935 = CARTESIAN_POINT('',(1.960984233591,0.));
#5936 = VECTOR('',#5937,1.);
#5937 = DIRECTION('',(0.,-1.));
#5938 = ( GEOMETRIC_REPRESENTATION_CONTEXT(2) 
PARAMETRIC_REPRESENTATION_CONTEXT() REPRESENTATION_CONTEXT('2D SPACE',''
  ) );
#5939 = ORIENTED_EDGE('',*,*,#1348,.F.);
#5940 = ADVANCED_FACE('',(#5941),#848,.F.);
#5941 = FACE_BOUND('',#5942,.F.);
#5942 = EDGE_LOOP('',(#5943,#5944,#5945,#5966));
#5943 = ORIENTED_EDGE('',*,*,#5890,.T.);
#5944 = ORIENTED_EDGE('',*,*,#2497,.T.);
#5945 = ORIENTED_EDGE('',*,*,#5946,.F.);
#5946 = EDGE_CURVE('',#833,#2498,#5947,.T.);
#5947 = SURFACE_CURVE('',#5948,(#5952,#5959),.PCURVE_S1.);
#5948 = LINE('',#5949,#5950);
#5949 = CARTESIAN_POINT('',(276.78037678567,-97.54241932039,0.));
#5950 = VECTOR('',#5951,1.);
#5951 = DIRECTION('',(0.,0.,1.));
#5952 = PCURVE('',#848,#5953);
#5953 = DEFINITIONAL_REPRESENTATION('',(#5954),#5958);
#5954 = LINE('',#5955,#5956);
#5955 = CARTESIAN_POINT('',(1.960958077562,0.));
#5956 = VECTOR('',#5957,1.);
#5957 = DIRECTION('',(0.,-1.));
#5958 = ( GEOMETRIC_REPRESENTATION_CONTEXT(2) 
PARAMETRIC_REPRESENTATION_CONTEXT() REPRESENTATION_CONTEXT('2D SPACE',''
  ) );
#5959 = PCURVE('',#881,#5960);
#5960 = DEFINITIONAL_REPRESENTATION('',(#5961),#5965);
#5961 = LINE('',#5962,#5963);
#5962 = CARTESIAN_POINT('',(1.701714080253,0.));
#5963 = VECTOR('',#5964,1.);
#5964 = DIRECTION('',(0.,-1.));
#5965 = ( GEOMETRIC_REPRESENTATION_CONTEXT(2) 
PARAMETRIC_REPRESENTATION_CONTEXT() REPRESENTATION_CONTEXT('2D SPACE',''
  ) );
#5966 = ORIENTED_EDGE('',*,*,#832,.F.);
#5967 = ADVANCED_FACE('',(#5968),#1336,.F.);
#5968 = FACE_BOUND('',#5969,.F.);
#5969 = EDGE_LOOP('',(#5970,#5991,#5992,#5993));
#5970 = ORIENTED_EDGE('',*,*,#5971,.T.);
#5971 = EDGE_CURVE('',#1288,#2878,#5972,.T.);
#5972 = SURFACE_CURVE('',#5973,(#5977,#5984),.PCURVE_S1.);
#5973 = LINE('',#5974,#5975);
#5974 = CARTESIAN_POINT('',(261.29946406626,-89.90803693114,0.));
#5975 = VECTOR('',#5976,1.);
#5976 = DIRECTION('',(0.,0.,1.));
#5977 = PCURVE('',#1336,#5978);
#5978 = DEFINITIONAL_REPRESENTATION('',(#5979),#5983);
#5979 = LINE('',#5980,#5981);
#5980 = CARTESIAN_POINT('',(0.,0.));
#5981 = VECTOR('',#5982,1.);
#5982 = DIRECTION('',(0.,-1.));
#5983 = ( GEOMETRIC_REPRESENTATION_CONTEXT(2) 
PARAMETRIC_REPRESENTATION_CONTEXT() REPRESENTATION_CONTEXT('2D SPACE',''
  ) );
#5984 = PCURVE('',#1308,#5985);
#5985 = DEFINITIONAL_REPRESENTATION('',(#5986),#5990);
#5986 = LINE('',#5987,#5988);
#5987 = CARTESIAN_POINT('',(1.570796326795,0.));
#5988 = VECTOR('',#5989,1.);
#5989 = DIRECTION('',(0.,-1.));
#5990 = ( GEOMETRIC_REPRESENTATION_CONTEXT(2) 
PARAMETRIC_REPRESENTATION_CONTEXT() REPRESENTATION_CONTEXT('2D SPACE',''
  ) );
#5991 = ORIENTED_EDGE('',*,*,#2905,.T.);
#5992 = ORIENTED_EDGE('',*,*,#5919,.F.);
#5993 = ORIENTED_EDGE('',*,*,#1320,.F.);
#5994 = ADVANCED_FACE('',(#5995),#881,.T.);
#5995 = FACE_BOUND('',#5996,.T.);
#5996 = EDGE_LOOP('',(#5997,#6018,#6019,#6020));
#5997 = ORIENTED_EDGE('',*,*,#5998,.T.);
#5998 = EDGE_CURVE('',#861,#2521,#5999,.T.);
#5999 = SURFACE_CURVE('',#6000,(#6004,#6011),.PCURVE_S1.);
#6000 = LINE('',#6001,#6002);
#6001 = CARTESIAN_POINT('',(276.46180870747,-97.12726362355,0.));
#6002 = VECTOR('',#6003,1.);
#6003 = DIRECTION('',(0.,0.,1.));
#6004 = PCURVE('',#881,#6005);
#6005 = DEFINITIONAL_REPRESENTATION('',(#6006),#6010);
#6006 = LINE('',#6007,#6008);
#6007 = CARTESIAN_POINT('',(1.570796326795,0.));
#6008 = VECTOR('',#6009,1.);
#6009 = DIRECTION('',(0.,-1.));
#6010 = ( GEOMETRIC_REPRESENTATION_CONTEXT(2) 
PARAMETRIC_REPRESENTATION_CONTEXT() REPRESENTATION_CONTEXT('2D SPACE',''
  ) );
#6011 = PCURVE('',#909,#6012);
#6012 = DEFINITIONAL_REPRESENTATION('',(#6013),#6017);
#6013 = LINE('',#6014,#6015);
#6014 = CARTESIAN_POINT('',(2.136817865987E-14,0.));
#6015 = VECTOR('',#6016,1.);
#6016 = DIRECTION('',(0.,-1.));
#6017 = ( GEOMETRIC_REPRESENTATION_CONTEXT(2) 
PARAMETRIC_REPRESENTATION_CONTEXT() REPRESENTATION_CONTEXT('2D SPACE',''
  ) );
#6018 = ORIENTED_EDGE('',*,*,#2520,.T.);
#6019 = ORIENTED_EDGE('',*,*,#5946,.F.);
#6020 = ORIENTED_EDGE('',*,*,#860,.F.);
#6021 = ADVANCED_FACE('',(#6022),#1308,.T.);
#6022 = FACE_BOUND('',#6023,.T.);
#6023 = EDGE_LOOP('',(#6024,#6025,#6026,#6047));
#6024 = ORIENTED_EDGE('',*,*,#5971,.T.);
#6025 = ORIENTED_EDGE('',*,*,#2877,.T.);
#6026 = ORIENTED_EDGE('',*,*,#6027,.F.);
#6027 = EDGE_CURVE('',#1260,#2855,#6028,.T.);
#6028 = SURFACE_CURVE('',#6029,(#6033,#6040),.PCURVE_S1.);
#6029 = LINE('',#6030,#6031);
#6030 = CARTESIAN_POINT('',(261.82253593373,-89.90803693114,0.));
#6031 = VECTOR('',#6032,1.);
#6032 = DIRECTION('',(0.,0.,1.));
#6033 = PCURVE('',#1308,#6034);
#6034 = DEFINITIONAL_REPRESENTATION('',(#6035),#6039);
#6035 = LINE('',#6036,#6037);
#6036 = CARTESIAN_POINT('',(1.701657646964,0.));
#6037 = VECTOR('',#6038,1.);
#6038 = DIRECTION('',(0.,-1.));
#6039 = ( GEOMETRIC_REPRESENTATION_CONTEXT(2) 
PARAMETRIC_REPRESENTATION_CONTEXT() REPRESENTATION_CONTEXT('2D SPACE',''
  ) );
#6040 = PCURVE('',#1275,#6041);
#6041 = DEFINITIONAL_REPRESENTATION('',(#6042),#6046);
#6042 = LINE('',#6043,#6044);
#6043 = CARTESIAN_POINT('',(1.960968465363,0.));
#6044 = VECTOR('',#6045,1.);
#6045 = DIRECTION('',(0.,-1.));
#6046 = ( GEOMETRIC_REPRESENTATION_CONTEXT(2) 
PARAMETRIC_REPRESENTATION_CONTEXT() REPRESENTATION_CONTEXT('2D SPACE',''
  ) );
#6047 = ORIENTED_EDGE('',*,*,#1287,.F.);
#6048 = ADVANCED_FACE('',(#6049),#909,.F.);
#6049 = FACE_BOUND('',#6050,.F.);
#6050 = EDGE_LOOP('',(#6051,#6052,#6053,#6074));
#6051 = ORIENTED_EDGE('',*,*,#5998,.T.);
#6052 = ORIENTED_EDGE('',*,*,#2548,.T.);
#6053 = ORIENTED_EDGE('',*,*,#6054,.F.);
#6054 = EDGE_CURVE('',#894,#2549,#6055,.T.);
#6055 = SURFACE_CURVE('',#6056,(#6060,#6067),.PCURVE_S1.);
#6056 = LINE('',#6057,#6058);
#6057 = CARTESIAN_POINT('',(275.16884683706,-95.65298568685,0.));
#6058 = VECTOR('',#6059,1.);
#6059 = DIRECTION('',(0.,0.,1.));
#6060 = PCURVE('',#909,#6061);
#6061 = DEFINITIONAL_REPRESENTATION('',(#6062),#6066);
#6062 = LINE('',#6063,#6064);
#6063 = CARTESIAN_POINT('',(1.960929838871,0.));
#6064 = VECTOR('',#6065,1.);
#6065 = DIRECTION('',(0.,-1.));
#6066 = ( GEOMETRIC_REPRESENTATION_CONTEXT(2) 
PARAMETRIC_REPRESENTATION_CONTEXT() REPRESENTATION_CONTEXT('2D SPACE',''
  ) );
#6067 = PCURVE('',#942,#6068);
#6068 = DEFINITIONAL_REPRESENTATION('',(#6069),#6073);
#6069 = LINE('',#6070,#6071);
#6070 = CARTESIAN_POINT('',(1.70168051347,0.));
#6071 = VECTOR('',#6072,1.);
#6072 = DIRECTION('',(0.,-1.));
#6073 = ( GEOMETRIC_REPRESENTATION_CONTEXT(2) 
PARAMETRIC_REPRESENTATION_CONTEXT() REPRESENTATION_CONTEXT('2D SPACE',''
  ) );
#6074 = ORIENTED_EDGE('',*,*,#893,.F.);
#6075 = ADVANCED_FACE('',(#6076),#1275,.F.);
#6076 = FACE_BOUND('',#6077,.F.);
#6077 = EDGE_LOOP('',(#6078,#6099,#6100,#6101));
#6078 = ORIENTED_EDGE('',*,*,#6079,.T.);
#6079 = EDGE_CURVE('',#1227,#2827,#6080,.T.);
#6080 = SURFACE_CURVE('',#6081,(#6085,#6092),.PCURVE_S1.);
#6081 = LINE('',#6082,#6083);
#6082 = CARTESIAN_POINT('',(263.7793082755,-90.03625286079,0.));
#6083 = VECTOR('',#6084,1.);
#6084 = DIRECTION('',(0.,0.,1.));
#6085 = PCURVE('',#1275,#6086);
#6086 = DEFINITIONAL_REPRESENTATION('',(#6087),#6091);
#6087 = LINE('',#6088,#6089);
#6088 = CARTESIAN_POINT('',(-5.672178405893E-14,0.));
#6089 = VECTOR('',#6090,1.);
#6090 = DIRECTION('',(0.,-1.));
#6091 = ( GEOMETRIC_REPRESENTATION_CONTEXT(2) 
PARAMETRIC_REPRESENTATION_CONTEXT() REPRESENTATION_CONTEXT('2D SPACE',''
  ) );
#6092 = PCURVE('',#1247,#6093);
#6093 = DEFINITIONAL_REPRESENTATION('',(#6094),#6098);
#6094 = LINE('',#6095,#6096);
#6095 = CARTESIAN_POINT('',(1.570796326795,0.));
#6096 = VECTOR('',#6097,1.);
#6097 = DIRECTION('',(0.,-1.));
#6098 = ( GEOMETRIC_REPRESENTATION_CONTEXT(2) 
PARAMETRIC_REPRESENTATION_CONTEXT() REPRESENTATION_CONTEXT('2D SPACE',''
  ) );
#6099 = ORIENTED_EDGE('',*,*,#2854,.T.);
#6100 = ORIENTED_EDGE('',*,*,#6027,.F.);
#6101 = ORIENTED_EDGE('',*,*,#1259,.F.);
#6102 = ADVANCED_FACE('',(#6103),#942,.T.);
#6103 = FACE_BOUND('',#6104,.T.);
#6104 = EDGE_LOOP('',(#6105,#6126,#6127,#6128));
#6105 = ORIENTED_EDGE('',*,*,#6106,.T.);
#6106 = EDGE_CURVE('',#922,#2572,#6107,.T.);
#6107 = SURFACE_CURVE('',#6108,(#6112,#6119),.PCURVE_S1.);
#6108 = LINE('',#6109,#6110);
#6109 = CARTESIAN_POINT('',(274.79890972761,-95.28305839165,0.));
#6110 = VECTOR('',#6111,1.);
#6111 = DIRECTION('',(0.,0.,1.));
#6112 = PCURVE('',#942,#6113);
#6113 = DEFINITIONAL_REPRESENTATION('',(#6114),#6118);
#6114 = LINE('',#6115,#6116);
#6115 = CARTESIAN_POINT('',(1.570796326795,0.));
#6116 = VECTOR('',#6117,1.);
#6117 = DIRECTION('',(0.,-1.));
#6118 = ( GEOMETRIC_REPRESENTATION_CONTEXT(2) 
PARAMETRIC_REPRESENTATION_CONTEXT() REPRESENTATION_CONTEXT('2D SPACE',''
  ) );
#6119 = PCURVE('',#970,#6120);
#6120 = DEFINITIONAL_REPRESENTATION('',(#6121),#6125);
#6121 = LINE('',#6122,#6123);
#6122 = CARTESIAN_POINT('',(1.873961740179E-14,0.));
#6123 = VECTOR('',#6124,1.);
#6124 = DIRECTION('',(0.,-1.));
#6125 = ( GEOMETRIC_REPRESENTATION_CONTEXT(2) 
PARAMETRIC_REPRESENTATION_CONTEXT() REPRESENTATION_CONTEXT('2D SPACE',''
  ) );
#6126 = ORIENTED_EDGE('',*,*,#2571,.T.);
#6127 = ORIENTED_EDGE('',*,*,#6054,.F.);
#6128 = ORIENTED_EDGE('',*,*,#921,.F.);
#6129 = ADVANCED_FACE('',(#6130),#1247,.T.);
#6130 = FACE_BOUND('',#6131,.T.);
#6131 = EDGE_LOOP('',(#6132,#6133,#6134,#6155));
#6132 = ORIENTED_EDGE('',*,*,#6079,.T.);
#6133 = ORIENTED_EDGE('',*,*,#2826,.T.);
#6134 = ORIENTED_EDGE('',*,*,#6135,.F.);
#6135 = EDGE_CURVE('',#1199,#2804,#6136,.T.);
#6136 = SURFACE_CURVE('',#6137,(#6141,#6148),.PCURVE_S1.);
#6137 = LINE('',#6138,#6139);
#6138 = CARTESIAN_POINT('',(264.29821275121,-90.10456818997,0.));
#6139 = VECTOR('',#6140,1.);
#6140 = DIRECTION('',(0.,0.,1.));
#6141 = PCURVE('',#1247,#6142);
#6142 = DEFINITIONAL_REPRESENTATION('',(#6143),#6147);
#6143 = LINE('',#6144,#6145);
#6144 = CARTESIAN_POINT('',(1.701735375463,0.));
#6145 = VECTOR('',#6146,1.);
#6146 = DIRECTION('',(0.,-1.));
#6147 = ( GEOMETRIC_REPRESENTATION_CONTEXT(2) 
PARAMETRIC_REPRESENTATION_CONTEXT() REPRESENTATION_CONTEXT('2D SPACE',''
  ) );
#6148 = PCURVE('',#1214,#6149);
#6149 = DEFINITIONAL_REPRESENTATION('',(#6150),#6154);
#6150 = LINE('',#6151,#6152);
#6151 = CARTESIAN_POINT('',(1.960881461547,0.));
#6152 = VECTOR('',#6153,1.);
#6153 = DIRECTION('',(0.,-1.));
#6154 = ( GEOMETRIC_REPRESENTATION_CONTEXT(2) 
PARAMETRIC_REPRESENTATION_CONTEXT() REPRESENTATION_CONTEXT('2D SPACE',''
  ) );
#6155 = ORIENTED_EDGE('',*,*,#1226,.F.);
#6156 = ADVANCED_FACE('',(#6157),#970,.F.);
#6157 = FACE_BOUND('',#6158,.F.);
#6158 = EDGE_LOOP('',(#6159,#6160,#6161,#6182));
#6159 = ORIENTED_EDGE('',*,*,#6106,.T.);
#6160 = ORIENTED_EDGE('',*,*,#2599,.T.);
#6161 = ORIENTED_EDGE('',*,*,#6162,.F.);
#6162 = EDGE_CURVE('',#955,#2600,#6163,.T.);
#6163 = SURFACE_CURVE('',#6164,(#6168,#6175),.PCURVE_S1.);
#6164 = LINE('',#6165,#6166);
#6165 = CARTESIAN_POINT('',(273.32446714061,-93.99002132255,0.));
#6166 = VECTOR('',#6167,1.);
#6167 = DIRECTION('',(0.,0.,1.));
#6168 = PCURVE('',#970,#6169);
#6169 = DEFINITIONAL_REPRESENTATION('',(#6170),#6174);
#6170 = LINE('',#6171,#6172);
#6171 = CARTESIAN_POINT('',(1.96110321106,0.));
#6172 = VECTOR('',#6173,1.);
#6173 = DIRECTION('',(0.,-1.));
#6174 = ( GEOMETRIC_REPRESENTATION_CONTEXT(2) 
PARAMETRIC_REPRESENTATION_CONTEXT() REPRESENTATION_CONTEXT('2D SPACE',''
  ) );
#6175 = PCURVE('',#1003,#6176);
#6176 = DEFINITIONAL_REPRESENTATION('',(#6177),#6181);
#6177 = LINE('',#6178,#6179);
#6178 = CARTESIAN_POINT('',(1.701665195877,0.));
#6179 = VECTOR('',#6180,1.);
#6180 = DIRECTION('',(0.,-1.));
#6181 = ( GEOMETRIC_REPRESENTATION_CONTEXT(2) 
PARAMETRIC_REPRESENTATION_CONTEXT() REPRESENTATION_CONTEXT('2D SPACE',''
  ) );
#6182 = ORIENTED_EDGE('',*,*,#954,.F.);
#6183 = ADVANCED_FACE('',(#6184),#1214,.F.);
#6184 = FACE_BOUND('',#6185,.F.);
#6185 = EDGE_LOOP('',(#6186,#6207,#6208,#6209));
#6186 = ORIENTED_EDGE('',*,*,#6187,.T.);
#6187 = EDGE_CURVE('',#1166,#2776,#6188,.T.);
#6188 = SURFACE_CURVE('',#6189,(#6193,#6200),.PCURVE_S1.);
#6189 = LINE('',#6190,#6191);
#6190 = CARTESIAN_POINT('',(266.22140870971,-90.48715597265,0.));
#6191 = VECTOR('',#6192,1.);
#6192 = DIRECTION('',(0.,0.,1.));
#6193 = PCURVE('',#1214,#6194);
#6194 = DEFINITIONAL_REPRESENTATION('',(#6195),#6199);
#6195 = LINE('',#6196,#6197);
#6196 = CARTESIAN_POINT('',(0.,0.));
#6197 = VECTOR('',#6198,1.);
#6198 = DIRECTION('',(0.,-1.));
#6199 = ( GEOMETRIC_REPRESENTATION_CONTEXT(2) 
PARAMETRIC_REPRESENTATION_CONTEXT() REPRESENTATION_CONTEXT('2D SPACE',''
  ) );
#6200 = PCURVE('',#1186,#6201);
#6201 = DEFINITIONAL_REPRESENTATION('',(#6202),#6206);
#6202 = LINE('',#6203,#6204);
#6203 = CARTESIAN_POINT('',(1.570796326795,0.));
#6204 = VECTOR('',#6205,1.);
#6205 = DIRECTION('',(0.,-1.));
#6206 = ( GEOMETRIC_REPRESENTATION_CONTEXT(2) 
PARAMETRIC_REPRESENTATION_CONTEXT() REPRESENTATION_CONTEXT('2D SPACE',''
  ) );
#6207 = ORIENTED_EDGE('',*,*,#2803,.T.);
#6208 = ORIENTED_EDGE('',*,*,#6135,.F.);
#6209 = ORIENTED_EDGE('',*,*,#1198,.F.);
#6210 = ADVANCED_FACE('',(#6211),#1003,.T.);
#6211 = FACE_BOUND('',#6212,.T.);
#6212 = EDGE_LOOP('',(#6213,#6234,#6235,#6236));
#6213 = ORIENTED_EDGE('',*,*,#6214,.T.);
#6214 = EDGE_CURVE('',#983,#2623,#6215,.T.);
#6215 = SURFACE_CURVE('',#6216,(#6220,#6227),.PCURVE_S1.);
#6216 = LINE('',#6217,#6218);
#6217 = CARTESIAN_POINT('',(272.90946557575,-93.67157289343,0.));
#6218 = VECTOR('',#6219,1.);
#6219 = DIRECTION('',(0.,0.,1.));
#6220 = PCURVE('',#1003,#6221);
#6221 = DEFINITIONAL_REPRESENTATION('',(#6222),#6226);
#6222 = LINE('',#6223,#6224);
#6223 = CARTESIAN_POINT('',(1.570796326795,0.));
#6224 = VECTOR('',#6225,1.);
#6225 = DIRECTION('',(0.,-1.));
#6226 = ( GEOMETRIC_REPRESENTATION_CONTEXT(2) 
PARAMETRIC_REPRESENTATION_CONTEXT() REPRESENTATION_CONTEXT('2D SPACE',''
  ) );
#6227 = PCURVE('',#1031,#6228);
#6228 = DEFINITIONAL_REPRESENTATION('',(#6229),#6233);
#6229 = LINE('',#6230,#6231);
#6230 = CARTESIAN_POINT('',(0.,0.));
#6231 = VECTOR('',#6232,1.);
#6232 = DIRECTION('',(0.,-1.));
#6233 = ( GEOMETRIC_REPRESENTATION_CONTEXT(2) 
PARAMETRIC_REPRESENTATION_CONTEXT() REPRESENTATION_CONTEXT('2D SPACE',''
  ) );
#6234 = ORIENTED_EDGE('',*,*,#2622,.T.);
#6235 = ORIENTED_EDGE('',*,*,#6162,.F.);
#6236 = ORIENTED_EDGE('',*,*,#982,.F.);
#6237 = ADVANCED_FACE('',(#6238),#1186,.T.);
#6238 = FACE_BOUND('',#6239,.T.);
#6239 = EDGE_LOOP('',(#6240,#6241,#6242,#6263));
#6240 = ORIENTED_EDGE('',*,*,#6187,.T.);
#6241 = ORIENTED_EDGE('',*,*,#2775,.T.);
#6242 = ORIENTED_EDGE('',*,*,#6243,.F.);
#6243 = EDGE_CURVE('',#1138,#2753,#6244,.T.);
#6244 = SURFACE_CURVE('',#6245,(#6249,#6256),.PCURVE_S1.);
#6245 = LINE('',#6246,#6247);
#6246 = CARTESIAN_POINT('',(266.7267180826,-90.62255809483,0.));
#6247 = VECTOR('',#6248,1.);
#6248 = DIRECTION('',(0.,0.,1.));
#6249 = PCURVE('',#1186,#6250);
#6250 = DEFINITIONAL_REPRESENTATION('',(#6251),#6255);
#6251 = LINE('',#6252,#6253);
#6252 = CARTESIAN_POINT('',(1.701673719878,0.));
#6253 = VECTOR('',#6254,1.);
#6254 = DIRECTION('',(0.,-1.));
#6255 = ( GEOMETRIC_REPRESENTATION_CONTEXT(2) 
PARAMETRIC_REPRESENTATION_CONTEXT() REPRESENTATION_CONTEXT('2D SPACE',''
  ) );
#6256 = PCURVE('',#1153,#6257);
#6257 = DEFINITIONAL_REPRESENTATION('',(#6258),#6262);
#6258 = LINE('',#6259,#6260);
#6259 = CARTESIAN_POINT('',(1.961106188949,0.));
#6260 = VECTOR('',#6261,1.);
#6261 = DIRECTION('',(0.,-1.));
#6262 = ( GEOMETRIC_REPRESENTATION_CONTEXT(2) 
PARAMETRIC_REPRESENTATION_CONTEXT() REPRESENTATION_CONTEXT('2D SPACE',''
  ) );
#6263 = ORIENTED_EDGE('',*,*,#1165,.F.);
#6264 = ADVANCED_FACE('',(#6265),#1031,.F.);
#6265 = FACE_BOUND('',#6266,.F.);
#6266 = EDGE_LOOP('',(#6267,#6268,#6269,#6290));
#6267 = ORIENTED_EDGE('',*,*,#6214,.T.);
#6268 = ORIENTED_EDGE('',*,*,#2650,.T.);
#6269 = ORIENTED_EDGE('',*,*,#6270,.F.);
#6270 = EDGE_CURVE('',#1016,#2651,#6271,.T.);
#6271 = SURFACE_CURVE('',#6272,(#6276,#6283),.PCURVE_S1.);
#6272 = LINE('',#6273,#6274);
#6273 = CARTESIAN_POINT('',(271.27904092772,-92.5820982738,0.));
#6274 = VECTOR('',#6275,1.);
#6275 = DIRECTION('',(0.,0.,1.));
#6276 = PCURVE('',#1031,#6277);
#6277 = DEFINITIONAL_REPRESENTATION('',(#6278),#6282);
#6278 = LINE('',#6279,#6280);
#6279 = CARTESIAN_POINT('',(1.960928218915,0.));
#6280 = VECTOR('',#6281,1.);
#6281 = DIRECTION('',(0.,-1.));
#6282 = ( GEOMETRIC_REPRESENTATION_CONTEXT(2) 
PARAMETRIC_REPRESENTATION_CONTEXT() REPRESENTATION_CONTEXT('2D SPACE',''
  ) );
#6283 = PCURVE('',#1064,#6284);
#6284 = DEFINITIONAL_REPRESENTATION('',(#6285),#6289);
#6285 = LINE('',#6286,#6287);
#6286 = CARTESIAN_POINT('',(1.701728968313,0.));
#6287 = VECTOR('',#6288,1.);
#6288 = DIRECTION('',(0.,-1.));
#6289 = ( GEOMETRIC_REPRESENTATION_CONTEXT(2) 
PARAMETRIC_REPRESENTATION_CONTEXT() REPRESENTATION_CONTEXT('2D SPACE',''
  ) );
#6290 = ORIENTED_EDGE('',*,*,#1015,.F.);
#6291 = ADVANCED_FACE('',(#6292),#1153,.F.);
#6292 = FACE_BOUND('',#6293,.F.);
#6293 = EDGE_LOOP('',(#6294,#6315,#6316,#6317));
#6294 = ORIENTED_EDGE('',*,*,#6295,.T.);
#6295 = EDGE_CURVE('',#1105,#2725,#6296,.T.);
#6296 = SURFACE_CURVE('',#6297,(#6301,#6308),.PCURVE_S1.);
#6297 = LINE('',#6298,#6299);
#6298 = CARTESIAN_POINT('',(268.58374996459,-91.25293105872,0.));
#6299 = VECTOR('',#6300,1.);
#6300 = DIRECTION('',(0.,0.,1.));
#6301 = PCURVE('',#1153,#6302);
#6302 = DEFINITIONAL_REPRESENTATION('',(#6303),#6307);
#6303 = LINE('',#6304,#6305);
#6304 = CARTESIAN_POINT('',(0.,0.));
#6305 = VECTOR('',#6306,1.);
#6306 = DIRECTION('',(0.,-1.));
#6307 = ( GEOMETRIC_REPRESENTATION_CONTEXT(2) 
PARAMETRIC_REPRESENTATION_CONTEXT() REPRESENTATION_CONTEXT('2D SPACE',''
  ) );
#6308 = PCURVE('',#1125,#6309);
#6309 = DEFINITIONAL_REPRESENTATION('',(#6310),#6314);
#6310 = LINE('',#6311,#6312);
#6311 = CARTESIAN_POINT('',(1.570796326795,0.));
#6312 = VECTOR('',#6313,1.);
#6313 = DIRECTION('',(0.,-1.));
#6314 = ( GEOMETRIC_REPRESENTATION_CONTEXT(2) 
PARAMETRIC_REPRESENTATION_CONTEXT() REPRESENTATION_CONTEXT('2D SPACE',''
  ) );
#6315 = ORIENTED_EDGE('',*,*,#2752,.T.);
#6316 = ORIENTED_EDGE('',*,*,#6243,.F.);
#6317 = ORIENTED_EDGE('',*,*,#1137,.F.);
#6318 = ADVANCED_FACE('',(#6319),#1064,.T.);
#6319 = FACE_BOUND('',#6320,.T.);
#6320 = EDGE_LOOP('',(#6321,#6342,#6343,#6344));
#6321 = ORIENTED_EDGE('',*,*,#6322,.T.);
#6322 = EDGE_CURVE('',#1044,#2674,#6323,.T.);
#6323 = SURFACE_CURVE('',#6324,(#6328,#6335),.PCURVE_S1.);
#6324 = LINE('',#6325,#6326);
#6325 = CARTESIAN_POINT('',(270.82580318022,-92.32041599627,0.));
#6326 = VECTOR('',#6327,1.);
#6327 = DIRECTION('',(0.,0.,1.));
#6328 = PCURVE('',#1064,#6329);
#6329 = DEFINITIONAL_REPRESENTATION('',(#6330),#6334);
#6330 = LINE('',#6331,#6332);
#6331 = CARTESIAN_POINT('',(1.570796326795,0.));
#6332 = VECTOR('',#6333,1.);
#6333 = DIRECTION('',(0.,-1.));
#6334 = ( GEOMETRIC_REPRESENTATION_CONTEXT(2) 
PARAMETRIC_REPRESENTATION_CONTEXT() REPRESENTATION_CONTEXT('2D SPACE',''
  ) );
#6335 = PCURVE('',#1092,#6336);
#6336 = DEFINITIONAL_REPRESENTATION('',(#6337),#6341);
#6337 = LINE('',#6338,#6339);
#6338 = CARTESIAN_POINT('',(6.355191087991E-14,0.));
#6339 = VECTOR('',#6340,1.);
#6340 = DIRECTION('',(0.,-1.));
#6341 = ( GEOMETRIC_REPRESENTATION_CONTEXT(2) 
PARAMETRIC_REPRESENTATION_CONTEXT() REPRESENTATION_CONTEXT('2D SPACE',''
  ) );
#6342 = ORIENTED_EDGE('',*,*,#2673,.T.);
#6343 = ORIENTED_EDGE('',*,*,#6270,.F.);
#6344 = ORIENTED_EDGE('',*,*,#1043,.F.);
#6345 = ADVANCED_FACE('',(#6346),#1125,.T.);
#6346 = FACE_BOUND('',#6347,.T.);
#6347 = EDGE_LOOP('',(#6348,#6349,#6350,#6371));
#6348 = ORIENTED_EDGE('',*,*,#6295,.T.);
#6349 = ORIENTED_EDGE('',*,*,#2724,.T.);
#6350 = ORIENTED_EDGE('',*,*,#6351,.F.);
#6351 = EDGE_CURVE('',#1077,#2702,#6352,.T.);
#6352 = SURFACE_CURVE('',#6353,(#6357,#6364),.PCURVE_S1.);
#6353 = LINE('',#6354,#6355);
#6354 = CARTESIAN_POINT('',(269.06712755577,-91.45314984715,0.));
#6355 = VECTOR('',#6356,1.);
#6356 = DIRECTION('',(0.,0.,1.));
#6357 = PCURVE('',#1125,#6358);
#6358 = DEFINITIONAL_REPRESENTATION('',(#6359),#6363);
#6359 = LINE('',#6360,#6361);
#6360 = CARTESIAN_POINT('',(1.701690519495,0.));
#6361 = VECTOR('',#6362,1.);
#6362 = DIRECTION('',(0.,-1.));
#6363 = ( GEOMETRIC_REPRESENTATION_CONTEXT(2) 
PARAMETRIC_REPRESENTATION_CONTEXT() REPRESENTATION_CONTEXT('2D SPACE',''
  ) );
#6364 = PCURVE('',#1092,#6365);
#6365 = DEFINITIONAL_REPRESENTATION('',(#6366),#6370);
#6366 = LINE('',#6367,#6368);
#6367 = CARTESIAN_POINT('',(1.960890237987,0.));
#6368 = VECTOR('',#6369,1.);
#6369 = DIRECTION('',(0.,-1.));
#6370 = ( GEOMETRIC_REPRESENTATION_CONTEXT(2) 
PARAMETRIC_REPRESENTATION_CONTEXT() REPRESENTATION_CONTEXT('2D SPACE',''
  ) );
#6371 = ORIENTED_EDGE('',*,*,#1104,.F.);
#6372 = ADVANCED_FACE('',(#6373),#1092,.F.);
#6373 = FACE_BOUND('',#6374,.F.);
#6374 = EDGE_LOOP('',(#6375,#6376,#6377,#6378));
#6375 = ORIENTED_EDGE('',*,*,#6322,.T.);
#6376 = ORIENTED_EDGE('',*,*,#2701,.T.);
#6377 = ORIENTED_EDGE('',*,*,#6351,.F.);
#6378 = ORIENTED_EDGE('',*,*,#1076,.F.);
#6379 = ADVANCED_FACE('',(#6380),#1909,.F.);
#6380 = FACE_BOUND('',#6381,.F.);
#6381 = EDGE_LOOP('',(#6382,#6405,#6432,#6433));
#6382 = ORIENTED_EDGE('',*,*,#6383,.T.);
#6383 = EDGE_CURVE('',#1893,#6384,#6386,.T.);
#6384 = VERTEX_POINT('',#6385);
#6385 = CARTESIAN_POINT('',(251.86097566106,-121.3908974119,3.));
#6386 = SEAM_CURVE('',#6387,(#6391,#6398),.PCURVE_S1.);
#6387 = LINE('',#6388,#6389);
#6388 = CARTESIAN_POINT('',(251.86097566106,-121.3908974119,-2.E-02));
#6389 = VECTOR('',#6390,1.);
#6390 = DIRECTION('',(0.,0.,1.));
#6391 = PCURVE('',#1909,#6392);
#6392 = DEFINITIONAL_REPRESENTATION('',(#6393),#6397);
#6393 = LINE('',#6394,#6395);
#6394 = CARTESIAN_POINT('',(6.28318530718,-0.));
#6395 = VECTOR('',#6396,1.);
#6396 = DIRECTION('',(0.,1.));
#6397 = ( GEOMETRIC_REPRESENTATION_CONTEXT(2) 
PARAMETRIC_REPRESENTATION_CONTEXT() REPRESENTATION_CONTEXT('2D SPACE',''
  ) );
#6398 = PCURVE('',#1909,#6399);
#6399 = DEFINITIONAL_REPRESENTATION('',(#6400),#6404);
#6400 = LINE('',#6401,#6402);
#6401 = CARTESIAN_POINT('',(0.,-0.));
#6402 = VECTOR('',#6403,1.);
#6403 = DIRECTION('',(0.,1.));
#6404 = ( GEOMETRIC_REPRESENTATION_CONTEXT(2) 
PARAMETRIC_REPRESENTATION_CONTEXT() REPRESENTATION_CONTEXT('2D SPACE',''
  ) );
#6405 = ORIENTED_EDGE('',*,*,#6406,.F.);
#6406 = EDGE_CURVE('',#6384,#6384,#6407,.T.);
#6407 = SURFACE_CURVE('',#6408,(#6413,#6420),.PCURVE_S1.);
#6408 = CIRCLE('',#6409,2.8);
#6409 = AXIS2_PLACEMENT_3D('',#6410,#6411,#6412);
#6410 = CARTESIAN_POINT('',(249.06097566106,-121.3908974119,3.));
#6411 = DIRECTION('',(0.,0.,1.));
#6412 = DIRECTION('',(1.,0.,-0.));
#6413 = PCURVE('',#1909,#6414);
#6414 = DEFINITIONAL_REPRESENTATION('',(#6415),#6419);
#6415 = LINE('',#6416,#6417);
#6416 = CARTESIAN_POINT('',(0.,3.02));
#6417 = VECTOR('',#6418,1.);
#6418 = DIRECTION('',(1.,0.));
#6419 = ( GEOMETRIC_REPRESENTATION_CONTEXT(2) 
PARAMETRIC_REPRESENTATION_CONTEXT() REPRESENTATION_CONTEXT('2D SPACE',''
  ) );
#6420 = PCURVE('',#6421,#6426);
#6421 = PLANE('',#6422);
#6422 = AXIS2_PLACEMENT_3D('',#6423,#6424,#6425);
#6423 = CARTESIAN_POINT('',(249.06097566106,-121.3908974119,3.));
#6424 = DIRECTION('',(0.,0.,1.));
#6425 = DIRECTION('',(1.,0.,-0.));
#6426 = DEFINITIONAL_REPRESENTATION('',(#6427),#6431);
#6427 = CIRCLE('',#6428,2.8);
#6428 = AXIS2_PLACEMENT_2D('',#6429,#6430);
#6429 = CARTESIAN_POINT('',(0.,0.));
#6430 = DIRECTION('',(1.,0.));
#6431 = ( GEOMETRIC_REPRESENTATION_CONTEXT(2) 
PARAMETRIC_REPRESENTATION_CONTEXT() REPRESENTATION_CONTEXT('2D SPACE',''
  ) );
#6432 = ORIENTED_EDGE('',*,*,#6383,.F.);
#6433 = ORIENTED_EDGE('',*,*,#1892,.T.);
#6434 = ADVANCED_FACE('',(#6435),#1940,.F.);
#6435 = FACE_BOUND('',#6436,.F.);
#6436 = EDGE_LOOP('',(#6437,#6466,#6487,#6488));
#6437 = ORIENTED_EDGE('',*,*,#6438,.F.);
#6438 = EDGE_CURVE('',#6439,#6439,#6441,.T.);
#6439 = VERTEX_POINT('',#6440);
#6440 = CARTESIAN_POINT('',(272.68597566106,-108.8908974119,3.));
#6441 = SURFACE_CURVE('',#6442,(#6447,#6454),.PCURVE_S1.);
#6442 = CIRCLE('',#6443,11.125);
#6443 = AXIS2_PLACEMENT_3D('',#6444,#6445,#6446);
#6444 = CARTESIAN_POINT('',(261.56097566106,-108.8908974119,3.));
#6445 = DIRECTION('',(0.,0.,1.));
#6446 = DIRECTION('',(1.,0.,-0.));
#6447 = PCURVE('',#1940,#6448);
#6448 = DEFINITIONAL_REPRESENTATION('',(#6449),#6453);
#6449 = LINE('',#6450,#6451);
#6450 = CARTESIAN_POINT('',(0.,3.5));
#6451 = VECTOR('',#6452,1.);
#6452 = DIRECTION('',(1.,0.));
#6453 = ( GEOMETRIC_REPRESENTATION_CONTEXT(2) 
PARAMETRIC_REPRESENTATION_CONTEXT() REPRESENTATION_CONTEXT('2D SPACE',''
  ) );
#6454 = PCURVE('',#6455,#6460);
#6455 = PLANE('',#6456);
#6456 = AXIS2_PLACEMENT_3D('',#6457,#6458,#6459);
#6457 = CARTESIAN_POINT('',(261.56097566106,-108.8908974119,3.));
#6458 = DIRECTION('',(0.,0.,1.));
#6459 = DIRECTION('',(1.,0.,-0.));
#6460 = DEFINITIONAL_REPRESENTATION('',(#6461),#6465);
#6461 = CIRCLE('',#6462,11.125);
#6462 = AXIS2_PLACEMENT_2D('',#6463,#6464);
#6463 = CARTESIAN_POINT('',(0.,0.));
#6464 = DIRECTION('',(1.,0.));
#6465 = ( GEOMETRIC_REPRESENTATION_CONTEXT(2) 
PARAMETRIC_REPRESENTATION_CONTEXT() REPRESENTATION_CONTEXT('2D SPACE',''
  ) );
#6466 = ORIENTED_EDGE('',*,*,#6467,.F.);
#6467 = EDGE_CURVE('',#1924,#6439,#6468,.T.);
#6468 = SEAM_CURVE('',#6469,(#6473,#6480),.PCURVE_S1.);
#6469 = LINE('',#6470,#6471);
#6470 = CARTESIAN_POINT('',(272.68597566106,-108.8908974119,-0.5));
#6471 = VECTOR('',#6472,1.);
#6472 = DIRECTION('',(0.,0.,1.));
#6473 = PCURVE('',#1940,#6474);
#6474 = DEFINITIONAL_REPRESENTATION('',(#6475),#6479);
#6475 = LINE('',#6476,#6477);
#6476 = CARTESIAN_POINT('',(6.28318530718,-0.));
#6477 = VECTOR('',#6478,1.);
#6478 = DIRECTION('',(0.,1.));
#6479 = ( GEOMETRIC_REPRESENTATION_CONTEXT(2) 
PARAMETRIC_REPRESENTATION_CONTEXT() REPRESENTATION_CONTEXT('2D SPACE',''
  ) );
#6480 = PCURVE('',#1940,#6481);
#6481 = DEFINITIONAL_REPRESENTATION('',(#6482),#6486);
#6482 = LINE('',#6483,#6484);
#6483 = CARTESIAN_POINT('',(0.,-0.));
#6484 = VECTOR('',#6485,1.);
#6485 = DIRECTION('',(0.,1.));
#6486 = ( GEOMETRIC_REPRESENTATION_CONTEXT(2) 
PARAMETRIC_REPRESENTATION_CONTEXT() REPRESENTATION_CONTEXT('2D SPACE',''
  ) );
#6487 = ORIENTED_EDGE('',*,*,#1923,.T.);
#6488 = ORIENTED_EDGE('',*,*,#6467,.T.);
#6489 = ADVANCED_FACE('',(#6490),#2041,.T.);
#6490 = FACE_BOUND('',#6491,.T.);
#6491 = EDGE_LOOP('',(#6492,#6493,#6494,#6515));
#6492 = ORIENTED_EDGE('',*,*,#2026,.T.);
#6493 = ORIENTED_EDGE('',*,*,#4511,.T.);
#6494 = ORIENTED_EDGE('',*,*,#6495,.T.);
#6495 = EDGE_CURVE('',#4486,#6496,#6498,.T.);
#6496 = VERTEX_POINT('',#6497);
#6497 = CARTESIAN_POINT('',(265.56171663131,-152.8416887788,8.2));
#6498 = SURFACE_CURVE('',#6499,(#6503,#6509),.PCURVE_S1.);
#6499 = LINE('',#6500,#6501);
#6500 = CARTESIAN_POINT('',(210.39388293881,-121.0783905923,8.2));
#6501 = VECTOR('',#6502,1.);
#6502 = DIRECTION('',(0.866622456874,-0.498964444867,0.));
#6503 = PCURVE('',#2041,#6504);
#6504 = DEFINITIONAL_REPRESENTATION('',(#6505),#6508);
#6505 = B_SPLINE_CURVE_WITH_KNOTS('',1,(#6506,#6507),.UNSPECIFIED.,.F.,
  .F.,(2,2),(27.889629068587,63.658440021828),.PIECEWISE_BEZIER_KNOTS.);
#6506 = CARTESIAN_POINT('',(0.,-1.01));
#6507 = CARTESIAN_POINT('',(35.768810953241,-1.01));
#6508 = ( GEOMETRIC_REPRESENTATION_CONTEXT(2) 
PARAMETRIC_REPRESENTATION_CONTEXT() REPRESENTATION_CONTEXT('2D SPACE',''
  ) );
#6509 = PCURVE('',#4500,#6510);
#6510 = DEFINITIONAL_REPRESENTATION('',(#6511),#6514);
#6511 = B_SPLINE_CURVE_WITH_KNOTS('',1,(#6512,#6513),.UNSPECIFIED.,.F.,
  .F.,(2,2),(27.889629068587,63.658440021828),.PIECEWISE_BEZIER_KNOTS.);
#6512 = CARTESIAN_POINT('',(53.833779462542,-18.28927092983));
#6513 = CARTESIAN_POINT('',(84.831834290307,-36.13663583066));
#6514 = ( GEOMETRIC_REPRESENTATION_CONTEXT(2) 
PARAMETRIC_REPRESENTATION_CONTEXT() REPRESENTATION_CONTEXT('2D SPACE',''
  ) );
#6515 = ORIENTED_EDGE('',*,*,#6516,.F.);
#6516 = EDGE_CURVE('',#2027,#6496,#6517,.T.);
#6517 = SURFACE_CURVE('',#6518,(#6522,#6529),.PCURVE_S1.);
#6518 = LINE('',#6519,#6520);
#6519 = CARTESIAN_POINT('',(265.56171663131,-152.8416887788,7.19));
#6520 = VECTOR('',#6521,1.);
#6521 = DIRECTION('',(0.,0.,1.));
#6522 = PCURVE('',#2041,#6523);
#6523 = DEFINITIONAL_REPRESENTATION('',(#6524),#6528);
#6524 = LINE('',#6525,#6526);
#6525 = CARTESIAN_POINT('',(35.768810953241,0.));
#6526 = VECTOR('',#6527,1.);
#6527 = DIRECTION('',(0.,-1.));
#6528 = ( GEOMETRIC_REPRESENTATION_CONTEXT(2) 
PARAMETRIC_REPRESENTATION_CONTEXT() REPRESENTATION_CONTEXT('2D SPACE',''
  ) );
#6529 = PCURVE('',#2073,#6530);
#6530 = DEFINITIONAL_REPRESENTATION('',(#6531),#6535);
#6531 = LINE('',#6532,#6533);
#6532 = CARTESIAN_POINT('',(1.570796326795,0.));
#6533 = VECTOR('',#6534,1.);
#6534 = DIRECTION('',(0.,-1.));
#6535 = ( GEOMETRIC_REPRESENTATION_CONTEXT(2) 
PARAMETRIC_REPRESENTATION_CONTEXT() REPRESENTATION_CONTEXT('2D SPACE',''
  ) );
#6536 = ADVANCED_FACE('',(#6537),#2073,.T.);
#6537 = FACE_BOUND('',#6538,.T.);
#6538 = EDGE_LOOP('',(#6539,#6540,#6541,#6569));
#6539 = ORIENTED_EDGE('',*,*,#2052,.F.);
#6540 = ORIENTED_EDGE('',*,*,#6516,.T.);
#6541 = ORIENTED_EDGE('',*,*,#6542,.T.);
#6542 = EDGE_CURVE('',#6496,#6543,#6545,.T.);
#6543 = VERTEX_POINT('',#6544);
#6544 = CARTESIAN_POINT('',(268.98756740079,-157.8436456872,8.2));
#6545 = SURFACE_CURVE('',#6546,(#6551,#6558),.PCURVE_S1.);
#6546 = CIRCLE('',#6547,7.);
#6547 = AXIS2_PLACEMENT_3D('',#6548,#6549,#6550);
#6548 = CARTESIAN_POINT('',(262.06896551724,-158.908045977,8.2));
#6549 = DIRECTION('',(0.,0.,-1.));
#6550 = DIRECTION('',(-0.866622456874,0.498964444867,0.));
#6551 = PCURVE('',#2073,#6552);
#6552 = DEFINITIONAL_REPRESENTATION('',(#6553),#6557);
#6553 = LINE('',#6554,#6555);
#6554 = CARTESIAN_POINT('',(0.,-1.01));
#6555 = VECTOR('',#6556,1.);
#6556 = DIRECTION('',(1.,0.));
#6557 = ( GEOMETRIC_REPRESENTATION_CONTEXT(2) 
PARAMETRIC_REPRESENTATION_CONTEXT() REPRESENTATION_CONTEXT('2D SPACE',''
  ) );
#6558 = PCURVE('',#4500,#6559);
#6559 = DEFINITIONAL_REPRESENTATION('',(#6560),#6568);
#6560 = ( BOUNDED_CURVE() B_SPLINE_CURVE(2,(#6561,#6562,#6563,#6564,
#6565,#6566,#6567),.UNSPECIFIED.,.T.,.F.) B_SPLINE_CURVE_WITH_KNOTS((1,2
    ,2,2,2,1),(-2.094395102393,0.,2.094395102393,4.188790204786,
6.28318530718,8.377580409573),.UNSPECIFIED.) CURVE() 
GEOMETRIC_REPRESENTATION_ITEM() RATIONAL_B_SPLINE_CURVE((1.,0.5,1.,0.5,
1.,0.5,1.)) REPRESENTATION_ITEM('') );
#6561 = CARTESIAN_POINT('',(75.272725978119,-38.71024191471));
#6562 = CARTESIAN_POINT('',(81.322348365879,-28.20300303071));
#6563 = CARTESIAN_POINT('',(87.397072969178,-38.69574914381));
#6564 = CARTESIAN_POINT('',(93.471797572477,-49.18849525692));
#6565 = CARTESIAN_POINT('',(81.347450581418,-49.20298802782));
#6566 = CARTESIAN_POINT('',(69.22310359036,-49.21748079871));
#6567 = CARTESIAN_POINT('',(75.272725978119,-38.71024191471));
#6568 = ( GEOMETRIC_REPRESENTATION_CONTEXT(2) 
PARAMETRIC_REPRESENTATION_CONTEXT() REPRESENTATION_CONTEXT('2D SPACE',''
  ) );
#6569 = ORIENTED_EDGE('',*,*,#6570,.F.);
#6570 = EDGE_CURVE('',#2053,#6543,#6571,.T.);
#6571 = SURFACE_CURVE('',#6572,(#6576,#6583),.PCURVE_S1.);
#6572 = LINE('',#6573,#6574);
#6573 = CARTESIAN_POINT('',(268.98756740079,-157.8436456872,7.19));
#6574 = VECTOR('',#6575,1.);
#6575 = DIRECTION('',(0.,0.,1.));
#6576 = PCURVE('',#2073,#6577);
#6577 = DEFINITIONAL_REPRESENTATION('',(#6578),#6582);
#6578 = LINE('',#6579,#6580);
#6579 = CARTESIAN_POINT('',(2.466539893478,0.));
#6580 = VECTOR('',#6581,1.);
#6581 = DIRECTION('',(0.,-1.));
#6582 = ( GEOMETRIC_REPRESENTATION_CONTEXT(2) 
PARAMETRIC_REPRESENTATION_CONTEXT() REPRESENTATION_CONTEXT('2D SPACE',''
  ) );
#6583 = PCURVE('',#2100,#6584);
#6584 = DEFINITIONAL_REPRESENTATION('',(#6585),#6589);
#6585 = LINE('',#6586,#6587);
#6586 = CARTESIAN_POINT('',(0.,0.));
#6587 = VECTOR('',#6588,1.);
#6588 = DIRECTION('',(0.,-1.));
#6589 = ( GEOMETRIC_REPRESENTATION_CONTEXT(2) 
PARAMETRIC_REPRESENTATION_CONTEXT() REPRESENTATION_CONTEXT('2D SPACE',''
  ) );
#6590 = ADVANCED_FACE('',(#6591),#2100,.T.);
#6591 = FACE_BOUND('',#6592,.T.);
#6592 = EDGE_LOOP('',(#6593,#6594,#6595,#6616));
#6593 = ORIENTED_EDGE('',*,*,#2085,.T.);
#6594 = ORIENTED_EDGE('',*,*,#6570,.T.);
#6595 = ORIENTED_EDGE('',*,*,#6596,.T.);
#6596 = EDGE_CURVE('',#6543,#6597,#6599,.T.);
#6597 = VERTEX_POINT('',#6598);
#6598 = CARTESIAN_POINT('',(269.79853614564,-163.1149425287,8.2));
#6599 = SURFACE_CURVE('',#6600,(#6604,#6610),.PCURVE_S1.);
#6600 = LINE('',#6601,#6602);
#6601 = CARTESIAN_POINT('',(264.87590800353,-131.117859605,8.2));
#6602 = VECTOR('',#6603,1.);
#6603 = DIRECTION('',(0.152057184254,-0.988371697651,0.));
#6604 = PCURVE('',#2100,#6605);
#6605 = DEFINITIONAL_REPRESENTATION('',(#6606),#6609);
#6606 = B_SPLINE_CURVE_WITH_KNOTS('',1,(#6607,#6608),.UNSPECIFIED.,.F.,
  .F.,(2,2),(27.040217911686,32.373532143601),.PIECEWISE_BEZIER_KNOTS.);
#6607 = CARTESIAN_POINT('',(0.,-1.01));
#6608 = CARTESIAN_POINT('',(5.333314231915,-1.01));
#6609 = ( GEOMETRIC_REPRESENTATION_CONTEXT(2) 
PARAMETRIC_REPRESENTATION_CONTEXT() REPRESENTATION_CONTEXT('2D SPACE',''
  ) );
#6610 = PCURVE('',#4500,#6611);
#6611 = DEFINITIONAL_REPRESENTATION('',(#6612),#6615);
#6612 = B_SPLINE_CURVE_WITH_KNOTS('',1,(#6613,#6614),.UNSPECIFIED.,.F.,
  .F.,(2,2),(27.040217911686,32.373532143601),.PIECEWISE_BEZIER_KNOTS.);
#6613 = CARTESIAN_POINT('',(88.257685059793,-41.138592739));
#6614 = CARTESIAN_POINT('',(89.068653804639,-46.4098895805));
#6615 = ( GEOMETRIC_REPRESENTATION_CONTEXT(2) 
PARAMETRIC_REPRESENTATION_CONTEXT() REPRESENTATION_CONTEXT('2D SPACE',''
  ) );
#6616 = ORIENTED_EDGE('',*,*,#6617,.F.);
#6617 = EDGE_CURVE('',#2086,#6597,#6618,.T.);
#6618 = SURFACE_CURVE('',#6619,(#6623,#6630),.PCURVE_S1.);
#6619 = LINE('',#6620,#6621);
#6620 = CARTESIAN_POINT('',(269.79853614564,-163.1149425287,7.19));
#6621 = VECTOR('',#6622,1.);
#6622 = DIRECTION('',(0.,0.,1.));
#6623 = PCURVE('',#2100,#6624);
#6624 = DEFINITIONAL_REPRESENTATION('',(#6625),#6629);
#6625 = LINE('',#6626,#6627);
#6626 = CARTESIAN_POINT('',(5.333314231915,0.));
#6627 = VECTOR('',#6628,1.);
#6628 = DIRECTION('',(0.,-1.));
#6629 = ( GEOMETRIC_REPRESENTATION_CONTEXT(2) 
PARAMETRIC_REPRESENTATION_CONTEXT() REPRESENTATION_CONTEXT('2D SPACE',''
  ) );
#6630 = PCURVE('',#2126,#6631);
#6631 = DEFINITIONAL_REPRESENTATION('',(#6632),#6636);
#6632 = LINE('',#6633,#6634);
#6633 = CARTESIAN_POINT('',(0.,0.));
#6634 = VECTOR('',#6635,1.);
#6635 = DIRECTION('',(0.,-1.));
#6636 = ( GEOMETRIC_REPRESENTATION_CONTEXT(2) 
PARAMETRIC_REPRESENTATION_CONTEXT() REPRESENTATION_CONTEXT('2D SPACE',''
  ) );
#6637 = ADVANCED_FACE('',(#6638),#2126,.T.);
#6638 = FACE_BOUND('',#6639,.T.);
#6639 = EDGE_LOOP('',(#6640,#6641,#6642,#6663));
#6640 = ORIENTED_EDGE('',*,*,#2111,.T.);
#6641 = ORIENTED_EDGE('',*,*,#6617,.T.);
#6642 = ORIENTED_EDGE('',*,*,#6643,.T.);
#6643 = EDGE_CURVE('',#6597,#6644,#6646,.T.);
#6644 = VERTEX_POINT('',#6645);
#6645 = CARTESIAN_POINT('',(275.40715958991,-163.1149425287,8.2));
#6646 = SURFACE_CURVE('',#6647,(#6651,#6657),.PCURVE_S1.);
#6647 = LINE('',#6648,#6649);
#6648 = CARTESIAN_POINT('',(225.26420924332,-163.1149425287,8.2));
#6649 = VECTOR('',#6650,1.);
#6650 = DIRECTION('',(1.,0.,0.));
#6651 = PCURVE('',#2126,#6652);
#6652 = DEFINITIONAL_REPRESENTATION('',(#6653),#6656);
#6653 = B_SPLINE_CURVE_WITH_KNOTS('',1,(#6654,#6655),.UNSPECIFIED.,.F.,
  .F.,(2,2),(44.53432690232,50.142950346587),.PIECEWISE_BEZIER_KNOTS.);
#6654 = CARTESIAN_POINT('',(0.,-1.01));
#6655 = CARTESIAN_POINT('',(5.608623444267,-1.01));
#6656 = ( GEOMETRIC_REPRESENTATION_CONTEXT(2) 
PARAMETRIC_REPRESENTATION_CONTEXT() REPRESENTATION_CONTEXT('2D SPACE',''
  ) );
#6657 = PCURVE('',#4500,#6658);
#6658 = DEFINITIONAL_REPRESENTATION('',(#6659),#6662);
#6659 = B_SPLINE_CURVE_WITH_KNOTS('',1,(#6660,#6661),.UNSPECIFIED.,.F.,
  .F.,(2,2),(44.53432690232,50.142950346587),.PIECEWISE_BEZIER_KNOTS.);
#6660 = CARTESIAN_POINT('',(89.068653804639,-46.4098895805));
#6661 = CARTESIAN_POINT('',(94.677277248907,-46.4098895805));
#6662 = ( GEOMETRIC_REPRESENTATION_CONTEXT(2) 
PARAMETRIC_REPRESENTATION_CONTEXT() REPRESENTATION_CONTEXT('2D SPACE',''
  ) );
#6663 = ORIENTED_EDGE('',*,*,#6664,.F.);
#6664 = EDGE_CURVE('',#2112,#6644,#6665,.T.);
#6665 = SURFACE_CURVE('',#6666,(#6670,#6677),.PCURVE_S1.);
#6666 = LINE('',#6667,#6668);
#6667 = CARTESIAN_POINT('',(275.40715958991,-163.1149425287,7.19));
#6668 = VECTOR('',#6669,1.);
#6669 = DIRECTION('',(0.,0.,1.));
#6670 = PCURVE('',#2126,#6671);
#6671 = DEFINITIONAL_REPRESENTATION('',(#6672),#6676);
#6672 = LINE('',#6673,#6674);
#6673 = CARTESIAN_POINT('',(5.608623444267,0.));
#6674 = VECTOR('',#6675,1.);
#6675 = DIRECTION('',(0.,-1.));
#6676 = ( GEOMETRIC_REPRESENTATION_CONTEXT(2) 
PARAMETRIC_REPRESENTATION_CONTEXT() REPRESENTATION_CONTEXT('2D SPACE',''
  ) );
#6677 = PCURVE('',#2152,#6678);
#6678 = DEFINITIONAL_REPRESENTATION('',(#6679),#6683);
#6679 = LINE('',#6680,#6681);
#6680 = CARTESIAN_POINT('',(0.,0.));
#6681 = VECTOR('',#6682,1.);
#6682 = DIRECTION('',(0.,-1.));
#6683 = ( GEOMETRIC_REPRESENTATION_CONTEXT(2) 
PARAMETRIC_REPRESENTATION_CONTEXT() REPRESENTATION_CONTEXT('2D SPACE',''
  ) );
#6684 = ADVANCED_FACE('',(#6685),#2152,.T.);
#6685 = FACE_BOUND('',#6686,.T.);
#6686 = EDGE_LOOP('',(#6687,#6710,#6711,#6712,#6713,#6734));
#6687 = ORIENTED_EDGE('',*,*,#6688,.F.);
#6688 = EDGE_CURVE('',#5165,#6689,#6691,.T.);
#6689 = VERTEX_POINT('',#6690);
#6690 = CARTESIAN_POINT('',(275.29794054733,-165.9787050448,7.19));
#6691 = SURFACE_CURVE('',#6692,(#6696,#6703),.PCURVE_S1.);
#6692 = LINE('',#6693,#6694);
#6693 = CARTESIAN_POINT('',(275.92965870271,-149.4148281654,7.19));
#6694 = VECTOR('',#6695,1.);
#6695 = DIRECTION('',(-3.811059657122E-02,-0.999273527333,0.));
#6696 = PCURVE('',#2152,#6697);
#6697 = DEFINITIONAL_REPRESENTATION('',(#6698),#6702);
#6698 = LINE('',#6699,#6700);
#6699 = CARTESIAN_POINT('',(-13.71007435759,0.));
#6700 = VECTOR('',#6701,1.);
#6701 = DIRECTION('',(1.,0.));
#6702 = ( GEOMETRIC_REPRESENTATION_CONTEXT(2) 
PARAMETRIC_REPRESENTATION_CONTEXT() REPRESENTATION_CONTEXT('2D SPACE',''
  ) );
#6703 = PCURVE('',#5202,#6704);
#6704 = DEFINITIONAL_REPRESENTATION('',(#6705),#6709);
#6705 = LINE('',#6706,#6707);
#6706 = CARTESIAN_POINT('',(95.19977636171,-32.70977521719));
#6707 = VECTOR('',#6708,1.);
#6708 = DIRECTION('',(-3.811059657122E-02,-0.999273527333));
#6709 = ( GEOMETRIC_REPRESENTATION_CONTEXT(2) 
PARAMETRIC_REPRESENTATION_CONTEXT() REPRESENTATION_CONTEXT('2D SPACE',''
  ) );
#6710 = ORIENTED_EDGE('',*,*,#5164,.F.);
#6711 = ORIENTED_EDGE('',*,*,#2137,.T.);
#6712 = ORIENTED_EDGE('',*,*,#6664,.T.);
#6713 = ORIENTED_EDGE('',*,*,#6714,.T.);
#6714 = EDGE_CURVE('',#6644,#6715,#6717,.T.);
#6715 = VERTEX_POINT('',#6716);
#6716 = CARTESIAN_POINT('',(275.29794054733,-165.9787050448,8.2));
#6717 = SURFACE_CURVE('',#6718,(#6722,#6728),.PCURVE_S1.);
#6718 = LINE('',#6719,#6720);
#6719 = CARTESIAN_POINT('',(276.22211594952,-141.7464941348,8.2));
#6720 = VECTOR('',#6721,1.);
#6721 = DIRECTION('',(-3.811059657122E-02,-0.999273527333,0.));
#6722 = PCURVE('',#2152,#6723);
#6723 = DEFINITIONAL_REPRESENTATION('',(#6724),#6727);
#6724 = B_SPLINE_CURVE_WITH_KNOTS('',1,(#6725,#6726),.UNSPECIFIED.,.F.,
  .F.,(2,2),(21.383983273282,24.249827747044),.PIECEWISE_BEZIER_KNOTS.);
#6725 = CARTESIAN_POINT('',(-3.552713678801E-15,-1.01));
#6726 = CARTESIAN_POINT('',(2.865844473762,-1.01));
#6727 = ( GEOMETRIC_REPRESENTATION_CONTEXT(2) 
PARAMETRIC_REPRESENTATION_CONTEXT() REPRESENTATION_CONTEXT('2D SPACE',''
  ) );
#6728 = PCURVE('',#4500,#6729);
#6729 = DEFINITIONAL_REPRESENTATION('',(#6730),#6733);
#6730 = B_SPLINE_CURVE_WITH_KNOTS('',1,(#6731,#6732),.UNSPECIFIED.,.F.,
  .F.,(2,2),(21.383983273282,24.249827747044),.PIECEWISE_BEZIER_KNOTS.);
#6731 = CARTESIAN_POINT('',(94.677277248907,-46.4098895805));
#6732 = CARTESIAN_POINT('',(94.568058206331,-49.27365209659));
#6733 = ( GEOMETRIC_REPRESENTATION_CONTEXT(2) 
PARAMETRIC_REPRESENTATION_CONTEXT() REPRESENTATION_CONTEXT('2D SPACE',''
  ) );
#6734 = ORIENTED_EDGE('',*,*,#6735,.F.);
#6735 = EDGE_CURVE('',#6689,#6715,#6736,.T.);
#6736 = SURFACE_CURVE('',#6737,(#6741,#6748),.PCURVE_S1.);
#6737 = LINE('',#6738,#6739);
#6738 = CARTESIAN_POINT('',(275.29794054733,-165.9787050448,7.19));
#6739 = VECTOR('',#6740,1.);
#6740 = DIRECTION('',(0.,0.,1.));
#6741 = PCURVE('',#2152,#6742);
#6742 = DEFINITIONAL_REPRESENTATION('',(#6743),#6747);
#6743 = LINE('',#6744,#6745);
#6744 = CARTESIAN_POINT('',(2.865844473762,0.));
#6745 = VECTOR('',#6746,1.);
#6746 = DIRECTION('',(0.,-1.));
#6747 = ( GEOMETRIC_REPRESENTATION_CONTEXT(2) 
PARAMETRIC_REPRESENTATION_CONTEXT() REPRESENTATION_CONTEXT('2D SPACE',''
  ) );
#6748 = PCURVE('',#4813,#6749);
#6749 = DEFINITIONAL_REPRESENTATION('',(#6750),#6754);
#6750 = LINE('',#6751,#6752);
#6751 = CARTESIAN_POINT('',(0.,0.));
#6752 = VECTOR('',#6753,1.);
#6753 = DIRECTION('',(0.,-1.));
#6754 = ( GEOMETRIC_REPRESENTATION_CONTEXT(2) 
PARAMETRIC_REPRESENTATION_CONTEXT() REPRESENTATION_CONTEXT('2D SPACE',''
  ) );
#6755 = ADVANCED_FACE('',(#6756),#3382,.F.);
#6756 = FACE_BOUND('',#6757,.F.);
#6757 = EDGE_LOOP('',(#6758,#6759,#6782,#6804));
#6758 = ORIENTED_EDGE('',*,*,#3365,.F.);
#6759 = ORIENTED_EDGE('',*,*,#6760,.F.);
#6760 = EDGE_CURVE('',#6761,#3366,#6763,.T.);
#6761 = VERTEX_POINT('',#6762);
#6762 = CARTESIAN_POINT('',(275.96097566106,-108.8908974119,3.));
#6763 = SEAM_CURVE('',#6764,(#6768,#6775),.PCURVE_S1.);
#6764 = LINE('',#6765,#6766);
#6765 = CARTESIAN_POINT('',(275.96097566106,-108.8908974119,3.));
#6766 = VECTOR('',#6767,1.);
#6767 = DIRECTION('',(0.,0.,1.));
#6768 = PCURVE('',#3382,#6769);
#6769 = DEFINITIONAL_REPRESENTATION('',(#6770),#6774);
#6770 = LINE('',#6771,#6772);
#6771 = CARTESIAN_POINT('',(6.28318530718,-0.));
#6772 = VECTOR('',#6773,1.);
#6773 = DIRECTION('',(0.,1.));
#6774 = ( GEOMETRIC_REPRESENTATION_CONTEXT(2) 
PARAMETRIC_REPRESENTATION_CONTEXT() REPRESENTATION_CONTEXT('2D SPACE',''
  ) );
#6775 = PCURVE('',#3382,#6776);
#6776 = DEFINITIONAL_REPRESENTATION('',(#6777),#6781);
#6777 = LINE('',#6778,#6779);
#6778 = CARTESIAN_POINT('',(0.,-0.));
#6779 = VECTOR('',#6780,1.);
#6780 = DIRECTION('',(0.,1.));
#6781 = ( GEOMETRIC_REPRESENTATION_CONTEXT(2) 
PARAMETRIC_REPRESENTATION_CONTEXT() REPRESENTATION_CONTEXT('2D SPACE',''
  ) );
#6782 = ORIENTED_EDGE('',*,*,#6783,.T.);
#6783 = EDGE_CURVE('',#6761,#6761,#6784,.T.);
#6784 = SURFACE_CURVE('',#6785,(#6790,#6797),.PCURVE_S1.);
#6785 = CIRCLE('',#6786,14.4);
#6786 = AXIS2_PLACEMENT_3D('',#6787,#6788,#6789);
#6787 = CARTESIAN_POINT('',(261.56097566106,-108.8908974119,3.));
#6788 = DIRECTION('',(0.,0.,1.));
#6789 = DIRECTION('',(1.,0.,-0.));
#6790 = PCURVE('',#3382,#6791);
#6791 = DEFINITIONAL_REPRESENTATION('',(#6792),#6796);
#6792 = LINE('',#6793,#6794);
#6793 = CARTESIAN_POINT('',(0.,0.));
#6794 = VECTOR('',#6795,1.);
#6795 = DIRECTION('',(1.,0.));
#6796 = ( GEOMETRIC_REPRESENTATION_CONTEXT(2) 
PARAMETRIC_REPRESENTATION_CONTEXT() REPRESENTATION_CONTEXT('2D SPACE',''
  ) );
#6797 = PCURVE('',#6455,#6798);
#6798 = DEFINITIONAL_REPRESENTATION('',(#6799),#6803);
#6799 = CIRCLE('',#6800,14.4);
#6800 = AXIS2_PLACEMENT_2D('',#6801,#6802);
#6801 = CARTESIAN_POINT('',(0.,0.));
#6802 = DIRECTION('',(1.,0.));
#6803 = ( GEOMETRIC_REPRESENTATION_CONTEXT(2) 
PARAMETRIC_REPRESENTATION_CONTEXT() REPRESENTATION_CONTEXT('2D SPACE',''
  ) );
#6804 = ORIENTED_EDGE('',*,*,#6760,.T.);
#6805 = ADVANCED_FACE('',(#6806),#4500,.T.);
#6806 = FACE_BOUND('',#6807,.T.);
#6807 = EDGE_LOOP('',(#6808,#6809,#6832,#6860,#6879,#6880,#6881,#6882,
    #6883));
#6808 = ORIENTED_EDGE('',*,*,#4485,.F.);
#6809 = ORIENTED_EDGE('',*,*,#6810,.T.);
#6810 = EDGE_CURVE('',#4460,#6811,#6813,.T.);
#6811 = VERTEX_POINT('',#6812);
#6812 = CARTESIAN_POINT('',(261.15364709935,-159.5349494797,8.2));
#6813 = SURFACE_CURVE('',#6814,(#6818,#6825),.PCURVE_S1.);
#6814 = LINE('',#6815,#6816);
#6815 = CARTESIAN_POINT('',(223.63896658961,-137.9355879741,8.2));
#6816 = VECTOR('',#6817,1.);
#6817 = DIRECTION('',(0.866622456874,-0.498964444867,-0.));
#6818 = PCURVE('',#4500,#6819);
#6819 = DEFINITIONAL_REPRESENTATION('',(#6820),#6824);
#6820 = LINE('',#6821,#6822);
#6821 = CARTESIAN_POINT('',(42.909084248613,-21.23053502588));
#6822 = VECTOR('',#6823,1.);
#6823 = DIRECTION('',(0.866622456874,-0.498964444867));
#6824 = ( GEOMETRIC_REPRESENTATION_CONTEXT(2) 
PARAMETRIC_REPRESENTATION_CONTEXT() REPRESENTATION_CONTEXT('2D SPACE',''
  ) );
#6825 = PCURVE('',#4474,#6826);
#6826 = DEFINITIONAL_REPRESENTATION('',(#6827),#6831);
#6827 = LINE('',#6828,#6829);
#6828 = CARTESIAN_POINT('',(-3.441644682162E-02,-0.));
#6829 = VECTOR('',#6830,1.);
#6830 = DIRECTION('',(1.,0.));
#6831 = ( GEOMETRIC_REPRESENTATION_CONTEXT(2) 
PARAMETRIC_REPRESENTATION_CONTEXT() REPRESENTATION_CONTEXT('2D SPACE',''
  ) );
#6832 = ORIENTED_EDGE('',*,*,#6833,.T.);
#6833 = EDGE_CURVE('',#6811,#6834,#6836,.T.);
#6834 = VERTEX_POINT('',#6835);
#6835 = CARTESIAN_POINT('',(262.44910847787,-167.9554484401,8.2));
#6836 = SURFACE_CURVE('',#6837,(#6841,#6848),.PCURVE_S1.);
#6837 = LINE('',#6838,#6839);
#6838 = CARTESIAN_POINT('',(261.08059381959,-159.0601031612,8.2));
#6839 = VECTOR('',#6840,1.);
#6840 = DIRECTION('',(0.152057184254,-0.988371697651,-0.));
#6841 = PCURVE('',#4500,#6842);
#6842 = DEFINITIONAL_REPRESENTATION('',(#6843),#6847);
#6843 = LINE('',#6844,#6845);
#6844 = CARTESIAN_POINT('',(80.350711478588,-42.35505021303));
#6845 = VECTOR('',#6846,1.);
#6846 = DIRECTION('',(0.152057184254,-0.988371697651));
#6847 = ( GEOMETRIC_REPRESENTATION_CONTEXT(2) 
PARAMETRIC_REPRESENTATION_CONTEXT() REPRESENTATION_CONTEXT('2D SPACE',''
  ) );
#6848 = PCURVE('',#6849,#6854);
#6849 = PLANE('',#6850);
#6850 = AXIS2_PLACEMENT_3D('',#6851,#6852,#6853);
#6851 = CARTESIAN_POINT('',(261.15364709935,-159.5349494797,8.2));
#6852 = DIRECTION('',(0.988371697651,0.152057184254,-0.));
#6853 = DIRECTION('',(0.152057184254,-0.988371697651,0.));
#6854 = DEFINITIONAL_REPRESENTATION('',(#6855),#6859);
#6855 = LINE('',#6856,#6857);
#6856 = CARTESIAN_POINT('',(-0.480432937917,-0.));
#6857 = VECTOR('',#6858,1.);
#6858 = DIRECTION('',(1.,0.));
#6859 = ( GEOMETRIC_REPRESENTATION_CONTEXT(2) 
PARAMETRIC_REPRESENTATION_CONTEXT() REPRESENTATION_CONTEXT('2D SPACE',''
  ) );
#6860 = ORIENTED_EDGE('',*,*,#6861,.F.);
#6861 = EDGE_CURVE('',#6715,#6834,#6862,.T.);
#6862 = SURFACE_CURVE('',#6863,(#6867,#6873),.PCURVE_S1.);
#6863 = LINE('',#6864,#6865);
#6864 = CARTESIAN_POINT('',(232.80982817057,-172.5153377181,8.2));
#6865 = VECTOR('',#6866,1.);
#6866 = DIRECTION('',(-0.988371697651,-0.152057184254,0.));
#6867 = PCURVE('',#4500,#6868);
#6868 = DEFINITIONAL_REPRESENTATION('',(#6869),#6872);
#6869 = B_SPLINE_CURVE_WITH_KNOTS('',1,(#6870,#6871),.UNSPECIFIED.,.F.,
  .F.,(2,2),(-42.98798971859,-25.98798971859),.PIECEWISE_BEZIER_KNOTS.);
#6870 = CARTESIAN_POINT('',(94.568058206331,-49.27365209659));
#6871 = CARTESIAN_POINT('',(77.765739346271,-51.8586242289));
#6872 = ( GEOMETRIC_REPRESENTATION_CONTEXT(2) 
PARAMETRIC_REPRESENTATION_CONTEXT() REPRESENTATION_CONTEXT('2D SPACE',''
  ) );
#6873 = PCURVE('',#4813,#6874);
#6874 = DEFINITIONAL_REPRESENTATION('',(#6875),#6878);
#6875 = B_SPLINE_CURVE_WITH_KNOTS('',1,(#6876,#6877),.UNSPECIFIED.,.F.,
  .F.,(2,2),(-42.98798971859,-25.98798971859),.PIECEWISE_BEZIER_KNOTS.);
#6876 = CARTESIAN_POINT('',(0.,-1.01));
#6877 = CARTESIAN_POINT('',(17.,-1.01));
#6878 = ( GEOMETRIC_REPRESENTATION_CONTEXT(2) 
PARAMETRIC_REPRESENTATION_CONTEXT() REPRESENTATION_CONTEXT('2D SPACE',''
  ) );
#6879 = ORIENTED_EDGE('',*,*,#6714,.F.);
#6880 = ORIENTED_EDGE('',*,*,#6643,.F.);
#6881 = ORIENTED_EDGE('',*,*,#6596,.F.);
#6882 = ORIENTED_EDGE('',*,*,#6542,.F.);
#6883 = ORIENTED_EDGE('',*,*,#6495,.F.);
#6884 = ADVANCED_FACE('',(#6885),#4474,.T.);
#6885 = FACE_BOUND('',#6886,.T.);
#6886 = EDGE_LOOP('',(#6887,#6888,#6889,#6912));
#6887 = ORIENTED_EDGE('',*,*,#6810,.F.);
#6888 = ORIENTED_EDGE('',*,*,#4459,.F.);
#6889 = ORIENTED_EDGE('',*,*,#6890,.T.);
#6890 = EDGE_CURVE('',#4434,#6891,#6893,.T.);
#6891 = VERTEX_POINT('',#6892);
#6892 = CARTESIAN_POINT('',(261.15364709935,-159.5349494797,
    39.095281374239));
#6893 = SURFACE_CURVE('',#6894,(#6898,#6905),.PCURVE_S1.);
#6894 = LINE('',#6895,#6896);
#6895 = CARTESIAN_POINT('',(223.63896658961,-137.9355879741,
    39.095281374239));
#6896 = VECTOR('',#6897,1.);
#6897 = DIRECTION('',(0.866622456874,-0.498964444867,-0.));
#6898 = PCURVE('',#4474,#6899);
#6899 = DEFINITIONAL_REPRESENTATION('',(#6900),#6904);
#6900 = LINE('',#6901,#6902);
#6901 = CARTESIAN_POINT('',(-3.441644682162E-02,-30.89528137423));
#6902 = VECTOR('',#6903,1.);
#6903 = DIRECTION('',(1.,0.));
#6904 = ( GEOMETRIC_REPRESENTATION_CONTEXT(2) 
PARAMETRIC_REPRESENTATION_CONTEXT() REPRESENTATION_CONTEXT('2D SPACE',''
  ) );
#6905 = PCURVE('',#4448,#6906);
#6906 = DEFINITIONAL_REPRESENTATION('',(#6907),#6911);
#6907 = LINE('',#6908,#6909);
#6908 = CARTESIAN_POINT('',(42.909084248613,-21.23053502588));
#6909 = VECTOR('',#6910,1.);
#6910 = DIRECTION('',(0.866622456874,-0.498964444867));
#6911 = ( GEOMETRIC_REPRESENTATION_CONTEXT(2) 
PARAMETRIC_REPRESENTATION_CONTEXT() REPRESENTATION_CONTEXT('2D SPACE',''
  ) );
#6912 = ORIENTED_EDGE('',*,*,#6913,.F.);
#6913 = EDGE_CURVE('',#6811,#6891,#6914,.T.);
#6914 = SURFACE_CURVE('',#6915,(#6919,#6926),.PCURVE_S1.);
#6915 = LINE('',#6916,#6917);
#6916 = CARTESIAN_POINT('',(261.15364709935,-159.5349494797,8.2));
#6917 = VECTOR('',#6918,1.);
#6918 = DIRECTION('',(0.,0.,1.));
#6919 = PCURVE('',#4474,#6920);
#6920 = DEFINITIONAL_REPRESENTATION('',(#6921),#6925);
#6921 = LINE('',#6922,#6923);
#6922 = CARTESIAN_POINT('',(43.253961568502,0.));
#6923 = VECTOR('',#6924,1.);
#6924 = DIRECTION('',(0.,-1.));
#6925 = ( GEOMETRIC_REPRESENTATION_CONTEXT(2) 
PARAMETRIC_REPRESENTATION_CONTEXT() REPRESENTATION_CONTEXT('2D SPACE',''
  ) );
#6926 = PCURVE('',#6849,#6927);
#6927 = DEFINITIONAL_REPRESENTATION('',(#6928),#6932);
#6928 = LINE('',#6929,#6930);
#6929 = CARTESIAN_POINT('',(2.809121319986E-14,0.));
#6930 = VECTOR('',#6931,1.);
#6931 = DIRECTION('',(0.,-1.));
#6932 = ( GEOMETRIC_REPRESENTATION_CONTEXT(2) 
PARAMETRIC_REPRESENTATION_CONTEXT() REPRESENTATION_CONTEXT('2D SPACE',''
  ) );
#6933 = ADVANCED_FACE('',(#6934),#4448,.F.);
#6934 = FACE_BOUND('',#6935,.F.);
#6935 = EDGE_LOOP('',(#6936,#6937,#6938,#6961,#6982,#7008,#7041));
#6936 = ORIENTED_EDGE('',*,*,#4433,.F.);
#6937 = ORIENTED_EDGE('',*,*,#6890,.T.);
#6938 = ORIENTED_EDGE('',*,*,#6939,.T.);
#6939 = EDGE_CURVE('',#6891,#6940,#6942,.T.);
#6940 = VERTEX_POINT('',#6941);
#6941 = CARTESIAN_POINT('',(262.44910847787,-167.9554484401,
    39.095281374239));
#6942 = SURFACE_CURVE('',#6943,(#6947,#6954),.PCURVE_S1.);
#6943 = LINE('',#6944,#6945);
#6944 = CARTESIAN_POINT('',(261.08059381959,-159.0601031612,
    39.095281374239));
#6945 = VECTOR('',#6946,1.);
#6946 = DIRECTION('',(0.152057184254,-0.988371697651,-0.));
#6947 = PCURVE('',#4448,#6948);
#6948 = DEFINITIONAL_REPRESENTATION('',(#6949),#6953);
#6949 = LINE('',#6950,#6951);
#6950 = CARTESIAN_POINT('',(80.350711478588,-42.35505021303));
#6951 = VECTOR('',#6952,1.);
#6952 = DIRECTION('',(0.152057184254,-0.988371697651));
#6953 = ( GEOMETRIC_REPRESENTATION_CONTEXT(2) 
PARAMETRIC_REPRESENTATION_CONTEXT() REPRESENTATION_CONTEXT('2D SPACE',''
  ) );
#6954 = PCURVE('',#6849,#6955);
#6955 = DEFINITIONAL_REPRESENTATION('',(#6956),#6960);
#6956 = LINE('',#6957,#6958);
#6957 = CARTESIAN_POINT('',(-0.480432937917,-30.89528137423));
#6958 = VECTOR('',#6959,1.);
#6959 = DIRECTION('',(1.,0.));
#6960 = ( GEOMETRIC_REPRESENTATION_CONTEXT(2) 
PARAMETRIC_REPRESENTATION_CONTEXT() REPRESENTATION_CONTEXT('2D SPACE',''
  ) );
#6961 = ORIENTED_EDGE('',*,*,#6962,.F.);
#6962 = EDGE_CURVE('',#6963,#6940,#6965,.T.);
#6963 = VERTEX_POINT('',#6964);
#6964 = CARTESIAN_POINT('',(262.84445715693,-167.8946255664,
    39.095281374239));
#6965 = SURFACE_CURVE('',#6966,(#6970,#6976),.PCURVE_S1.);
#6966 = LINE('',#6967,#6968);
#6967 = CARTESIAN_POINT('',(232.80982817057,-172.5153377181,
    39.095281374239));
#6968 = VECTOR('',#6969,1.);
#6969 = DIRECTION('',(-0.988371697651,-0.152057184254,0.));
#6970 = PCURVE('',#4448,#6971);
#6971 = DEFINITIONAL_REPRESENTATION('',(#6972),#6975);
#6972 = B_SPLINE_CURVE_WITH_KNOTS('',1,(#6973,#6974),.UNSPECIFIED.,.F.,
  .F.,(2,2),(-42.98798971859,-25.98798971859),.PIECEWISE_BEZIER_KNOTS.);
#6973 = CARTESIAN_POINT('',(94.568058206331,-49.27365209659));
#6974 = CARTESIAN_POINT('',(77.765739346271,-51.8586242289));
#6975 = ( GEOMETRIC_REPRESENTATION_CONTEXT(2) 
PARAMETRIC_REPRESENTATION_CONTEXT() REPRESENTATION_CONTEXT('2D SPACE',''
  ) );
#6976 = PCURVE('',#4813,#6977);
#6977 = DEFINITIONAL_REPRESENTATION('',(#6978),#6981);
#6978 = B_SPLINE_CURVE_WITH_KNOTS('',1,(#6979,#6980),.UNSPECIFIED.,.F.,
  .F.,(2,2),(-42.98798971859,-25.98798971859),.PIECEWISE_BEZIER_KNOTS.);
#6979 = CARTESIAN_POINT('',(0.,-31.90528137423));
#6980 = CARTESIAN_POINT('',(17.,-31.90528137423));
#6981 = ( GEOMETRIC_REPRESENTATION_CONTEXT(2) 
PARAMETRIC_REPRESENTATION_CONTEXT() REPRESENTATION_CONTEXT('2D SPACE',''
  ) );
#6982 = ORIENTED_EDGE('',*,*,#6983,.T.);
#6983 = EDGE_CURVE('',#6963,#6984,#6986,.T.);
#6984 = VERTEX_POINT('',#6985);
#6985 = CARTESIAN_POINT('',(261.54899577841,-159.474126606,
    39.095281374239));
#6986 = SURFACE_CURVE('',#6987,(#6991,#6997),.PCURVE_S1.);
#6987 = LINE('',#6988,#6989);
#6988 = CARTESIAN_POINT('',(257.40080974126,-132.5109173645,
    39.095281374239));
#6989 = VECTOR('',#6990,1.);
#6990 = DIRECTION('',(-0.152057184254,0.988371697651,0.));
#6991 = PCURVE('',#4448,#6992);
#6992 = DEFINITIONAL_REPRESENTATION('',(#6993),#6996);
#6993 = B_SPLINE_CURVE_WITH_KNOTS('',1,(#6994,#6995),.UNSPECIFIED.,.F.,
  .F.,(2,2),(-38.138748372,-27.28043438064),.PIECEWISE_BEZIER_KNOTS.);
#6994 = CARTESIAN_POINT('',(82.470198088683,-53.50112389106));
#6995 = CARTESIAN_POINT('',(80.819113437411,-42.76907365779));
#6996 = ( GEOMETRIC_REPRESENTATION_CONTEXT(2) 
PARAMETRIC_REPRESENTATION_CONTEXT() REPRESENTATION_CONTEXT('2D SPACE',''
  ) );
#6997 = PCURVE('',#6998,#7003);
#6998 = PLANE('',#6999);
#6999 = AXIS2_PLACEMENT_3D('',#7000,#7001,#7002);
#7000 = CARTESIAN_POINT('',(261.54899577841,-159.474126606,
    39.085281374239));
#7001 = DIRECTION('',(0.988371697651,0.152057184254,0.));
#7002 = DIRECTION('',(0.152057184254,-0.988371697651,0.));
#7003 = DEFINITIONAL_REPRESENTATION('',(#7004),#7007);
#7004 = B_SPLINE_CURVE_WITH_KNOTS('',1,(#7005,#7006),.UNSPECIFIED.,.F.,
  .F.,(2,2),(-38.138748372,-27.28043438064),.PIECEWISE_BEZIER_KNOTS.);
#7005 = CARTESIAN_POINT('',(10.858313991364,-9.999999999998E-03));
#7006 = CARTESIAN_POINT('',(-1.7763568394E-14,-9.999999999998E-03));
#7007 = ( GEOMETRIC_REPRESENTATION_CONTEXT(2) 
PARAMETRIC_REPRESENTATION_CONTEXT() REPRESENTATION_CONTEXT('2D SPACE',''
  ) );
#7008 = ORIENTED_EDGE('',*,*,#7009,.F.);
#7009 = EDGE_CURVE('',#7010,#6984,#7012,.T.);
#7010 = VERTEX_POINT('',#7011);
#7011 = CARTESIAN_POINT('',(261.3532328773,-159.1883004969,
    39.095281374239));
#7012 = SURFACE_CURVE('',#7013,(#7018,#7029),.PCURVE_S1.);
#7013 = CIRCLE('',#7014,0.4);
#7014 = AXIS2_PLACEMENT_3D('',#7015,#7016,#7017);
#7015 = CARTESIAN_POINT('',(261.15364709935,-159.5349494797,
    39.095281374239));
#7016 = DIRECTION('',(0.,-0.,-1.));
#7017 = DIRECTION('',(0.152057184254,-0.988371697651,0.));
#7018 = PCURVE('',#4448,#7019);
#7019 = DEFINITIONAL_REPRESENTATION('',(#7020),#7028);
#7020 = ( BOUNDED_CURVE() B_SPLINE_CURVE(2,(#7021,#7022,#7023,#7024,
#7025,#7026,#7027),.UNSPECIFIED.,.T.,.F.) B_SPLINE_CURVE_WITH_KNOTS((1,2
    ,2,2,2,1),(-2.094395102393,0.,2.094395102393,4.188790204786,
6.28318530718,8.377580409573),.UNSPECIFIED.) CURVE() 
GEOMETRIC_REPRESENTATION_ITEM() RATIONAL_B_SPLINE_CURVE((1.,0.5,1.,0.5,
1.,0.5,1.)) REPRESENTATION_ITEM('') );
#7021 = CARTESIAN_POINT('',(80.484587632052,-43.22524521055));
#7022 = CARTESIAN_POINT('',(79.799823633214,-43.33059351806));
#7023 = CARTESIAN_POINT('',(80.050971322081,-42.68489634572));
#7024 = CARTESIAN_POINT('',(80.302119010947,-42.03919917337));
#7025 = CARTESIAN_POINT('',(80.735735320918,-42.5795480382));
#7026 = CARTESIAN_POINT('',(81.16935163089,-43.11989690304));
#7027 = CARTESIAN_POINT('',(80.484587632052,-43.22524521055));
#7028 = ( GEOMETRIC_REPRESENTATION_CONTEXT(2) 
PARAMETRIC_REPRESENTATION_CONTEXT() REPRESENTATION_CONTEXT('2D SPACE',''
  ) );
#7029 = PCURVE('',#7030,#7035);
#7030 = CYLINDRICAL_SURFACE('',#7031,0.4);
#7031 = AXIS2_PLACEMENT_3D('',#7032,#7033,#7034);
#7032 = CARTESIAN_POINT('',(261.15364709935,-159.5349494797,
    39.085281374239));
#7033 = DIRECTION('',(-0.,-0.,-1.));
#7034 = DIRECTION('',(0.152057184254,-0.988371697651,0.));
#7035 = DEFINITIONAL_REPRESENTATION('',(#7036),#7040);
#7036 = LINE('',#7037,#7038);
#7037 = CARTESIAN_POINT('',(-6.28318530718,-9.999999999998E-03));
#7038 = VECTOR('',#7039,1.);
#7039 = DIRECTION('',(1.,-0.));
#7040 = ( GEOMETRIC_REPRESENTATION_CONTEXT(2) 
PARAMETRIC_REPRESENTATION_CONTEXT() REPRESENTATION_CONTEXT('2D SPACE',''
  ) );
#7041 = ORIENTED_EDGE('',*,*,#7042,.T.);
#7042 = EDGE_CURVE('',#7010,#4408,#7043,.T.);
#7043 = SURFACE_CURVE('',#7044,(#7048,#7054),.PCURVE_S1.);
#7044 = LINE('',#7045,#7046);
#7045 = CARTESIAN_POINT('',(203.15017636318,-125.6774497767,
    39.095281374239));
#7046 = VECTOR('',#7047,1.);
#7047 = DIRECTION('',(-0.866622456874,0.498964444867,0.));
#7048 = PCURVE('',#4448,#7049);
#7049 = DEFINITIONAL_REPRESENTATION('',(#7050),#7053);
#7050 = B_SPLINE_CURVE_WITH_KNOTS('',1,(#7051,#7052),.UNSPECIFIED.,.F.,
  .F.,(2,2),(-67.1607988605,-23.90683729199),.PIECEWISE_BEZIER_KNOTS.);
#7051 = CARTESIAN_POINT('',(80.623350536297,-42.48324754874));
#7052 = CARTESIAN_POINT('',(43.138496092261,-20.90105862642));
#7053 = ( GEOMETRIC_REPRESENTATION_CONTEXT(2) 
PARAMETRIC_REPRESENTATION_CONTEXT() REPRESENTATION_CONTEXT('2D SPACE',''
  ) );
#7054 = PCURVE('',#4422,#7055);
#7055 = DEFINITIONAL_REPRESENTATION('',(#7056),#7059);
#7056 = B_SPLINE_CURVE_WITH_KNOTS('',1,(#7057,#7058),.UNSPECIFIED.,.F.,
  .F.,(2,2),(-67.1607988605,-23.90683729199),.PIECEWISE_BEZIER_KNOTS.);
#7057 = CARTESIAN_POINT('',(43.253961568502,-9.999999999998E-03));
#7058 = CARTESIAN_POINT('',(0.,-9.999999999998E-03));
#7059 = ( GEOMETRIC_REPRESENTATION_CONTEXT(2) 
PARAMETRIC_REPRESENTATION_CONTEXT() REPRESENTATION_CONTEXT('2D SPACE',''
  ) );
#7060 = ADVANCED_FACE('',(#7061),#4422,.T.);
#7061 = FACE_BOUND('',#7062,.T.);
#7062 = EDGE_LOOP('',(#7063,#7086,#7087,#7088));
#7063 = ORIENTED_EDGE('',*,*,#7064,.F.);
#7064 = EDGE_CURVE('',#7010,#7065,#7067,.T.);
#7065 = VERTEX_POINT('',#7066);
#7066 = CARTESIAN_POINT('',(261.3532328773,-159.1883004969,
    39.495281374239));
#7067 = SURFACE_CURVE('',#7068,(#7072,#7079),.PCURVE_S1.);
#7068 = LINE('',#7069,#7070);
#7069 = CARTESIAN_POINT('',(261.3532328773,-159.1883004969,
    39.085281374239));
#7070 = VECTOR('',#7071,1.);
#7071 = DIRECTION('',(0.,-0.,1.));
#7072 = PCURVE('',#4422,#7073);
#7073 = DEFINITIONAL_REPRESENTATION('',(#7074),#7078);
#7074 = LINE('',#7075,#7076);
#7075 = CARTESIAN_POINT('',(43.253961568502,0.));
#7076 = VECTOR('',#7077,1.);
#7077 = DIRECTION('',(0.,-1.));
#7078 = ( GEOMETRIC_REPRESENTATION_CONTEXT(2) 
PARAMETRIC_REPRESENTATION_CONTEXT() REPRESENTATION_CONTEXT('2D SPACE',''
  ) );
#7079 = PCURVE('',#7030,#7080);
#7080 = DEFINITIONAL_REPRESENTATION('',(#7081),#7085);
#7081 = LINE('',#7082,#7083);
#7082 = CARTESIAN_POINT('',(-2.466539893478,0.));
#7083 = VECTOR('',#7084,1.);
#7084 = DIRECTION('',(-0.,-1.));
#7085 = ( GEOMETRIC_REPRESENTATION_CONTEXT(2) 
PARAMETRIC_REPRESENTATION_CONTEXT() REPRESENTATION_CONTEXT('2D SPACE',''
  ) );
#7086 = ORIENTED_EDGE('',*,*,#7042,.T.);
#7087 = ORIENTED_EDGE('',*,*,#4407,.F.);
#7088 = ORIENTED_EDGE('',*,*,#7089,.T.);
#7089 = EDGE_CURVE('',#4382,#7065,#7090,.T.);
#7090 = SURFACE_CURVE('',#7091,(#7095,#7102),.PCURVE_S1.);
#7091 = LINE('',#7092,#7093);
#7092 = CARTESIAN_POINT('',(223.83855236756,-137.5889389913,
    39.495281374239));
#7093 = VECTOR('',#7094,1.);
#7094 = DIRECTION('',(0.866622456874,-0.498964444867,0.));
#7095 = PCURVE('',#4422,#7096);
#7096 = DEFINITIONAL_REPRESENTATION('',(#7097),#7101);
#7097 = LINE('',#7098,#7099);
#7098 = CARTESIAN_POINT('',(-3.441644682162E-02,-0.41));
#7099 = VECTOR('',#7100,1.);
#7100 = DIRECTION('',(1.,0.));
#7101 = ( GEOMETRIC_REPRESENTATION_CONTEXT(2) 
PARAMETRIC_REPRESENTATION_CONTEXT() REPRESENTATION_CONTEXT('2D SPACE',''
  ) );
#7102 = PCURVE('',#4396,#7103);
#7103 = DEFINITIONAL_REPRESENTATION('',(#7104),#7108);
#7104 = LINE('',#7105,#7106);
#7105 = CARTESIAN_POINT('',(27.51763093955,14.29140672401));
#7106 = VECTOR('',#7107,1.);
#7107 = DIRECTION('',(-0.866622456874,-0.498964444867));
#7108 = ( GEOMETRIC_REPRESENTATION_CONTEXT(2) 
PARAMETRIC_REPRESENTATION_CONTEXT() REPRESENTATION_CONTEXT('2D SPACE',''
  ) );
#7109 = ADVANCED_FACE('',(#7110),#4396,.T.);
#7110 = FACE_BOUND('',#7111,.T.);
#7111 = EDGE_LOOP('',(#7112,#7113,#7114,#7135,#7164,#7190,#7211,#7234));
#7112 = ORIENTED_EDGE('',*,*,#7089,.F.);
#7113 = ORIENTED_EDGE('',*,*,#4381,.F.);
#7114 = ORIENTED_EDGE('',*,*,#7115,.T.);
#7115 = EDGE_CURVE('',#4356,#7116,#7118,.T.);
#7116 = VERTEX_POINT('',#7117);
#7117 = CARTESIAN_POINT('',(261.55281865524,-158.8416515142,
    39.495281374239));
#7118 = SURFACE_CURVE('',#7119,(#7123,#7129),.PCURVE_S1.);
#7119 = LINE('',#7120,#7121);
#7120 = CARTESIAN_POINT('',(237.47629673323,-144.9794116197,
    39.495281374239));
#7121 = VECTOR('',#7122,1.);
#7122 = DIRECTION('',(0.866622456874,-0.498964444867,0.));
#7123 = PCURVE('',#4396,#7124);
#7124 = DEFINITIONAL_REPRESENTATION('',(#7125),#7128);
#7125 = B_SPLINE_CURVE_WITH_KNOTS('',1,(#7126,#7127),.UNSPECIFIED.,.F.,
  .F.,(2,2),(-15.47194215389,27.782019414611),.PIECEWISE_BEZIER_KNOTS.);
#7126 = CARTESIAN_POINT('',(27.288219095902,14.620883123478));
#7127 = CARTESIAN_POINT('',(-10.19663534813,-6.961305798846));
#7128 = ( GEOMETRIC_REPRESENTATION_CONTEXT(2) 
PARAMETRIC_REPRESENTATION_CONTEXT() REPRESENTATION_CONTEXT('2D SPACE',''
  ) );
#7129 = PCURVE('',#4370,#7130);
#7130 = DEFINITIONAL_REPRESENTATION('',(#7131),#7134);
#7131 = B_SPLINE_CURVE_WITH_KNOTS('',1,(#7132,#7133),.UNSPECIFIED.,.F.,
  .F.,(2,2),(-15.47194215389,27.782019414611),.PIECEWISE_BEZIER_KNOTS.);
#7132 = CARTESIAN_POINT('',(0.,-9.999999999998E-03));
#7133 = CARTESIAN_POINT('',(43.253961568502,-9.999999999998E-03));
#7134 = ( GEOMETRIC_REPRESENTATION_CONTEXT(2) 
PARAMETRIC_REPRESENTATION_CONTEXT() REPRESENTATION_CONTEXT('2D SPACE',''
  ) );
#7135 = ORIENTED_EDGE('',*,*,#7136,.T.);
#7136 = EDGE_CURVE('',#7116,#7137,#7139,.T.);
#7137 = VERTEX_POINT('',#7138);
#7138 = CARTESIAN_POINT('',(261.94434445747,-159.4133037323,
    39.495281374239));
#7139 = SURFACE_CURVE('',#7140,(#7145,#7152),.PCURVE_S1.);
#7140 = CIRCLE('',#7141,0.8);
#7141 = AXIS2_PLACEMENT_3D('',#7142,#7143,#7144);
#7142 = CARTESIAN_POINT('',(261.15364709935,-159.5349494797,
    39.495281374239));
#7143 = DIRECTION('',(0.,-0.,-1.));
#7144 = DIRECTION('',(0.152057184254,-0.988371697651,0.));
#7145 = PCURVE('',#4396,#7146);
#7146 = DEFINITIONAL_REPRESENTATION('',(#7147),#7151);
#7147 = CIRCLE('',#7148,0.8);
#7148 = AXIS2_PLACEMENT_2D('',#7149,#7150);
#7149 = CARTESIAN_POINT('',(-9.797463792241,-7.654603764346));
#7150 = DIRECTION('',(-0.152057184254,-0.988371697651));
#7151 = ( GEOMETRIC_REPRESENTATION_CONTEXT(2) 
PARAMETRIC_REPRESENTATION_CONTEXT() REPRESENTATION_CONTEXT('2D SPACE',''
  ) );
#7152 = PCURVE('',#7153,#7158);
#7153 = CYLINDRICAL_SURFACE('',#7154,0.8);
#7154 = AXIS2_PLACEMENT_3D('',#7155,#7156,#7157);
#7155 = CARTESIAN_POINT('',(261.15364709935,-159.5349494797,
    39.485281374239));
#7156 = DIRECTION('',(-0.,-0.,-1.));
#7157 = DIRECTION('',(0.152057184254,-0.988371697651,0.));
#7158 = DEFINITIONAL_REPRESENTATION('',(#7159),#7163);
#7159 = LINE('',#7160,#7161);
#7160 = CARTESIAN_POINT('',(-6.28318530718,-9.999999999998E-03));
#7161 = VECTOR('',#7162,1.);
#7162 = DIRECTION('',(1.,-0.));
#7163 = ( GEOMETRIC_REPRESENTATION_CONTEXT(2) 
PARAMETRIC_REPRESENTATION_CONTEXT() REPRESENTATION_CONTEXT('2D SPACE',''
  ) );
#7164 = ORIENTED_EDGE('',*,*,#7165,.T.);
#7165 = EDGE_CURVE('',#7137,#7166,#7168,.T.);
#7166 = VERTEX_POINT('',#7167);
#7167 = CARTESIAN_POINT('',(263.23980583599,-167.8338026927,
    39.495281374239));
#7168 = SURFACE_CURVE('',#7169,(#7173,#7179),.PCURVE_S1.);
#7169 = LINE('',#7170,#7171);
#7170 = CARTESIAN_POINT('',(261.25587754116,-154.9382687763,
    39.495281374239));
#7171 = VECTOR('',#7172,1.);
#7172 = DIRECTION('',(0.152057184254,-0.988371697651,0.));
#7173 = PCURVE('',#4396,#7174);
#7174 = DEFINITIONAL_REPRESENTATION('',(#7175),#7178);
#7175 = B_SPLINE_CURVE_WITH_KNOTS('',1,(#7176,#7177),.UNSPECIFIED.,.F.,
  .F.,(2,2),(4.527684237244,15.385998228607),.PIECEWISE_BEZIER_KNOTS.);
#7176 = CARTESIAN_POINT('',(-10.58816115036,-7.532958016942));
#7177 = CARTESIAN_POINT('',(-12.23924580163,-18.26500825021));
#7178 = ( GEOMETRIC_REPRESENTATION_CONTEXT(2) 
PARAMETRIC_REPRESENTATION_CONTEXT() REPRESENTATION_CONTEXT('2D SPACE',''
  ) );
#7179 = PCURVE('',#7180,#7185);
#7180 = PLANE('',#7181);
#7181 = AXIS2_PLACEMENT_3D('',#7182,#7183,#7184);
#7182 = CARTESIAN_POINT('',(261.94434445747,-159.4133037323,
    39.485281374239));
#7183 = DIRECTION('',(0.988371697651,0.152057184254,0.));
#7184 = DIRECTION('',(0.152057184254,-0.988371697651,0.));
#7185 = DEFINITIONAL_REPRESENTATION('',(#7186),#7189);
#7186 = B_SPLINE_CURVE_WITH_KNOTS('',1,(#7187,#7188),.UNSPECIFIED.,.F.,
  .F.,(2,2),(4.527684237244,15.385998228607),.PIECEWISE_BEZIER_KNOTS.);
#7187 = CARTESIAN_POINT('',(-1.59872115546E-14,-9.999999999998E-03));
#7188 = CARTESIAN_POINT('',(10.858313991364,-9.999999999998E-03));
#7189 = ( GEOMETRIC_REPRESENTATION_CONTEXT(2) 
PARAMETRIC_REPRESENTATION_CONTEXT() REPRESENTATION_CONTEXT('2D SPACE',''
  ) );
#7190 = ORIENTED_EDGE('',*,*,#7191,.F.);
#7191 = EDGE_CURVE('',#7192,#7166,#7194,.T.);
#7192 = VERTEX_POINT('',#7193);
#7193 = CARTESIAN_POINT('',(262.84445715693,-167.8946255664,
    39.495281374239));
#7194 = SURFACE_CURVE('',#7195,(#7199,#7205),.PCURVE_S1.);
#7195 = LINE('',#7196,#7197);
#7196 = CARTESIAN_POINT('',(264.66325953279,-167.6148098162,
    39.495281374239));
#7197 = VECTOR('',#7198,1.);
#7198 = DIRECTION('',(0.988371697651,0.152057184254,-0.));
#7199 = PCURVE('',#4396,#7200);
#7200 = DEFINITIONAL_REPRESENTATION('',(#7201),#7204);
#7201 = B_SPLINE_CURVE_WITH_KNOTS('',1,(#7202,#7203),.UNSPECIFIED.,.F.,
  .F.,(2,2),(-6.240200786989,10.759799213011),.PIECEWISE_BEZIER_KNOTS.);
#7202 = CARTESIAN_POINT('',(-7.139438380161,-16.68333146176));
#7203 = CARTESIAN_POINT('',(-23.94175724022,-14.09835932944));
#7204 = ( GEOMETRIC_REPRESENTATION_CONTEXT(2) 
PARAMETRIC_REPRESENTATION_CONTEXT() REPRESENTATION_CONTEXT('2D SPACE',''
  ) );
#7205 = PCURVE('',#4813,#7206);
#7206 = DEFINITIONAL_REPRESENTATION('',(#7207),#7210);
#7207 = B_SPLINE_CURVE_WITH_KNOTS('',1,(#7208,#7209),.UNSPECIFIED.,.F.,
  .F.,(2,2),(-6.240200786989,10.759799213011),.PIECEWISE_BEZIER_KNOTS.);
#7208 = CARTESIAN_POINT('',(17.,-32.30528137423));
#7209 = CARTESIAN_POINT('',(0.,-32.30528137423));
#7210 = ( GEOMETRIC_REPRESENTATION_CONTEXT(2) 
PARAMETRIC_REPRESENTATION_CONTEXT() REPRESENTATION_CONTEXT('2D SPACE',''
  ) );
#7211 = ORIENTED_EDGE('',*,*,#7212,.F.);
#7212 = EDGE_CURVE('',#7213,#7192,#7215,.T.);
#7213 = VERTEX_POINT('',#7214);
#7214 = CARTESIAN_POINT('',(261.54899577841,-159.474126606,
    39.495281374239));
#7215 = SURFACE_CURVE('',#7216,(#7220,#7227),.PCURVE_S1.);
#7216 = LINE('',#7217,#7218);
#7217 = CARTESIAN_POINT('',(261.47594249865,-158.9992802875,
    39.495281374239));
#7218 = VECTOR('',#7219,1.);
#7219 = DIRECTION('',(0.152057184254,-0.988371697651,0.));
#7220 = PCURVE('',#4396,#7221);
#7221 = DEFINITIONAL_REPRESENTATION('',(#7222),#7226);
#7222 = LINE('',#7223,#7224);
#7223 = CARTESIAN_POINT('',(-10.11975919153,-7.118934572187));
#7224 = VECTOR('',#7225,1.);
#7225 = DIRECTION('',(-0.152057184254,-0.988371697651));
#7226 = ( GEOMETRIC_REPRESENTATION_CONTEXT(2) 
PARAMETRIC_REPRESENTATION_CONTEXT() REPRESENTATION_CONTEXT('2D SPACE',''
  ) );
#7227 = PCURVE('',#6998,#7228);
#7228 = DEFINITIONAL_REPRESENTATION('',(#7229),#7233);
#7229 = LINE('',#7230,#7231);
#7230 = CARTESIAN_POINT('',(-0.480432937917,-0.41));
#7231 = VECTOR('',#7232,1.);
#7232 = DIRECTION('',(1.,0.));
#7233 = ( GEOMETRIC_REPRESENTATION_CONTEXT(2) 
PARAMETRIC_REPRESENTATION_CONTEXT() REPRESENTATION_CONTEXT('2D SPACE',''
  ) );
#7234 = ORIENTED_EDGE('',*,*,#7235,.T.);
#7235 = EDGE_CURVE('',#7213,#7065,#7236,.T.);
#7236 = SURFACE_CURVE('',#7237,(#7242,#7253),.PCURVE_S1.);
#7237 = CIRCLE('',#7238,0.4);
#7238 = AXIS2_PLACEMENT_3D('',#7239,#7240,#7241);
#7239 = CARTESIAN_POINT('',(261.15364709935,-159.5349494797,
    39.495281374239));
#7240 = DIRECTION('',(0.,0.,1.));
#7241 = DIRECTION('',(0.152057184254,-0.988371697651,0.));
#7242 = PCURVE('',#4396,#7243);
#7243 = DEFINITIONAL_REPRESENTATION('',(#7244),#7252);
#7244 = ( BOUNDED_CURVE() B_SPLINE_CURVE(2,(#7245,#7246,#7247,#7248,
#7249,#7250,#7251),.UNSPECIFIED.,.T.,.F.) B_SPLINE_CURVE_WITH_KNOTS((1,2
    ,2,2,2,1),(-2.094395102393,0.,2.094395102393,4.188790204786,
6.28318530718,8.377580409573),.UNSPECIFIED.) CURVE() 
GEOMETRIC_REPRESENTATION_ITEM() RATIONAL_B_SPLINE_CURVE((1.,0.5,1.,0.5,
1.,0.5,1.)) REPRESENTATION_ITEM('') );
#7245 = CARTESIAN_POINT('',(-9.858286665942,-8.049952443406));
#7246 = CARTESIAN_POINT('',(-10.54305066478,-7.944604135892));
#7247 = CARTESIAN_POINT('',(-10.1094343548,-7.404255271059));
#7248 = CARTESIAN_POINT('',(-9.675818044838,-6.863906406225));
#7249 = CARTESIAN_POINT('',(-9.424670355971,-7.509603578572));
#7250 = CARTESIAN_POINT('',(-9.173522667105,-8.155300750919));
#7251 = CARTESIAN_POINT('',(-9.858286665942,-8.049952443406));
#7252 = ( GEOMETRIC_REPRESENTATION_CONTEXT(2) 
PARAMETRIC_REPRESENTATION_CONTEXT() REPRESENTATION_CONTEXT('2D SPACE',''
  ) );
#7253 = PCURVE('',#7030,#7254);
#7254 = DEFINITIONAL_REPRESENTATION('',(#7255),#7259);
#7255 = LINE('',#7256,#7257);
#7256 = CARTESIAN_POINT('',(-0.,-0.41));
#7257 = VECTOR('',#7258,1.);
#7258 = DIRECTION('',(-1.,0.));
#7259 = ( GEOMETRIC_REPRESENTATION_CONTEXT(2) 
PARAMETRIC_REPRESENTATION_CONTEXT() REPRESENTATION_CONTEXT('2D SPACE',''
  ) );
#7260 = ADVANCED_FACE('',(#7261),#4370,.T.);
#7261 = FACE_BOUND('',#7262,.T.);
#7262 = EDGE_LOOP('',(#7263,#7264,#7265,#7288));
#7263 = ORIENTED_EDGE('',*,*,#7115,.F.);
#7264 = ORIENTED_EDGE('',*,*,#4355,.F.);
#7265 = ORIENTED_EDGE('',*,*,#7266,.T.);
#7266 = EDGE_CURVE('',#4330,#7267,#7269,.T.);
#7267 = VERTEX_POINT('',#7268);
#7268 = CARTESIAN_POINT('',(261.55281865524,-158.8416515142,
    39.895281374239));
#7269 = SURFACE_CURVE('',#7270,(#7274,#7281),.PCURVE_S1.);
#7270 = LINE('',#7271,#7272);
#7271 = CARTESIAN_POINT('',(224.0381381455,-137.2422900086,
    39.895281374239));
#7272 = VECTOR('',#7273,1.);
#7273 = DIRECTION('',(0.866622456874,-0.498964444867,0.));
#7274 = PCURVE('',#4370,#7275);
#7275 = DEFINITIONAL_REPRESENTATION('',(#7276),#7280);
#7276 = LINE('',#7277,#7278);
#7277 = CARTESIAN_POINT('',(-3.441644682162E-02,-0.41));
#7278 = VECTOR('',#7279,1.);
#7279 = DIRECTION('',(1.,0.));
#7280 = ( GEOMETRIC_REPRESENTATION_CONTEXT(2) 
PARAMETRIC_REPRESENTATION_CONTEXT() REPRESENTATION_CONTEXT('2D SPACE',''
  ) );
#7281 = PCURVE('',#4344,#7282);
#7282 = DEFINITIONAL_REPRESENTATION('',(#7283),#7287);
#7283 = LINE('',#7284,#7285);
#7284 = CARTESIAN_POINT('',(27.318045161603,14.63805570676));
#7285 = VECTOR('',#7286,1.);
#7286 = DIRECTION('',(-0.866622456874,-0.498964444867));
#7287 = ( GEOMETRIC_REPRESENTATION_CONTEXT(2) 
PARAMETRIC_REPRESENTATION_CONTEXT() REPRESENTATION_CONTEXT('2D SPACE',''
  ) );
#7288 = ORIENTED_EDGE('',*,*,#7289,.F.);
#7289 = EDGE_CURVE('',#7116,#7267,#7290,.T.);
#7290 = SURFACE_CURVE('',#7291,(#7295,#7302),.PCURVE_S1.);
#7291 = LINE('',#7292,#7293);
#7292 = CARTESIAN_POINT('',(261.55281865524,-158.8416515142,
    39.485281374239));
#7293 = VECTOR('',#7294,1.);
#7294 = DIRECTION('',(0.,-0.,1.));
#7295 = PCURVE('',#4370,#7296);
#7296 = DEFINITIONAL_REPRESENTATION('',(#7297),#7301);
#7297 = LINE('',#7298,#7299);
#7298 = CARTESIAN_POINT('',(43.253961568502,0.));
#7299 = VECTOR('',#7300,1.);
#7300 = DIRECTION('',(0.,-1.));
#7301 = ( GEOMETRIC_REPRESENTATION_CONTEXT(2) 
PARAMETRIC_REPRESENTATION_CONTEXT() REPRESENTATION_CONTEXT('2D SPACE',''
  ) );
#7302 = PCURVE('',#7153,#7303);
#7303 = DEFINITIONAL_REPRESENTATION('',(#7304),#7308);
#7304 = LINE('',#7305,#7306);
#7305 = CARTESIAN_POINT('',(-2.466539893478,0.));
#7306 = VECTOR('',#7307,1.);
#7307 = DIRECTION('',(-0.,-1.));
#7308 = ( GEOMETRIC_REPRESENTATION_CONTEXT(2) 
PARAMETRIC_REPRESENTATION_CONTEXT() REPRESENTATION_CONTEXT('2D SPACE',''
  ) );
#7309 = ADVANCED_FACE('',(#7310),#4344,.T.);
#7310 = FACE_BOUND('',#7311,.T.);
#7311 = EDGE_LOOP('',(#7312,#7313,#7314,#7335,#7364,#7390,#7411,#7434));
#7312 = ORIENTED_EDGE('',*,*,#7266,.F.);
#7313 = ORIENTED_EDGE('',*,*,#4329,.F.);
#7314 = ORIENTED_EDGE('',*,*,#7315,.T.);
#7315 = EDGE_CURVE('',#4304,#7316,#7318,.T.);
#7316 = VERTEX_POINT('',#7317);
#7317 = CARTESIAN_POINT('',(261.75240443319,-158.4950025314,
    39.895281374239));
#7318 = SURFACE_CURVE('',#7319,(#7323,#7329),.PCURVE_S1.);
#7319 = LINE('',#7320,#7321);
#7320 = CARTESIAN_POINT('',(237.67588251117,-144.6327626369,
    39.895281374239));
#7321 = VECTOR('',#7322,1.);
#7322 = DIRECTION('',(0.866622456874,-0.498964444867,0.));
#7323 = PCURVE('',#4344,#7324);
#7324 = DEFINITIONAL_REPRESENTATION('',(#7325),#7328);
#7325 = B_SPLINE_CURVE_WITH_KNOTS('',1,(#7326,#7327),.UNSPECIFIED.,.F.,
  .F.,(2,2),(-15.47194215389,27.782019414611),.PIECEWISE_BEZIER_KNOTS.);
#7326 = CARTESIAN_POINT('',(27.088633317955,14.967532106227));
#7327 = CARTESIAN_POINT('',(-10.39622112608,-6.614656816097));
#7328 = ( GEOMETRIC_REPRESENTATION_CONTEXT(2) 
PARAMETRIC_REPRESENTATION_CONTEXT() REPRESENTATION_CONTEXT('2D SPACE',''
  ) );
#7329 = PCURVE('',#4318,#7330);
#7330 = DEFINITIONAL_REPRESENTATION('',(#7331),#7334);
#7331 = B_SPLINE_CURVE_WITH_KNOTS('',1,(#7332,#7333),.UNSPECIFIED.,.F.,
  .F.,(2,2),(-15.47194215389,27.782019414611),.PIECEWISE_BEZIER_KNOTS.);
#7332 = CARTESIAN_POINT('',(0.,-9.999999999991E-03));
#7333 = CARTESIAN_POINT('',(43.253961568502,-9.999999999991E-03));
#7334 = ( GEOMETRIC_REPRESENTATION_CONTEXT(2) 
PARAMETRIC_REPRESENTATION_CONTEXT() REPRESENTATION_CONTEXT('2D SPACE',''
  ) );
#7335 = ORIENTED_EDGE('',*,*,#7336,.T.);
#7336 = EDGE_CURVE('',#7316,#7337,#7339,.T.);
#7337 = VERTEX_POINT('',#7338);
#7338 = CARTESIAN_POINT('',(262.33969313653,-159.3524808586,
    39.895281374239));
#7339 = SURFACE_CURVE('',#7340,(#7345,#7352),.PCURVE_S1.);
#7340 = CIRCLE('',#7341,1.2);
#7341 = AXIS2_PLACEMENT_3D('',#7342,#7343,#7344);
#7342 = CARTESIAN_POINT('',(261.15364709935,-159.5349494797,
    39.895281374239));
#7343 = DIRECTION('',(0.,-0.,-1.));
#7344 = DIRECTION('',(0.152057184254,-0.988371697651,0.));
#7345 = PCURVE('',#4344,#7346);
#7346 = DEFINITIONAL_REPRESENTATION('',(#7347),#7351);
#7347 = CIRCLE('',#7348,1.2);
#7348 = AXIS2_PLACEMENT_2D('',#7349,#7350);
#7349 = CARTESIAN_POINT('',(-9.797463792241,-7.654603764346));
#7350 = DIRECTION('',(-0.152057184254,-0.988371697651));
#7351 = ( GEOMETRIC_REPRESENTATION_CONTEXT(2) 
PARAMETRIC_REPRESENTATION_CONTEXT() REPRESENTATION_CONTEXT('2D SPACE',''
  ) );
#7352 = PCURVE('',#7353,#7358);
#7353 = CYLINDRICAL_SURFACE('',#7354,1.2);
#7354 = AXIS2_PLACEMENT_3D('',#7355,#7356,#7357);
#7355 = CARTESIAN_POINT('',(261.15364709935,-159.5349494797,
    39.885281374239));
#7356 = DIRECTION('',(-0.,-0.,-1.));
#7357 = DIRECTION('',(0.152057184254,-0.988371697651,0.));
#7358 = DEFINITIONAL_REPRESENTATION('',(#7359),#7363);
#7359 = LINE('',#7360,#7361);
#7360 = CARTESIAN_POINT('',(-6.28318530718,-9.999999999991E-03));
#7361 = VECTOR('',#7362,1.);
#7362 = DIRECTION('',(1.,-0.));
#7363 = ( GEOMETRIC_REPRESENTATION_CONTEXT(2) 
PARAMETRIC_REPRESENTATION_CONTEXT() REPRESENTATION_CONTEXT('2D SPACE',''
  ) );
#7364 = ORIENTED_EDGE('',*,*,#7365,.T.);
#7365 = EDGE_CURVE('',#7337,#7366,#7368,.T.);
#7366 = VERTEX_POINT('',#7367);
#7367 = CARTESIAN_POINT('',(263.63515451505,-167.772979819,
    39.895281374239));
#7368 = SURFACE_CURVE('',#7369,(#7373,#7379),.PCURVE_S1.);
#7369 = LINE('',#7370,#7371);
#7370 = CARTESIAN_POINT('',(261.65122622022,-154.8774459026,
    39.895281374239));
#7371 = VECTOR('',#7372,1.);
#7372 = DIRECTION('',(0.152057184254,-0.988371697651,0.));
#7373 = PCURVE('',#4344,#7374);
#7374 = DEFINITIONAL_REPRESENTATION('',(#7375),#7378);
#7375 = B_SPLINE_CURVE_WITH_KNOTS('',1,(#7376,#7377),.UNSPECIFIED.,.F.,
  .F.,(2,2),(4.527684237244,15.214414437254),.PIECEWISE_BEZIER_KNOTS.);
#7376 = CARTESIAN_POINT('',(-10.98350982942,-7.472135143241));
#7377 = CARTESIAN_POINT('',(-12.60850393251,-18.03459681335));
#7378 = ( GEOMETRIC_REPRESENTATION_CONTEXT(2) 
PARAMETRIC_REPRESENTATION_CONTEXT() REPRESENTATION_CONTEXT('2D SPACE',''
  ) );
#7379 = PCURVE('',#7380,#7385);
#7380 = PLANE('',#7381);
#7381 = AXIS2_PLACEMENT_3D('',#7382,#7383,#7384);
#7382 = CARTESIAN_POINT('',(262.33969313653,-159.3524808586,
    39.885281374239));
#7383 = DIRECTION('',(0.988371697651,0.152057184254,0.));
#7384 = DIRECTION('',(0.152057184254,-0.988371697651,0.));
#7385 = DEFINITIONAL_REPRESENTATION('',(#7386),#7389);
#7386 = B_SPLINE_CURVE_WITH_KNOTS('',1,(#7387,#7388),.UNSPECIFIED.,.F.,
  .F.,(2,2),(4.527684237244,15.214414437254),.PIECEWISE_BEZIER_KNOTS.);
#7387 = CARTESIAN_POINT('',(-1.59872115546E-14,-9.999999999991E-03));
#7388 = CARTESIAN_POINT('',(10.68673020001,-9.999999999991E-03));
#7389 = ( GEOMETRIC_REPRESENTATION_CONTEXT(2) 
PARAMETRIC_REPRESENTATION_CONTEXT() REPRESENTATION_CONTEXT('2D SPACE',''
  ) );
#7390 = ORIENTED_EDGE('',*,*,#7391,.F.);
#7391 = EDGE_CURVE('',#7392,#7366,#7394,.T.);
#7392 = VERTEX_POINT('',#7393);
#7393 = CARTESIAN_POINT('',(263.23980583599,-167.8338026927,
    39.895281374239));
#7394 = SURFACE_CURVE('',#7395,(#7399,#7405),.PCURVE_S1.);
#7395 = LINE('',#7396,#7397);
#7396 = CARTESIAN_POINT('',(264.66325953279,-167.6148098162,
    39.895281374239));
#7397 = VECTOR('',#7398,1.);
#7398 = DIRECTION('',(0.988371697651,0.152057184254,-0.));
#7399 = PCURVE('',#4344,#7400);
#7400 = DEFINITIONAL_REPRESENTATION('',(#7401),#7404);
#7401 = B_SPLINE_CURVE_WITH_KNOTS('',1,(#7402,#7403),.UNSPECIFIED.,.F.,
  .F.,(2,2),(-6.240200786989,10.759799213011),.PIECEWISE_BEZIER_KNOTS.);
#7402 = CARTESIAN_POINT('',(-7.139438380161,-16.68333146176));
#7403 = CARTESIAN_POINT('',(-23.94175724022,-14.09835932944));
#7404 = ( GEOMETRIC_REPRESENTATION_CONTEXT(2) 
PARAMETRIC_REPRESENTATION_CONTEXT() REPRESENTATION_CONTEXT('2D SPACE',''
  ) );
#7405 = PCURVE('',#4813,#7406);
#7406 = DEFINITIONAL_REPRESENTATION('',(#7407),#7410);
#7407 = B_SPLINE_CURVE_WITH_KNOTS('',1,(#7408,#7409),.UNSPECIFIED.,.F.,
  .F.,(2,2),(-6.240200786989,10.759799213011),.PIECEWISE_BEZIER_KNOTS.);
#7408 = CARTESIAN_POINT('',(17.,-32.70528137423));
#7409 = CARTESIAN_POINT('',(0.,-32.70528137423));
#7410 = ( GEOMETRIC_REPRESENTATION_CONTEXT(2) 
PARAMETRIC_REPRESENTATION_CONTEXT() REPRESENTATION_CONTEXT('2D SPACE',''
  ) );
#7411 = ORIENTED_EDGE('',*,*,#7412,.F.);
#7412 = EDGE_CURVE('',#7413,#7392,#7415,.T.);
#7413 = VERTEX_POINT('',#7414);
#7414 = CARTESIAN_POINT('',(261.94434445747,-159.4133037323,
    39.895281374239));
#7415 = SURFACE_CURVE('',#7416,(#7420,#7427),.PCURVE_S1.);
#7416 = LINE('',#7417,#7418);
#7417 = CARTESIAN_POINT('',(261.87129117771,-158.9384574138,
    39.895281374239));
#7418 = VECTOR('',#7419,1.);
#7419 = DIRECTION('',(0.152057184254,-0.988371697651,0.));
#7420 = PCURVE('',#4344,#7421);
#7421 = DEFINITIONAL_REPRESENTATION('',(#7422),#7426);
#7422 = LINE('',#7423,#7424);
#7423 = CARTESIAN_POINT('',(-10.51510787059,-7.058111698486));
#7424 = VECTOR('',#7425,1.);
#7425 = DIRECTION('',(-0.152057184254,-0.988371697651));
#7426 = ( GEOMETRIC_REPRESENTATION_CONTEXT(2) 
PARAMETRIC_REPRESENTATION_CONTEXT() REPRESENTATION_CONTEXT('2D SPACE',''
  ) );
#7427 = PCURVE('',#7180,#7428);
#7428 = DEFINITIONAL_REPRESENTATION('',(#7429),#7433);
#7429 = LINE('',#7430,#7431);
#7430 = CARTESIAN_POINT('',(-0.480432937917,-0.41));
#7431 = VECTOR('',#7432,1.);
#7432 = DIRECTION('',(1.,0.));
#7433 = ( GEOMETRIC_REPRESENTATION_CONTEXT(2) 
PARAMETRIC_REPRESENTATION_CONTEXT() REPRESENTATION_CONTEXT('2D SPACE',''
  ) );
#7434 = ORIENTED_EDGE('',*,*,#7435,.T.);
#7435 = EDGE_CURVE('',#7413,#7267,#7436,.T.);
#7436 = SURFACE_CURVE('',#7437,(#7442,#7453),.PCURVE_S1.);
#7437 = CIRCLE('',#7438,0.8);
#7438 = AXIS2_PLACEMENT_3D('',#7439,#7440,#7441);
#7439 = CARTESIAN_POINT('',(261.15364709935,-159.5349494797,
    39.895281374239));
#7440 = DIRECTION('',(0.,0.,1.));
#7441 = DIRECTION('',(0.152057184254,-0.988371697651,0.));
#7442 = PCURVE('',#4344,#7443);
#7443 = DEFINITIONAL_REPRESENTATION('',(#7444),#7452);
#7444 = ( BOUNDED_CURVE() B_SPLINE_CURVE(2,(#7445,#7446,#7447,#7448,
#7449,#7450,#7451),.UNSPECIFIED.,.T.,.F.) B_SPLINE_CURVE_WITH_KNOTS((1,2
    ,2,2,2,1),(-2.094395102393,0.,2.094395102393,4.188790204786,
6.28318530718,8.377580409573),.UNSPECIFIED.) CURVE() 
GEOMETRIC_REPRESENTATION_ITEM() RATIONAL_B_SPLINE_CURVE((1.,0.5,1.,0.5,
1.,0.5,1.)) REPRESENTATION_ITEM('') );
#7445 = CARTESIAN_POINT('',(-9.919109539644,-8.445301122466));
#7446 = CARTESIAN_POINT('',(-11.28863753731,-8.234604507439));
#7447 = CARTESIAN_POINT('',(-10.42140491737,-7.153906777772));
#7448 = CARTESIAN_POINT('',(-9.554172297435,-6.073209048105));
#7449 = CARTESIAN_POINT('',(-9.051876919702,-7.364603392799));
#7450 = CARTESIAN_POINT('',(-8.549581541969,-8.655997737493));
#7451 = CARTESIAN_POINT('',(-9.919109539644,-8.445301122466));
#7452 = ( GEOMETRIC_REPRESENTATION_CONTEXT(2) 
PARAMETRIC_REPRESENTATION_CONTEXT() REPRESENTATION_CONTEXT('2D SPACE',''
  ) );
#7453 = PCURVE('',#7153,#7454);
#7454 = DEFINITIONAL_REPRESENTATION('',(#7455),#7459);
#7455 = LINE('',#7456,#7457);
#7456 = CARTESIAN_POINT('',(-0.,-0.41));
#7457 = VECTOR('',#7458,1.);
#7458 = DIRECTION('',(-1.,0.));
#7459 = ( GEOMETRIC_REPRESENTATION_CONTEXT(2) 
PARAMETRIC_REPRESENTATION_CONTEXT() REPRESENTATION_CONTEXT('2D SPACE',''
  ) );
#7460 = ADVANCED_FACE('',(#7461),#4318,.T.);
#7461 = FACE_BOUND('',#7462,.T.);
#7462 = EDGE_LOOP('',(#7463,#7464,#7465,#7488));
#7463 = ORIENTED_EDGE('',*,*,#7315,.F.);
#7464 = ORIENTED_EDGE('',*,*,#4303,.F.);
#7465 = ORIENTED_EDGE('',*,*,#7466,.T.);
#7466 = EDGE_CURVE('',#4278,#7467,#7469,.T.);
#7467 = VERTEX_POINT('',#7468);
#7468 = CARTESIAN_POINT('',(261.75240443319,-158.4950025314,
    40.295281374239));
#7469 = SURFACE_CURVE('',#7470,(#7474,#7481),.PCURVE_S1.);
#7470 = LINE('',#7471,#7472);
#7471 = CARTESIAN_POINT('',(224.23772392345,-136.8956410258,
    40.295281374239));
#7472 = VECTOR('',#7473,1.);
#7473 = DIRECTION('',(0.866622456874,-0.498964444867,0.));
#7474 = PCURVE('',#4318,#7475);
#7475 = DEFINITIONAL_REPRESENTATION('',(#7476),#7480);
#7476 = LINE('',#7477,#7478);
#7477 = CARTESIAN_POINT('',(-3.441644682162E-02,-0.41));
#7478 = VECTOR('',#7479,1.);
#7479 = DIRECTION('',(1.,0.));
#7480 = ( GEOMETRIC_REPRESENTATION_CONTEXT(2) 
PARAMETRIC_REPRESENTATION_CONTEXT() REPRESENTATION_CONTEXT('2D SPACE',''
  ) );
#7481 = PCURVE('',#4292,#7482);
#7482 = DEFINITIONAL_REPRESENTATION('',(#7483),#7487);
#7483 = LINE('',#7484,#7485);
#7484 = CARTESIAN_POINT('',(27.118459383656,14.98470468951));
#7485 = VECTOR('',#7486,1.);
#7486 = DIRECTION('',(-0.866622456874,-0.498964444867));
#7487 = ( GEOMETRIC_REPRESENTATION_CONTEXT(2) 
PARAMETRIC_REPRESENTATION_CONTEXT() REPRESENTATION_CONTEXT('2D SPACE',''
  ) );
#7488 = ORIENTED_EDGE('',*,*,#7489,.F.);
#7489 = EDGE_CURVE('',#7316,#7467,#7490,.T.);
#7490 = SURFACE_CURVE('',#7491,(#7495,#7502),.PCURVE_S1.);
#7491 = LINE('',#7492,#7493);
#7492 = CARTESIAN_POINT('',(261.75240443319,-158.4950025314,
    39.885281374239));
#7493 = VECTOR('',#7494,1.);
#7494 = DIRECTION('',(0.,-0.,1.));
#7495 = PCURVE('',#4318,#7496);
#7496 = DEFINITIONAL_REPRESENTATION('',(#7497),#7501);
#7497 = LINE('',#7498,#7499);
#7498 = CARTESIAN_POINT('',(43.253961568502,0.));
#7499 = VECTOR('',#7500,1.);
#7500 = DIRECTION('',(0.,-1.));
#7501 = ( GEOMETRIC_REPRESENTATION_CONTEXT(2) 
PARAMETRIC_REPRESENTATION_CONTEXT() REPRESENTATION_CONTEXT('2D SPACE',''
  ) );
#7502 = PCURVE('',#7353,#7503);
#7503 = DEFINITIONAL_REPRESENTATION('',(#7504),#7508);
#7504 = LINE('',#7505,#7506);
#7505 = CARTESIAN_POINT('',(-2.466539893478,0.));
#7506 = VECTOR('',#7507,1.);
#7507 = DIRECTION('',(-0.,-1.));
#7508 = ( GEOMETRIC_REPRESENTATION_CONTEXT(2) 
PARAMETRIC_REPRESENTATION_CONTEXT() REPRESENTATION_CONTEXT('2D SPACE',''
  ) );
#7509 = ADVANCED_FACE('',(#7510),#4292,.T.);
#7510 = FACE_BOUND('',#7511,.T.);
#7511 = EDGE_LOOP('',(#7512,#7513,#7514,#7535,#7564,#7590,#7611,#7634));
#7512 = ORIENTED_EDGE('',*,*,#7466,.F.);
#7513 = ORIENTED_EDGE('',*,*,#4277,.F.);
#7514 = ORIENTED_EDGE('',*,*,#7515,.T.);
#7515 = EDGE_CURVE('',#4252,#7516,#7518,.T.);
#7516 = VERTEX_POINT('',#7517);
#7517 = CARTESIAN_POINT('',(261.95199021114,-158.1483535487,
    40.295281374239));
#7518 = SURFACE_CURVE('',#7519,(#7523,#7529),.PCURVE_S1.);
#7519 = LINE('',#7520,#7521);
#7520 = CARTESIAN_POINT('',(237.87546828912,-144.2861136542,
    40.295281374239));
#7521 = VECTOR('',#7522,1.);
#7522 = DIRECTION('',(0.866622456874,-0.498964444867,0.));
#7523 = PCURVE('',#4292,#7524);
#7524 = DEFINITIONAL_REPRESENTATION('',(#7525),#7528);
#7525 = B_SPLINE_CURVE_WITH_KNOTS('',1,(#7526,#7527),.UNSPECIFIED.,.F.,
  .F.,(2,2),(-15.47194215389,27.782019414611),.PIECEWISE_BEZIER_KNOTS.);
#7526 = CARTESIAN_POINT('',(26.889047540008,15.314181088977));
#7527 = CARTESIAN_POINT('',(-10.59580690402,-6.268007833347));
#7528 = ( GEOMETRIC_REPRESENTATION_CONTEXT(2) 
PARAMETRIC_REPRESENTATION_CONTEXT() REPRESENTATION_CONTEXT('2D SPACE',''
  ) );
#7529 = PCURVE('',#4266,#7530);
#7530 = DEFINITIONAL_REPRESENTATION('',(#7531),#7534);
#7531 = B_SPLINE_CURVE_WITH_KNOTS('',1,(#7532,#7533),.UNSPECIFIED.,.F.,
  .F.,(2,2),(-15.47194215389,27.782019414611),.PIECEWISE_BEZIER_KNOTS.);
#7532 = CARTESIAN_POINT('',(0.,-9.999999999998E-03));
#7533 = CARTESIAN_POINT('',(43.253961568502,-9.999999999998E-03));
#7534 = ( GEOMETRIC_REPRESENTATION_CONTEXT(2) 
PARAMETRIC_REPRESENTATION_CONTEXT() REPRESENTATION_CONTEXT('2D SPACE',''
  ) );
#7535 = ORIENTED_EDGE('',*,*,#7536,.T.);
#7536 = EDGE_CURVE('',#7516,#7537,#7539,.T.);
#7537 = VERTEX_POINT('',#7538);
#7538 = CARTESIAN_POINT('',(262.73504181559,-159.2916579849,
    40.295281374239));
#7539 = SURFACE_CURVE('',#7540,(#7545,#7552),.PCURVE_S1.);
#7540 = CIRCLE('',#7541,1.6);
#7541 = AXIS2_PLACEMENT_3D('',#7542,#7543,#7544);
#7542 = CARTESIAN_POINT('',(261.15364709935,-159.5349494797,
    40.295281374239));
#7543 = DIRECTION('',(0.,-0.,-1.));
#7544 = DIRECTION('',(0.152057184254,-0.988371697651,0.));
#7545 = PCURVE('',#4292,#7546);
#7546 = DEFINITIONAL_REPRESENTATION('',(#7547),#7551);
#7547 = CIRCLE('',#7548,1.6);
#7548 = AXIS2_PLACEMENT_2D('',#7549,#7550);
#7549 = CARTESIAN_POINT('',(-9.797463792241,-7.654603764346));
#7550 = DIRECTION('',(-0.152057184254,-0.988371697651));
#7551 = ( GEOMETRIC_REPRESENTATION_CONTEXT(2) 
PARAMETRIC_REPRESENTATION_CONTEXT() REPRESENTATION_CONTEXT('2D SPACE',''
  ) );
#7552 = PCURVE('',#7553,#7558);
#7553 = CYLINDRICAL_SURFACE('',#7554,1.6);
#7554 = AXIS2_PLACEMENT_3D('',#7555,#7556,#7557);
#7555 = CARTESIAN_POINT('',(261.15364709935,-159.5349494797,
    40.285281374239));
#7556 = DIRECTION('',(-0.,-0.,-1.));
#7557 = DIRECTION('',(0.152057184254,-0.988371697651,0.));
#7558 = DEFINITIONAL_REPRESENTATION('',(#7559),#7563);
#7559 = LINE('',#7560,#7561);
#7560 = CARTESIAN_POINT('',(-6.28318530718,-9.999999999998E-03));
#7561 = VECTOR('',#7562,1.);
#7562 = DIRECTION('',(1.,-0.));
#7563 = ( GEOMETRIC_REPRESENTATION_CONTEXT(2) 
PARAMETRIC_REPRESENTATION_CONTEXT() REPRESENTATION_CONTEXT('2D SPACE',''
  ) );
#7564 = ORIENTED_EDGE('',*,*,#7565,.T.);
#7565 = EDGE_CURVE('',#7537,#7566,#7568,.T.);
#7566 = VERTEX_POINT('',#7567);
#7567 = CARTESIAN_POINT('',(264.03050319411,-167.7121569453,
    40.295281374239));
#7568 = SURFACE_CURVE('',#7569,(#7573,#7579),.PCURVE_S1.);
#7569 = LINE('',#7570,#7571);
#7570 = CARTESIAN_POINT('',(262.04657489928,-154.8166230289,
    40.295281374239));
#7571 = VECTOR('',#7572,1.);
#7572 = DIRECTION('',(0.152057184254,-0.988371697651,0.));
#7573 = PCURVE('',#4292,#7574);
#7574 = DEFINITIONAL_REPRESENTATION('',(#7575),#7578);
#7575 = B_SPLINE_CURVE_WITH_KNOTS('',1,(#7576,#7577),.UNSPECIFIED.,.F.,
  .F.,(2,2),(4.527684237244,14.871246854547),.PIECEWISE_BEZIER_KNOTS.);
#7576 = CARTESIAN_POINT('',(-11.37885850848,-7.411312269539));
#7577 = CARTESIAN_POINT('',(-12.95167151522,-17.63459681335));
#7578 = ( GEOMETRIC_REPRESENTATION_CONTEXT(2) 
PARAMETRIC_REPRESENTATION_CONTEXT() REPRESENTATION_CONTEXT('2D SPACE',''
  ) );
#7579 = PCURVE('',#7580,#7585);
#7580 = PLANE('',#7581);
#7581 = AXIS2_PLACEMENT_3D('',#7582,#7583,#7584);
#7582 = CARTESIAN_POINT('',(262.73504181559,-159.2916579849,
    40.285281374239));
#7583 = DIRECTION('',(0.988371697651,0.152057184254,0.));
#7584 = DIRECTION('',(0.152057184254,-0.988371697651,0.));
#7585 = DEFINITIONAL_REPRESENTATION('',(#7586),#7589);
#7586 = B_SPLINE_CURVE_WITH_KNOTS('',1,(#7587,#7588),.UNSPECIFIED.,.F.,
  .F.,(2,2),(4.527684237244,14.871246854547),.PIECEWISE_BEZIER_KNOTS.);
#7587 = CARTESIAN_POINT('',(-1.59872115546E-14,-9.999999999998E-03));
#7588 = CARTESIAN_POINT('',(10.343562617304,-9.999999999998E-03));
#7589 = ( GEOMETRIC_REPRESENTATION_CONTEXT(2) 
PARAMETRIC_REPRESENTATION_CONTEXT() REPRESENTATION_CONTEXT('2D SPACE',''
  ) );
#7590 = ORIENTED_EDGE('',*,*,#7591,.F.);
#7591 = EDGE_CURVE('',#7592,#7566,#7594,.T.);
#7592 = VERTEX_POINT('',#7593);
#7593 = CARTESIAN_POINT('',(263.63515451505,-167.772979819,
    40.295281374239));
#7594 = SURFACE_CURVE('',#7595,(#7599,#7605),.PCURVE_S1.);
#7595 = LINE('',#7596,#7597);
#7596 = CARTESIAN_POINT('',(264.66325953279,-167.6148098162,
    40.295281374239));
#7597 = VECTOR('',#7598,1.);
#7598 = DIRECTION('',(0.988371697651,0.152057184254,-0.));
#7599 = PCURVE('',#4292,#7600);
#7600 = DEFINITIONAL_REPRESENTATION('',(#7601),#7604);
#7601 = B_SPLINE_CURVE_WITH_KNOTS('',1,(#7602,#7603),.UNSPECIFIED.,.F.,
  .F.,(2,2),(-6.240200786989,10.759799213011),.PIECEWISE_BEZIER_KNOTS.);
#7602 = CARTESIAN_POINT('',(-7.139438380161,-16.68333146176));
#7603 = CARTESIAN_POINT('',(-23.94175724022,-14.09835932944));
#7604 = ( GEOMETRIC_REPRESENTATION_CONTEXT(2) 
PARAMETRIC_REPRESENTATION_CONTEXT() REPRESENTATION_CONTEXT('2D SPACE',''
  ) );
#7605 = PCURVE('',#4813,#7606);
#7606 = DEFINITIONAL_REPRESENTATION('',(#7607),#7610);
#7607 = B_SPLINE_CURVE_WITH_KNOTS('',1,(#7608,#7609),.UNSPECIFIED.,.F.,
  .F.,(2,2),(-6.240200786989,10.759799213011),.PIECEWISE_BEZIER_KNOTS.);
#7608 = CARTESIAN_POINT('',(17.,-33.10528137423));
#7609 = CARTESIAN_POINT('',(0.,-33.10528137423));
#7610 = ( GEOMETRIC_REPRESENTATION_CONTEXT(2) 
PARAMETRIC_REPRESENTATION_CONTEXT() REPRESENTATION_CONTEXT('2D SPACE',''
  ) );
#7611 = ORIENTED_EDGE('',*,*,#7612,.F.);
#7612 = EDGE_CURVE('',#7613,#7592,#7615,.T.);
#7613 = VERTEX_POINT('',#7614);
#7614 = CARTESIAN_POINT('',(262.33969313653,-159.3524808586,
    40.295281374239));
#7615 = SURFACE_CURVE('',#7616,(#7620,#7627),.PCURVE_S1.);
#7616 = LINE('',#7617,#7618);
#7617 = CARTESIAN_POINT('',(262.26663985677,-158.8776345401,
    40.295281374239));
#7618 = VECTOR('',#7619,1.);
#7619 = DIRECTION('',(0.152057184254,-0.988371697651,0.));
#7620 = PCURVE('',#4292,#7621);
#7621 = DEFINITIONAL_REPRESENTATION('',(#7622),#7626);
#7622 = LINE('',#7623,#7624);
#7623 = CARTESIAN_POINT('',(-10.91045654965,-6.997288824784));
#7624 = VECTOR('',#7625,1.);
#7625 = DIRECTION('',(-0.152057184254,-0.988371697651));
#7626 = ( GEOMETRIC_REPRESENTATION_CONTEXT(2) 
PARAMETRIC_REPRESENTATION_CONTEXT() REPRESENTATION_CONTEXT('2D SPACE',''
  ) );
#7627 = PCURVE('',#7380,#7628);
#7628 = DEFINITIONAL_REPRESENTATION('',(#7629),#7633);
#7629 = LINE('',#7630,#7631);
#7630 = CARTESIAN_POINT('',(-0.480432937917,-0.41));
#7631 = VECTOR('',#7632,1.);
#7632 = DIRECTION('',(1.,0.));
#7633 = ( GEOMETRIC_REPRESENTATION_CONTEXT(2) 
PARAMETRIC_REPRESENTATION_CONTEXT() REPRESENTATION_CONTEXT('2D SPACE',''
  ) );
#7634 = ORIENTED_EDGE('',*,*,#7635,.T.);
#7635 = EDGE_CURVE('',#7613,#7467,#7636,.T.);
#7636 = SURFACE_CURVE('',#7637,(#7642,#7653),.PCURVE_S1.);
#7637 = CIRCLE('',#7638,1.2);
#7638 = AXIS2_PLACEMENT_3D('',#7639,#7640,#7641);
#7639 = CARTESIAN_POINT('',(261.15364709935,-159.5349494797,
    40.295281374239));
#7640 = DIRECTION('',(0.,0.,1.));
#7641 = DIRECTION('',(0.152057184254,-0.988371697651,0.));
#7642 = PCURVE('',#4292,#7643);
#7643 = DEFINITIONAL_REPRESENTATION('',(#7644),#7652);
#7644 = ( BOUNDED_CURVE() B_SPLINE_CURVE(2,(#7645,#7646,#7647,#7648,
#7649,#7650,#7651),.UNSPECIFIED.,.T.,.F.) B_SPLINE_CURVE_WITH_KNOTS((1,2
    ,2,2,2,1),(-2.094395102393,0.,2.094395102393,4.188790204786,
6.28318530718,8.377580409573),.UNSPECIFIED.) CURVE() 
GEOMETRIC_REPRESENTATION_ITEM() RATIONAL_B_SPLINE_CURVE((1.,0.5,1.,0.5,
1.,0.5,1.)) REPRESENTATION_ITEM('') );
#7645 = CARTESIAN_POINT('',(-9.979932413346,-8.840649801526));
#7646 = CARTESIAN_POINT('',(-12.03422440985,-8.524604878986));
#7647 = CARTESIAN_POINT('',(-10.73337547994,-6.903558284485));
#7648 = CARTESIAN_POINT('',(-9.432526550031,-5.282511689984));
#7649 = CARTESIAN_POINT('',(-8.679083483432,-7.219603207025));
#7650 = CARTESIAN_POINT('',(-7.925640416833,-9.156694724067));
#7651 = CARTESIAN_POINT('',(-9.979932413346,-8.840649801526));
#7652 = ( GEOMETRIC_REPRESENTATION_CONTEXT(2) 
PARAMETRIC_REPRESENTATION_CONTEXT() REPRESENTATION_CONTEXT('2D SPACE',''
  ) );
#7653 = PCURVE('',#7353,#7654);
#7654 = DEFINITIONAL_REPRESENTATION('',(#7655),#7659);
#7655 = LINE('',#7656,#7657);
#7656 = CARTESIAN_POINT('',(-0.,-0.41));
#7657 = VECTOR('',#7658,1.);
#7658 = DIRECTION('',(-1.,0.));
#7659 = ( GEOMETRIC_REPRESENTATION_CONTEXT(2) 
PARAMETRIC_REPRESENTATION_CONTEXT() REPRESENTATION_CONTEXT('2D SPACE',''
  ) );
#7660 = ADVANCED_FACE('',(#7661),#4266,.T.);
#7661 = FACE_BOUND('',#7662,.T.);
#7662 = EDGE_LOOP('',(#7663,#7664,#7665,#7688));
#7663 = ORIENTED_EDGE('',*,*,#7515,.F.);
#7664 = ORIENTED_EDGE('',*,*,#4251,.F.);
#7665 = ORIENTED_EDGE('',*,*,#7666,.T.);
#7666 = EDGE_CURVE('',#4226,#7667,#7669,.T.);
#7667 = VERTEX_POINT('',#7668);
#7668 = CARTESIAN_POINT('',(261.95199021114,-158.1483535487,
    40.695281374239));
#7669 = SURFACE_CURVE('',#7670,(#7674,#7681),.PCURVE_S1.);
#7670 = LINE('',#7671,#7672);
#7671 = CARTESIAN_POINT('',(224.4373097014,-136.5489920431,
    40.695281374239));
#7672 = VECTOR('',#7673,1.);
#7673 = DIRECTION('',(0.866622456874,-0.498964444867,0.));
#7674 = PCURVE('',#4266,#7675);
#7675 = DEFINITIONAL_REPRESENTATION('',(#7676),#7680);
#7676 = LINE('',#7677,#7678);
#7677 = CARTESIAN_POINT('',(-3.441644682162E-02,-0.41));
#7678 = VECTOR('',#7679,1.);
#7679 = DIRECTION('',(1.,0.));
#7680 = ( GEOMETRIC_REPRESENTATION_CONTEXT(2) 
PARAMETRIC_REPRESENTATION_CONTEXT() REPRESENTATION_CONTEXT('2D SPACE',''
  ) );
#7681 = PCURVE('',#4240,#7682);
#7682 = DEFINITIONAL_REPRESENTATION('',(#7683),#7687);
#7683 = LINE('',#7684,#7685);
#7684 = CARTESIAN_POINT('',(26.91887360571,15.331353672259));
#7685 = VECTOR('',#7686,1.);
#7686 = DIRECTION('',(-0.866622456874,-0.498964444867));
#7687 = ( GEOMETRIC_REPRESENTATION_CONTEXT(2) 
PARAMETRIC_REPRESENTATION_CONTEXT() REPRESENTATION_CONTEXT('2D SPACE',''
  ) );
#7688 = ORIENTED_EDGE('',*,*,#7689,.F.);
#7689 = EDGE_CURVE('',#7516,#7667,#7690,.T.);
#7690 = SURFACE_CURVE('',#7691,(#7695,#7702),.PCURVE_S1.);
#7691 = LINE('',#7692,#7693);
#7692 = CARTESIAN_POINT('',(261.95199021114,-158.1483535487,
    40.285281374239));
#7693 = VECTOR('',#7694,1.);
#7694 = DIRECTION('',(0.,-0.,1.));
#7695 = PCURVE('',#4266,#7696);
#7696 = DEFINITIONAL_REPRESENTATION('',(#7697),#7701);
#7697 = LINE('',#7698,#7699);
#7698 = CARTESIAN_POINT('',(43.253961568502,0.));
#7699 = VECTOR('',#7700,1.);
#7700 = DIRECTION('',(0.,-1.));
#7701 = ( GEOMETRIC_REPRESENTATION_CONTEXT(2) 
PARAMETRIC_REPRESENTATION_CONTEXT() REPRESENTATION_CONTEXT('2D SPACE',''
  ) );
#7702 = PCURVE('',#7553,#7703);
#7703 = DEFINITIONAL_REPRESENTATION('',(#7704),#7708);
#7704 = LINE('',#7705,#7706);
#7705 = CARTESIAN_POINT('',(-2.466539893478,0.));
#7706 = VECTOR('',#7707,1.);
#7707 = DIRECTION('',(-0.,-1.));
#7708 = ( GEOMETRIC_REPRESENTATION_CONTEXT(2) 
PARAMETRIC_REPRESENTATION_CONTEXT() REPRESENTATION_CONTEXT('2D SPACE',''
  ) );
#7709 = ADVANCED_FACE('',(#7710),#4240,.T.);
#7710 = FACE_BOUND('',#7711,.T.);
#7711 = EDGE_LOOP('',(#7712,#7713,#7714,#7735,#7764,#7790,#7811,#7834));
#7712 = ORIENTED_EDGE('',*,*,#7666,.F.);
#7713 = ORIENTED_EDGE('',*,*,#4225,.F.);
#7714 = ORIENTED_EDGE('',*,*,#7715,.T.);
#7715 = EDGE_CURVE('',#4200,#7716,#7718,.T.);
#7716 = VERTEX_POINT('',#7717);
#7717 = CARTESIAN_POINT('',(262.15157598908,-157.8017045659,
    40.695281374239));
#7718 = SURFACE_CURVE('',#7719,(#7723,#7729),.PCURVE_S1.);
#7719 = LINE('',#7720,#7721);
#7720 = CARTESIAN_POINT('',(238.07505406707,-143.9394646714,
    40.695281374239));
#7721 = VECTOR('',#7722,1.);
#7722 = DIRECTION('',(0.866622456874,-0.498964444867,0.));
#7723 = PCURVE('',#4240,#7724);
#7724 = DEFINITIONAL_REPRESENTATION('',(#7725),#7728);
#7725 = B_SPLINE_CURVE_WITH_KNOTS('',1,(#7726,#7727),.UNSPECIFIED.,.F.,
  .F.,(2,2),(-15.47194215389,27.782019414611),.PIECEWISE_BEZIER_KNOTS.);
#7726 = CARTESIAN_POINT('',(26.689461762061,15.660830071727));
#7727 = CARTESIAN_POINT('',(-10.79539268197,-5.921358850597));
#7728 = ( GEOMETRIC_REPRESENTATION_CONTEXT(2) 
PARAMETRIC_REPRESENTATION_CONTEXT() REPRESENTATION_CONTEXT('2D SPACE',''
  ) );
#7729 = PCURVE('',#4214,#7730);
#7730 = DEFINITIONAL_REPRESENTATION('',(#7731),#7734);
#7731 = B_SPLINE_CURVE_WITH_KNOTS('',1,(#7732,#7733),.UNSPECIFIED.,.F.,
  .F.,(2,2),(-15.47194215389,27.782019414611),.PIECEWISE_BEZIER_KNOTS.);
#7732 = CARTESIAN_POINT('',(0.,-9.999999999998E-03));
#7733 = CARTESIAN_POINT('',(43.253961568502,-9.999999999998E-03));
#7734 = ( GEOMETRIC_REPRESENTATION_CONTEXT(2) 
PARAMETRIC_REPRESENTATION_CONTEXT() REPRESENTATION_CONTEXT('2D SPACE',''
  ) );
#7735 = ORIENTED_EDGE('',*,*,#7736,.T.);
#7736 = EDGE_CURVE('',#7716,#7737,#7739,.T.);
#7737 = VERTEX_POINT('',#7738);
#7738 = CARTESIAN_POINT('',(263.13039049465,-159.2308351112,
    40.695281374239));
#7739 = SURFACE_CURVE('',#7740,(#7745,#7752),.PCURVE_S1.);
#7740 = CIRCLE('',#7741,2.);
#7741 = AXIS2_PLACEMENT_3D('',#7742,#7743,#7744);
#7742 = CARTESIAN_POINT('',(261.15364709935,-159.5349494797,
    40.695281374239));
#7743 = DIRECTION('',(0.,-0.,-1.));
#7744 = DIRECTION('',(0.152057184254,-0.988371697651,0.));
#7745 = PCURVE('',#4240,#7746);
#7746 = DEFINITIONAL_REPRESENTATION('',(#7747),#7751);
#7747 = CIRCLE('',#7748,2.);
#7748 = AXIS2_PLACEMENT_2D('',#7749,#7750);
#7749 = CARTESIAN_POINT('',(-9.797463792241,-7.654603764346));
#7750 = DIRECTION('',(-0.152057184254,-0.988371697651));
#7751 = ( GEOMETRIC_REPRESENTATION_CONTEXT(2) 
PARAMETRIC_REPRESENTATION_CONTEXT() REPRESENTATION_CONTEXT('2D SPACE',''
  ) );
#7752 = PCURVE('',#7753,#7758);
#7753 = CYLINDRICAL_SURFACE('',#7754,2.);
#7754 = AXIS2_PLACEMENT_3D('',#7755,#7756,#7757);
#7755 = CARTESIAN_POINT('',(261.15364709935,-159.5349494797,
    40.685281374239));
#7756 = DIRECTION('',(-0.,-0.,-1.));
#7757 = DIRECTION('',(0.152057184254,-0.988371697651,0.));
#7758 = DEFINITIONAL_REPRESENTATION('',(#7759),#7763);
#7759 = LINE('',#7760,#7761);
#7760 = CARTESIAN_POINT('',(-6.28318530718,-9.999999999998E-03));
#7761 = VECTOR('',#7762,1.);
#7762 = DIRECTION('',(1.,-0.));
#7763 = ( GEOMETRIC_REPRESENTATION_CONTEXT(2) 
PARAMETRIC_REPRESENTATION_CONTEXT() REPRESENTATION_CONTEXT('2D SPACE',''
  ) );
#7764 = ORIENTED_EDGE('',*,*,#7765,.T.);
#7765 = EDGE_CURVE('',#7737,#7766,#7768,.T.);
#7766 = VERTEX_POINT('',#7767);
#7767 = CARTESIAN_POINT('',(264.42585187317,-167.6513340716,
    40.695281374239));
#7768 = SURFACE_CURVE('',#7769,(#7773,#7779),.PCURVE_S1.);
#7769 = LINE('',#7770,#7771);
#7770 = CARTESIAN_POINT('',(262.44192357834,-154.7558001552,
    40.695281374239));
#7771 = VECTOR('',#7772,1.);
#7772 = DIRECTION('',(0.152057184254,-0.988371697651,0.));
#7773 = PCURVE('',#4240,#7774);
#7774 = DEFINITIONAL_REPRESENTATION('',(#7775),#7778);
#7775 = B_SPLINE_CURVE_WITH_KNOTS('',1,(#7776,#7777),.UNSPECIFIED.,.F.,
  .F.,(2,2),(4.527684237244,14.528079271841),.PIECEWISE_BEZIER_KNOTS.);
#7776 = CARTESIAN_POINT('',(-11.77420718754,-7.350489395838));
#7777 = CARTESIAN_POINT('',(-13.29483909793,-17.23459681335));
#7778 = ( GEOMETRIC_REPRESENTATION_CONTEXT(2) 
PARAMETRIC_REPRESENTATION_CONTEXT() REPRESENTATION_CONTEXT('2D SPACE',''
  ) );
#7779 = PCURVE('',#7780,#7785);
#7780 = PLANE('',#7781);
#7781 = AXIS2_PLACEMENT_3D('',#7782,#7783,#7784);
#7782 = CARTESIAN_POINT('',(263.13039049465,-159.2308351112,
    40.685281374239));
#7783 = DIRECTION('',(0.988371697651,0.152057184254,0.));
#7784 = DIRECTION('',(0.152057184254,-0.988371697651,0.));
#7785 = DEFINITIONAL_REPRESENTATION('',(#7786),#7789);
#7786 = B_SPLINE_CURVE_WITH_KNOTS('',1,(#7787,#7788),.UNSPECIFIED.,.F.,
  .F.,(2,2),(4.527684237244,14.528079271841),.PIECEWISE_BEZIER_KNOTS.);
#7787 = CARTESIAN_POINT('',(-1.68753899743E-14,-9.999999999998E-03));
#7788 = CARTESIAN_POINT('',(10.000395034597,-9.999999999998E-03));
#7789 = ( GEOMETRIC_REPRESENTATION_CONTEXT(2) 
PARAMETRIC_REPRESENTATION_CONTEXT() REPRESENTATION_CONTEXT('2D SPACE',''
  ) );
#7790 = ORIENTED_EDGE('',*,*,#7791,.F.);
#7791 = EDGE_CURVE('',#7792,#7766,#7794,.T.);
#7792 = VERTEX_POINT('',#7793);
#7793 = CARTESIAN_POINT('',(264.03050319411,-167.7121569453,
    40.695281374239));
#7794 = SURFACE_CURVE('',#7795,(#7799,#7805),.PCURVE_S1.);
#7795 = LINE('',#7796,#7797);
#7796 = CARTESIAN_POINT('',(264.66325953279,-167.6148098162,
    40.695281374239));
#7797 = VECTOR('',#7798,1.);
#7798 = DIRECTION('',(0.988371697651,0.152057184254,-0.));
#7799 = PCURVE('',#4240,#7800);
#7800 = DEFINITIONAL_REPRESENTATION('',(#7801),#7804);
#7801 = B_SPLINE_CURVE_WITH_KNOTS('',1,(#7802,#7803),.UNSPECIFIED.,.F.,
  .F.,(2,2),(-6.240200786989,10.759799213011),.PIECEWISE_BEZIER_KNOTS.);
#7802 = CARTESIAN_POINT('',(-7.139438380161,-16.68333146176));
#7803 = CARTESIAN_POINT('',(-23.94175724022,-14.09835932944));
#7804 = ( GEOMETRIC_REPRESENTATION_CONTEXT(2) 
PARAMETRIC_REPRESENTATION_CONTEXT() REPRESENTATION_CONTEXT('2D SPACE',''
  ) );
#7805 = PCURVE('',#4813,#7806);
#7806 = DEFINITIONAL_REPRESENTATION('',(#7807),#7810);
#7807 = B_SPLINE_CURVE_WITH_KNOTS('',1,(#7808,#7809),.UNSPECIFIED.,.F.,
  .F.,(2,2),(-6.240200786989,10.759799213011),.PIECEWISE_BEZIER_KNOTS.);
#7808 = CARTESIAN_POINT('',(17.,-33.50528137423));
#7809 = CARTESIAN_POINT('',(0.,-33.50528137423));
#7810 = ( GEOMETRIC_REPRESENTATION_CONTEXT(2) 
PARAMETRIC_REPRESENTATION_CONTEXT() REPRESENTATION_CONTEXT('2D SPACE',''
  ) );
#7811 = ORIENTED_EDGE('',*,*,#7812,.F.);
#7812 = EDGE_CURVE('',#7813,#7792,#7815,.T.);
#7813 = VERTEX_POINT('',#7814);
#7814 = CARTESIAN_POINT('',(262.73504181559,-159.2916579849,
    40.695281374239));
#7815 = SURFACE_CURVE('',#7816,(#7820,#7827),.PCURVE_S1.);
#7816 = LINE('',#7817,#7818);
#7817 = CARTESIAN_POINT('',(262.66198853583,-158.8168116664,
    40.695281374239));
#7818 = VECTOR('',#7819,1.);
#7819 = DIRECTION('',(0.152057184254,-0.988371697651,0.));
#7820 = PCURVE('',#4240,#7821);
#7821 = DEFINITIONAL_REPRESENTATION('',(#7822),#7826);
#7822 = LINE('',#7823,#7824);
#7823 = CARTESIAN_POINT('',(-11.30580522871,-6.936465951083));
#7824 = VECTOR('',#7825,1.);
#7825 = DIRECTION('',(-0.152057184254,-0.988371697651));
#7826 = ( GEOMETRIC_REPRESENTATION_CONTEXT(2) 
PARAMETRIC_REPRESENTATION_CONTEXT() REPRESENTATION_CONTEXT('2D SPACE',''
  ) );
#7827 = PCURVE('',#7580,#7828);
#7828 = DEFINITIONAL_REPRESENTATION('',(#7829),#7833);
#7829 = LINE('',#7830,#7831);
#7830 = CARTESIAN_POINT('',(-0.480432937917,-0.41));
#7831 = VECTOR('',#7832,1.);
#7832 = DIRECTION('',(1.,0.));
#7833 = ( GEOMETRIC_REPRESENTATION_CONTEXT(2) 
PARAMETRIC_REPRESENTATION_CONTEXT() REPRESENTATION_CONTEXT('2D SPACE',''
  ) );
#7834 = ORIENTED_EDGE('',*,*,#7835,.T.);
#7835 = EDGE_CURVE('',#7813,#7667,#7836,.T.);
#7836 = SURFACE_CURVE('',#7837,(#7842,#7853),.PCURVE_S1.);
#7837 = CIRCLE('',#7838,1.6);
#7838 = AXIS2_PLACEMENT_3D('',#7839,#7840,#7841);
#7839 = CARTESIAN_POINT('',(261.15364709935,-159.5349494797,
    40.695281374239));
#7840 = DIRECTION('',(0.,0.,1.));
#7841 = DIRECTION('',(0.152057184254,-0.988371697651,0.));
#7842 = PCURVE('',#4240,#7843);
#7843 = DEFINITIONAL_REPRESENTATION('',(#7844),#7852);
#7844 = ( BOUNDED_CURVE() B_SPLINE_CURVE(2,(#7845,#7846,#7847,#7848,
#7849,#7850,#7851),.UNSPECIFIED.,.T.,.F.) B_SPLINE_CURVE_WITH_KNOTS((1,2
    ,2,2,2,1),(-2.094395102393,0.,2.094395102393,4.188790204786,
6.28318530718,8.377580409573),.UNSPECIFIED.) CURVE() 
GEOMETRIC_REPRESENTATION_ITEM() RATIONAL_B_SPLINE_CURVE((1.,0.5,1.,0.5,
1.,0.5,1.)) REPRESENTATION_ITEM('') );
#7845 = CARTESIAN_POINT('',(-10.04075528704,-9.235998480587));
#7846 = CARTESIAN_POINT('',(-12.77981128239,-8.814605250533));
#7847 = CARTESIAN_POINT('',(-11.04534604251,-6.653209791198));
#7848 = CARTESIAN_POINT('',(-9.310880802628,-4.491814331864));
#7849 = CARTESIAN_POINT('',(-8.306290047162,-7.074603021252));
#7850 = CARTESIAN_POINT('',(-7.301699291697,-9.657391710641));
#7851 = CARTESIAN_POINT('',(-10.04075528704,-9.235998480587));
#7852 = ( GEOMETRIC_REPRESENTATION_CONTEXT(2) 
PARAMETRIC_REPRESENTATION_CONTEXT() REPRESENTATION_CONTEXT('2D SPACE',''
  ) );
#7853 = PCURVE('',#7553,#7854);
#7854 = DEFINITIONAL_REPRESENTATION('',(#7855),#7859);
#7855 = LINE('',#7856,#7857);
#7856 = CARTESIAN_POINT('',(-0.,-0.41));
#7857 = VECTOR('',#7858,1.);
#7858 = DIRECTION('',(-1.,0.));
#7859 = ( GEOMETRIC_REPRESENTATION_CONTEXT(2) 
PARAMETRIC_REPRESENTATION_CONTEXT() REPRESENTATION_CONTEXT('2D SPACE',''
  ) );
#7860 = ADVANCED_FACE('',(#7861),#4214,.T.);
#7861 = FACE_BOUND('',#7862,.T.);
#7862 = EDGE_LOOP('',(#7863,#7864,#7865,#7888));
#7863 = ORIENTED_EDGE('',*,*,#7715,.F.);
#7864 = ORIENTED_EDGE('',*,*,#4199,.F.);
#7865 = ORIENTED_EDGE('',*,*,#7866,.T.);
#7866 = EDGE_CURVE('',#4174,#7867,#7869,.T.);
#7867 = VERTEX_POINT('',#7868);
#7868 = CARTESIAN_POINT('',(262.15157598908,-157.8017045659,
    41.095281374239));
#7869 = SURFACE_CURVE('',#7870,(#7874,#7881),.PCURVE_S1.);
#7870 = LINE('',#7871,#7872);
#7871 = CARTESIAN_POINT('',(224.63689547935,-136.2023430603,
    41.095281374239));
#7872 = VECTOR('',#7873,1.);
#7873 = DIRECTION('',(0.866622456874,-0.498964444867,0.));
#7874 = PCURVE('',#4214,#7875);
#7875 = DEFINITIONAL_REPRESENTATION('',(#7876),#7880);
#7876 = LINE('',#7877,#7878);
#7877 = CARTESIAN_POINT('',(-3.441644682162E-02,-0.41));
#7878 = VECTOR('',#7879,1.);
#7879 = DIRECTION('',(1.,0.));
#7880 = ( GEOMETRIC_REPRESENTATION_CONTEXT(2) 
PARAMETRIC_REPRESENTATION_CONTEXT() REPRESENTATION_CONTEXT('2D SPACE',''
  ) );
#7881 = PCURVE('',#4188,#7882);
#7882 = DEFINITIONAL_REPRESENTATION('',(#7883),#7887);
#7883 = LINE('',#7884,#7885);
#7884 = CARTESIAN_POINT('',(26.719287827763,15.678002655009));
#7885 = VECTOR('',#7886,1.);
#7886 = DIRECTION('',(-0.866622456874,-0.498964444867));
#7887 = ( GEOMETRIC_REPRESENTATION_CONTEXT(2) 
PARAMETRIC_REPRESENTATION_CONTEXT() REPRESENTATION_CONTEXT('2D SPACE',''
  ) );
#7888 = ORIENTED_EDGE('',*,*,#7889,.F.);
#7889 = EDGE_CURVE('',#7716,#7867,#7890,.T.);
#7890 = SURFACE_CURVE('',#7891,(#7895,#7902),.PCURVE_S1.);
#7891 = LINE('',#7892,#7893);
#7892 = CARTESIAN_POINT('',(262.15157598908,-157.8017045659,
    40.685281374239));
#7893 = VECTOR('',#7894,1.);
#7894 = DIRECTION('',(0.,-0.,1.));
#7895 = PCURVE('',#4214,#7896);
#7896 = DEFINITIONAL_REPRESENTATION('',(#7897),#7901);
#7897 = LINE('',#7898,#7899);
#7898 = CARTESIAN_POINT('',(43.253961568502,0.));
#7899 = VECTOR('',#7900,1.);
#7900 = DIRECTION('',(0.,-1.));
#7901 = ( GEOMETRIC_REPRESENTATION_CONTEXT(2) 
PARAMETRIC_REPRESENTATION_CONTEXT() REPRESENTATION_CONTEXT('2D SPACE',''
  ) );
#7902 = PCURVE('',#7753,#7903);
#7903 = DEFINITIONAL_REPRESENTATION('',(#7904),#7908);
#7904 = LINE('',#7905,#7906);
#7905 = CARTESIAN_POINT('',(-2.466539893478,0.));
#7906 = VECTOR('',#7907,1.);
#7907 = DIRECTION('',(-0.,-1.));
#7908 = ( GEOMETRIC_REPRESENTATION_CONTEXT(2) 
PARAMETRIC_REPRESENTATION_CONTEXT() REPRESENTATION_CONTEXT('2D SPACE',''
  ) );
#7909 = ADVANCED_FACE('',(#7910),#4188,.T.);
#7910 = FACE_BOUND('',#7911,.T.);
#7911 = EDGE_LOOP('',(#7912,#7913,#7914,#7935,#7964,#7990,#8011,#8034));
#7912 = ORIENTED_EDGE('',*,*,#7866,.F.);
#7913 = ORIENTED_EDGE('',*,*,#4173,.F.);
#7914 = ORIENTED_EDGE('',*,*,#7915,.T.);
#7915 = EDGE_CURVE('',#4148,#7916,#7918,.T.);
#7916 = VERTEX_POINT('',#7917);
#7917 = CARTESIAN_POINT('',(262.35116176703,-157.4550555832,
    41.095281374239));
#7918 = SURFACE_CURVE('',#7919,(#7923,#7929),.PCURVE_S1.);
#7919 = LINE('',#7920,#7921);
#7920 = CARTESIAN_POINT('',(238.27463984501,-143.5928156887,
    41.095281374239));
#7921 = VECTOR('',#7922,1.);
#7922 = DIRECTION('',(0.866622456874,-0.498964444867,0.));
#7923 = PCURVE('',#4188,#7924);
#7924 = DEFINITIONAL_REPRESENTATION('',(#7925),#7928);
#7925 = B_SPLINE_CURVE_WITH_KNOTS('',1,(#7926,#7927),.UNSPECIFIED.,.F.,
  .F.,(2,2),(-15.47194215389,27.782019414611),.PIECEWISE_BEZIER_KNOTS.);
#7926 = CARTESIAN_POINT('',(26.489875984115,16.007479054476));
#7927 = CARTESIAN_POINT('',(-10.99497845992,-5.574709867848));
#7928 = ( GEOMETRIC_REPRESENTATION_CONTEXT(2) 
PARAMETRIC_REPRESENTATION_CONTEXT() REPRESENTATION_CONTEXT('2D SPACE',''
  ) );
#7929 = PCURVE('',#4162,#7930);
#7930 = DEFINITIONAL_REPRESENTATION('',(#7931),#7934);
#7931 = B_SPLINE_CURVE_WITH_KNOTS('',1,(#7932,#7933),.UNSPECIFIED.,.F.,
  .F.,(2,2),(-15.47194215389,27.782019414611),.PIECEWISE_BEZIER_KNOTS.);
#7932 = CARTESIAN_POINT('',(0.,-9.999999999998E-03));
#7933 = CARTESIAN_POINT('',(43.253961568502,-9.999999999998E-03));
#7934 = ( GEOMETRIC_REPRESENTATION_CONTEXT(2) 
PARAMETRIC_REPRESENTATION_CONTEXT() REPRESENTATION_CONTEXT('2D SPACE',''
  ) );
#7935 = ORIENTED_EDGE('',*,*,#7936,.T.);
#7936 = EDGE_CURVE('',#7916,#7937,#7939,.T.);
#7937 = VERTEX_POINT('',#7938);
#7938 = CARTESIAN_POINT('',(263.52573917371,-159.1700122375,
    41.095281374239));
#7939 = SURFACE_CURVE('',#7940,(#7945,#7952),.PCURVE_S1.);
#7940 = CIRCLE('',#7941,2.4);
#7941 = AXIS2_PLACEMENT_3D('',#7942,#7943,#7944);
#7942 = CARTESIAN_POINT('',(261.15364709935,-159.5349494797,
    41.095281374239));
#7943 = DIRECTION('',(0.,-0.,-1.));
#7944 = DIRECTION('',(0.152057184254,-0.988371697651,0.));
#7945 = PCURVE('',#4188,#7946);
#7946 = DEFINITIONAL_REPRESENTATION('',(#7947),#7951);
#7947 = CIRCLE('',#7948,2.4);
#7948 = AXIS2_PLACEMENT_2D('',#7949,#7950);
#7949 = CARTESIAN_POINT('',(-9.797463792241,-7.654603764346));
#7950 = DIRECTION('',(-0.152057184254,-0.988371697651));
#7951 = ( GEOMETRIC_REPRESENTATION_CONTEXT(2) 
PARAMETRIC_REPRESENTATION_CONTEXT() REPRESENTATION_CONTEXT('2D SPACE',''
  ) );
#7952 = PCURVE('',#7953,#7958);
#7953 = CYLINDRICAL_SURFACE('',#7954,2.4);
#7954 = AXIS2_PLACEMENT_3D('',#7955,#7956,#7957);
#7955 = CARTESIAN_POINT('',(261.15364709935,-159.5349494797,
    41.085281374239));
#7956 = DIRECTION('',(-0.,-0.,-1.));
#7957 = DIRECTION('',(0.152057184254,-0.988371697651,0.));
#7958 = DEFINITIONAL_REPRESENTATION('',(#7959),#7963);
#7959 = LINE('',#7960,#7961);
#7960 = CARTESIAN_POINT('',(-6.28318530718,-9.999999999998E-03));
#7961 = VECTOR('',#7962,1.);
#7962 = DIRECTION('',(1.,-0.));
#7963 = ( GEOMETRIC_REPRESENTATION_CONTEXT(2) 
PARAMETRIC_REPRESENTATION_CONTEXT() REPRESENTATION_CONTEXT('2D SPACE',''
  ) );
#7964 = ORIENTED_EDGE('',*,*,#7965,.T.);
#7965 = EDGE_CURVE('',#7937,#7966,#7968,.T.);
#7966 = VERTEX_POINT('',#7967);
#7967 = CARTESIAN_POINT('',(264.82120055223,-167.5905111979,
    41.095281374239));
#7968 = SURFACE_CURVE('',#7969,(#7973,#7979),.PCURVE_S1.);
#7969 = LINE('',#7970,#7971);
#7970 = CARTESIAN_POINT('',(262.8372722574,-154.6949772815,
    41.095281374239));
#7971 = VECTOR('',#7972,1.);
#7972 = DIRECTION('',(0.152057184254,-0.988371697651,0.));
#7973 = PCURVE('',#4188,#7974);
#7974 = DEFINITIONAL_REPRESENTATION('',(#7975),#7978);
#7975 = B_SPLINE_CURVE_WITH_KNOTS('',1,(#7976,#7977),.UNSPECIFIED.,.F.,
  .F.,(2,2),(4.527684237244,14.184911689134),.PIECEWISE_BEZIER_KNOTS.);
#7976 = CARTESIAN_POINT('',(-12.1695558666,-7.289666522136));
#7977 = CARTESIAN_POINT('',(-13.63800668063,-16.83459681335));
#7978 = ( GEOMETRIC_REPRESENTATION_CONTEXT(2) 
PARAMETRIC_REPRESENTATION_CONTEXT() REPRESENTATION_CONTEXT('2D SPACE',''
  ) );
#7979 = PCURVE('',#7980,#7985);
#7980 = PLANE('',#7981);
#7981 = AXIS2_PLACEMENT_3D('',#7982,#7983,#7984);
#7982 = CARTESIAN_POINT('',(263.52573917371,-159.1700122375,
    41.085281374239));
#7983 = DIRECTION('',(0.988371697651,0.152057184254,0.));
#7984 = DIRECTION('',(0.152057184254,-0.988371697651,0.));
#7985 = DEFINITIONAL_REPRESENTATION('',(#7986),#7989);
#7986 = B_SPLINE_CURVE_WITH_KNOTS('',1,(#7987,#7988),.UNSPECIFIED.,.F.,
  .F.,(2,2),(4.527684237244,14.184911689134),.PIECEWISE_BEZIER_KNOTS.);
#7987 = CARTESIAN_POINT('',(-1.59872115546E-14,-9.999999999998E-03));
#7988 = CARTESIAN_POINT('',(9.65722745189,-9.999999999998E-03));
#7989 = ( GEOMETRIC_REPRESENTATION_CONTEXT(2) 
PARAMETRIC_REPRESENTATION_CONTEXT() REPRESENTATION_CONTEXT('2D SPACE',''
  ) );
#7990 = ORIENTED_EDGE('',*,*,#7991,.F.);
#7991 = EDGE_CURVE('',#7992,#7966,#7994,.T.);
#7992 = VERTEX_POINT('',#7993);
#7993 = CARTESIAN_POINT('',(264.42585187317,-167.6513340716,
    41.095281374239));
#7994 = SURFACE_CURVE('',#7995,(#7999,#8005),.PCURVE_S1.);
#7995 = LINE('',#7996,#7997);
#7996 = CARTESIAN_POINT('',(264.66325953279,-167.6148098162,
    41.095281374239));
#7997 = VECTOR('',#7998,1.);
#7998 = DIRECTION('',(0.988371697651,0.152057184254,-0.));
#7999 = PCURVE('',#4188,#8000);
#8000 = DEFINITIONAL_REPRESENTATION('',(#8001),#8004);
#8001 = B_SPLINE_CURVE_WITH_KNOTS('',1,(#8002,#8003),.UNSPECIFIED.,.F.,
  .F.,(2,2),(-6.240200786989,10.759799213011),.PIECEWISE_BEZIER_KNOTS.);
#8002 = CARTESIAN_POINT('',(-7.139438380161,-16.68333146176));
#8003 = CARTESIAN_POINT('',(-23.94175724022,-14.09835932944));
#8004 = ( GEOMETRIC_REPRESENTATION_CONTEXT(2) 
PARAMETRIC_REPRESENTATION_CONTEXT() REPRESENTATION_CONTEXT('2D SPACE',''
  ) );
#8005 = PCURVE('',#4813,#8006);
#8006 = DEFINITIONAL_REPRESENTATION('',(#8007),#8010);
#8007 = B_SPLINE_CURVE_WITH_KNOTS('',1,(#8008,#8009),.UNSPECIFIED.,.F.,
  .F.,(2,2),(-6.240200786989,10.759799213011),.PIECEWISE_BEZIER_KNOTS.);
#8008 = CARTESIAN_POINT('',(17.,-33.90528137423));
#8009 = CARTESIAN_POINT('',(0.,-33.90528137423));
#8010 = ( GEOMETRIC_REPRESENTATION_CONTEXT(2) 
PARAMETRIC_REPRESENTATION_CONTEXT() REPRESENTATION_CONTEXT('2D SPACE',''
  ) );
#8011 = ORIENTED_EDGE('',*,*,#8012,.F.);
#8012 = EDGE_CURVE('',#8013,#7992,#8015,.T.);
#8013 = VERTEX_POINT('',#8014);
#8014 = CARTESIAN_POINT('',(263.13039049465,-159.2308351112,
    41.095281374239));
#8015 = SURFACE_CURVE('',#8016,(#8020,#8027),.PCURVE_S1.);
#8016 = LINE('',#8017,#8018);
#8017 = CARTESIAN_POINT('',(263.05733721489,-158.7559887927,
    41.095281374239));
#8018 = VECTOR('',#8019,1.);
#8019 = DIRECTION('',(0.152057184254,-0.988371697651,0.));
#8020 = PCURVE('',#4188,#8021);
#8021 = DEFINITIONAL_REPRESENTATION('',(#8022),#8026);
#8022 = LINE('',#8023,#8024);
#8023 = CARTESIAN_POINT('',(-11.70115390778,-6.875643077381));
#8024 = VECTOR('',#8025,1.);
#8025 = DIRECTION('',(-0.152057184254,-0.988371697651));
#8026 = ( GEOMETRIC_REPRESENTATION_CONTEXT(2) 
PARAMETRIC_REPRESENTATION_CONTEXT() REPRESENTATION_CONTEXT('2D SPACE',''
  ) );
#8027 = PCURVE('',#7780,#8028);
#8028 = DEFINITIONAL_REPRESENTATION('',(#8029),#8033);
#8029 = LINE('',#8030,#8031);
#8030 = CARTESIAN_POINT('',(-0.480432937917,-0.41));
#8031 = VECTOR('',#8032,1.);
#8032 = DIRECTION('',(1.,0.));
#8033 = ( GEOMETRIC_REPRESENTATION_CONTEXT(2) 
PARAMETRIC_REPRESENTATION_CONTEXT() REPRESENTATION_CONTEXT('2D SPACE',''
  ) );
#8034 = ORIENTED_EDGE('',*,*,#8035,.T.);
#8035 = EDGE_CURVE('',#8013,#7867,#8036,.T.);
#8036 = SURFACE_CURVE('',#8037,(#8042,#8053),.PCURVE_S1.);
#8037 = CIRCLE('',#8038,2.);
#8038 = AXIS2_PLACEMENT_3D('',#8039,#8040,#8041);
#8039 = CARTESIAN_POINT('',(261.15364709935,-159.5349494797,
    41.095281374239));
#8040 = DIRECTION('',(0.,0.,1.));
#8041 = DIRECTION('',(0.152057184254,-0.988371697651,0.));
#8042 = PCURVE('',#4188,#8043);
#8043 = DEFINITIONAL_REPRESENTATION('',(#8044),#8052);
#8044 = ( BOUNDED_CURVE() B_SPLINE_CURVE(2,(#8045,#8046,#8047,#8048,
#8049,#8050,#8051),.UNSPECIFIED.,.T.,.F.) B_SPLINE_CURVE_WITH_KNOTS((1,2
    ,2,2,2,1),(-2.094395102393,0.,2.094395102393,4.188790204786,
6.28318530718,8.377580409573),.UNSPECIFIED.) CURVE() 
GEOMETRIC_REPRESENTATION_ITEM() RATIONAL_B_SPLINE_CURVE((1.,0.5,1.,0.5,
1.,0.5,1.)) REPRESENTATION_ITEM('') );
#8045 = CARTESIAN_POINT('',(-10.10157816074,-9.631347159647));
#8046 = CARTESIAN_POINT('',(-13.52539815493,-9.104605622079));
#8047 = CARTESIAN_POINT('',(-11.35731660508,-6.402861297911));
#8048 = CARTESIAN_POINT('',(-9.189235055225,-3.701116973743));
#8049 = CARTESIAN_POINT('',(-7.933496610893,-6.929602835479));
#8050 = CARTESIAN_POINT('',(-6.677758166561,-10.15808869721));
#8051 = CARTESIAN_POINT('',(-10.10157816074,-9.631347159647));
#8052 = ( GEOMETRIC_REPRESENTATION_CONTEXT(2) 
PARAMETRIC_REPRESENTATION_CONTEXT() REPRESENTATION_CONTEXT('2D SPACE',''
  ) );
#8053 = PCURVE('',#7753,#8054);
#8054 = DEFINITIONAL_REPRESENTATION('',(#8055),#8059);
#8055 = LINE('',#8056,#8057);
#8056 = CARTESIAN_POINT('',(-0.,-0.41));
#8057 = VECTOR('',#8058,1.);
#8058 = DIRECTION('',(-1.,0.));
#8059 = ( GEOMETRIC_REPRESENTATION_CONTEXT(2) 
PARAMETRIC_REPRESENTATION_CONTEXT() REPRESENTATION_CONTEXT('2D SPACE',''
  ) );
#8060 = ADVANCED_FACE('',(#8061),#4162,.T.);
#8061 = FACE_BOUND('',#8062,.T.);
#8062 = EDGE_LOOP('',(#8063,#8064,#8065,#8088));
#8063 = ORIENTED_EDGE('',*,*,#7915,.F.);
#8064 = ORIENTED_EDGE('',*,*,#4147,.F.);
#8065 = ORIENTED_EDGE('',*,*,#8066,.T.);
#8066 = EDGE_CURVE('',#4122,#8067,#8069,.T.);
#8067 = VERTEX_POINT('',#8068);
#8068 = CARTESIAN_POINT('',(262.35116176703,-157.4550555832,
    41.495281374239));
#8069 = SURFACE_CURVE('',#8070,(#8074,#8081),.PCURVE_S1.);
#8070 = LINE('',#8071,#8072);
#8071 = CARTESIAN_POINT('',(224.83648125729,-135.8556940776,
    41.495281374239));
#8072 = VECTOR('',#8073,1.);
#8073 = DIRECTION('',(0.866622456874,-0.498964444867,0.));
#8074 = PCURVE('',#4162,#8075);
#8075 = DEFINITIONAL_REPRESENTATION('',(#8076),#8080);
#8076 = LINE('',#8077,#8078);
#8077 = CARTESIAN_POINT('',(-3.441644682162E-02,-0.41));
#8078 = VECTOR('',#8079,1.);
#8079 = DIRECTION('',(1.,0.));
#8080 = ( GEOMETRIC_REPRESENTATION_CONTEXT(2) 
PARAMETRIC_REPRESENTATION_CONTEXT() REPRESENTATION_CONTEXT('2D SPACE',''
  ) );
#8081 = PCURVE('',#4136,#8082);
#8082 = DEFINITIONAL_REPRESENTATION('',(#8083),#8087);
#8083 = LINE('',#8084,#8085);
#8084 = CARTESIAN_POINT('',(26.519702049816,16.024651637759));
#8085 = VECTOR('',#8086,1.);
#8086 = DIRECTION('',(-0.866622456874,-0.498964444867));
#8087 = ( GEOMETRIC_REPRESENTATION_CONTEXT(2) 
PARAMETRIC_REPRESENTATION_CONTEXT() REPRESENTATION_CONTEXT('2D SPACE',''
  ) );
#8088 = ORIENTED_EDGE('',*,*,#8089,.F.);
#8089 = EDGE_CURVE('',#7916,#8067,#8090,.T.);
#8090 = SURFACE_CURVE('',#8091,(#8095,#8102),.PCURVE_S1.);
#8091 = LINE('',#8092,#8093);
#8092 = CARTESIAN_POINT('',(262.35116176703,-157.4550555832,
    41.085281374239));
#8093 = VECTOR('',#8094,1.);
#8094 = DIRECTION('',(0.,-0.,1.));
#8095 = PCURVE('',#4162,#8096);
#8096 = DEFINITIONAL_REPRESENTATION('',(#8097),#8101);
#8097 = LINE('',#8098,#8099);
#8098 = CARTESIAN_POINT('',(43.253961568502,0.));
#8099 = VECTOR('',#8100,1.);
#8100 = DIRECTION('',(0.,-1.));
#8101 = ( GEOMETRIC_REPRESENTATION_CONTEXT(2) 
PARAMETRIC_REPRESENTATION_CONTEXT() REPRESENTATION_CONTEXT('2D SPACE',''
  ) );
#8102 = PCURVE('',#7953,#8103);
#8103 = DEFINITIONAL_REPRESENTATION('',(#8104),#8108);
#8104 = LINE('',#8105,#8106);
#8105 = CARTESIAN_POINT('',(-2.466539893478,0.));
#8106 = VECTOR('',#8107,1.);
#8107 = DIRECTION('',(-0.,-1.));
#8108 = ( GEOMETRIC_REPRESENTATION_CONTEXT(2) 
PARAMETRIC_REPRESENTATION_CONTEXT() REPRESENTATION_CONTEXT('2D SPACE',''
  ) );
#8109 = ADVANCED_FACE('',(#8110),#4136,.T.);
#8110 = FACE_BOUND('',#8111,.T.);
#8111 = EDGE_LOOP('',(#8112,#8113,#8114,#8135,#8164,#8190,#8211,#8234));
#8112 = ORIENTED_EDGE('',*,*,#8066,.F.);
#8113 = ORIENTED_EDGE('',*,*,#4121,.F.);
#8114 = ORIENTED_EDGE('',*,*,#8115,.T.);
#8115 = EDGE_CURVE('',#4096,#8116,#8118,.T.);
#8116 = VERTEX_POINT('',#8117);
#8117 = CARTESIAN_POINT('',(262.55074754498,-157.1084066004,
    41.495281374239));
#8118 = SURFACE_CURVE('',#8119,(#8123,#8129),.PCURVE_S1.);
#8119 = LINE('',#8120,#8121);
#8120 = CARTESIAN_POINT('',(238.47422562296,-143.2461667059,
    41.495281374239));
#8121 = VECTOR('',#8122,1.);
#8122 = DIRECTION('',(0.866622456874,-0.498964444867,0.));
#8123 = PCURVE('',#4136,#8124);
#8124 = DEFINITIONAL_REPRESENTATION('',(#8125),#8128);
#8125 = B_SPLINE_CURVE_WITH_KNOTS('',1,(#8126,#8127),.UNSPECIFIED.,.F.,
  .F.,(2,2),(-15.47194215389,27.782019414611),.PIECEWISE_BEZIER_KNOTS.);
#8126 = CARTESIAN_POINT('',(26.290290206168,16.354128037226));
#8127 = CARTESIAN_POINT('',(-11.19456423786,-5.228060885098));
#8128 = ( GEOMETRIC_REPRESENTATION_CONTEXT(2) 
PARAMETRIC_REPRESENTATION_CONTEXT() REPRESENTATION_CONTEXT('2D SPACE',''
  ) );
#8129 = PCURVE('',#4110,#8130);
#8130 = DEFINITIONAL_REPRESENTATION('',(#8131),#8134);
#8131 = B_SPLINE_CURVE_WITH_KNOTS('',1,(#8132,#8133),.UNSPECIFIED.,.F.,
  .F.,(2,2),(-15.47194215389,27.782019414611),.PIECEWISE_BEZIER_KNOTS.);
#8132 = CARTESIAN_POINT('',(0.,-9.999999999998E-03));
#8133 = CARTESIAN_POINT('',(43.253961568502,-9.999999999998E-03));
#8134 = ( GEOMETRIC_REPRESENTATION_CONTEXT(2) 
PARAMETRIC_REPRESENTATION_CONTEXT() REPRESENTATION_CONTEXT('2D SPACE',''
  ) );
#8135 = ORIENTED_EDGE('',*,*,#8136,.T.);
#8136 = EDGE_CURVE('',#8116,#8137,#8139,.T.);
#8137 = VERTEX_POINT('',#8138);
#8138 = CARTESIAN_POINT('',(263.92108785277,-159.1091893638,
    41.495281374239));
#8139 = SURFACE_CURVE('',#8140,(#8145,#8152),.PCURVE_S1.);
#8140 = CIRCLE('',#8141,2.8);
#8141 = AXIS2_PLACEMENT_3D('',#8142,#8143,#8144);
#8142 = CARTESIAN_POINT('',(261.15364709935,-159.5349494797,
    41.495281374239));
#8143 = DIRECTION('',(0.,-0.,-1.));
#8144 = DIRECTION('',(0.152057184254,-0.988371697651,0.));
#8145 = PCURVE('',#4136,#8146);
#8146 = DEFINITIONAL_REPRESENTATION('',(#8147),#8151);
#8147 = CIRCLE('',#8148,2.8);
#8148 = AXIS2_PLACEMENT_2D('',#8149,#8150);
#8149 = CARTESIAN_POINT('',(-9.797463792241,-7.654603764346));
#8150 = DIRECTION('',(-0.152057184254,-0.988371697651));
#8151 = ( GEOMETRIC_REPRESENTATION_CONTEXT(2) 
PARAMETRIC_REPRESENTATION_CONTEXT() REPRESENTATION_CONTEXT('2D SPACE',''
  ) );
#8152 = PCURVE('',#8153,#8158);
#8153 = CYLINDRICAL_SURFACE('',#8154,2.8);
#8154 = AXIS2_PLACEMENT_3D('',#8155,#8156,#8157);
#8155 = CARTESIAN_POINT('',(261.15364709935,-159.5349494797,
    41.485281374239));
#8156 = DIRECTION('',(-0.,-0.,-1.));
#8157 = DIRECTION('',(0.152057184254,-0.988371697651,0.));
#8158 = DEFINITIONAL_REPRESENTATION('',(#8159),#8163);
#8159 = LINE('',#8160,#8161);
#8160 = CARTESIAN_POINT('',(-6.28318530718,-9.999999999998E-03));
#8161 = VECTOR('',#8162,1.);
#8162 = DIRECTION('',(1.,-0.));
#8163 = ( GEOMETRIC_REPRESENTATION_CONTEXT(2) 
PARAMETRIC_REPRESENTATION_CONTEXT() REPRESENTATION_CONTEXT('2D SPACE',''
  ) );
#8164 = ORIENTED_EDGE('',*,*,#8165,.T.);
#8165 = EDGE_CURVE('',#8137,#8166,#8168,.T.);
#8166 = VERTEX_POINT('',#8167);
#8167 = CARTESIAN_POINT('',(265.21654923129,-167.5296883242,
    41.495281374239));
#8168 = SURFACE_CURVE('',#8169,(#8173,#8179),.PCURVE_S1.);
#8169 = LINE('',#8170,#8171);
#8170 = CARTESIAN_POINT('',(263.23262093646,-154.6341544078,
    41.495281374239));
#8171 = VECTOR('',#8172,1.);
#8172 = DIRECTION('',(0.152057184254,-0.988371697651,0.));
#8173 = PCURVE('',#4136,#8174);
#8174 = DEFINITIONAL_REPRESENTATION('',(#8175),#8178);
#8175 = B_SPLINE_CURVE_WITH_KNOTS('',1,(#8176,#8177),.UNSPECIFIED.,.F.,
  .F.,(2,2),(4.527684237244,13.841744106427),.PIECEWISE_BEZIER_KNOTS.);
#8176 = CARTESIAN_POINT('',(-12.56490454566,-7.228843648435));
#8177 = CARTESIAN_POINT('',(-13.98117426334,-16.43459681335));
#8178 = ( GEOMETRIC_REPRESENTATION_CONTEXT(2) 
PARAMETRIC_REPRESENTATION_CONTEXT() REPRESENTATION_CONTEXT('2D SPACE',''
  ) );
#8179 = PCURVE('',#8180,#8185);
#8180 = PLANE('',#8181);
#8181 = AXIS2_PLACEMENT_3D('',#8182,#8183,#8184);
#8182 = CARTESIAN_POINT('',(263.92108785277,-159.1091893638,
    41.485281374239));
#8183 = DIRECTION('',(0.988371697651,0.152057184254,0.));
#8184 = DIRECTION('',(0.152057184254,-0.988371697651,0.));
#8185 = DEFINITIONAL_REPRESENTATION('',(#8186),#8189);
#8186 = B_SPLINE_CURVE_WITH_KNOTS('',1,(#8187,#8188),.UNSPECIFIED.,.F.,
  .F.,(2,2),(4.527684237244,13.841744106427),.PIECEWISE_BEZIER_KNOTS.);
#8187 = CARTESIAN_POINT('',(-1.59872115546E-14,-9.999999999998E-03));
#8188 = CARTESIAN_POINT('',(9.314059869184,-9.999999999998E-03));
#8189 = ( GEOMETRIC_REPRESENTATION_CONTEXT(2) 
PARAMETRIC_REPRESENTATION_CONTEXT() REPRESENTATION_CONTEXT('2D SPACE',''
  ) );
#8190 = ORIENTED_EDGE('',*,*,#8191,.F.);
#8191 = EDGE_CURVE('',#8192,#8166,#8194,.T.);
#8192 = VERTEX_POINT('',#8193);
#8193 = CARTESIAN_POINT('',(264.82120055223,-167.5905111979,
    41.495281374239));
#8194 = SURFACE_CURVE('',#8195,(#8199,#8205),.PCURVE_S1.);
#8195 = LINE('',#8196,#8197);
#8196 = CARTESIAN_POINT('',(264.66325953279,-167.6148098162,
    41.495281374239));
#8197 = VECTOR('',#8198,1.);
#8198 = DIRECTION('',(0.988371697651,0.152057184254,-0.));
#8199 = PCURVE('',#4136,#8200);
#8200 = DEFINITIONAL_REPRESENTATION('',(#8201),#8204);
#8201 = B_SPLINE_CURVE_WITH_KNOTS('',1,(#8202,#8203),.UNSPECIFIED.,.F.,
  .F.,(2,2),(-6.240200786989,10.759799213011),.PIECEWISE_BEZIER_KNOTS.);
#8202 = CARTESIAN_POINT('',(-7.139438380161,-16.68333146176));
#8203 = CARTESIAN_POINT('',(-23.94175724022,-14.09835932944));
#8204 = ( GEOMETRIC_REPRESENTATION_CONTEXT(2) 
PARAMETRIC_REPRESENTATION_CONTEXT() REPRESENTATION_CONTEXT('2D SPACE',''
  ) );
#8205 = PCURVE('',#4813,#8206);
#8206 = DEFINITIONAL_REPRESENTATION('',(#8207),#8210);
#8207 = B_SPLINE_CURVE_WITH_KNOTS('',1,(#8208,#8209),.UNSPECIFIED.,.F.,
  .F.,(2,2),(-6.240200786989,10.759799213011),.PIECEWISE_BEZIER_KNOTS.);
#8208 = CARTESIAN_POINT('',(17.,-34.30528137423));
#8209 = CARTESIAN_POINT('',(0.,-34.30528137423));
#8210 = ( GEOMETRIC_REPRESENTATION_CONTEXT(2) 
PARAMETRIC_REPRESENTATION_CONTEXT() REPRESENTATION_CONTEXT('2D SPACE',''
  ) );
#8211 = ORIENTED_EDGE('',*,*,#8212,.F.);
#8212 = EDGE_CURVE('',#8213,#8192,#8215,.T.);
#8213 = VERTEX_POINT('',#8214);
#8214 = CARTESIAN_POINT('',(263.52573917371,-159.1700122375,
    41.495281374239));
#8215 = SURFACE_CURVE('',#8216,(#8220,#8227),.PCURVE_S1.);
#8216 = LINE('',#8217,#8218);
#8217 = CARTESIAN_POINT('',(263.45268589395,-158.695165919,
    41.495281374239));
#8218 = VECTOR('',#8219,1.);
#8219 = DIRECTION('',(0.152057184254,-0.988371697651,0.));
#8220 = PCURVE('',#4136,#8221);
#8221 = DEFINITIONAL_REPRESENTATION('',(#8222),#8226);
#8222 = LINE('',#8223,#8224);
#8223 = CARTESIAN_POINT('',(-12.09650258684,-6.81482020368));
#8224 = VECTOR('',#8225,1.);
#8225 = DIRECTION('',(-0.152057184254,-0.988371697651));
#8226 = ( GEOMETRIC_REPRESENTATION_CONTEXT(2) 
PARAMETRIC_REPRESENTATION_CONTEXT() REPRESENTATION_CONTEXT('2D SPACE',''
  ) );
#8227 = PCURVE('',#7980,#8228);
#8228 = DEFINITIONAL_REPRESENTATION('',(#8229),#8233);
#8229 = LINE('',#8230,#8231);
#8230 = CARTESIAN_POINT('',(-0.480432937917,-0.41));
#8231 = VECTOR('',#8232,1.);
#8232 = DIRECTION('',(1.,0.));
#8233 = ( GEOMETRIC_REPRESENTATION_CONTEXT(2) 
PARAMETRIC_REPRESENTATION_CONTEXT() REPRESENTATION_CONTEXT('2D SPACE',''
  ) );
#8234 = ORIENTED_EDGE('',*,*,#8235,.T.);
#8235 = EDGE_CURVE('',#8213,#8067,#8236,.T.);
#8236 = SURFACE_CURVE('',#8237,(#8242,#8253),.PCURVE_S1.);
#8237 = CIRCLE('',#8238,2.4);
#8238 = AXIS2_PLACEMENT_3D('',#8239,#8240,#8241);
#8239 = CARTESIAN_POINT('',(261.15364709935,-159.5349494797,
    41.495281374239));
#8240 = DIRECTION('',(0.,0.,1.));
#8241 = DIRECTION('',(0.152057184254,-0.988371697651,0.));
#8242 = PCURVE('',#4136,#8243);
#8243 = DEFINITIONAL_REPRESENTATION('',(#8244),#8252);
#8244 = ( BOUNDED_CURVE() B_SPLINE_CURVE(2,(#8245,#8246,#8247,#8248,
#8249,#8250,#8251),.UNSPECIFIED.,.T.,.F.) B_SPLINE_CURVE_WITH_KNOTS((1,2
    ,2,2,2,1),(-2.094395102393,0.,2.094395102393,4.188790204786,
6.28318530718,8.377580409573),.UNSPECIFIED.) CURVE() 
GEOMETRIC_REPRESENTATION_ITEM() RATIONAL_B_SPLINE_CURVE((1.,0.5,1.,0.5,
1.,0.5,1.)) REPRESENTATION_ITEM('') );
#8245 = CARTESIAN_POINT('',(-10.16240103445,-10.0266958387));
#8246 = CARTESIAN_POINT('',(-14.27098502747,-9.394605993626));
#8247 = CARTESIAN_POINT('',(-11.66928716764,-6.152512804624));
#8248 = CARTESIAN_POINT('',(-9.067589307822,-2.910419615623));
#8249 = CARTESIAN_POINT('',(-7.560703174623,-6.784602649705));
#8250 = CARTESIAN_POINT('',(-6.053817041425,-10.65878568378));
#8251 = CARTESIAN_POINT('',(-10.16240103445,-10.0266958387));
#8252 = ( GEOMETRIC_REPRESENTATION_CONTEXT(2) 
PARAMETRIC_REPRESENTATION_CONTEXT() REPRESENTATION_CONTEXT('2D SPACE',''
  ) );
#8253 = PCURVE('',#7953,#8254);
#8254 = DEFINITIONAL_REPRESENTATION('',(#8255),#8259);
#8255 = LINE('',#8256,#8257);
#8256 = CARTESIAN_POINT('',(-0.,-0.41));
#8257 = VECTOR('',#8258,1.);
#8258 = DIRECTION('',(-1.,0.));
#8259 = ( GEOMETRIC_REPRESENTATION_CONTEXT(2) 
PARAMETRIC_REPRESENTATION_CONTEXT() REPRESENTATION_CONTEXT('2D SPACE',''
  ) );
#8260 = ADVANCED_FACE('',(#8261),#4110,.T.);
#8261 = FACE_BOUND('',#8262,.T.);
#8262 = EDGE_LOOP('',(#8263,#8264,#8265,#8288));
#8263 = ORIENTED_EDGE('',*,*,#8115,.F.);
#8264 = ORIENTED_EDGE('',*,*,#4095,.F.);
#8265 = ORIENTED_EDGE('',*,*,#8266,.T.);
#8266 = EDGE_CURVE('',#4070,#8267,#8269,.T.);
#8267 = VERTEX_POINT('',#8268);
#8268 = CARTESIAN_POINT('',(262.55074754498,-157.1084066004,
    41.895281374239));
#8269 = SURFACE_CURVE('',#8270,(#8274,#8281),.PCURVE_S1.);
#8270 = LINE('',#8271,#8272);
#8271 = CARTESIAN_POINT('',(225.03606703524,-135.5090450948,
    41.895281374239));
#8272 = VECTOR('',#8273,1.);
#8273 = DIRECTION('',(0.866622456874,-0.498964444867,0.));
#8274 = PCURVE('',#4110,#8275);
#8275 = DEFINITIONAL_REPRESENTATION('',(#8276),#8280);
#8276 = LINE('',#8277,#8278);
#8277 = CARTESIAN_POINT('',(-3.441644682162E-02,-0.41));
#8278 = VECTOR('',#8279,1.);
#8279 = DIRECTION('',(1.,0.));
#8280 = ( GEOMETRIC_REPRESENTATION_CONTEXT(2) 
PARAMETRIC_REPRESENTATION_CONTEXT() REPRESENTATION_CONTEXT('2D SPACE',''
  ) );
#8281 = PCURVE('',#4084,#8282);
#8282 = DEFINITIONAL_REPRESENTATION('',(#8283),#8287);
#8283 = LINE('',#8284,#8285);
#8284 = CARTESIAN_POINT('',(26.320116271869,16.371300620508));
#8285 = VECTOR('',#8286,1.);
#8286 = DIRECTION('',(-0.866622456874,-0.498964444867));
#8287 = ( GEOMETRIC_REPRESENTATION_CONTEXT(2) 
PARAMETRIC_REPRESENTATION_CONTEXT() REPRESENTATION_CONTEXT('2D SPACE',''
  ) );
#8288 = ORIENTED_EDGE('',*,*,#8289,.F.);
#8289 = EDGE_CURVE('',#8116,#8267,#8290,.T.);
#8290 = SURFACE_CURVE('',#8291,(#8295,#8302),.PCURVE_S1.);
#8291 = LINE('',#8292,#8293);
#8292 = CARTESIAN_POINT('',(262.55074754498,-157.1084066004,
    41.485281374239));
#8293 = VECTOR('',#8294,1.);
#8294 = DIRECTION('',(0.,-0.,1.));
#8295 = PCURVE('',#4110,#8296);
#8296 = DEFINITIONAL_REPRESENTATION('',(#8297),#8301);
#8297 = LINE('',#8298,#8299);
#8298 = CARTESIAN_POINT('',(43.253961568502,0.));
#8299 = VECTOR('',#8300,1.);
#8300 = DIRECTION('',(0.,-1.));
#8301 = ( GEOMETRIC_REPRESENTATION_CONTEXT(2) 
PARAMETRIC_REPRESENTATION_CONTEXT() REPRESENTATION_CONTEXT('2D SPACE',''
  ) );
#8302 = PCURVE('',#8153,#8303);
#8303 = DEFINITIONAL_REPRESENTATION('',(#8304),#8308);
#8304 = LINE('',#8305,#8306);
#8305 = CARTESIAN_POINT('',(-2.466539893478,0.));
#8306 = VECTOR('',#8307,1.);
#8307 = DIRECTION('',(-0.,-1.));
#8308 = ( GEOMETRIC_REPRESENTATION_CONTEXT(2) 
PARAMETRIC_REPRESENTATION_CONTEXT() REPRESENTATION_CONTEXT('2D SPACE',''
  ) );
#8309 = ADVANCED_FACE('',(#8310),#4084,.T.);
#8310 = FACE_BOUND('',#8311,.T.);
#8311 = EDGE_LOOP('',(#8312,#8313,#8314,#8335,#8364,#8390,#8411,#8434));
#8312 = ORIENTED_EDGE('',*,*,#8266,.F.);
#8313 = ORIENTED_EDGE('',*,*,#4069,.F.);
#8314 = ORIENTED_EDGE('',*,*,#8315,.T.);
#8315 = EDGE_CURVE('',#4044,#8316,#8318,.T.);
#8316 = VERTEX_POINT('',#8317);
#8317 = CARTESIAN_POINT('',(262.75033332292,-156.7617576177,
    41.895281374239));
#8318 = SURFACE_CURVE('',#8319,(#8323,#8329),.PCURVE_S1.);
#8319 = LINE('',#8320,#8321);
#8320 = CARTESIAN_POINT('',(238.67381140091,-142.8995177232,
    41.895281374239));
#8321 = VECTOR('',#8322,1.);
#8322 = DIRECTION('',(0.866622456874,-0.498964444867,0.));
#8323 = PCURVE('',#4084,#8324);
#8324 = DEFINITIONAL_REPRESENTATION('',(#8325),#8328);
#8325 = B_SPLINE_CURVE_WITH_KNOTS('',1,(#8326,#8327),.UNSPECIFIED.,.F.,
  .F.,(2,2),(-15.47194215389,27.782019414611),.PIECEWISE_BEZIER_KNOTS.);
#8326 = CARTESIAN_POINT('',(26.090704428221,16.700777019976));
#8327 = CARTESIAN_POINT('',(-11.39415001581,-4.881411902348));
#8328 = ( GEOMETRIC_REPRESENTATION_CONTEXT(2) 
PARAMETRIC_REPRESENTATION_CONTEXT() REPRESENTATION_CONTEXT('2D SPACE',''
  ) );
#8329 = PCURVE('',#4058,#8330);
#8330 = DEFINITIONAL_REPRESENTATION('',(#8331),#8334);
#8331 = B_SPLINE_CURVE_WITH_KNOTS('',1,(#8332,#8333),.UNSPECIFIED.,.F.,
  .F.,(2,2),(-15.47194215389,27.782019414611),.PIECEWISE_BEZIER_KNOTS.);
#8332 = CARTESIAN_POINT('',(0.,-9.999999999991E-03));
#8333 = CARTESIAN_POINT('',(43.253961568502,-9.999999999991E-03));
#8334 = ( GEOMETRIC_REPRESENTATION_CONTEXT(2) 
PARAMETRIC_REPRESENTATION_CONTEXT() REPRESENTATION_CONTEXT('2D SPACE',''
  ) );
#8335 = ORIENTED_EDGE('',*,*,#8336,.T.);
#8336 = EDGE_CURVE('',#8316,#8337,#8339,.T.);
#8337 = VERTEX_POINT('',#8338);
#8338 = CARTESIAN_POINT('',(264.31643653183,-159.0483664901,
    41.895281374239));
#8339 = SURFACE_CURVE('',#8340,(#8345,#8352),.PCURVE_S1.);
#8340 = CIRCLE('',#8341,3.2);
#8341 = AXIS2_PLACEMENT_3D('',#8342,#8343,#8344);
#8342 = CARTESIAN_POINT('',(261.15364709935,-159.5349494797,
    41.895281374239));
#8343 = DIRECTION('',(0.,-0.,-1.));
#8344 = DIRECTION('',(0.152057184254,-0.988371697651,0.));
#8345 = PCURVE('',#4084,#8346);
#8346 = DEFINITIONAL_REPRESENTATION('',(#8347),#8351);
#8347 = CIRCLE('',#8348,3.2);
#8348 = AXIS2_PLACEMENT_2D('',#8349,#8350);
#8349 = CARTESIAN_POINT('',(-9.797463792241,-7.654603764346));
#8350 = DIRECTION('',(-0.152057184254,-0.988371697651));
#8351 = ( GEOMETRIC_REPRESENTATION_CONTEXT(2) 
PARAMETRIC_REPRESENTATION_CONTEXT() REPRESENTATION_CONTEXT('2D SPACE',''
  ) );
#8352 = PCURVE('',#8353,#8358);
#8353 = CYLINDRICAL_SURFACE('',#8354,3.2);
#8354 = AXIS2_PLACEMENT_3D('',#8355,#8356,#8357);
#8355 = CARTESIAN_POINT('',(261.15364709935,-159.5349494797,
    41.885281374239));
#8356 = DIRECTION('',(-0.,-0.,-1.));
#8357 = DIRECTION('',(0.152057184254,-0.988371697651,0.));
#8358 = DEFINITIONAL_REPRESENTATION('',(#8359),#8363);
#8359 = LINE('',#8360,#8361);
#8360 = CARTESIAN_POINT('',(-6.28318530718,-9.999999999991E-03));
#8361 = VECTOR('',#8362,1.);
#8362 = DIRECTION('',(1.,-0.));
#8363 = ( GEOMETRIC_REPRESENTATION_CONTEXT(2) 
PARAMETRIC_REPRESENTATION_CONTEXT() REPRESENTATION_CONTEXT('2D SPACE',''
  ) );
#8364 = ORIENTED_EDGE('',*,*,#8365,.T.);
#8365 = EDGE_CURVE('',#8337,#8366,#8368,.T.);
#8366 = VERTEX_POINT('',#8367);
#8367 = CARTESIAN_POINT('',(265.61189791035,-167.4688654505,
    41.895281374239));
#8368 = SURFACE_CURVE('',#8369,(#8373,#8379),.PCURVE_S1.);
#8369 = LINE('',#8370,#8371);
#8370 = CARTESIAN_POINT('',(263.62796961552,-154.5733315341,
    41.895281374239));
#8371 = VECTOR('',#8372,1.);
#8372 = DIRECTION('',(0.152057184254,-0.988371697651,0.));
#8373 = PCURVE('',#4084,#8374);
#8374 = DEFINITIONAL_REPRESENTATION('',(#8375),#8378);
#8375 = B_SPLINE_CURVE_WITH_KNOTS('',1,(#8376,#8377),.UNSPECIFIED.,.F.,
  .F.,(2,2),(4.527684237244,13.498576523721),.PIECEWISE_BEZIER_KNOTS.);
#8376 = CARTESIAN_POINT('',(-12.96025322472,-7.168020774733));
#8377 = CARTESIAN_POINT('',(-14.32434184605,-16.03459681335));
#8378 = ( GEOMETRIC_REPRESENTATION_CONTEXT(2) 
PARAMETRIC_REPRESENTATION_CONTEXT() REPRESENTATION_CONTEXT('2D SPACE',''
  ) );
#8379 = PCURVE('',#8380,#8385);
#8380 = PLANE('',#8381);
#8381 = AXIS2_PLACEMENT_3D('',#8382,#8383,#8384);
#8382 = CARTESIAN_POINT('',(264.31643653183,-159.0483664901,
    41.885281374239));
#8383 = DIRECTION('',(0.988371697651,0.152057184254,0.));
#8384 = DIRECTION('',(0.152057184254,-0.988371697651,0.));
#8385 = DEFINITIONAL_REPRESENTATION('',(#8386),#8389);
#8386 = B_SPLINE_CURVE_WITH_KNOTS('',1,(#8387,#8388),.UNSPECIFIED.,.F.,
  .F.,(2,2),(4.527684237244,13.498576523721),.PIECEWISE_BEZIER_KNOTS.);
#8387 = CARTESIAN_POINT('',(-1.59872115546E-14,-9.999999999991E-03));
#8388 = CARTESIAN_POINT('',(8.970892286477,-9.999999999991E-03));
#8389 = ( GEOMETRIC_REPRESENTATION_CONTEXT(2) 
PARAMETRIC_REPRESENTATION_CONTEXT() REPRESENTATION_CONTEXT('2D SPACE',''
  ) );
#8390 = ORIENTED_EDGE('',*,*,#8391,.F.);
#8391 = EDGE_CURVE('',#8392,#8366,#8394,.T.);
#8392 = VERTEX_POINT('',#8393);
#8393 = CARTESIAN_POINT('',(265.21654923129,-167.5296883242,
    41.895281374239));
#8394 = SURFACE_CURVE('',#8395,(#8399,#8405),.PCURVE_S1.);
#8395 = LINE('',#8396,#8397);
#8396 = CARTESIAN_POINT('',(264.66325953279,-167.6148098162,
    41.895281374239));
#8397 = VECTOR('',#8398,1.);
#8398 = DIRECTION('',(0.988371697651,0.152057184254,-0.));
#8399 = PCURVE('',#4084,#8400);
#8400 = DEFINITIONAL_REPRESENTATION('',(#8401),#8404);
#8401 = B_SPLINE_CURVE_WITH_KNOTS('',1,(#8402,#8403),.UNSPECIFIED.,.F.,
  .F.,(2,2),(-4.604404033146,10.759799213011),.PIECEWISE_BEZIER_KNOTS.);
#8402 = CARTESIAN_POINT('',(-8.756213594769,-16.43459681335));
#8403 = CARTESIAN_POINT('',(-23.94175724022,-14.09835932944));
#8404 = ( GEOMETRIC_REPRESENTATION_CONTEXT(2) 
PARAMETRIC_REPRESENTATION_CONTEXT() REPRESENTATION_CONTEXT('2D SPACE',''
  ) );
#8405 = PCURVE('',#4813,#8406);
#8406 = DEFINITIONAL_REPRESENTATION('',(#8407),#8410);
#8407 = B_SPLINE_CURVE_WITH_KNOTS('',1,(#8408,#8409),.UNSPECIFIED.,.F.,
  .F.,(2,2),(-4.604404033146,10.759799213011),.PIECEWISE_BEZIER_KNOTS.);
#8408 = CARTESIAN_POINT('',(15.364203246157,-34.70528137423));
#8409 = CARTESIAN_POINT('',(0.,-34.70528137423));
#8410 = ( GEOMETRIC_REPRESENTATION_CONTEXT(2) 
PARAMETRIC_REPRESENTATION_CONTEXT() REPRESENTATION_CONTEXT('2D SPACE',''
  ) );
#8411 = ORIENTED_EDGE('',*,*,#8412,.F.);
#8412 = EDGE_CURVE('',#8413,#8392,#8415,.T.);
#8413 = VERTEX_POINT('',#8414);
#8414 = CARTESIAN_POINT('',(263.92108785277,-159.1091893638,
    41.895281374239));
#8415 = SURFACE_CURVE('',#8416,(#8420,#8427),.PCURVE_S1.);
#8416 = LINE('',#8417,#8418);
#8417 = CARTESIAN_POINT('',(263.84803457301,-158.6343430453,
    41.895281374239));
#8418 = VECTOR('',#8419,1.);
#8419 = DIRECTION('',(0.152057184254,-0.988371697651,0.));
#8420 = PCURVE('',#4084,#8421);
#8421 = DEFINITIONAL_REPRESENTATION('',(#8422),#8426);
#8422 = LINE('',#8423,#8424);
#8423 = CARTESIAN_POINT('',(-12.4918512659,-6.753997329978));
#8424 = VECTOR('',#8425,1.);
#8425 = DIRECTION('',(-0.152057184254,-0.988371697651));
#8426 = ( GEOMETRIC_REPRESENTATION_CONTEXT(2) 
PARAMETRIC_REPRESENTATION_CONTEXT() REPRESENTATION_CONTEXT('2D SPACE',''
  ) );
#8427 = PCURVE('',#8180,#8428);
#8428 = DEFINITIONAL_REPRESENTATION('',(#8429),#8433);
#8429 = LINE('',#8430,#8431);
#8430 = CARTESIAN_POINT('',(-0.480432937917,-0.41));
#8431 = VECTOR('',#8432,1.);
#8432 = DIRECTION('',(1.,0.));
#8433 = ( GEOMETRIC_REPRESENTATION_CONTEXT(2) 
PARAMETRIC_REPRESENTATION_CONTEXT() REPRESENTATION_CONTEXT('2D SPACE',''
  ) );
#8434 = ORIENTED_EDGE('',*,*,#8435,.T.);
#8435 = EDGE_CURVE('',#8413,#8267,#8436,.T.);
#8436 = SURFACE_CURVE('',#8437,(#8442,#8453),.PCURVE_S1.);
#8437 = CIRCLE('',#8438,2.8);
#8438 = AXIS2_PLACEMENT_3D('',#8439,#8440,#8441);
#8439 = CARTESIAN_POINT('',(261.15364709935,-159.5349494797,
    41.895281374239));
#8440 = DIRECTION('',(0.,0.,1.));
#8441 = DIRECTION('',(0.152057184254,-0.988371697651,0.));
#8442 = PCURVE('',#4084,#8443);
#8443 = DEFINITIONAL_REPRESENTATION('',(#8444),#8452);
#8444 = ( BOUNDED_CURVE() B_SPLINE_CURVE(2,(#8445,#8446,#8447,#8448,
#8449,#8450,#8451),.UNSPECIFIED.,.T.,.F.) B_SPLINE_CURVE_WITH_KNOTS((1,2
    ,2,2,2,1),(-2.094395102393,0.,2.094395102393,4.188790204786,
6.28318530718,8.377580409573),.UNSPECIFIED.) CURVE() 
GEOMETRIC_REPRESENTATION_ITEM() RATIONAL_B_SPLINE_CURVE((1.,0.5,1.,0.5,
1.,0.5,1.)) REPRESENTATION_ITEM('') );
#8445 = CARTESIAN_POINT('',(-10.22322390815,-10.42204451776));
#8446 = CARTESIAN_POINT('',(-15.01657190001,-9.684606365173));
#8447 = CARTESIAN_POINT('',(-11.98125773021,-5.902164311338));
#8448 = CARTESIAN_POINT('',(-8.945943560419,-2.119722257502));
#8449 = CARTESIAN_POINT('',(-7.187909738354,-6.639602463932));
#8450 = CARTESIAN_POINT('',(-5.429875916289,-11.15948267036));
#8451 = CARTESIAN_POINT('',(-10.22322390815,-10.42204451776));
#8452 = ( GEOMETRIC_REPRESENTATION_CONTEXT(2) 
PARAMETRIC_REPRESENTATION_CONTEXT() REPRESENTATION_CONTEXT('2D SPACE',''
  ) );
#8453 = PCURVE('',#8153,#8454);
#8454 = DEFINITIONAL_REPRESENTATION('',(#8455),#8459);
#8455 = LINE('',#8456,#8457);
#8456 = CARTESIAN_POINT('',(-0.,-0.41));
#8457 = VECTOR('',#8458,1.);
#8458 = DIRECTION('',(-1.,0.));
#8459 = ( GEOMETRIC_REPRESENTATION_CONTEXT(2) 
PARAMETRIC_REPRESENTATION_CONTEXT() REPRESENTATION_CONTEXT('2D SPACE',''
  ) );
#8460 = ADVANCED_FACE('',(#8461),#4058,.T.);
#8461 = FACE_BOUND('',#8462,.T.);
#8462 = EDGE_LOOP('',(#8463,#8464,#8465,#8488));
#8463 = ORIENTED_EDGE('',*,*,#8315,.F.);
#8464 = ORIENTED_EDGE('',*,*,#4043,.F.);
#8465 = ORIENTED_EDGE('',*,*,#8466,.T.);
#8466 = EDGE_CURVE('',#4018,#8467,#8469,.T.);
#8467 = VERTEX_POINT('',#8468);
#8468 = CARTESIAN_POINT('',(262.75033332292,-156.7617576177,
    42.295281374239));
#8469 = SURFACE_CURVE('',#8470,(#8474,#8481),.PCURVE_S1.);
#8470 = LINE('',#8471,#8472);
#8471 = CARTESIAN_POINT('',(225.23565281319,-135.1623961121,
    42.295281374239));
#8472 = VECTOR('',#8473,1.);
#8473 = DIRECTION('',(0.866622456874,-0.498964444867,0.));
#8474 = PCURVE('',#4058,#8475);
#8475 = DEFINITIONAL_REPRESENTATION('',(#8476),#8480);
#8476 = LINE('',#8477,#8478);
#8477 = CARTESIAN_POINT('',(-3.441644682162E-02,-0.41));
#8478 = VECTOR('',#8479,1.);
#8479 = DIRECTION('',(1.,0.));
#8480 = ( GEOMETRIC_REPRESENTATION_CONTEXT(2) 
PARAMETRIC_REPRESENTATION_CONTEXT() REPRESENTATION_CONTEXT('2D SPACE',''
  ) );
#8481 = PCURVE('',#4032,#8482);
#8482 = DEFINITIONAL_REPRESENTATION('',(#8483),#8487);
#8483 = LINE('',#8484,#8485);
#8484 = CARTESIAN_POINT('',(26.120530493922,16.717949603258));
#8485 = VECTOR('',#8486,1.);
#8486 = DIRECTION('',(-0.866622456874,-0.498964444867));
#8487 = ( GEOMETRIC_REPRESENTATION_CONTEXT(2) 
PARAMETRIC_REPRESENTATION_CONTEXT() REPRESENTATION_CONTEXT('2D SPACE',''
  ) );
#8488 = ORIENTED_EDGE('',*,*,#8489,.F.);
#8489 = EDGE_CURVE('',#8316,#8467,#8490,.T.);
#8490 = SURFACE_CURVE('',#8491,(#8495,#8502),.PCURVE_S1.);
#8491 = LINE('',#8492,#8493);
#8492 = CARTESIAN_POINT('',(262.75033332292,-156.7617576177,
    41.885281374239));
#8493 = VECTOR('',#8494,1.);
#8494 = DIRECTION('',(0.,-0.,1.));
#8495 = PCURVE('',#4058,#8496);
#8496 = DEFINITIONAL_REPRESENTATION('',(#8497),#8501);
#8497 = LINE('',#8498,#8499);
#8498 = CARTESIAN_POINT('',(43.253961568502,0.));
#8499 = VECTOR('',#8500,1.);
#8500 = DIRECTION('',(0.,-1.));
#8501 = ( GEOMETRIC_REPRESENTATION_CONTEXT(2) 
PARAMETRIC_REPRESENTATION_CONTEXT() REPRESENTATION_CONTEXT('2D SPACE',''
  ) );
#8502 = PCURVE('',#8353,#8503);
#8503 = DEFINITIONAL_REPRESENTATION('',(#8504),#8508);
#8504 = LINE('',#8505,#8506);
#8505 = CARTESIAN_POINT('',(-2.466539893478,0.));
#8506 = VECTOR('',#8507,1.);
#8507 = DIRECTION('',(-0.,-1.));
#8508 = ( GEOMETRIC_REPRESENTATION_CONTEXT(2) 
PARAMETRIC_REPRESENTATION_CONTEXT() REPRESENTATION_CONTEXT('2D SPACE',''
  ) );
#8509 = ADVANCED_FACE('',(#8510),#4032,.T.);
#8510 = FACE_BOUND('',#8511,.T.);
#8511 = EDGE_LOOP('',(#8512,#8513,#8514,#8535,#8564,#8590,#8611,#8634));
#8512 = ORIENTED_EDGE('',*,*,#8466,.F.);
#8513 = ORIENTED_EDGE('',*,*,#4017,.F.);
#8514 = ORIENTED_EDGE('',*,*,#8515,.T.);
#8515 = EDGE_CURVE('',#3992,#8516,#8518,.T.);
#8516 = VERTEX_POINT('',#8517);
#8517 = CARTESIAN_POINT('',(262.94991910087,-156.4151086349,
    42.295281374239));
#8518 = SURFACE_CURVE('',#8519,(#8523,#8529),.PCURVE_S1.);
#8519 = LINE('',#8520,#8521);
#8520 = CARTESIAN_POINT('',(238.87339717885,-142.5528687404,
    42.295281374239));
#8521 = VECTOR('',#8522,1.);
#8522 = DIRECTION('',(0.866622456874,-0.498964444867,0.));
#8523 = PCURVE('',#4032,#8524);
#8524 = DEFINITIONAL_REPRESENTATION('',(#8525),#8528);
#8525 = B_SPLINE_CURVE_WITH_KNOTS('',1,(#8526,#8527),.UNSPECIFIED.,.F.,
  .F.,(2,2),(-15.47194215389,27.782019414611),.PIECEWISE_BEZIER_KNOTS.);
#8526 = CARTESIAN_POINT('',(25.891118650274,17.047426002725));
#8527 = CARTESIAN_POINT('',(-11.59373579376,-4.534762919599));
#8528 = ( GEOMETRIC_REPRESENTATION_CONTEXT(2) 
PARAMETRIC_REPRESENTATION_CONTEXT() REPRESENTATION_CONTEXT('2D SPACE',''
  ) );
#8529 = PCURVE('',#4006,#8530);
#8530 = DEFINITIONAL_REPRESENTATION('',(#8531),#8534);
#8531 = B_SPLINE_CURVE_WITH_KNOTS('',1,(#8532,#8533),.UNSPECIFIED.,.F.,
  .F.,(2,2),(-15.47194215389,27.782019414611),.PIECEWISE_BEZIER_KNOTS.);
#8532 = CARTESIAN_POINT('',(0.,-9.999999999998E-03));
#8533 = CARTESIAN_POINT('',(43.253961568502,-9.999999999998E-03));
#8534 = ( GEOMETRIC_REPRESENTATION_CONTEXT(2) 
PARAMETRIC_REPRESENTATION_CONTEXT() REPRESENTATION_CONTEXT('2D SPACE',''
  ) );
#8535 = ORIENTED_EDGE('',*,*,#8536,.T.);
#8536 = EDGE_CURVE('',#8516,#8537,#8539,.T.);
#8537 = VERTEX_POINT('',#8538);
#8538 = CARTESIAN_POINT('',(264.71178521089,-158.9875436164,
    42.295281374239));
#8539 = SURFACE_CURVE('',#8540,(#8545,#8552),.PCURVE_S1.);
#8540 = CIRCLE('',#8541,3.6);
#8541 = AXIS2_PLACEMENT_3D('',#8542,#8543,#8544);
#8542 = CARTESIAN_POINT('',(261.15364709935,-159.5349494797,
    42.295281374239));
#8543 = DIRECTION('',(0.,-0.,-1.));
#8544 = DIRECTION('',(0.152057184254,-0.988371697651,0.));
#8545 = PCURVE('',#4032,#8546);
#8546 = DEFINITIONAL_REPRESENTATION('',(#8547),#8551);
#8547 = CIRCLE('',#8548,3.6);
#8548 = AXIS2_PLACEMENT_2D('',#8549,#8550);
#8549 = CARTESIAN_POINT('',(-9.797463792241,-7.654603764346));
#8550 = DIRECTION('',(-0.152057184254,-0.988371697651));
#8551 = ( GEOMETRIC_REPRESENTATION_CONTEXT(2) 
PARAMETRIC_REPRESENTATION_CONTEXT() REPRESENTATION_CONTEXT('2D SPACE',''
  ) );
#8552 = PCURVE('',#8553,#8558);
#8553 = CYLINDRICAL_SURFACE('',#8554,3.6);
#8554 = AXIS2_PLACEMENT_3D('',#8555,#8556,#8557);
#8555 = CARTESIAN_POINT('',(261.15364709935,-159.5349494797,
    42.285281374239));
#8556 = DIRECTION('',(-0.,-0.,-1.));
#8557 = DIRECTION('',(0.152057184254,-0.988371697651,0.));
#8558 = DEFINITIONAL_REPRESENTATION('',(#8559),#8563);
#8559 = LINE('',#8560,#8561);
#8560 = CARTESIAN_POINT('',(-6.28318530718,-9.999999999998E-03));
#8561 = VECTOR('',#8562,1.);
#8562 = DIRECTION('',(1.,-0.));
#8563 = ( GEOMETRIC_REPRESENTATION_CONTEXT(2) 
PARAMETRIC_REPRESENTATION_CONTEXT() REPRESENTATION_CONTEXT('2D SPACE',''
  ) );
#8564 = ORIENTED_EDGE('',*,*,#8565,.T.);
#8565 = EDGE_CURVE('',#8537,#8566,#8568,.T.);
#8566 = VERTEX_POINT('',#8567);
#8567 = CARTESIAN_POINT('',(266.00724658941,-167.4080425768,
    42.295281374239));
#8568 = SURFACE_CURVE('',#8569,(#8573,#8579),.PCURVE_S1.);
#8569 = LINE('',#8570,#8571);
#8570 = CARTESIAN_POINT('',(264.02331829458,-154.5125086604,
    42.295281374239));
#8571 = VECTOR('',#8572,1.);
#8572 = DIRECTION('',(0.152057184254,-0.988371697651,0.));
#8573 = PCURVE('',#4032,#8574);
#8574 = DEFINITIONAL_REPRESENTATION('',(#8575),#8578);
#8575 = B_SPLINE_CURVE_WITH_KNOTS('',1,(#8576,#8577),.UNSPECIFIED.,.F.,
  .F.,(2,2),(4.527684237244,13.155408941014),.PIECEWISE_BEZIER_KNOTS.);
#8576 = CARTESIAN_POINT('',(-13.35560190378,-7.107197901031));
#8577 = CARTESIAN_POINT('',(-14.66750942875,-15.63459681335));
#8578 = ( GEOMETRIC_REPRESENTATION_CONTEXT(2) 
PARAMETRIC_REPRESENTATION_CONTEXT() REPRESENTATION_CONTEXT('2D SPACE',''
  ) );
#8579 = PCURVE('',#8580,#8585);
#8580 = PLANE('',#8581);
#8581 = AXIS2_PLACEMENT_3D('',#8582,#8583,#8584);
#8582 = CARTESIAN_POINT('',(264.71178521089,-158.9875436164,
    42.285281374239));
#8583 = DIRECTION('',(0.988371697651,0.152057184254,0.));
#8584 = DIRECTION('',(0.152057184254,-0.988371697651,0.));
#8585 = DEFINITIONAL_REPRESENTATION('',(#8586),#8589);
#8586 = B_SPLINE_CURVE_WITH_KNOTS('',1,(#8587,#8588),.UNSPECIFIED.,.F.,
  .F.,(2,2),(4.527684237244,13.155408941014),.PIECEWISE_BEZIER_KNOTS.);
#8587 = CARTESIAN_POINT('',(-1.68753899743E-14,-9.999999999998E-03));
#8588 = CARTESIAN_POINT('',(8.627724703771,-9.999999999998E-03));
#8589 = ( GEOMETRIC_REPRESENTATION_CONTEXT(2) 
PARAMETRIC_REPRESENTATION_CONTEXT() REPRESENTATION_CONTEXT('2D SPACE',''
  ) );
#8590 = ORIENTED_EDGE('',*,*,#8591,.F.);
#8591 = EDGE_CURVE('',#8592,#8566,#8594,.T.);
#8592 = VERTEX_POINT('',#8593);
#8593 = CARTESIAN_POINT('',(265.61189791035,-167.4688654505,
    42.295281374239));
#8594 = SURFACE_CURVE('',#8595,(#8599,#8605),.PCURVE_S1.);
#8595 = LINE('',#8596,#8597);
#8596 = CARTESIAN_POINT('',(264.66325953279,-167.6148098162,
    42.295281374239));
#8597 = VECTOR('',#8598,1.);
#8598 = DIRECTION('',(0.988371697651,0.152057184254,-0.));
#8599 = PCURVE('',#4032,#8600);
#8600 = DEFINITIONAL_REPRESENTATION('',(#8601),#8604);
#8601 = B_SPLINE_CURVE_WITH_KNOTS('',1,(#8602,#8603),.UNSPECIFIED.,.F.,
  .F.,(2,2),(-1.973814745553,10.759799213011),.PIECEWISE_BEZIER_KNOTS.);
#8602 = CARTESIAN_POINT('',(-11.35621359476,-16.03459681335));
#8603 = CARTESIAN_POINT('',(-23.94175724022,-14.09835932944));
#8604 = ( GEOMETRIC_REPRESENTATION_CONTEXT(2) 
PARAMETRIC_REPRESENTATION_CONTEXT() REPRESENTATION_CONTEXT('2D SPACE',''
  ) );
#8605 = PCURVE('',#4813,#8606);
#8606 = DEFINITIONAL_REPRESENTATION('',(#8607),#8610);
#8607 = B_SPLINE_CURVE_WITH_KNOTS('',1,(#8608,#8609),.UNSPECIFIED.,.F.,
  .F.,(2,2),(-1.973814745553,10.759799213011),.PIECEWISE_BEZIER_KNOTS.);
#8608 = CARTESIAN_POINT('',(12.733613958564,-35.10528137423));
#8609 = CARTESIAN_POINT('',(0.,-35.10528137423));
#8610 = ( GEOMETRIC_REPRESENTATION_CONTEXT(2) 
PARAMETRIC_REPRESENTATION_CONTEXT() REPRESENTATION_CONTEXT('2D SPACE',''
  ) );
#8611 = ORIENTED_EDGE('',*,*,#8612,.F.);
#8612 = EDGE_CURVE('',#8613,#8592,#8615,.T.);
#8613 = VERTEX_POINT('',#8614);
#8614 = CARTESIAN_POINT('',(264.31643653183,-159.0483664901,
    42.295281374239));
#8615 = SURFACE_CURVE('',#8616,(#8620,#8627),.PCURVE_S1.);
#8616 = LINE('',#8617,#8618);
#8617 = CARTESIAN_POINT('',(264.24338325207,-158.5735201716,
    42.295281374239));
#8618 = VECTOR('',#8619,1.);
#8619 = DIRECTION('',(0.152057184254,-0.988371697651,0.));
#8620 = PCURVE('',#4032,#8621);
#8621 = DEFINITIONAL_REPRESENTATION('',(#8622),#8626);
#8622 = LINE('',#8623,#8624);
#8623 = CARTESIAN_POINT('',(-12.88719994496,-6.693174456276));
#8624 = VECTOR('',#8625,1.);
#8625 = DIRECTION('',(-0.152057184254,-0.988371697651));
#8626 = ( GEOMETRIC_REPRESENTATION_CONTEXT(2) 
PARAMETRIC_REPRESENTATION_CONTEXT() REPRESENTATION_CONTEXT('2D SPACE',''
  ) );
#8627 = PCURVE('',#8380,#8628);
#8628 = DEFINITIONAL_REPRESENTATION('',(#8629),#8633);
#8629 = LINE('',#8630,#8631);
#8630 = CARTESIAN_POINT('',(-0.480432937917,-0.41));
#8631 = VECTOR('',#8632,1.);
#8632 = DIRECTION('',(1.,0.));
#8633 = ( GEOMETRIC_REPRESENTATION_CONTEXT(2) 
PARAMETRIC_REPRESENTATION_CONTEXT() REPRESENTATION_CONTEXT('2D SPACE',''
  ) );
#8634 = ORIENTED_EDGE('',*,*,#8635,.T.);
#8635 = EDGE_CURVE('',#8613,#8467,#8636,.T.);
#8636 = SURFACE_CURVE('',#8637,(#8642,#8653),.PCURVE_S1.);
#8637 = CIRCLE('',#8638,3.2);
#8638 = AXIS2_PLACEMENT_3D('',#8639,#8640,#8641);
#8639 = CARTESIAN_POINT('',(261.15364709935,-159.5349494797,
    42.295281374239));
#8640 = DIRECTION('',(0.,0.,1.));
#8641 = DIRECTION('',(0.152057184254,-0.988371697651,0.));
#8642 = PCURVE('',#4032,#8643);
#8643 = DEFINITIONAL_REPRESENTATION('',(#8644),#8652);
#8644 = ( BOUNDED_CURVE() B_SPLINE_CURVE(2,(#8645,#8646,#8647,#8648,
#8649,#8650,#8651),.UNSPECIFIED.,.T.,.F.) B_SPLINE_CURVE_WITH_KNOTS((1,2
    ,2,2,2,1),(-2.094395102393,0.,2.094395102393,4.188790204786,
6.28318530718,8.377580409573),.UNSPECIFIED.) CURVE() 
GEOMETRIC_REPRESENTATION_ITEM() RATIONAL_B_SPLINE_CURVE((1.,0.5,1.,0.5,
1.,0.5,1.)) REPRESENTATION_ITEM('') );
#8645 = CARTESIAN_POINT('',(-10.28404678185,-10.81739319682));
#8646 = CARTESIAN_POINT('',(-15.76215877255,-9.97460673672));
#8647 = CARTESIAN_POINT('',(-12.29322829278,-5.651815818051));
#8648 = CARTESIAN_POINT('',(-8.824297813016,-1.329024899382));
#8649 = CARTESIAN_POINT('',(-6.815116302084,-6.494602278159));
#8650 = CARTESIAN_POINT('',(-4.805934791153,-11.66017965693));
#8651 = CARTESIAN_POINT('',(-10.28404678185,-10.81739319682));
#8652 = ( GEOMETRIC_REPRESENTATION_CONTEXT(2) 
PARAMETRIC_REPRESENTATION_CONTEXT() REPRESENTATION_CONTEXT('2D SPACE',''
  ) );
#8653 = PCURVE('',#8353,#8654);
#8654 = DEFINITIONAL_REPRESENTATION('',(#8655),#8659);
#8655 = LINE('',#8656,#8657);
#8656 = CARTESIAN_POINT('',(-0.,-0.41));
#8657 = VECTOR('',#8658,1.);
#8658 = DIRECTION('',(-1.,0.));
#8659 = ( GEOMETRIC_REPRESENTATION_CONTEXT(2) 
PARAMETRIC_REPRESENTATION_CONTEXT() REPRESENTATION_CONTEXT('2D SPACE',''
  ) );
#8660 = ADVANCED_FACE('',(#8661),#4006,.T.);
#8661 = FACE_BOUND('',#8662,.T.);
#8662 = EDGE_LOOP('',(#8663,#8664,#8665,#8688));
#8663 = ORIENTED_EDGE('',*,*,#8515,.F.);
#8664 = ORIENTED_EDGE('',*,*,#3991,.F.);
#8665 = ORIENTED_EDGE('',*,*,#8666,.T.);
#8666 = EDGE_CURVE('',#3966,#8667,#8669,.T.);
#8667 = VERTEX_POINT('',#8668);
#8668 = CARTESIAN_POINT('',(262.94991910087,-156.4151086349,
    42.695281374239));
#8669 = SURFACE_CURVE('',#8670,(#8674,#8681),.PCURVE_S1.);
#8670 = LINE('',#8671,#8672);
#8671 = CARTESIAN_POINT('',(225.43523859113,-134.8157471293,
    42.695281374239));
#8672 = VECTOR('',#8673,1.);
#8673 = DIRECTION('',(0.866622456874,-0.498964444867,0.));
#8674 = PCURVE('',#4006,#8675);
#8675 = DEFINITIONAL_REPRESENTATION('',(#8676),#8680);
#8676 = LINE('',#8677,#8678);
#8677 = CARTESIAN_POINT('',(-3.441644682162E-02,-0.41));
#8678 = VECTOR('',#8679,1.);
#8679 = DIRECTION('',(1.,0.));
#8680 = ( GEOMETRIC_REPRESENTATION_CONTEXT(2) 
PARAMETRIC_REPRESENTATION_CONTEXT() REPRESENTATION_CONTEXT('2D SPACE',''
  ) );
#8681 = PCURVE('',#3980,#8682);
#8682 = DEFINITIONAL_REPRESENTATION('',(#8683),#8687);
#8683 = LINE('',#8684,#8685);
#8684 = CARTESIAN_POINT('',(25.920944715976,17.064598586008));
#8685 = VECTOR('',#8686,1.);
#8686 = DIRECTION('',(-0.866622456874,-0.498964444867));
#8687 = ( GEOMETRIC_REPRESENTATION_CONTEXT(2) 
PARAMETRIC_REPRESENTATION_CONTEXT() REPRESENTATION_CONTEXT('2D SPACE',''
  ) );
#8688 = ORIENTED_EDGE('',*,*,#8689,.F.);
#8689 = EDGE_CURVE('',#8516,#8667,#8690,.T.);
#8690 = SURFACE_CURVE('',#8691,(#8695,#8702),.PCURVE_S1.);
#8691 = LINE('',#8692,#8693);
#8692 = CARTESIAN_POINT('',(262.94991910087,-156.4151086349,
    42.285281374239));
#8693 = VECTOR('',#8694,1.);
#8694 = DIRECTION('',(0.,-0.,1.));
#8695 = PCURVE('',#4006,#8696);
#8696 = DEFINITIONAL_REPRESENTATION('',(#8697),#8701);
#8697 = LINE('',#8698,#8699);
#8698 = CARTESIAN_POINT('',(43.253961568502,0.));
#8699 = VECTOR('',#8700,1.);
#8700 = DIRECTION('',(0.,-1.));
#8701 = ( GEOMETRIC_REPRESENTATION_CONTEXT(2) 
PARAMETRIC_REPRESENTATION_CONTEXT() REPRESENTATION_CONTEXT('2D SPACE',''
  ) );
#8702 = PCURVE('',#8553,#8703);
#8703 = DEFINITIONAL_REPRESENTATION('',(#8704),#8708);
#8704 = LINE('',#8705,#8706);
#8705 = CARTESIAN_POINT('',(-2.466539893478,0.));
#8706 = VECTOR('',#8707,1.);
#8707 = DIRECTION('',(-0.,-1.));
#8708 = ( GEOMETRIC_REPRESENTATION_CONTEXT(2) 
PARAMETRIC_REPRESENTATION_CONTEXT() REPRESENTATION_CONTEXT('2D SPACE',''
  ) );
#8709 = ADVANCED_FACE('',(#8710),#3980,.T.);
#8710 = FACE_BOUND('',#8711,.T.);
#8711 = EDGE_LOOP('',(#8712,#8713,#8714,#8735,#8764,#8790,#8816,#8837,
    #8860));
#8712 = ORIENTED_EDGE('',*,*,#8666,.F.);
#8713 = ORIENTED_EDGE('',*,*,#3965,.F.);
#8714 = ORIENTED_EDGE('',*,*,#8715,.T.);
#8715 = EDGE_CURVE('',#3940,#8716,#8718,.T.);
#8716 = VERTEX_POINT('',#8717);
#8717 = CARTESIAN_POINT('',(263.14950487882,-156.0684596522,
    42.695281374239));
#8718 = SURFACE_CURVE('',#8719,(#8723,#8729),.PCURVE_S1.);
#8719 = LINE('',#8720,#8721);
#8720 = CARTESIAN_POINT('',(239.0729829568,-142.2062197577,
    42.695281374239));
#8721 = VECTOR('',#8722,1.);
#8722 = DIRECTION('',(0.866622456874,-0.498964444867,0.));
#8723 = PCURVE('',#3980,#8724);
#8724 = DEFINITIONAL_REPRESENTATION('',(#8725),#8728);
#8725 = B_SPLINE_CURVE_WITH_KNOTS('',1,(#8726,#8727),.UNSPECIFIED.,.F.,
  .F.,(2,2),(-15.47194215389,27.782019414611),.PIECEWISE_BEZIER_KNOTS.);
#8726 = CARTESIAN_POINT('',(25.691532872327,17.394074985475));
#8727 = CARTESIAN_POINT('',(-11.7933215717,-4.188113936849));
#8728 = ( GEOMETRIC_REPRESENTATION_CONTEXT(2) 
PARAMETRIC_REPRESENTATION_CONTEXT() REPRESENTATION_CONTEXT('2D SPACE',''
  ) );
#8729 = PCURVE('',#3954,#8730);
#8730 = DEFINITIONAL_REPRESENTATION('',(#8731),#8734);
#8731 = B_SPLINE_CURVE_WITH_KNOTS('',1,(#8732,#8733),.UNSPECIFIED.,.F.,
  .F.,(2,2),(-15.47194215389,27.782019414611),.PIECEWISE_BEZIER_KNOTS.);
#8732 = CARTESIAN_POINT('',(0.,-9.999999999998E-03));
#8733 = CARTESIAN_POINT('',(43.253961568502,-9.999999999998E-03));
#8734 = ( GEOMETRIC_REPRESENTATION_CONTEXT(2) 
PARAMETRIC_REPRESENTATION_CONTEXT() REPRESENTATION_CONTEXT('2D SPACE',''
  ) );
#8735 = ORIENTED_EDGE('',*,*,#8736,.T.);
#8736 = EDGE_CURVE('',#8716,#8737,#8739,.T.);
#8737 = VERTEX_POINT('',#8738);
#8738 = CARTESIAN_POINT('',(265.10713388995,-158.9267207427,
    42.695281374239));
#8739 = SURFACE_CURVE('',#8740,(#8745,#8752),.PCURVE_S1.);
#8740 = CIRCLE('',#8741,4.);
#8741 = AXIS2_PLACEMENT_3D('',#8742,#8743,#8744);
#8742 = CARTESIAN_POINT('',(261.15364709935,-159.5349494797,
    42.695281374239));
#8743 = DIRECTION('',(0.,-0.,-1.));
#8744 = DIRECTION('',(0.152057184254,-0.988371697651,0.));
#8745 = PCURVE('',#3980,#8746);
#8746 = DEFINITIONAL_REPRESENTATION('',(#8747),#8751);
#8747 = CIRCLE('',#8748,4.);
#8748 = AXIS2_PLACEMENT_2D('',#8749,#8750);
#8749 = CARTESIAN_POINT('',(-9.797463792241,-7.654603764346));
#8750 = DIRECTION('',(-0.152057184254,-0.988371697651));
#8751 = ( GEOMETRIC_REPRESENTATION_CONTEXT(2) 
PARAMETRIC_REPRESENTATION_CONTEXT() REPRESENTATION_CONTEXT('2D SPACE',''
  ) );
#8752 = PCURVE('',#8753,#8758);
#8753 = CYLINDRICAL_SURFACE('',#8754,4.);
#8754 = AXIS2_PLACEMENT_3D('',#8755,#8756,#8757);
#8755 = CARTESIAN_POINT('',(261.15364709935,-159.5349494797,
    42.685281374239));
#8756 = DIRECTION('',(-0.,-0.,-1.));
#8757 = DIRECTION('',(0.152057184254,-0.988371697651,0.));
#8758 = DEFINITIONAL_REPRESENTATION('',(#8759),#8763);
#8759 = LINE('',#8760,#8761);
#8760 = CARTESIAN_POINT('',(-6.28318530718,-9.999999999998E-03));
#8761 = VECTOR('',#8762,1.);
#8762 = DIRECTION('',(1.,-0.));
#8763 = ( GEOMETRIC_REPRESENTATION_CONTEXT(2) 
PARAMETRIC_REPRESENTATION_CONTEXT() REPRESENTATION_CONTEXT('2D SPACE',''
  ) );
#8764 = ORIENTED_EDGE('',*,*,#8765,.T.);
#8765 = EDGE_CURVE('',#8737,#8766,#8768,.T.);
#8766 = VERTEX_POINT('',#8767);
#8767 = CARTESIAN_POINT('',(266.36686031857,-167.1149425287,
    42.695281374239));
#8768 = SURFACE_CURVE('',#8769,(#8773,#8779),.PCURVE_S1.);
#8769 = LINE('',#8770,#8771);
#8770 = CARTESIAN_POINT('',(264.41866697365,-154.4516857867,
    42.695281374239));
#8771 = VECTOR('',#8772,1.);
#8772 = DIRECTION('',(0.152057184254,-0.988371697651,0.));
#8773 = PCURVE('',#3980,#8774);
#8774 = DEFINITIONAL_REPRESENTATION('',(#8775),#8778);
#8775 = B_SPLINE_CURVE_WITH_KNOTS('',1,(#8776,#8777),.UNSPECIFIED.,.F.,
  .F.,(2,2),(4.527684237244,12.812241358307),.PIECEWISE_BEZIER_KNOTS.);
#8776 = CARTESIAN_POINT('',(-13.75095058284,-7.04637502733));
#8777 = CARTESIAN_POINT('',(-15.01067701146,-15.23459681335));
#8778 = ( GEOMETRIC_REPRESENTATION_CONTEXT(2) 
PARAMETRIC_REPRESENTATION_CONTEXT() REPRESENTATION_CONTEXT('2D SPACE',''
  ) );
#8779 = PCURVE('',#8780,#8785);
#8780 = PLANE('',#8781);
#8781 = AXIS2_PLACEMENT_3D('',#8782,#8783,#8784);
#8782 = CARTESIAN_POINT('',(265.10713388995,-158.9267207427,
    42.685281374239));
#8783 = DIRECTION('',(0.988371697651,0.152057184254,0.));
#8784 = DIRECTION('',(0.152057184254,-0.988371697651,0.));
#8785 = DEFINITIONAL_REPRESENTATION('',(#8786),#8789);
#8786 = B_SPLINE_CURVE_WITH_KNOTS('',1,(#8787,#8788),.UNSPECIFIED.,.F.,
  .F.,(2,2),(4.527684237244,12.812241358307),.PIECEWISE_BEZIER_KNOTS.);
#8787 = CARTESIAN_POINT('',(-1.59872115546E-14,-9.999999999998E-03));
#8788 = CARTESIAN_POINT('',(8.284557121064,-9.999999999998E-03));
#8789 = ( GEOMETRIC_REPRESENTATION_CONTEXT(2) 
PARAMETRIC_REPRESENTATION_CONTEXT() REPRESENTATION_CONTEXT('2D SPACE',''
  ) );
#8790 = ORIENTED_EDGE('',*,*,#8791,.T.);
#8791 = EDGE_CURVE('',#8766,#8792,#8794,.T.);
#8792 = VERTEX_POINT('',#8793);
#8793 = CARTESIAN_POINT('',(267.91239690188,-167.1149425287,
    42.695281374239));
#8794 = SURFACE_CURVE('',#8795,(#8799,#8805),.PCURVE_S1.);
#8795 = LINE('',#8796,#8797);
#8796 = CARTESIAN_POINT('',(258.86152181284,-167.1149425287,
    42.695281374239));
#8797 = VECTOR('',#8798,1.);
#8798 = DIRECTION('',(1.,0.,0.));
#8799 = PCURVE('',#3980,#8800);
#8800 = DEFINITIONAL_REPRESENTATION('',(#8801),#8804);
#8801 = B_SPLINE_CURVE_WITH_KNOTS('',1,(#8802,#8803),.UNSPECIFIED.,.F.,
  .F.,(2,2),(7.505338505732,24.155079970835),.PIECEWISE_BEZIER_KNOTS.);
#8802 = CARTESIAN_POINT('',(-15.01067701146,-15.23459681335));
#8803 = CARTESIAN_POINT('',(-31.66041847656,-15.23459681335));
#8804 = ( GEOMETRIC_REPRESENTATION_CONTEXT(2) 
PARAMETRIC_REPRESENTATION_CONTEXT() REPRESENTATION_CONTEXT('2D SPACE',''
  ) );
#8805 = PCURVE('',#8806,#8811);
#8806 = PLANE('',#8807);
#8807 = AXIS2_PLACEMENT_3D('',#8808,#8809,#8810);
#8808 = CARTESIAN_POINT('',(266.36686031857,-167.1149425287,
    42.685281374239));
#8809 = DIRECTION('',(0.,1.,0.));
#8810 = DIRECTION('',(1.,0.,-0.));
#8811 = DEFINITIONAL_REPRESENTATION('',(#8812),#8815);
#8812 = B_SPLINE_CURVE_WITH_KNOTS('',1,(#8813,#8814),.UNSPECIFIED.,.F.,
  .F.,(2,2),(7.505338505732,24.155079970835),.PIECEWISE_BEZIER_KNOTS.);
#8813 = CARTESIAN_POINT('',(0.,-9.999999999998E-03));
#8814 = CARTESIAN_POINT('',(16.649741465104,-9.999999999998E-03));
#8815 = ( GEOMETRIC_REPRESENTATION_CONTEXT(2) 
PARAMETRIC_REPRESENTATION_CONTEXT() REPRESENTATION_CONTEXT('2D SPACE',''
  ) );
#8816 = ORIENTED_EDGE('',*,*,#8817,.F.);
#8817 = EDGE_CURVE('',#8818,#8792,#8820,.T.);
#8818 = VERTEX_POINT('',#8819);
#8819 = CARTESIAN_POINT('',(266.00724658941,-167.4080425768,
    42.695281374239));
#8820 = SURFACE_CURVE('',#8821,(#8825,#8831),.PCURVE_S1.);
#8821 = LINE('',#8822,#8823);
#8822 = CARTESIAN_POINT('',(264.66325953279,-167.6148098162,
    42.695281374239));
#8823 = VECTOR('',#8824,1.);
#8824 = DIRECTION('',(0.988371697651,0.152057184254,-0.));
#8825 = PCURVE('',#3980,#8826);
#8826 = DEFINITIONAL_REPRESENTATION('',(#8827),#8830);
#8827 = B_SPLINE_CURVE_WITH_KNOTS('',1,(#8828,#8829),.UNSPECIFIED.,.F.,
  .F.,(2,2),(0.65677454204,10.759799213011),.PIECEWISE_BEZIER_KNOTS.);
#8828 = CARTESIAN_POINT('',(-13.95621359476,-15.63459681335));
#8829 = CARTESIAN_POINT('',(-23.94175724022,-14.09835932944));
#8830 = ( GEOMETRIC_REPRESENTATION_CONTEXT(2) 
PARAMETRIC_REPRESENTATION_CONTEXT() REPRESENTATION_CONTEXT('2D SPACE',''
  ) );
#8831 = PCURVE('',#4813,#8832);
#8832 = DEFINITIONAL_REPRESENTATION('',(#8833),#8836);
#8833 = B_SPLINE_CURVE_WITH_KNOTS('',1,(#8834,#8835),.UNSPECIFIED.,.F.,
  .F.,(2,2),(0.65677454204,10.759799213011),.PIECEWISE_BEZIER_KNOTS.);
#8834 = CARTESIAN_POINT('',(10.10302467097,-35.50528137423));
#8835 = CARTESIAN_POINT('',(0.,-35.50528137423));
#8836 = ( GEOMETRIC_REPRESENTATION_CONTEXT(2) 
PARAMETRIC_REPRESENTATION_CONTEXT() REPRESENTATION_CONTEXT('2D SPACE',''
  ) );
#8837 = ORIENTED_EDGE('',*,*,#8838,.F.);
#8838 = EDGE_CURVE('',#8839,#8818,#8841,.T.);
#8839 = VERTEX_POINT('',#8840);
#8840 = CARTESIAN_POINT('',(264.71178521089,-158.9875436164,
    42.695281374239));
#8841 = SURFACE_CURVE('',#8842,(#8846,#8853),.PCURVE_S1.);
#8842 = LINE('',#8843,#8844);
#8843 = CARTESIAN_POINT('',(264.63873193113,-158.5126972979,
    42.695281374239));
#8844 = VECTOR('',#8845,1.);
#8845 = DIRECTION('',(0.152057184254,-0.988371697651,0.));
#8846 = PCURVE('',#3980,#8847);
#8847 = DEFINITIONAL_REPRESENTATION('',(#8848),#8852);
#8848 = LINE('',#8849,#8850);
#8849 = CARTESIAN_POINT('',(-13.28254862402,-6.632351582575));
#8850 = VECTOR('',#8851,1.);
#8851 = DIRECTION('',(-0.152057184254,-0.988371697651));
#8852 = ( GEOMETRIC_REPRESENTATION_CONTEXT(2) 
PARAMETRIC_REPRESENTATION_CONTEXT() REPRESENTATION_CONTEXT('2D SPACE',''
  ) );
#8853 = PCURVE('',#8580,#8854);
#8854 = DEFINITIONAL_REPRESENTATION('',(#8855),#8859);
#8855 = LINE('',#8856,#8857);
#8856 = CARTESIAN_POINT('',(-0.480432937917,-0.41));
#8857 = VECTOR('',#8858,1.);
#8858 = DIRECTION('',(1.,0.));
#8859 = ( GEOMETRIC_REPRESENTATION_CONTEXT(2) 
PARAMETRIC_REPRESENTATION_CONTEXT() REPRESENTATION_CONTEXT('2D SPACE',''
  ) );
#8860 = ORIENTED_EDGE('',*,*,#8861,.T.);
#8861 = EDGE_CURVE('',#8839,#8667,#8862,.T.);
#8862 = SURFACE_CURVE('',#8863,(#8868,#8879),.PCURVE_S1.);
#8863 = CIRCLE('',#8864,3.6);
#8864 = AXIS2_PLACEMENT_3D('',#8865,#8866,#8867);
#8865 = CARTESIAN_POINT('',(261.15364709935,-159.5349494797,
    42.695281374239));
#8866 = DIRECTION('',(0.,0.,1.));
#8867 = DIRECTION('',(0.152057184254,-0.988371697651,0.));
#8868 = PCURVE('',#3980,#8869);
#8869 = DEFINITIONAL_REPRESENTATION('',(#8870),#8878);
#8870 = ( BOUNDED_CURVE() B_SPLINE_CURVE(2,(#8871,#8872,#8873,#8874,
#8875,#8876,#8877),.UNSPECIFIED.,.T.,.F.) B_SPLINE_CURVE_WITH_KNOTS((1,2
    ,2,2,2,1),(-2.094395102393,0.,2.094395102393,4.188790204786,
6.28318530718,8.377580409573),.UNSPECIFIED.) CURVE() 
GEOMETRIC_REPRESENTATION_ITEM() RATIONAL_B_SPLINE_CURVE((1.,0.5,1.,0.5,
1.,0.5,1.)) REPRESENTATION_ITEM('') );
#8871 = CARTESIAN_POINT('',(-10.34486965555,-11.21274187588));
#8872 = CARTESIAN_POINT('',(-16.50774564509,-10.26460710826));
#8873 = CARTESIAN_POINT('',(-12.60519885535,-5.401467324764));
#8874 = CARTESIAN_POINT('',(-8.702652065612,-0.538327541261));
#8875 = CARTESIAN_POINT('',(-6.442322865815,-6.349602092385));
#8876 = CARTESIAN_POINT('',(-4.181993666017,-12.1608766435));
#8877 = CARTESIAN_POINT('',(-10.34486965555,-11.21274187588));
#8878 = ( GEOMETRIC_REPRESENTATION_CONTEXT(2) 
PARAMETRIC_REPRESENTATION_CONTEXT() REPRESENTATION_CONTEXT('2D SPACE',''
  ) );
#8879 = PCURVE('',#8553,#8880);
#8880 = DEFINITIONAL_REPRESENTATION('',(#8881),#8885);
#8881 = LINE('',#8882,#8883);
#8882 = CARTESIAN_POINT('',(-0.,-0.41));
#8883 = VECTOR('',#8884,1.);
#8884 = DIRECTION('',(-1.,0.));
#8885 = ( GEOMETRIC_REPRESENTATION_CONTEXT(2) 
PARAMETRIC_REPRESENTATION_CONTEXT() REPRESENTATION_CONTEXT('2D SPACE',''
  ) );
#8886 = ADVANCED_FACE('',(#8887),#3954,.T.);
#8887 = FACE_BOUND('',#8888,.T.);
#8888 = EDGE_LOOP('',(#8889,#8890,#8891,#8914));
#8889 = ORIENTED_EDGE('',*,*,#8715,.F.);
#8890 = ORIENTED_EDGE('',*,*,#3939,.F.);
#8891 = ORIENTED_EDGE('',*,*,#8892,.T.);
#8892 = EDGE_CURVE('',#3914,#8893,#8895,.T.);
#8893 = VERTEX_POINT('',#8894);
#8894 = CARTESIAN_POINT('',(263.14950487882,-156.0684596522,
    43.095281374239));
#8895 = SURFACE_CURVE('',#8896,(#8900,#8907),.PCURVE_S1.);
#8896 = LINE('',#8897,#8898);
#8897 = CARTESIAN_POINT('',(225.63482436908,-134.4690981466,
    43.095281374239));
#8898 = VECTOR('',#8899,1.);
#8899 = DIRECTION('',(0.866622456874,-0.498964444867,0.));
#8900 = PCURVE('',#3954,#8901);
#8901 = DEFINITIONAL_REPRESENTATION('',(#8902),#8906);
#8902 = LINE('',#8903,#8904);
#8903 = CARTESIAN_POINT('',(-3.441644682162E-02,-0.41));
#8904 = VECTOR('',#8905,1.);
#8905 = DIRECTION('',(1.,0.));
#8906 = ( GEOMETRIC_REPRESENTATION_CONTEXT(2) 
PARAMETRIC_REPRESENTATION_CONTEXT() REPRESENTATION_CONTEXT('2D SPACE',''
  ) );
#8907 = PCURVE('',#3928,#8908);
#8908 = DEFINITIONAL_REPRESENTATION('',(#8909),#8913);
#8909 = LINE('',#8910,#8911);
#8910 = CARTESIAN_POINT('',(25.721358938029,17.411247568757));
#8911 = VECTOR('',#8912,1.);
#8912 = DIRECTION('',(-0.866622456874,-0.498964444867));
#8913 = ( GEOMETRIC_REPRESENTATION_CONTEXT(2) 
PARAMETRIC_REPRESENTATION_CONTEXT() REPRESENTATION_CONTEXT('2D SPACE',''
  ) );
#8914 = ORIENTED_EDGE('',*,*,#8915,.F.);
#8915 = EDGE_CURVE('',#8716,#8893,#8916,.T.);
#8916 = SURFACE_CURVE('',#8917,(#8921,#8928),.PCURVE_S1.);
#8917 = LINE('',#8918,#8919);
#8918 = CARTESIAN_POINT('',(263.14950487882,-156.0684596522,
    42.685281374239));
#8919 = VECTOR('',#8920,1.);
#8920 = DIRECTION('',(0.,-0.,1.));
#8921 = PCURVE('',#3954,#8922);
#8922 = DEFINITIONAL_REPRESENTATION('',(#8923),#8927);
#8923 = LINE('',#8924,#8925);
#8924 = CARTESIAN_POINT('',(43.253961568502,0.));
#8925 = VECTOR('',#8926,1.);
#8926 = DIRECTION('',(0.,-1.));
#8927 = ( GEOMETRIC_REPRESENTATION_CONTEXT(2) 
PARAMETRIC_REPRESENTATION_CONTEXT() REPRESENTATION_CONTEXT('2D SPACE',''
  ) );
#8928 = PCURVE('',#8753,#8929);
#8929 = DEFINITIONAL_REPRESENTATION('',(#8930),#8934);
#8930 = LINE('',#8931,#8932);
#8931 = CARTESIAN_POINT('',(-2.466539893478,0.));
#8932 = VECTOR('',#8933,1.);
#8933 = DIRECTION('',(-0.,-1.));
#8934 = ( GEOMETRIC_REPRESENTATION_CONTEXT(2) 
PARAMETRIC_REPRESENTATION_CONTEXT() REPRESENTATION_CONTEXT('2D SPACE',''
  ) );
#8935 = ADVANCED_FACE('',(#8936),#3928,.T.);
#8936 = FACE_BOUND('',#8937,.T.);
#8937 = EDGE_LOOP('',(#8938,#8939,#8940,#8961,#8990,#9016,#9042,#9063,
    #9086,#9109));
#8938 = ORIENTED_EDGE('',*,*,#8892,.F.);
#8939 = ORIENTED_EDGE('',*,*,#3913,.F.);
#8940 = ORIENTED_EDGE('',*,*,#8941,.T.);
#8941 = EDGE_CURVE('',#3888,#8942,#8944,.T.);
#8942 = VERTEX_POINT('',#8943);
#8943 = CARTESIAN_POINT('',(263.34909065676,-155.7218106694,
    43.095281374239));
#8944 = SURFACE_CURVE('',#8945,(#8949,#8955),.PCURVE_S1.);
#8945 = LINE('',#8946,#8947);
#8946 = CARTESIAN_POINT('',(239.43098019327,-141.9507773723,
    43.095281374239));
#8947 = VECTOR('',#8948,1.);
#8948 = DIRECTION('',(0.866622456874,-0.498964444867,0.));
#8949 = PCURVE('',#3928,#8950);
#8950 = DEFINITIONAL_REPRESENTATION('',(#8951),#8954);
#8951 = B_SPLINE_CURVE_WITH_KNOTS('',1,(#8952,#8953),.UNSPECIFIED.,.F.,
  .F.,(2,2),(-15.2891503773,27.599227638022),.PIECEWISE_BEZIER_KNOTS.);
#8952 = CARTESIAN_POINT('',(25.175124177332,17.55831077356));
#8953 = CARTESIAN_POINT('',(-11.99290734965,-3.841464954099));
#8954 = ( GEOMETRIC_REPRESENTATION_CONTEXT(2) 
PARAMETRIC_REPRESENTATION_CONTEXT() REPRESENTATION_CONTEXT('2D SPACE',''
  ) );
#8955 = PCURVE('',#3902,#8956);
#8956 = DEFINITIONAL_REPRESENTATION('',(#8957),#8960);
#8957 = B_SPLINE_CURVE_WITH_KNOTS('',1,(#8958,#8959),.UNSPECIFIED.,.F.,
  .F.,(2,2),(-15.2891503773,27.599227638022),.PIECEWISE_BEZIER_KNOTS.);
#8958 = CARTESIAN_POINT('',(0.,-9.999999999998E-03));
#8959 = CARTESIAN_POINT('',(42.888378015324,-9.999999999998E-03));
#8960 = ( GEOMETRIC_REPRESENTATION_CONTEXT(2) 
PARAMETRIC_REPRESENTATION_CONTEXT() REPRESENTATION_CONTEXT('2D SPACE',''
  ) );
#8961 = ORIENTED_EDGE('',*,*,#8962,.T.);
#8962 = EDGE_CURVE('',#8942,#8963,#8965,.T.);
#8963 = VERTEX_POINT('',#8964);
#8964 = CARTESIAN_POINT('',(265.50248256901,-158.865897869,
    43.095281374239));
#8965 = SURFACE_CURVE('',#8966,(#8971,#8978),.PCURVE_S1.);
#8966 = CIRCLE('',#8967,4.4);
#8967 = AXIS2_PLACEMENT_3D('',#8968,#8969,#8970);
#8968 = CARTESIAN_POINT('',(261.15364709935,-159.5349494797,
    43.095281374239));
#8969 = DIRECTION('',(0.,-0.,-1.));
#8970 = DIRECTION('',(0.152057184254,-0.988371697651,0.));
#8971 = PCURVE('',#3928,#8972);
#8972 = DEFINITIONAL_REPRESENTATION('',(#8973),#8977);
#8973 = CIRCLE('',#8974,4.4);
#8974 = AXIS2_PLACEMENT_2D('',#8975,#8976);
#8975 = CARTESIAN_POINT('',(-9.797463792241,-7.654603764346));
#8976 = DIRECTION('',(-0.152057184254,-0.988371697651));
#8977 = ( GEOMETRIC_REPRESENTATION_CONTEXT(2) 
PARAMETRIC_REPRESENTATION_CONTEXT() REPRESENTATION_CONTEXT('2D SPACE',''
  ) );
#8978 = PCURVE('',#8979,#8984);
#8979 = CYLINDRICAL_SURFACE('',#8980,4.4);
#8980 = AXIS2_PLACEMENT_3D('',#8981,#8982,#8983);
#8981 = CARTESIAN_POINT('',(261.15364709935,-159.5349494797,
    43.085281374239));
#8982 = DIRECTION('',(-0.,-0.,-1.));
#8983 = DIRECTION('',(0.152057184254,-0.988371697651,0.));
#8984 = DEFINITIONAL_REPRESENTATION('',(#8985),#8989);
#8985 = LINE('',#8986,#8987);
#8986 = CARTESIAN_POINT('',(-6.28318530718,-9.999999999998E-03));
#8987 = VECTOR('',#8988,1.);
#8988 = DIRECTION('',(1.,-0.));
#8989 = ( GEOMETRIC_REPRESENTATION_CONTEXT(2) 
PARAMETRIC_REPRESENTATION_CONTEXT() REPRESENTATION_CONTEXT('2D SPACE',''
  ) );
#8990 = ORIENTED_EDGE('',*,*,#8991,.T.);
#8991 = EDGE_CURVE('',#8963,#8992,#8994,.T.);
#8992 = VERTEX_POINT('',#8993);
#8993 = CARTESIAN_POINT('',(266.71002790128,-166.7149425287,
    43.095281374239));
#8994 = SURFACE_CURVE('',#8995,(#8999,#9005),.PCURVE_S1.);
#8995 = LINE('',#8996,#8997);
#8996 = CARTESIAN_POINT('',(264.81401565271,-154.390862913,
    43.095281374239));
#8997 = VECTOR('',#8998,1.);
#8998 = DIRECTION('',(0.152057184254,-0.988371697651,0.));
#8999 = PCURVE('',#3928,#9000);
#9000 = DEFINITIONAL_REPRESENTATION('',(#9001),#9004);
#9001 = B_SPLINE_CURVE_WITH_KNOTS('',1,(#9002,#9003),.UNSPECIFIED.,.F.,
  .F.,(2,2),(4.527684237244,12.469073775601),.PIECEWISE_BEZIER_KNOTS.);
#9002 = CARTESIAN_POINT('',(-14.1462992619,-6.985552153628));
#9003 = CARTESIAN_POINT('',(-15.35384459417,-14.83459681335));
#9004 = ( GEOMETRIC_REPRESENTATION_CONTEXT(2) 
PARAMETRIC_REPRESENTATION_CONTEXT() REPRESENTATION_CONTEXT('2D SPACE',''
  ) );
#9005 = PCURVE('',#9006,#9011);
#9006 = PLANE('',#9007);
#9007 = AXIS2_PLACEMENT_3D('',#9008,#9009,#9010);
#9008 = CARTESIAN_POINT('',(265.50248256901,-158.865897869,
    43.085281374239));
#9009 = DIRECTION('',(0.988371697651,0.152057184254,0.));
#9010 = DIRECTION('',(0.152057184254,-0.988371697651,0.));
#9011 = DEFINITIONAL_REPRESENTATION('',(#9012),#9015);
#9012 = B_SPLINE_CURVE_WITH_KNOTS('',1,(#9013,#9014),.UNSPECIFIED.,.F.,
  .F.,(2,2),(4.527684237244,12.469073775601),.PIECEWISE_BEZIER_KNOTS.);
#9013 = CARTESIAN_POINT('',(-1.59872115546E-14,-9.999999999998E-03));
#9014 = CARTESIAN_POINT('',(7.941389538357,-9.999999999998E-03));
#9015 = ( GEOMETRIC_REPRESENTATION_CONTEXT(2) 
PARAMETRIC_REPRESENTATION_CONTEXT() REPRESENTATION_CONTEXT('2D SPACE',''
  ) );
#9016 = ORIENTED_EDGE('',*,*,#9017,.T.);
#9017 = EDGE_CURVE('',#8992,#9018,#9020,.T.);
#9018 = VERTEX_POINT('',#9019);
#9019 = CARTESIAN_POINT('',(270.51239690188,-166.7149425287,
    43.095281374239));
#9020 = SURFACE_CURVE('',#9021,(#9025,#9031),.PCURVE_S1.);
#9021 = LINE('',#9022,#9023);
#9022 = CARTESIAN_POINT('',(259.03310560419,-166.7149425287,
    43.095281374239));
#9023 = VECTOR('',#9024,1.);
#9024 = DIRECTION('',(1.,0.,0.));
#9025 = PCURVE('',#3928,#9026);
#9026 = DEFINITIONAL_REPRESENTATION('',(#9027),#9030);
#9027 = B_SPLINE_CURVE_WITH_KNOTS('',1,(#9028,#9029),.UNSPECIFIED.,.F.,
  .F.,(2,2),(7.676922297085,23.596437719988),.PIECEWISE_BEZIER_KNOTS.);
#9028 = CARTESIAN_POINT('',(-15.35384459417,-14.83459681335));
#9029 = CARTESIAN_POINT('',(-31.27336001707,-14.83459681335));
#9030 = ( GEOMETRIC_REPRESENTATION_CONTEXT(2) 
PARAMETRIC_REPRESENTATION_CONTEXT() REPRESENTATION_CONTEXT('2D SPACE',''
  ) );
#9031 = PCURVE('',#9032,#9037);
#9032 = PLANE('',#9033);
#9033 = AXIS2_PLACEMENT_3D('',#9034,#9035,#9036);
#9034 = CARTESIAN_POINT('',(266.71002790128,-166.7149425287,
    43.085281374239));
#9035 = DIRECTION('',(0.,1.,0.));
#9036 = DIRECTION('',(1.,0.,-0.));
#9037 = DEFINITIONAL_REPRESENTATION('',(#9038),#9041);
#9038 = B_SPLINE_CURVE_WITH_KNOTS('',1,(#9039,#9040),.UNSPECIFIED.,.F.,
  .F.,(2,2),(7.676922297085,23.596437719988),.PIECEWISE_BEZIER_KNOTS.);
#9039 = CARTESIAN_POINT('',(0.,-9.999999999998E-03));
#9040 = CARTESIAN_POINT('',(15.919515422903,-9.999999999998E-03));
#9041 = ( GEOMETRIC_REPRESENTATION_CONTEXT(2) 
PARAMETRIC_REPRESENTATION_CONTEXT() REPRESENTATION_CONTEXT('2D SPACE',''
  ) );
#9042 = ORIENTED_EDGE('',*,*,#9043,.F.);
#9043 = EDGE_CURVE('',#9044,#9018,#9046,.T.);
#9044 = VERTEX_POINT('',#9045);
#9045 = CARTESIAN_POINT('',(267.91239690188,-167.1149425287,
    43.095281374239));
#9046 = SURFACE_CURVE('',#9047,(#9051,#9057),.PCURVE_S1.);
#9047 = LINE('',#9048,#9049);
#9048 = CARTESIAN_POINT('',(264.66325953279,-167.6148098162,
    43.095281374239));
#9049 = VECTOR('',#9050,1.);
#9050 = DIRECTION('',(0.988371697651,0.152057184254,-0.));
#9051 = PCURVE('',#3928,#9052);
#9052 = DEFINITIONAL_REPRESENTATION('',(#9053),#9056);
#9053 = B_SPLINE_CURVE_WITH_KNOTS('',1,(#9054,#9055),.UNSPECIFIED.,.F.,
  .F.,(2,2),(3.287363829633,10.759799213011),.PIECEWISE_BEZIER_KNOTS.);
#9054 = CARTESIAN_POINT('',(-16.55621359476,-15.23459681335));
#9055 = CARTESIAN_POINT('',(-23.94175724022,-14.09835932944));
#9056 = ( GEOMETRIC_REPRESENTATION_CONTEXT(2) 
PARAMETRIC_REPRESENTATION_CONTEXT() REPRESENTATION_CONTEXT('2D SPACE',''
  ) );
#9057 = PCURVE('',#4813,#9058);
#9058 = DEFINITIONAL_REPRESENTATION('',(#9059),#9062);
#9059 = B_SPLINE_CURVE_WITH_KNOTS('',1,(#9060,#9061),.UNSPECIFIED.,.F.,
  .F.,(2,2),(3.287363829633,10.759799213011),.PIECEWISE_BEZIER_KNOTS.);
#9060 = CARTESIAN_POINT('',(7.472435383377,-35.90528137423));
#9061 = CARTESIAN_POINT('',(0.,-35.90528137423));
#9062 = ( GEOMETRIC_REPRESENTATION_CONTEXT(2) 
PARAMETRIC_REPRESENTATION_CONTEXT() REPRESENTATION_CONTEXT('2D SPACE',''
  ) );
#9063 = ORIENTED_EDGE('',*,*,#9064,.F.);
#9064 = EDGE_CURVE('',#9065,#9044,#9067,.T.);
#9065 = VERTEX_POINT('',#9066);
#9066 = CARTESIAN_POINT('',(266.36686031857,-167.1149425287,
    43.095281374239));
#9067 = SURFACE_CURVE('',#9068,(#9072,#9079),.PCURVE_S1.);
#9068 = LINE('',#9069,#9070);
#9069 = CARTESIAN_POINT('',(263.79310344827,-167.1149425287,
    43.095281374239));
#9070 = VECTOR('',#9071,1.);
#9071 = DIRECTION('',(1.,0.,-0.));
#9072 = PCURVE('',#3928,#9073);
#9073 = DEFINITIONAL_REPRESENTATION('',(#9074),#9078);
#9074 = LINE('',#9075,#9076);
#9075 = CARTESIAN_POINT('',(-12.43692014116,-15.23459681335));
#9076 = VECTOR('',#9077,1.);
#9077 = DIRECTION('',(-1.,0.));
#9078 = ( GEOMETRIC_REPRESENTATION_CONTEXT(2) 
PARAMETRIC_REPRESENTATION_CONTEXT() REPRESENTATION_CONTEXT('2D SPACE',''
  ) );
#9079 = PCURVE('',#8806,#9080);
#9080 = DEFINITIONAL_REPRESENTATION('',(#9081),#9085);
#9081 = LINE('',#9082,#9083);
#9082 = CARTESIAN_POINT('',(-2.5737568703,-0.41));
#9083 = VECTOR('',#9084,1.);
#9084 = DIRECTION('',(1.,0.));
#9085 = ( GEOMETRIC_REPRESENTATION_CONTEXT(2) 
PARAMETRIC_REPRESENTATION_CONTEXT() REPRESENTATION_CONTEXT('2D SPACE',''
  ) );
#9086 = ORIENTED_EDGE('',*,*,#9087,.F.);
#9087 = EDGE_CURVE('',#9088,#9065,#9090,.T.);
#9088 = VERTEX_POINT('',#9089);
#9089 = CARTESIAN_POINT('',(265.10713388995,-158.9267207427,
    43.095281374239));
#9090 = SURFACE_CURVE('',#9091,(#9095,#9102),.PCURVE_S1.);
#9091 = LINE('',#9092,#9093);
#9092 = CARTESIAN_POINT('',(265.03408061019,-158.4518744242,
    43.095281374239));
#9093 = VECTOR('',#9094,1.);
#9094 = DIRECTION('',(0.152057184254,-0.988371697651,0.));
#9095 = PCURVE('',#3928,#9096);
#9096 = DEFINITIONAL_REPRESENTATION('',(#9097),#9101);
#9097 = LINE('',#9098,#9099);
#9098 = CARTESIAN_POINT('',(-13.67789730308,-6.571528708873));
#9099 = VECTOR('',#9100,1.);
#9100 = DIRECTION('',(-0.152057184254,-0.988371697651));
#9101 = ( GEOMETRIC_REPRESENTATION_CONTEXT(2) 
PARAMETRIC_REPRESENTATION_CONTEXT() REPRESENTATION_CONTEXT('2D SPACE',''
  ) );
#9102 = PCURVE('',#8780,#9103);
#9103 = DEFINITIONAL_REPRESENTATION('',(#9104),#9108);
#9104 = LINE('',#9105,#9106);
#9105 = CARTESIAN_POINT('',(-0.480432937917,-0.41));
#9106 = VECTOR('',#9107,1.);
#9107 = DIRECTION('',(1.,0.));
#9108 = ( GEOMETRIC_REPRESENTATION_CONTEXT(2) 
PARAMETRIC_REPRESENTATION_CONTEXT() REPRESENTATION_CONTEXT('2D SPACE',''
  ) );
#9109 = ORIENTED_EDGE('',*,*,#9110,.T.);
#9110 = EDGE_CURVE('',#9088,#8893,#9111,.T.);
#9111 = SURFACE_CURVE('',#9112,(#9117,#9128),.PCURVE_S1.);
#9112 = CIRCLE('',#9113,4.);
#9113 = AXIS2_PLACEMENT_3D('',#9114,#9115,#9116);
#9114 = CARTESIAN_POINT('',(261.15364709935,-159.5349494797,
    43.095281374239));
#9115 = DIRECTION('',(0.,0.,1.));
#9116 = DIRECTION('',(0.152057184254,-0.988371697651,0.));
#9117 = PCURVE('',#3928,#9118);
#9118 = DEFINITIONAL_REPRESENTATION('',(#9119),#9127);
#9119 = ( BOUNDED_CURVE() B_SPLINE_CURVE(2,(#9120,#9121,#9122,#9123,
#9124,#9125,#9126),.UNSPECIFIED.,.T.,.F.) B_SPLINE_CURVE_WITH_KNOTS((1,2
    ,2,2,2,1),(-2.094395102393,0.,2.094395102393,4.188790204786,
6.28318530718,8.377580409573),.UNSPECIFIED.) CURVE() 
GEOMETRIC_REPRESENTATION_ITEM() RATIONAL_B_SPLINE_CURVE((1.,0.5,1.,0.5,
1.,0.5,1.)) REPRESENTATION_ITEM('') );
#9120 = CARTESIAN_POINT('',(-10.40569252925,-11.60809055494));
#9121 = CARTESIAN_POINT('',(-17.25333251763,-10.55460747981));
#9122 = CARTESIAN_POINT('',(-12.91716941792,-5.151118831477));
#9123 = CARTESIAN_POINT('',(-8.581006318209,0.252369816859));
#9124 = CARTESIAN_POINT('',(-6.069529429545,-6.204601906612));
#9125 = CARTESIAN_POINT('',(-3.558052540881,-12.66157363008));
#9126 = CARTESIAN_POINT('',(-10.40569252925,-11.60809055494));
#9127 = ( GEOMETRIC_REPRESENTATION_CONTEXT(2) 
PARAMETRIC_REPRESENTATION_CONTEXT() REPRESENTATION_CONTEXT('2D SPACE',''
  ) );
#9128 = PCURVE('',#8753,#9129);
#9129 = DEFINITIONAL_REPRESENTATION('',(#9130),#9134);
#9130 = LINE('',#9131,#9132);
#9131 = CARTESIAN_POINT('',(-0.,-0.41));
#9132 = VECTOR('',#9133,1.);
#9133 = DIRECTION('',(-1.,0.));
#9134 = ( GEOMETRIC_REPRESENTATION_CONTEXT(2) 
PARAMETRIC_REPRESENTATION_CONTEXT() REPRESENTATION_CONTEXT('2D SPACE',''
  ) );
#9135 = ADVANCED_FACE('',(#9136),#3902,.T.);
#9136 = FACE_BOUND('',#9137,.T.);
#9137 = EDGE_LOOP('',(#9138,#9139,#9140,#9163));
#9138 = ORIENTED_EDGE('',*,*,#8941,.F.);
#9139 = ORIENTED_EDGE('',*,*,#3887,.F.);
#9140 = ORIENTED_EDGE('',*,*,#9141,.T.);
#9141 = EDGE_CURVE('',#3862,#9142,#9144,.T.);
#9142 = VERTEX_POINT('',#9143);
#9143 = CARTESIAN_POINT('',(263.34909065676,-155.7218106694,
    43.495281374239));
#9144 = SURFACE_CURVE('',#9145,(#9149,#9156),.PCURVE_S1.);
#9145 = LINE('',#9146,#9147);
#9146 = CARTESIAN_POINT('',(225.83441014703,-134.1224491638,
    43.495281374239));
#9147 = VECTOR('',#9148,1.);
#9148 = DIRECTION('',(0.866622456874,-0.498964444867,0.));
#9149 = PCURVE('',#3902,#9150);
#9150 = DEFINITIONAL_REPRESENTATION('',(#9151),#9155);
#9151 = LINE('',#9152,#9153);
#9152 = CARTESIAN_POINT('',(-0.4,-0.41));
#9153 = VECTOR('',#9154,1.);
#9154 = DIRECTION('',(1.,0.));
#9155 = ( GEOMETRIC_REPRESENTATION_CONTEXT(2) 
PARAMETRIC_REPRESENTATION_CONTEXT() REPRESENTATION_CONTEXT('2D SPACE',''
  ) );
#9156 = PCURVE('',#3876,#9157);
#9157 = DEFINITIONAL_REPRESENTATION('',(#9158),#9162);
#9158 = LINE('',#9159,#9160);
#9159 = CARTESIAN_POINT('',(25.521773160082,17.757896551507));
#9160 = VECTOR('',#9161,1.);
#9161 = DIRECTION('',(-0.866622456874,-0.498964444867));
#9162 = ( GEOMETRIC_REPRESENTATION_CONTEXT(2) 
PARAMETRIC_REPRESENTATION_CONTEXT() REPRESENTATION_CONTEXT('2D SPACE',''
  ) );
#9163 = ORIENTED_EDGE('',*,*,#9164,.F.);
#9164 = EDGE_CURVE('',#8942,#9142,#9165,.T.);
#9165 = SURFACE_CURVE('',#9166,(#9170,#9177),.PCURVE_S1.);
#9166 = LINE('',#9167,#9168);
#9167 = CARTESIAN_POINT('',(263.34909065676,-155.7218106694,
    43.085281374239));
#9168 = VECTOR('',#9169,1.);
#9169 = DIRECTION('',(0.,-0.,1.));
#9170 = PCURVE('',#3902,#9171);
#9171 = DEFINITIONAL_REPRESENTATION('',(#9172),#9176);
#9172 = LINE('',#9173,#9174);
#9173 = CARTESIAN_POINT('',(42.888378015324,0.));
#9174 = VECTOR('',#9175,1.);
#9175 = DIRECTION('',(0.,-1.));
#9176 = ( GEOMETRIC_REPRESENTATION_CONTEXT(2) 
PARAMETRIC_REPRESENTATION_CONTEXT() REPRESENTATION_CONTEXT('2D SPACE',''
  ) );
#9177 = PCURVE('',#8979,#9178);
#9178 = DEFINITIONAL_REPRESENTATION('',(#9179),#9183);
#9179 = LINE('',#9180,#9181);
#9180 = CARTESIAN_POINT('',(-2.466539893478,0.));
#9181 = VECTOR('',#9182,1.);
#9182 = DIRECTION('',(-0.,-1.));
#9183 = ( GEOMETRIC_REPRESENTATION_CONTEXT(2) 
PARAMETRIC_REPRESENTATION_CONTEXT() REPRESENTATION_CONTEXT('2D SPACE',''
  ) );
#9184 = ADVANCED_FACE('',(#9185),#3876,.T.);
#9185 = FACE_BOUND('',#9186,.T.);
#9186 = EDGE_LOOP('',(#9187,#9188,#9189,#9210,#9239,#9265,#9291,#9312,
    #9335,#9358));
#9187 = ORIENTED_EDGE('',*,*,#9141,.F.);
#9188 = ORIENTED_EDGE('',*,*,#3861,.F.);
#9189 = ORIENTED_EDGE('',*,*,#9190,.T.);
#9190 = EDGE_CURVE('',#3836,#9191,#9193,.T.);
#9191 = VERTEX_POINT('',#9192);
#9192 = CARTESIAN_POINT('',(263.54867643471,-155.3751616867,
    43.495281374239));
#9193 = SURFACE_CURVE('',#9194,(#9198,#9204),.PCURVE_S1.);
#9194 = LINE('',#9195,#9196);
#9195 = CARTESIAN_POINT('',(239.80389046259,-141.7039212785,
    43.495281374239));
#9196 = VECTOR('',#9197,1.);
#9197 = DIRECTION('',(0.866622456874,-0.498964444867,0.));
#9198 = PCURVE('',#3876,#9199);
#9199 = DEFINITIONAL_REPRESENTATION('',(#9200),#9203);
#9200 = B_SPLINE_CURVE_WITH_KNOTS('',1,(#9201,#9202),.UNSPECIFIED.,.F.,
  .F.,(2,2),(-15.0891503773,27.399227638022),.PIECEWISE_BEZIER_KNOTS.);
#9201 = CARTESIAN_POINT('',(24.628889416636,17.705373978363));
#9202 = CARTESIAN_POINT('',(-12.1924931276,-3.49481597135));
#9203 = ( GEOMETRIC_REPRESENTATION_CONTEXT(2) 
PARAMETRIC_REPRESENTATION_CONTEXT() REPRESENTATION_CONTEXT('2D SPACE',''
  ) );
#9204 = PCURVE('',#3850,#9205);
#9205 = DEFINITIONAL_REPRESENTATION('',(#9206),#9209);
#9206 = B_SPLINE_CURVE_WITH_KNOTS('',1,(#9207,#9208),.UNSPECIFIED.,.F.,
  .F.,(2,2),(-15.0891503773,27.399227638022),.PIECEWISE_BEZIER_KNOTS.);
#9207 = CARTESIAN_POINT('',(0.,-9.999999999998E-03));
#9208 = CARTESIAN_POINT('',(42.488378015324,-9.999999999998E-03));
#9209 = ( GEOMETRIC_REPRESENTATION_CONTEXT(2) 
PARAMETRIC_REPRESENTATION_CONTEXT() REPRESENTATION_CONTEXT('2D SPACE',''
  ) );
#9210 = ORIENTED_EDGE('',*,*,#9211,.T.);
#9211 = EDGE_CURVE('',#9191,#9212,#9214,.T.);
#9212 = VERTEX_POINT('',#9213);
#9213 = CARTESIAN_POINT('',(265.89783124807,-158.8050749953,
    43.495281374239));
#9214 = SURFACE_CURVE('',#9215,(#9220,#9227),.PCURVE_S1.);
#9215 = CIRCLE('',#9216,4.8);
#9216 = AXIS2_PLACEMENT_3D('',#9217,#9218,#9219);
#9217 = CARTESIAN_POINT('',(261.15364709935,-159.5349494797,
    43.495281374239));
#9218 = DIRECTION('',(0.,-0.,-1.));
#9219 = DIRECTION('',(0.152057184254,-0.988371697651,0.));
#9220 = PCURVE('',#3876,#9221);
#9221 = DEFINITIONAL_REPRESENTATION('',(#9222),#9226);
#9222 = CIRCLE('',#9223,4.8);
#9223 = AXIS2_PLACEMENT_2D('',#9224,#9225);
#9224 = CARTESIAN_POINT('',(-9.797463792241,-7.654603764346));
#9225 = DIRECTION('',(-0.152057184254,-0.988371697651));
#9226 = ( GEOMETRIC_REPRESENTATION_CONTEXT(2) 
PARAMETRIC_REPRESENTATION_CONTEXT() REPRESENTATION_CONTEXT('2D SPACE',''
  ) );
#9227 = PCURVE('',#9228,#9233);
#9228 = CYLINDRICAL_SURFACE('',#9229,4.8);
#9229 = AXIS2_PLACEMENT_3D('',#9230,#9231,#9232);
#9230 = CARTESIAN_POINT('',(261.15364709935,-159.5349494797,
    43.485281374239));
#9231 = DIRECTION('',(-0.,-0.,-1.));
#9232 = DIRECTION('',(0.152057184254,-0.988371697651,0.));
#9233 = DEFINITIONAL_REPRESENTATION('',(#9234),#9238);
#9234 = LINE('',#9235,#9236);
#9235 = CARTESIAN_POINT('',(-6.28318530718,-9.999999999998E-03));
#9236 = VECTOR('',#9237,1.);
#9237 = DIRECTION('',(1.,-0.));
#9238 = ( GEOMETRIC_REPRESENTATION_CONTEXT(2) 
PARAMETRIC_REPRESENTATION_CONTEXT() REPRESENTATION_CONTEXT('2D SPACE',''
  ) );
#9239 = ORIENTED_EDGE('',*,*,#9240,.T.);
#9240 = EDGE_CURVE('',#9212,#9241,#9243,.T.);
#9241 = VERTEX_POINT('',#9242);
#9242 = CARTESIAN_POINT('',(267.05319548398,-166.3149425287,
    43.495281374239));
#9243 = SURFACE_CURVE('',#9244,(#9248,#9254),.PCURVE_S1.);
#9244 = LINE('',#9245,#9246);
#9245 = CARTESIAN_POINT('',(265.20936433177,-154.3300400393,
    43.495281374239));
#9246 = VECTOR('',#9247,1.);
#9247 = DIRECTION('',(0.152057184254,-0.988371697651,0.));
#9248 = PCURVE('',#3876,#9249);
#9249 = DEFINITIONAL_REPRESENTATION('',(#9250),#9253);
#9250 = B_SPLINE_CURVE_WITH_KNOTS('',1,(#9251,#9252),.UNSPECIFIED.,.F.,
  .F.,(2,2),(4.527684237244,12.125906192894),.PIECEWISE_BEZIER_KNOTS.);
#9251 = CARTESIAN_POINT('',(-14.54164794096,-6.924729279927));
#9252 = CARTESIAN_POINT('',(-15.69701217687,-14.43459681335));
#9253 = ( GEOMETRIC_REPRESENTATION_CONTEXT(2) 
PARAMETRIC_REPRESENTATION_CONTEXT() REPRESENTATION_CONTEXT('2D SPACE',''
  ) );
#9254 = PCURVE('',#9255,#9260);
#9255 = PLANE('',#9256);
#9256 = AXIS2_PLACEMENT_3D('',#9257,#9258,#9259);
#9257 = CARTESIAN_POINT('',(265.89783124807,-158.8050749953,
    43.485281374239));
#9258 = DIRECTION('',(0.988371697651,0.152057184254,0.));
#9259 = DIRECTION('',(0.152057184254,-0.988371697651,0.));
#9260 = DEFINITIONAL_REPRESENTATION('',(#9261),#9264);
#9261 = B_SPLINE_CURVE_WITH_KNOTS('',1,(#9262,#9263),.UNSPECIFIED.,.F.,
  .F.,(2,2),(4.527684237244,12.125906192894),.PIECEWISE_BEZIER_KNOTS.);
#9262 = CARTESIAN_POINT('',(-1.68753899743E-14,-9.999999999998E-03));
#9263 = CARTESIAN_POINT('',(7.598221955651,-9.999999999998E-03));
#9264 = ( GEOMETRIC_REPRESENTATION_CONTEXT(2) 
PARAMETRIC_REPRESENTATION_CONTEXT() REPRESENTATION_CONTEXT('2D SPACE',''
  ) );
#9265 = ORIENTED_EDGE('',*,*,#9266,.T.);
#9266 = EDGE_CURVE('',#9241,#9267,#9269,.T.);
#9267 = VERTEX_POINT('',#9268);
#9268 = CARTESIAN_POINT('',(273.11239690188,-166.3149425287,
    43.495281374239));
#9269 = SURFACE_CURVE('',#9270,(#9274,#9280),.PCURVE_S1.);
#9270 = LINE('',#9271,#9272);
#9271 = CARTESIAN_POINT('',(259.20468939555,-166.3149425287,
    43.495281374239));
#9272 = VECTOR('',#9273,1.);
#9273 = DIRECTION('',(1.,0.,0.));
#9274 = PCURVE('',#3876,#9275);
#9275 = DEFINITIONAL_REPRESENTATION('',(#9276),#9279);
#9276 = B_SPLINE_CURVE_WITH_KNOTS('',1,(#9277,#9278),.UNSPECIFIED.,.F.,
  .F.,(2,2),(7.848506088438,23.03779546914),.PIECEWISE_BEZIER_KNOTS.);
#9277 = CARTESIAN_POINT('',(-15.69701217687,-14.43459681335));
#9278 = CARTESIAN_POINT('',(-30.88630155757,-14.43459681335));
#9279 = ( GEOMETRIC_REPRESENTATION_CONTEXT(2) 
PARAMETRIC_REPRESENTATION_CONTEXT() REPRESENTATION_CONTEXT('2D SPACE',''
  ) );
#9280 = PCURVE('',#9281,#9286);
#9281 = PLANE('',#9282);
#9282 = AXIS2_PLACEMENT_3D('',#9283,#9284,#9285);
#9283 = CARTESIAN_POINT('',(267.05319548398,-166.3149425287,
    43.485281374239));
#9284 = DIRECTION('',(0.,1.,0.));
#9285 = DIRECTION('',(1.,0.,-0.));
#9286 = DEFINITIONAL_REPRESENTATION('',(#9287),#9290);
#9287 = B_SPLINE_CURVE_WITH_KNOTS('',1,(#9288,#9289),.UNSPECIFIED.,.F.,
  .F.,(2,2),(7.848506088438,23.03779546914),.PIECEWISE_BEZIER_KNOTS.);
#9288 = CARTESIAN_POINT('',(0.,-9.999999999998E-03));
#9289 = CARTESIAN_POINT('',(15.189289380702,-9.999999999998E-03));
#9290 = ( GEOMETRIC_REPRESENTATION_CONTEXT(2) 
PARAMETRIC_REPRESENTATION_CONTEXT() REPRESENTATION_CONTEXT('2D SPACE',''
  ) );
#9291 = ORIENTED_EDGE('',*,*,#9292,.F.);
#9292 = EDGE_CURVE('',#9293,#9267,#9295,.T.);
#9293 = VERTEX_POINT('',#9294);
#9294 = CARTESIAN_POINT('',(270.51239690188,-166.7149425287,
    43.495281374239));
#9295 = SURFACE_CURVE('',#9296,(#9300,#9306),.PCURVE_S1.);
#9296 = LINE('',#9297,#9298);
#9297 = CARTESIAN_POINT('',(264.66325953279,-167.6148098162,
    43.495281374239));
#9298 = VECTOR('',#9299,1.);
#9299 = DIRECTION('',(0.988371697651,0.152057184254,-0.));
#9300 = PCURVE('',#3876,#9301);
#9301 = DEFINITIONAL_REPRESENTATION('',(#9302),#9305);
#9302 = B_SPLINE_CURVE_WITH_KNOTS('',1,(#9303,#9304),.UNSPECIFIED.,.F.,
  .F.,(2,2),(5.917953117227,10.759799213011),.PIECEWISE_BEZIER_KNOTS.);
#9303 = CARTESIAN_POINT('',(-19.15621359476,-14.83459681335));
#9304 = CARTESIAN_POINT('',(-23.94175724022,-14.09835932944));
#9305 = ( GEOMETRIC_REPRESENTATION_CONTEXT(2) 
PARAMETRIC_REPRESENTATION_CONTEXT() REPRESENTATION_CONTEXT('2D SPACE',''
  ) );
#9306 = PCURVE('',#4813,#9307);
#9307 = DEFINITIONAL_REPRESENTATION('',(#9308),#9311);
#9308 = B_SPLINE_CURVE_WITH_KNOTS('',1,(#9309,#9310),.UNSPECIFIED.,.F.,
  .F.,(2,2),(5.917953117227,10.759799213011),.PIECEWISE_BEZIER_KNOTS.);
#9309 = CARTESIAN_POINT('',(4.841846095784,-36.30528137423));
#9310 = CARTESIAN_POINT('',(0.,-36.30528137423));
#9311 = ( GEOMETRIC_REPRESENTATION_CONTEXT(2) 
PARAMETRIC_REPRESENTATION_CONTEXT() REPRESENTATION_CONTEXT('2D SPACE',''
  ) );
#9312 = ORIENTED_EDGE('',*,*,#9313,.F.);
#9313 = EDGE_CURVE('',#9314,#9293,#9316,.T.);
#9314 = VERTEX_POINT('',#9315);
#9315 = CARTESIAN_POINT('',(266.71002790128,-166.7149425287,
    43.495281374239));
#9316 = SURFACE_CURVE('',#9317,(#9321,#9328),.PCURVE_S1.);
#9317 = LINE('',#9318,#9319);
#9318 = CARTESIAN_POINT('',(263.79310344827,-166.7149425287,
    43.495281374239));
#9319 = VECTOR('',#9320,1.);
#9320 = DIRECTION('',(1.,0.,-0.));
#9321 = PCURVE('',#3876,#9322);
#9322 = DEFINITIONAL_REPRESENTATION('',(#9323),#9327);
#9323 = LINE('',#9324,#9325);
#9324 = CARTESIAN_POINT('',(-12.43692014116,-14.83459681335));
#9325 = VECTOR('',#9326,1.);
#9326 = DIRECTION('',(-1.,0.));
#9327 = ( GEOMETRIC_REPRESENTATION_CONTEXT(2) 
PARAMETRIC_REPRESENTATION_CONTEXT() REPRESENTATION_CONTEXT('2D SPACE',''
  ) );
#9328 = PCURVE('',#9032,#9329);
#9329 = DEFINITIONAL_REPRESENTATION('',(#9330),#9334);
#9330 = LINE('',#9331,#9332);
#9331 = CARTESIAN_POINT('',(-2.916924453006,-0.41));
#9332 = VECTOR('',#9333,1.);
#9333 = DIRECTION('',(1.,0.));
#9334 = ( GEOMETRIC_REPRESENTATION_CONTEXT(2) 
PARAMETRIC_REPRESENTATION_CONTEXT() REPRESENTATION_CONTEXT('2D SPACE',''
  ) );
#9335 = ORIENTED_EDGE('',*,*,#9336,.F.);
#9336 = EDGE_CURVE('',#9337,#9314,#9339,.T.);
#9337 = VERTEX_POINT('',#9338);
#9338 = CARTESIAN_POINT('',(265.50248256901,-158.865897869,
    43.495281374239));
#9339 = SURFACE_CURVE('',#9340,(#9344,#9351),.PCURVE_S1.);
#9340 = LINE('',#9341,#9342);
#9341 = CARTESIAN_POINT('',(265.42942928925,-158.3910515505,
    43.495281374239));
#9342 = VECTOR('',#9343,1.);
#9343 = DIRECTION('',(0.152057184254,-0.988371697651,0.));
#9344 = PCURVE('',#3876,#9345);
#9345 = DEFINITIONAL_REPRESENTATION('',(#9346),#9350);
#9346 = LINE('',#9347,#9348);
#9347 = CARTESIAN_POINT('',(-14.07324598214,-6.510705835172));
#9348 = VECTOR('',#9349,1.);
#9349 = DIRECTION('',(-0.152057184254,-0.988371697651));
#9350 = ( GEOMETRIC_REPRESENTATION_CONTEXT(2) 
PARAMETRIC_REPRESENTATION_CONTEXT() REPRESENTATION_CONTEXT('2D SPACE',''
  ) );
#9351 = PCURVE('',#9006,#9352);
#9352 = DEFINITIONAL_REPRESENTATION('',(#9353),#9357);
#9353 = LINE('',#9354,#9355);
#9354 = CARTESIAN_POINT('',(-0.480432937917,-0.41));
#9355 = VECTOR('',#9356,1.);
#9356 = DIRECTION('',(1.,0.));
#9357 = ( GEOMETRIC_REPRESENTATION_CONTEXT(2) 
PARAMETRIC_REPRESENTATION_CONTEXT() REPRESENTATION_CONTEXT('2D SPACE',''
  ) );
#9358 = ORIENTED_EDGE('',*,*,#9359,.T.);
#9359 = EDGE_CURVE('',#9337,#9142,#9360,.T.);
#9360 = SURFACE_CURVE('',#9361,(#9366,#9377),.PCURVE_S1.);
#9361 = CIRCLE('',#9362,4.4);
#9362 = AXIS2_PLACEMENT_3D('',#9363,#9364,#9365);
#9363 = CARTESIAN_POINT('',(261.15364709935,-159.5349494797,
    43.495281374239));
#9364 = DIRECTION('',(0.,0.,1.));
#9365 = DIRECTION('',(0.152057184254,-0.988371697651,0.));
#9366 = PCURVE('',#3876,#9367);
#9367 = DEFINITIONAL_REPRESENTATION('',(#9368),#9376);
#9368 = ( BOUNDED_CURVE() B_SPLINE_CURVE(2,(#9369,#9370,#9371,#9372,
#9373,#9374,#9375),.UNSPECIFIED.,.T.,.F.) B_SPLINE_CURVE_WITH_KNOTS((1,2
    ,2,2,2,1),(-2.094395102393,0.,2.094395102393,4.188790204786,
6.28318530718,8.377580409573),.UNSPECIFIED.) CURVE() 
GEOMETRIC_REPRESENTATION_ITEM() RATIONAL_B_SPLINE_CURVE((1.,0.5,1.,0.5,
1.,0.5,1.)) REPRESENTATION_ITEM('') );
#9369 = CARTESIAN_POINT('',(-10.46651540295,-12.003439234));
#9370 = CARTESIAN_POINT('',(-17.99891939017,-10.84460785136));
#9371 = CARTESIAN_POINT('',(-13.22913998048,-4.90077033819));
#9372 = CARTESIAN_POINT('',(-8.459360570806,1.04306717498));
#9373 = CARTESIAN_POINT('',(-5.696735993275,-6.059601720838));
#9374 = CARTESIAN_POINT('',(-2.934111415745,-13.16227061665));
#9375 = CARTESIAN_POINT('',(-10.46651540295,-12.003439234));
#9376 = ( GEOMETRIC_REPRESENTATION_CONTEXT(2) 
PARAMETRIC_REPRESENTATION_CONTEXT() REPRESENTATION_CONTEXT('2D SPACE',''
  ) );
#9377 = PCURVE('',#8979,#9378);
#9378 = DEFINITIONAL_REPRESENTATION('',(#9379),#9383);
#9379 = LINE('',#9380,#9381);
#9380 = CARTESIAN_POINT('',(-0.,-0.41));
#9381 = VECTOR('',#9382,1.);
#9382 = DIRECTION('',(-1.,0.));
#9383 = ( GEOMETRIC_REPRESENTATION_CONTEXT(2) 
PARAMETRIC_REPRESENTATION_CONTEXT() REPRESENTATION_CONTEXT('2D SPACE',''
  ) );
#9384 = ADVANCED_FACE('',(#9385),#3850,.T.);
#9385 = FACE_BOUND('',#9386,.T.);
#9386 = EDGE_LOOP('',(#9387,#9388,#9389,#9412));
#9387 = ORIENTED_EDGE('',*,*,#9190,.F.);
#9388 = ORIENTED_EDGE('',*,*,#3835,.F.);
#9389 = ORIENTED_EDGE('',*,*,#9390,.T.);
#9390 = EDGE_CURVE('',#3810,#9391,#9393,.T.);
#9391 = VERTEX_POINT('',#9392);
#9392 = CARTESIAN_POINT('',(263.54867643471,-155.3751616867,
    43.895281374239));
#9393 = SURFACE_CURVE('',#9394,(#9398,#9405),.PCURVE_S1.);
#9394 = LINE('',#9395,#9396);
#9395 = CARTESIAN_POINT('',(226.03399592497,-133.7758001811,
    43.895281374239));
#9396 = VECTOR('',#9397,1.);
#9397 = DIRECTION('',(0.866622456874,-0.498964444867,0.));
#9398 = PCURVE('',#3850,#9399);
#9399 = DEFINITIONAL_REPRESENTATION('',(#9400),#9404);
#9400 = LINE('',#9401,#9402);
#9401 = CARTESIAN_POINT('',(-0.8,-0.41));
#9402 = VECTOR('',#9403,1.);
#9403 = DIRECTION('',(1.,0.));
#9404 = ( GEOMETRIC_REPRESENTATION_CONTEXT(2) 
PARAMETRIC_REPRESENTATION_CONTEXT() REPRESENTATION_CONTEXT('2D SPACE',''
  ) );
#9405 = PCURVE('',#3824,#9406);
#9406 = DEFINITIONAL_REPRESENTATION('',(#9407),#9411);
#9407 = LINE('',#9408,#9409);
#9408 = CARTESIAN_POINT('',(25.322187382135,18.104545534257));
#9409 = VECTOR('',#9410,1.);
#9410 = DIRECTION('',(-0.866622456874,-0.498964444867));
#9411 = ( GEOMETRIC_REPRESENTATION_CONTEXT(2) 
PARAMETRIC_REPRESENTATION_CONTEXT() REPRESENTATION_CONTEXT('2D SPACE',''
  ) );
#9412 = ORIENTED_EDGE('',*,*,#9413,.F.);
#9413 = EDGE_CURVE('',#9191,#9391,#9414,.T.);
#9414 = SURFACE_CURVE('',#9415,(#9419,#9426),.PCURVE_S1.);
#9415 = LINE('',#9416,#9417);
#9416 = CARTESIAN_POINT('',(263.54867643471,-155.3751616867,
    43.485281374239));
#9417 = VECTOR('',#9418,1.);
#9418 = DIRECTION('',(0.,-0.,1.));
#9419 = PCURVE('',#3850,#9420);
#9420 = DEFINITIONAL_REPRESENTATION('',(#9421),#9425);
#9421 = LINE('',#9422,#9423);
#9422 = CARTESIAN_POINT('',(42.488378015324,0.));
#9423 = VECTOR('',#9424,1.);
#9424 = DIRECTION('',(0.,-1.));
#9425 = ( GEOMETRIC_REPRESENTATION_CONTEXT(2) 
PARAMETRIC_REPRESENTATION_CONTEXT() REPRESENTATION_CONTEXT('2D SPACE',''
  ) );
#9426 = PCURVE('',#9228,#9427);
#9427 = DEFINITIONAL_REPRESENTATION('',(#9428),#9432);
#9428 = LINE('',#9429,#9430);
#9429 = CARTESIAN_POINT('',(-2.466539893478,0.));
#9430 = VECTOR('',#9431,1.);
#9431 = DIRECTION('',(-0.,-1.));
#9432 = ( GEOMETRIC_REPRESENTATION_CONTEXT(2) 
PARAMETRIC_REPRESENTATION_CONTEXT() REPRESENTATION_CONTEXT('2D SPACE',''
  ) );
#9433 = ADVANCED_FACE('',(#9434),#3824,.T.);
#9434 = FACE_BOUND('',#9435,.T.);
#9435 = EDGE_LOOP('',(#9436,#9437,#9438,#9459,#9488,#9514,#9540,#9566,
    #9587,#9610,#9633));
#9436 = ORIENTED_EDGE('',*,*,#9390,.F.);
#9437 = ORIENTED_EDGE('',*,*,#3809,.F.);
#9438 = ORIENTED_EDGE('',*,*,#9439,.T.);
#9439 = EDGE_CURVE('',#3784,#9440,#9442,.T.);
#9440 = VERTEX_POINT('',#9441);
#9441 = CARTESIAN_POINT('',(263.74826221266,-155.0285127039,
    43.895281374239));
#9442 = SURFACE_CURVE('',#9443,(#9447,#9453),.PCURVE_S1.);
#9443 = LINE('',#9444,#9445);
#9444 = CARTESIAN_POINT('',(240.17680073191,-141.4570651847,
    43.895281374239));
#9445 = VECTOR('',#9446,1.);
#9446 = DIRECTION('',(0.866622456874,-0.498964444867,0.));
#9447 = PCURVE('',#3824,#9448);
#9448 = DEFINITIONAL_REPRESENTATION('',(#9449),#9452);
#9449 = B_SPLINE_CURVE_WITH_KNOTS('',1,(#9450,#9451),.UNSPECIFIED.,.F.,
  .F.,(2,2),(-14.8891503773,27.199227638022),.PIECEWISE_BEZIER_KNOTS.);
#9450 = CARTESIAN_POINT('',(24.08265465594,17.852437183166));
#9451 = CARTESIAN_POINT('',(-12.39207890554,-3.1481669886));
#9452 = ( GEOMETRIC_REPRESENTATION_CONTEXT(2) 
PARAMETRIC_REPRESENTATION_CONTEXT() REPRESENTATION_CONTEXT('2D SPACE',''
  ) );
#9453 = PCURVE('',#3798,#9454);
#9454 = DEFINITIONAL_REPRESENTATION('',(#9455),#9458);
#9455 = B_SPLINE_CURVE_WITH_KNOTS('',1,(#9456,#9457),.UNSPECIFIED.,.F.,
  .F.,(2,2),(-14.8891503773,27.199227638022),.PIECEWISE_BEZIER_KNOTS.);
#9456 = CARTESIAN_POINT('',(-8.881784197001E-15,-9.999999999991E-03));
#9457 = CARTESIAN_POINT('',(42.088378015324,-9.999999999991E-03));
#9458 = ( GEOMETRIC_REPRESENTATION_CONTEXT(2) 
PARAMETRIC_REPRESENTATION_CONTEXT() REPRESENTATION_CONTEXT('2D SPACE',''
  ) );
#9459 = ORIENTED_EDGE('',*,*,#9460,.T.);
#9460 = EDGE_CURVE('',#9440,#9461,#9463,.T.);
#9461 = VERTEX_POINT('',#9462);
#9462 = CARTESIAN_POINT('',(266.29317992713,-158.7442521216,
    43.895281374239));
#9463 = SURFACE_CURVE('',#9464,(#9469,#9476),.PCURVE_S1.);
#9464 = CIRCLE('',#9465,5.2);
#9465 = AXIS2_PLACEMENT_3D('',#9466,#9467,#9468);
#9466 = CARTESIAN_POINT('',(261.15364709935,-159.5349494797,
    43.895281374239));
#9467 = DIRECTION('',(0.,-0.,-1.));
#9468 = DIRECTION('',(0.152057184254,-0.988371697651,0.));
#9469 = PCURVE('',#3824,#9470);
#9470 = DEFINITIONAL_REPRESENTATION('',(#9471),#9475);
#9471 = CIRCLE('',#9472,5.2);
#9472 = AXIS2_PLACEMENT_2D('',#9473,#9474);
#9473 = CARTESIAN_POINT('',(-9.797463792241,-7.654603764346));
#9474 = DIRECTION('',(-0.152057184254,-0.988371697651));
#9475 = ( GEOMETRIC_REPRESENTATION_CONTEXT(2) 
PARAMETRIC_REPRESENTATION_CONTEXT() REPRESENTATION_CONTEXT('2D SPACE',''
  ) );
#9476 = PCURVE('',#9477,#9482);
#9477 = CYLINDRICAL_SURFACE('',#9478,5.2);
#9478 = AXIS2_PLACEMENT_3D('',#9479,#9480,#9481);
#9479 = CARTESIAN_POINT('',(261.15364709935,-159.5349494797,
    43.885281374239));
#9480 = DIRECTION('',(-0.,-0.,-1.));
#9481 = DIRECTION('',(0.152057184254,-0.988371697651,0.));
#9482 = DEFINITIONAL_REPRESENTATION('',(#9483),#9487);
#9483 = LINE('',#9484,#9485);
#9484 = CARTESIAN_POINT('',(-6.28318530718,-9.999999999991E-03));
#9485 = VECTOR('',#9486,1.);
#9486 = DIRECTION('',(1.,-0.));
#9487 = ( GEOMETRIC_REPRESENTATION_CONTEXT(2) 
PARAMETRIC_REPRESENTATION_CONTEXT() REPRESENTATION_CONTEXT('2D SPACE',''
  ) );
#9488 = ORIENTED_EDGE('',*,*,#9489,.T.);
#9489 = EDGE_CURVE('',#9461,#9490,#9492,.T.);
#9490 = VERTEX_POINT('',#9491);
#9491 = CARTESIAN_POINT('',(267.39636306669,-165.9149425287,
    43.895281374239));
#9492 = SURFACE_CURVE('',#9493,(#9497,#9503),.PCURVE_S1.);
#9493 = LINE('',#9494,#9495);
#9494 = CARTESIAN_POINT('',(265.60471301083,-154.2692171656,
    43.895281374239));
#9495 = VECTOR('',#9496,1.);
#9496 = DIRECTION('',(0.152057184254,-0.988371697651,0.));
#9497 = PCURVE('',#3824,#9498);
#9498 = DEFINITIONAL_REPRESENTATION('',(#9499),#9502);
#9499 = B_SPLINE_CURVE_WITH_KNOTS('',1,(#9500,#9501),.UNSPECIFIED.,.F.,
  .F.,(2,2),(4.527684237244,11.782738610188),.PIECEWISE_BEZIER_KNOTS.);
#9500 = CARTESIAN_POINT('',(-14.93699662002,-6.863906406225));
#9501 = CARTESIAN_POINT('',(-16.04017975958,-14.03459681335));
#9502 = ( GEOMETRIC_REPRESENTATION_CONTEXT(2) 
PARAMETRIC_REPRESENTATION_CONTEXT() REPRESENTATION_CONTEXT('2D SPACE',''
  ) );
#9503 = PCURVE('',#9504,#9509);
#9504 = PLANE('',#9505);
#9505 = AXIS2_PLACEMENT_3D('',#9506,#9507,#9508);
#9506 = CARTESIAN_POINT('',(266.29317992713,-158.7442521216,
    43.885281374239));
#9507 = DIRECTION('',(0.988371697651,0.152057184254,0.));
#9508 = DIRECTION('',(0.152057184254,-0.988371697651,0.));
#9509 = DEFINITIONAL_REPRESENTATION('',(#9510),#9513);
#9510 = B_SPLINE_CURVE_WITH_KNOTS('',1,(#9511,#9512),.UNSPECIFIED.,.F.,
  .F.,(2,2),(4.527684237244,11.782738610188),.PIECEWISE_BEZIER_KNOTS.);
#9511 = CARTESIAN_POINT('',(-1.68753899743E-14,-9.999999999991E-03));
#9512 = CARTESIAN_POINT('',(7.255054372944,-9.999999999991E-03));
#9513 = ( GEOMETRIC_REPRESENTATION_CONTEXT(2) 
PARAMETRIC_REPRESENTATION_CONTEXT() REPRESENTATION_CONTEXT('2D SPACE',''
  ) );
#9514 = ORIENTED_EDGE('',*,*,#9515,.T.);
#9515 = EDGE_CURVE('',#9490,#9516,#9518,.T.);
#9516 = VERTEX_POINT('',#9517);
#9517 = CARTESIAN_POINT('',(275.30037234149,-165.9149425287,
    43.895281374239));
#9518 = SURFACE_CURVE('',#9519,(#9523,#9529),.PCURVE_S1.);
#9519 = LINE('',#9520,#9521);
#9520 = CARTESIAN_POINT('',(259.3762731869,-165.9149425287,
    43.895281374239));
#9521 = VECTOR('',#9522,1.);
#9522 = DIRECTION('',(1.,0.,0.));
#9523 = PCURVE('',#3824,#9524);
#9524 = DEFINITIONAL_REPRESENTATION('',(#9525),#9528);
#9525 = B_SPLINE_CURVE_WITH_KNOTS('',1,(#9526,#9527),.UNSPECIFIED.,.F.,
  .F.,(2,2),(8.020089879792,22.479153218293),.PIECEWISE_BEZIER_KNOTS.);
#9526 = CARTESIAN_POINT('',(-16.04017975958,-14.03459681335));
#9527 = CARTESIAN_POINT('',(-30.49924309808,-14.03459681335));
#9528 = ( GEOMETRIC_REPRESENTATION_CONTEXT(2) 
PARAMETRIC_REPRESENTATION_CONTEXT() REPRESENTATION_CONTEXT('2D SPACE',''
  ) );
#9529 = PCURVE('',#9530,#9535);
#9530 = PLANE('',#9531);
#9531 = AXIS2_PLACEMENT_3D('',#9532,#9533,#9534);
#9532 = CARTESIAN_POINT('',(267.39636306669,-165.9149425287,
    43.885281374239));
#9533 = DIRECTION('',(0.,1.,0.));
#9534 = DIRECTION('',(1.,0.,-0.));
#9535 = DEFINITIONAL_REPRESENTATION('',(#9536),#9539);
#9536 = B_SPLINE_CURVE_WITH_KNOTS('',1,(#9537,#9538),.UNSPECIFIED.,.F.,
  .F.,(2,2),(8.020089879792,22.479153218293),.PIECEWISE_BEZIER_KNOTS.);
#9537 = CARTESIAN_POINT('',(-1.42108547152E-14,-9.999999999991E-03));
#9538 = CARTESIAN_POINT('',(14.459063338501,-9.999999999991E-03));
#9539 = ( GEOMETRIC_REPRESENTATION_CONTEXT(2) 
PARAMETRIC_REPRESENTATION_CONTEXT() REPRESENTATION_CONTEXT('2D SPACE',''
  ) );
#9540 = ORIENTED_EDGE('',*,*,#9541,.F.);
#9541 = EDGE_CURVE('',#9542,#9516,#9544,.T.);
#9542 = VERTEX_POINT('',#9543);
#9543 = CARTESIAN_POINT('',(275.29794054733,-165.9787050448,
    43.895281374239));
#9544 = SURFACE_CURVE('',#9545,(#9549,#9555),.PCURVE_S1.);
#9545 = LINE('',#9546,#9547);
#9546 = CARTESIAN_POINT('',(275.60361663078,-157.9637683707,
    43.895281374239));
#9547 = VECTOR('',#9548,1.);
#9548 = DIRECTION('',(3.811059657122E-02,0.999273527333,-0.));
#9549 = PCURVE('',#3824,#9550);
#9550 = DEFINITIONAL_REPRESENTATION('',(#9551),#9554);
#9551 = B_SPLINE_CURVE_WITH_KNOTS('',1,(#9552,#9553),.UNSPECIFIED.,.F.,
  .F.,(2,2),(-8.020763539559,-5.154919065797),.PIECEWISE_BEZIER_KNOTS.);
#9552 = CARTESIAN_POINT('',(-23.94175724022,-14.09835932944));
#9553 = CARTESIAN_POINT('',(-24.05097628279,-11.23459681335));
#9554 = ( GEOMETRIC_REPRESENTATION_CONTEXT(2) 
PARAMETRIC_REPRESENTATION_CONTEXT() REPRESENTATION_CONTEXT('2D SPACE',''
  ) );
#9555 = PCURVE('',#9556,#9561);
#9556 = PLANE('',#9557);
#9557 = AXIS2_PLACEMENT_3D('',#9558,#9559,#9560);
#9558 = CARTESIAN_POINT('',(275.40715958991,-163.1149425287,7.19));
#9559 = DIRECTION('',(0.999273527333,-3.811059657122E-02,0.));
#9560 = DIRECTION('',(-3.811059657122E-02,-0.999273527333,0.));
#9561 = DEFINITIONAL_REPRESENTATION('',(#9562),#9565);
#9562 = B_SPLINE_CURVE_WITH_KNOTS('',1,(#9563,#9564),.UNSPECIFIED.,.F.,
  .F.,(2,2),(-8.020763539559,-5.154919065797),.PIECEWISE_BEZIER_KNOTS.);
#9563 = CARTESIAN_POINT('',(2.865844473762,-36.70528137423));
#9564 = CARTESIAN_POINT('',(-3.552713678801E-15,-36.70528137423));
#9565 = ( GEOMETRIC_REPRESENTATION_CONTEXT(2) 
PARAMETRIC_REPRESENTATION_CONTEXT() REPRESENTATION_CONTEXT('2D SPACE',''
  ) );
#9566 = ORIENTED_EDGE('',*,*,#9567,.F.);
#9567 = EDGE_CURVE('',#9568,#9542,#9570,.T.);
#9568 = VERTEX_POINT('',#9569);
#9569 = CARTESIAN_POINT('',(273.11239690188,-166.3149425287,
    43.895281374239));
#9570 = SURFACE_CURVE('',#9571,(#9575,#9581),.PCURVE_S1.);
#9571 = LINE('',#9572,#9573);
#9572 = CARTESIAN_POINT('',(264.66325953279,-167.6148098162,
    43.895281374239));
#9573 = VECTOR('',#9574,1.);
#9574 = DIRECTION('',(0.988371697651,0.152057184254,-0.));
#9575 = PCURVE('',#3824,#9576);
#9576 = DEFINITIONAL_REPRESENTATION('',(#9577),#9580);
#9577 = B_SPLINE_CURVE_WITH_KNOTS('',1,(#9578,#9579),.UNSPECIFIED.,.F.,
  .F.,(2,2),(8.54854240482,10.759799213011),.PIECEWISE_BEZIER_KNOTS.);
#9578 = CARTESIAN_POINT('',(-21.75621359476,-14.43459681335));
#9579 = CARTESIAN_POINT('',(-23.94175724022,-14.09835932944));
#9580 = ( GEOMETRIC_REPRESENTATION_CONTEXT(2) 
PARAMETRIC_REPRESENTATION_CONTEXT() REPRESENTATION_CONTEXT('2D SPACE',''
  ) );
#9581 = PCURVE('',#4813,#9582);
#9582 = DEFINITIONAL_REPRESENTATION('',(#9583),#9586);
#9583 = B_SPLINE_CURVE_WITH_KNOTS('',1,(#9584,#9585),.UNSPECIFIED.,.F.,
  .F.,(2,2),(8.54854240482,10.759799213011),.PIECEWISE_BEZIER_KNOTS.);
#9584 = CARTESIAN_POINT('',(2.211256808191,-36.70528137423));
#9585 = CARTESIAN_POINT('',(0.,-36.70528137423));
#9586 = ( GEOMETRIC_REPRESENTATION_CONTEXT(2) 
PARAMETRIC_REPRESENTATION_CONTEXT() REPRESENTATION_CONTEXT('2D SPACE',''
  ) );
#9587 = ORIENTED_EDGE('',*,*,#9588,.F.);
#9588 = EDGE_CURVE('',#9589,#9568,#9591,.T.);
#9589 = VERTEX_POINT('',#9590);
#9590 = CARTESIAN_POINT('',(267.05319548398,-166.3149425287,
    43.895281374239));
#9591 = SURFACE_CURVE('',#9592,(#9596,#9603),.PCURVE_S1.);
#9592 = LINE('',#9593,#9594);
#9593 = CARTESIAN_POINT('',(263.79310344827,-166.3149425287,
    43.895281374239));
#9594 = VECTOR('',#9595,1.);
#9595 = DIRECTION('',(1.,0.,-0.));
#9596 = PCURVE('',#3824,#9597);
#9597 = DEFINITIONAL_REPRESENTATION('',(#9598),#9602);
#9598 = LINE('',#9599,#9600);
#9599 = CARTESIAN_POINT('',(-12.43692014116,-14.43459681335));
#9600 = VECTOR('',#9601,1.);
#9601 = DIRECTION('',(-1.,0.));
#9602 = ( GEOMETRIC_REPRESENTATION_CONTEXT(2) 
PARAMETRIC_REPRESENTATION_CONTEXT() REPRESENTATION_CONTEXT('2D SPACE',''
  ) );
#9603 = PCURVE('',#9281,#9604);
#9604 = DEFINITIONAL_REPRESENTATION('',(#9605),#9609);
#9605 = LINE('',#9606,#9607);
#9606 = CARTESIAN_POINT('',(-3.260092035713,-0.41));
#9607 = VECTOR('',#9608,1.);
#9608 = DIRECTION('',(1.,0.));
#9609 = ( GEOMETRIC_REPRESENTATION_CONTEXT(2) 
PARAMETRIC_REPRESENTATION_CONTEXT() REPRESENTATION_CONTEXT('2D SPACE',''
  ) );
#9610 = ORIENTED_EDGE('',*,*,#9611,.F.);
#9611 = EDGE_CURVE('',#9612,#9589,#9614,.T.);
#9612 = VERTEX_POINT('',#9613);
#9613 = CARTESIAN_POINT('',(265.89783124807,-158.8050749953,
    43.895281374239));
#9614 = SURFACE_CURVE('',#9615,(#9619,#9626),.PCURVE_S1.);
#9615 = LINE('',#9616,#9617);
#9616 = CARTESIAN_POINT('',(265.82477796831,-158.3302286768,
    43.895281374239));
#9617 = VECTOR('',#9618,1.);
#9618 = DIRECTION('',(0.152057184254,-0.988371697651,0.));
#9619 = PCURVE('',#3824,#9620);
#9620 = DEFINITIONAL_REPRESENTATION('',(#9621),#9625);
#9621 = LINE('',#9622,#9623);
#9622 = CARTESIAN_POINT('',(-14.4685946612,-6.44988296147));
#9623 = VECTOR('',#9624,1.);
#9624 = DIRECTION('',(-0.152057184254,-0.988371697651));
#9625 = ( GEOMETRIC_REPRESENTATION_CONTEXT(2) 
PARAMETRIC_REPRESENTATION_CONTEXT() REPRESENTATION_CONTEXT('2D SPACE',''
  ) );
#9626 = PCURVE('',#9255,#9627);
#9627 = DEFINITIONAL_REPRESENTATION('',(#9628),#9632);
#9628 = LINE('',#9629,#9630);
#9629 = CARTESIAN_POINT('',(-0.480432937917,-0.41));
#9630 = VECTOR('',#9631,1.);
#9631 = DIRECTION('',(1.,0.));
#9632 = ( GEOMETRIC_REPRESENTATION_CONTEXT(2) 
PARAMETRIC_REPRESENTATION_CONTEXT() REPRESENTATION_CONTEXT('2D SPACE',''
  ) );
#9633 = ORIENTED_EDGE('',*,*,#9634,.T.);
#9634 = EDGE_CURVE('',#9612,#9391,#9635,.T.);
#9635 = SURFACE_CURVE('',#9636,(#9641,#9652),.PCURVE_S1.);
#9636 = CIRCLE('',#9637,4.8);
#9637 = AXIS2_PLACEMENT_3D('',#9638,#9639,#9640);
#9638 = CARTESIAN_POINT('',(261.15364709935,-159.5349494797,
    43.895281374239));
#9639 = DIRECTION('',(0.,0.,1.));
#9640 = DIRECTION('',(0.152057184254,-0.988371697651,0.));
#9641 = PCURVE('',#3824,#9642);
#9642 = DEFINITIONAL_REPRESENTATION('',(#9643),#9651);
#9643 = ( BOUNDED_CURVE() B_SPLINE_CURVE(2,(#9644,#9645,#9646,#9647,
#9648,#9649,#9650),.UNSPECIFIED.,.T.,.F.) B_SPLINE_CURVE_WITH_KNOTS((1,2
    ,2,2,2,1),(-2.094395102393,0.,2.094395102393,4.188790204786,
6.28318530718,8.377580409573),.UNSPECIFIED.) CURVE() 
GEOMETRIC_REPRESENTATION_ITEM() RATIONAL_B_SPLINE_CURVE((1.,0.5,1.,0.5,
1.,0.5,1.)) REPRESENTATION_ITEM('') );
#9644 = CARTESIAN_POINT('',(-10.52733827666,-12.39878791306));
#9645 = CARTESIAN_POINT('',(-18.74450626271,-11.1346082229));
#9646 = CARTESIAN_POINT('',(-13.54111054305,-4.650421844903));
#9647 = CARTESIAN_POINT('',(-8.337714823403,1.8337645331));
#9648 = CARTESIAN_POINT('',(-5.323942557006,-5.914601535065));
#9649 = CARTESIAN_POINT('',(-2.310170290609,-13.66296760323));
#9650 = CARTESIAN_POINT('',(-10.52733827666,-12.39878791306));
#9651 = ( GEOMETRIC_REPRESENTATION_CONTEXT(2) 
PARAMETRIC_REPRESENTATION_CONTEXT() REPRESENTATION_CONTEXT('2D SPACE',''
  ) );
#9652 = PCURVE('',#9228,#9653);
#9653 = DEFINITIONAL_REPRESENTATION('',(#9654),#9658);
#9654 = LINE('',#9655,#9656);
#9655 = CARTESIAN_POINT('',(-0.,-0.41));
#9656 = VECTOR('',#9657,1.);
#9657 = DIRECTION('',(-1.,0.));
#9658 = ( GEOMETRIC_REPRESENTATION_CONTEXT(2) 
PARAMETRIC_REPRESENTATION_CONTEXT() REPRESENTATION_CONTEXT('2D SPACE',''
  ) );
#9659 = ADVANCED_FACE('',(#9660),#3798,.T.);
#9660 = FACE_BOUND('',#9661,.T.);
#9661 = EDGE_LOOP('',(#9662,#9663,#9664,#9687));
#9662 = ORIENTED_EDGE('',*,*,#9439,.F.);
#9663 = ORIENTED_EDGE('',*,*,#3783,.F.);
#9664 = ORIENTED_EDGE('',*,*,#9665,.T.);
#9665 = EDGE_CURVE('',#3758,#9666,#9668,.T.);
#9666 = VERTEX_POINT('',#9667);
#9667 = CARTESIAN_POINT('',(263.74826221266,-155.0285127039,
    44.295281374239));
#9668 = SURFACE_CURVE('',#9669,(#9673,#9680),.PCURVE_S1.);
#9669 = LINE('',#9670,#9671);
#9670 = CARTESIAN_POINT('',(226.23358170292,-133.4291511983,
    44.295281374239));
#9671 = VECTOR('',#9672,1.);
#9672 = DIRECTION('',(0.866622456874,-0.498964444867,0.));
#9673 = PCURVE('',#3798,#9674);
#9674 = DEFINITIONAL_REPRESENTATION('',(#9675),#9679);
#9675 = LINE('',#9676,#9677);
#9676 = CARTESIAN_POINT('',(-1.2,-0.41));
#9677 = VECTOR('',#9678,1.);
#9678 = DIRECTION('',(1.,0.));
#9679 = ( GEOMETRIC_REPRESENTATION_CONTEXT(2) 
PARAMETRIC_REPRESENTATION_CONTEXT() REPRESENTATION_CONTEXT('2D SPACE',''
  ) );
#9680 = PCURVE('',#3772,#9681);
#9681 = DEFINITIONAL_REPRESENTATION('',(#9682),#9686);
#9682 = LINE('',#9683,#9684);
#9683 = CARTESIAN_POINT('',(25.122601604189,18.451194517006));
#9684 = VECTOR('',#9685,1.);
#9685 = DIRECTION('',(-0.866622456874,-0.498964444867));
#9686 = ( GEOMETRIC_REPRESENTATION_CONTEXT(2) 
PARAMETRIC_REPRESENTATION_CONTEXT() REPRESENTATION_CONTEXT('2D SPACE',''
  ) );
#9687 = ORIENTED_EDGE('',*,*,#9688,.F.);
#9688 = EDGE_CURVE('',#9440,#9666,#9689,.T.);
#9689 = SURFACE_CURVE('',#9690,(#9694,#9701),.PCURVE_S1.);
#9690 = LINE('',#9691,#9692);
#9691 = CARTESIAN_POINT('',(263.74826221266,-155.0285127039,
    43.885281374239));
#9692 = VECTOR('',#9693,1.);
#9693 = DIRECTION('',(0.,-0.,1.));
#9694 = PCURVE('',#3798,#9695);
#9695 = DEFINITIONAL_REPRESENTATION('',(#9696),#9700);
#9696 = LINE('',#9697,#9698);
#9697 = CARTESIAN_POINT('',(42.088378015324,0.));
#9698 = VECTOR('',#9699,1.);
#9699 = DIRECTION('',(0.,-1.));
#9700 = ( GEOMETRIC_REPRESENTATION_CONTEXT(2) 
PARAMETRIC_REPRESENTATION_CONTEXT() REPRESENTATION_CONTEXT('2D SPACE',''
  ) );
#9701 = PCURVE('',#9477,#9702);
#9702 = DEFINITIONAL_REPRESENTATION('',(#9703),#9707);
#9703 = LINE('',#9704,#9705);
#9704 = CARTESIAN_POINT('',(-2.466539893478,0.));
#9705 = VECTOR('',#9706,1.);
#9706 = DIRECTION('',(-0.,-1.));
#9707 = ( GEOMETRIC_REPRESENTATION_CONTEXT(2) 
PARAMETRIC_REPRESENTATION_CONTEXT() REPRESENTATION_CONTEXT('2D SPACE',''
  ) );
#9708 = ADVANCED_FACE('',(#9709),#3772,.T.);
#9709 = FACE_BOUND('',#9710,.T.);
#9710 = EDGE_LOOP('',(#9711,#9712,#9713,#9734,#9763,#9789,#9815,#9836,
    #9859,#9882));
#9711 = ORIENTED_EDGE('',*,*,#9665,.F.);
#9712 = ORIENTED_EDGE('',*,*,#3757,.F.);
#9713 = ORIENTED_EDGE('',*,*,#9714,.T.);
#9714 = EDGE_CURVE('',#3732,#9715,#9717,.T.);
#9715 = VERTEX_POINT('',#9716);
#9716 = CARTESIAN_POINT('',(263.9478479906,-154.6818637212,
    44.295281374239));
#9717 = SURFACE_CURVE('',#9718,(#9722,#9728),.PCURVE_S1.);
#9718 = LINE('',#9719,#9720);
#9719 = CARTESIAN_POINT('',(240.54971100124,-141.2102090909,
    44.295281374239));
#9720 = VECTOR('',#9721,1.);
#9721 = DIRECTION('',(0.866622456874,-0.498964444867,0.));
#9722 = PCURVE('',#3772,#9723);
#9723 = DEFINITIONAL_REPRESENTATION('',(#9724),#9727);
#9724 = B_SPLINE_CURVE_WITH_KNOTS('',1,(#9725,#9726),.UNSPECIFIED.,.F.,
  .F.,(2,2),(-14.6891503773,26.999227638022),.PIECEWISE_BEZIER_KNOTS.);
#9725 = CARTESIAN_POINT('',(23.536419895243,17.999500387969));
#9726 = CARTESIAN_POINT('',(-12.59166468349,-2.80151800585));
#9727 = ( GEOMETRIC_REPRESENTATION_CONTEXT(2) 
PARAMETRIC_REPRESENTATION_CONTEXT() REPRESENTATION_CONTEXT('2D SPACE',''
  ) );
#9728 = PCURVE('',#3746,#9729);
#9729 = DEFINITIONAL_REPRESENTATION('',(#9730),#9733);
#9730 = B_SPLINE_CURVE_WITH_KNOTS('',1,(#9731,#9732),.UNSPECIFIED.,.F.,
  .F.,(2,2),(-14.6891503773,26.999227638022),.PIECEWISE_BEZIER_KNOTS.);
#9731 = CARTESIAN_POINT('',(0.,-9.999999999998E-03));
#9732 = CARTESIAN_POINT('',(41.688378015324,-9.999999999998E-03));
#9733 = ( GEOMETRIC_REPRESENTATION_CONTEXT(2) 
PARAMETRIC_REPRESENTATION_CONTEXT() REPRESENTATION_CONTEXT('2D SPACE',''
  ) );
#9734 = ORIENTED_EDGE('',*,*,#9735,.T.);
#9735 = EDGE_CURVE('',#9715,#9736,#9738,.T.);
#9736 = VERTEX_POINT('',#9737);
#9737 = CARTESIAN_POINT('',(266.68852860619,-158.6834292479,
    44.295281374239));
#9738 = SURFACE_CURVE('',#9739,(#9744,#9751),.PCURVE_S1.);
#9739 = CIRCLE('',#9740,5.6);
#9740 = AXIS2_PLACEMENT_3D('',#9741,#9742,#9743);
#9741 = CARTESIAN_POINT('',(261.15364709935,-159.5349494797,
    44.295281374239));
#9742 = DIRECTION('',(0.,-0.,-1.));
#9743 = DIRECTION('',(0.152057184254,-0.988371697651,0.));
#9744 = PCURVE('',#3772,#9745);
#9745 = DEFINITIONAL_REPRESENTATION('',(#9746),#9750);
#9746 = CIRCLE('',#9747,5.6);
#9747 = AXIS2_PLACEMENT_2D('',#9748,#9749);
#9748 = CARTESIAN_POINT('',(-9.797463792241,-7.654603764346));
#9749 = DIRECTION('',(-0.152057184254,-0.988371697651));
#9750 = ( GEOMETRIC_REPRESENTATION_CONTEXT(2) 
PARAMETRIC_REPRESENTATION_CONTEXT() REPRESENTATION_CONTEXT('2D SPACE',''
  ) );
#9751 = PCURVE('',#9752,#9757);
#9752 = CYLINDRICAL_SURFACE('',#9753,5.6);
#9753 = AXIS2_PLACEMENT_3D('',#9754,#9755,#9756);
#9754 = CARTESIAN_POINT('',(261.15364709935,-159.5349494797,
    44.285281374239));
#9755 = DIRECTION('',(-0.,-0.,-1.));
#9756 = DIRECTION('',(0.152057184254,-0.988371697651,0.));
#9757 = DEFINITIONAL_REPRESENTATION('',(#9758),#9762);
#9758 = LINE('',#9759,#9760);
#9759 = CARTESIAN_POINT('',(-6.28318530718,-9.999999999998E-03));
#9760 = VECTOR('',#9761,1.);
#9761 = DIRECTION('',(1.,-0.));
#9762 = ( GEOMETRIC_REPRESENTATION_CONTEXT(2) 
PARAMETRIC_REPRESENTATION_CONTEXT() REPRESENTATION_CONTEXT('2D SPACE',''
  ) );
#9763 = ORIENTED_EDGE('',*,*,#9764,.T.);
#9764 = EDGE_CURVE('',#9736,#9765,#9767,.T.);
#9765 = VERTEX_POINT('',#9766);
#9766 = CARTESIAN_POINT('',(267.7395306494,-165.5149425287,
    44.295281374239));
#9767 = SURFACE_CURVE('',#9768,(#9772,#9778),.PCURVE_S1.);
#9768 = LINE('',#9769,#9770);
#9769 = CARTESIAN_POINT('',(266.00006168989,-154.2083942919,
    44.295281374239));
#9770 = VECTOR('',#9771,1.);
#9771 = DIRECTION('',(0.152057184254,-0.988371697651,0.));
#9772 = PCURVE('',#3772,#9773);
#9773 = DEFINITIONAL_REPRESENTATION('',(#9774),#9777);
#9774 = B_SPLINE_CURVE_WITH_KNOTS('',1,(#9775,#9776),.UNSPECIFIED.,.F.,
  .F.,(2,2),(4.527684237244,11.439571027481),.PIECEWISE_BEZIER_KNOTS.);
#9775 = CARTESIAN_POINT('',(-15.33234529908,-6.803083532524));
#9776 = CARTESIAN_POINT('',(-16.38334734229,-13.63459681335));
#9777 = ( GEOMETRIC_REPRESENTATION_CONTEXT(2) 
PARAMETRIC_REPRESENTATION_CONTEXT() REPRESENTATION_CONTEXT('2D SPACE',''
  ) );
#9778 = PCURVE('',#9779,#9784);
#9779 = PLANE('',#9780);
#9780 = AXIS2_PLACEMENT_3D('',#9781,#9782,#9783);
#9781 = CARTESIAN_POINT('',(266.68852860619,-158.6834292479,
    44.285281374239));
#9782 = DIRECTION('',(0.988371697651,0.152057184254,0.));
#9783 = DIRECTION('',(0.152057184254,-0.988371697651,0.));
#9784 = DEFINITIONAL_REPRESENTATION('',(#9785),#9788);
#9785 = B_SPLINE_CURVE_WITH_KNOTS('',1,(#9786,#9787),.UNSPECIFIED.,.F.,
  .F.,(2,2),(4.527684237244,11.439571027481),.PIECEWISE_BEZIER_KNOTS.);
#9786 = CARTESIAN_POINT('',(-1.59872115546E-14,-9.999999999998E-03));
#9787 = CARTESIAN_POINT('',(6.911886790237,-9.999999999998E-03));
#9788 = ( GEOMETRIC_REPRESENTATION_CONTEXT(2) 
PARAMETRIC_REPRESENTATION_CONTEXT() REPRESENTATION_CONTEXT('2D SPACE',''
  ) );
#9789 = ORIENTED_EDGE('',*,*,#9790,.T.);
#9790 = EDGE_CURVE('',#9765,#9791,#9793,.T.);
#9791 = VERTEX_POINT('',#9792);
#9792 = CARTESIAN_POINT('',(275.31562766269,-165.5149425287,
    44.295281374239));
#9793 = SURFACE_CURVE('',#9794,(#9798,#9804),.PCURVE_S1.);
#9794 = LINE('',#9795,#9796);
#9795 = CARTESIAN_POINT('',(259.54785697825,-165.5149425287,
    44.295281374239));
#9796 = VECTOR('',#9797,1.);
#9797 = DIRECTION('',(1.,0.,0.));
#9798 = PCURVE('',#3772,#9799);
#9799 = DEFINITIONAL_REPRESENTATION('',(#9800),#9803);
#9800 = B_SPLINE_CURVE_WITH_KNOTS('',1,(#9801,#9802),.UNSPECIFIED.,.F.,
  .F.,(2,2),(8.191673671145,21.920510967446),.PIECEWISE_BEZIER_KNOTS.);
#9801 = CARTESIAN_POINT('',(-16.38334734229,-13.63459681335));
#9802 = CARTESIAN_POINT('',(-30.11218463859,-13.63459681335));
#9803 = ( GEOMETRIC_REPRESENTATION_CONTEXT(2) 
PARAMETRIC_REPRESENTATION_CONTEXT() REPRESENTATION_CONTEXT('2D SPACE',''
  ) );
#9804 = PCURVE('',#9805,#9810);
#9805 = PLANE('',#9806);
#9806 = AXIS2_PLACEMENT_3D('',#9807,#9808,#9809);
#9807 = CARTESIAN_POINT('',(267.7395306494,-165.5149425287,
    44.285281374239));
#9808 = DIRECTION('',(0.,1.,0.));
#9809 = DIRECTION('',(1.,0.,-0.));
#9810 = DEFINITIONAL_REPRESENTATION('',(#9811),#9814);
#9811 = B_SPLINE_CURVE_WITH_KNOTS('',1,(#9812,#9813),.UNSPECIFIED.,.F.,
  .F.,(2,2),(8.191673671145,21.920510967446),.PIECEWISE_BEZIER_KNOTS.);
#9812 = CARTESIAN_POINT('',(-2.48689957516E-14,-9.999999999998E-03));
#9813 = CARTESIAN_POINT('',(13.728837296301,-9.999999999998E-03));
#9814 = ( GEOMETRIC_REPRESENTATION_CONTEXT(2) 
PARAMETRIC_REPRESENTATION_CONTEXT() REPRESENTATION_CONTEXT('2D SPACE',''
  ) );
#9815 = ORIENTED_EDGE('',*,*,#9816,.F.);
#9816 = EDGE_CURVE('',#9817,#9791,#9819,.T.);
#9817 = VERTEX_POINT('',#9818);
#9818 = CARTESIAN_POINT('',(275.30037234149,-165.9149425287,
    44.295281374239));
#9819 = SURFACE_CURVE('',#9820,(#9824,#9830),.PCURVE_S1.);
#9820 = LINE('',#9821,#9822);
#9821 = CARTESIAN_POINT('',(275.60361663078,-157.9637683707,
    44.295281374239));
#9822 = VECTOR('',#9823,1.);
#9823 = DIRECTION('',(3.811059657122E-02,0.999273527333,-0.));
#9824 = PCURVE('',#3772,#9825);
#9825 = DEFINITIONAL_REPRESENTATION('',(#9826),#9829);
#9826 = B_SPLINE_CURVE_WITH_KNOTS('',1,(#9827,#9828),.UNSPECIFIED.,.F.,
  .F.,(2,2),(-7.956954668074,-5.154919065797),.PIECEWISE_BEZIER_KNOTS.);
#9827 = CARTESIAN_POINT('',(-23.94418903438,-14.03459681335));
#9828 = CARTESIAN_POINT('',(-24.05097628279,-11.23459681335));
#9829 = ( GEOMETRIC_REPRESENTATION_CONTEXT(2) 
PARAMETRIC_REPRESENTATION_CONTEXT() REPRESENTATION_CONTEXT('2D SPACE',''
  ) );
#9830 = PCURVE('',#9556,#9831);
#9831 = DEFINITIONAL_REPRESENTATION('',(#9832),#9835);
#9832 = B_SPLINE_CURVE_WITH_KNOTS('',1,(#9833,#9834),.UNSPECIFIED.,.F.,
  .F.,(2,2),(-7.956954668074,-5.154919065797),.PIECEWISE_BEZIER_KNOTS.);
#9833 = CARTESIAN_POINT('',(2.802035602276,-37.10528137423));
#9834 = CARTESIAN_POINT('',(-3.552713678801E-15,-37.10528137423));
#9835 = ( GEOMETRIC_REPRESENTATION_CONTEXT(2) 
PARAMETRIC_REPRESENTATION_CONTEXT() REPRESENTATION_CONTEXT('2D SPACE',''
  ) );
#9836 = ORIENTED_EDGE('',*,*,#9837,.F.);
#9837 = EDGE_CURVE('',#9838,#9817,#9840,.T.);
#9838 = VERTEX_POINT('',#9839);
#9839 = CARTESIAN_POINT('',(267.39636306669,-165.9149425287,
    44.295281374239));
#9840 = SURFACE_CURVE('',#9841,(#9845,#9852),.PCURVE_S1.);
#9841 = LINE('',#9842,#9843);
#9842 = CARTESIAN_POINT('',(263.79310344827,-165.9149425287,
    44.295281374239));
#9843 = VECTOR('',#9844,1.);
#9844 = DIRECTION('',(1.,0.,-0.));
#9845 = PCURVE('',#3772,#9846);
#9846 = DEFINITIONAL_REPRESENTATION('',(#9847),#9851);
#9847 = LINE('',#9848,#9849);
#9848 = CARTESIAN_POINT('',(-12.43692014116,-14.03459681335));
#9849 = VECTOR('',#9850,1.);
#9850 = DIRECTION('',(-1.,0.));
#9851 = ( GEOMETRIC_REPRESENTATION_CONTEXT(2) 
PARAMETRIC_REPRESENTATION_CONTEXT() REPRESENTATION_CONTEXT('2D SPACE',''
  ) );
#9852 = PCURVE('',#9530,#9853);
#9853 = DEFINITIONAL_REPRESENTATION('',(#9854),#9858);
#9854 = LINE('',#9855,#9856);
#9855 = CARTESIAN_POINT('',(-3.60325961842,-0.41));
#9856 = VECTOR('',#9857,1.);
#9857 = DIRECTION('',(1.,0.));
#9858 = ( GEOMETRIC_REPRESENTATION_CONTEXT(2) 
PARAMETRIC_REPRESENTATION_CONTEXT() REPRESENTATION_CONTEXT('2D SPACE',''
  ) );
#9859 = ORIENTED_EDGE('',*,*,#9860,.F.);
#9860 = EDGE_CURVE('',#9861,#9838,#9863,.T.);
#9861 = VERTEX_POINT('',#9862);
#9862 = CARTESIAN_POINT('',(266.29317992713,-158.7442521216,
    44.295281374239));
#9863 = SURFACE_CURVE('',#9864,(#9868,#9875),.PCURVE_S1.);
#9864 = LINE('',#9865,#9866);
#9865 = CARTESIAN_POINT('',(266.22012664737,-158.2694058031,
    44.295281374239));
#9866 = VECTOR('',#9867,1.);
#9867 = DIRECTION('',(0.152057184254,-0.988371697651,0.));
#9868 = PCURVE('',#3772,#9869);
#9869 = DEFINITIONAL_REPRESENTATION('',(#9870),#9874);
#9870 = LINE('',#9871,#9872);
#9871 = CARTESIAN_POINT('',(-14.86394334026,-6.389060087769));
#9872 = VECTOR('',#9873,1.);
#9873 = DIRECTION('',(-0.152057184254,-0.988371697651));
#9874 = ( GEOMETRIC_REPRESENTATION_CONTEXT(2) 
PARAMETRIC_REPRESENTATION_CONTEXT() REPRESENTATION_CONTEXT('2D SPACE',''
  ) );
#9875 = PCURVE('',#9504,#9876);
#9876 = DEFINITIONAL_REPRESENTATION('',(#9877),#9881);
#9877 = LINE('',#9878,#9879);
#9878 = CARTESIAN_POINT('',(-0.480432937917,-0.41));
#9879 = VECTOR('',#9880,1.);
#9880 = DIRECTION('',(1.,0.));
#9881 = ( GEOMETRIC_REPRESENTATION_CONTEXT(2) 
PARAMETRIC_REPRESENTATION_CONTEXT() REPRESENTATION_CONTEXT('2D SPACE',''
  ) );
#9882 = ORIENTED_EDGE('',*,*,#9883,.T.);
#9883 = EDGE_CURVE('',#9861,#9666,#9884,.T.);
#9884 = SURFACE_CURVE('',#9885,(#9890,#9901),.PCURVE_S1.);
#9885 = CIRCLE('',#9886,5.2);
#9886 = AXIS2_PLACEMENT_3D('',#9887,#9888,#9889);
#9887 = CARTESIAN_POINT('',(261.15364709935,-159.5349494797,
    44.295281374239));
#9888 = DIRECTION('',(0.,0.,1.));
#9889 = DIRECTION('',(0.152057184254,-0.988371697651,0.));
#9890 = PCURVE('',#3772,#9891);
#9891 = DEFINITIONAL_REPRESENTATION('',(#9892),#9900);
#9892 = ( BOUNDED_CURVE() B_SPLINE_CURVE(2,(#9893,#9894,#9895,#9896,
#9897,#9898,#9899),.UNSPECIFIED.,.T.,.F.) B_SPLINE_CURVE_WITH_KNOTS((1,2
    ,2,2,2,1),(-2.094395102393,0.,2.094395102393,4.188790204786,
6.28318530718,8.377580409573),.UNSPECIFIED.) CURVE() 
GEOMETRIC_REPRESENTATION_ITEM() RATIONAL_B_SPLINE_CURVE((1.,0.5,1.,0.5,
1.,0.5,1.)) REPRESENTATION_ITEM('') );
#9893 = CARTESIAN_POINT('',(-10.58816115036,-12.79413659212));
#9894 = CARTESIAN_POINT('',(-19.49009313525,-11.42460859445));
#9895 = CARTESIAN_POINT('',(-13.85308110562,-4.400073351616));
#9896 = CARTESIAN_POINT('',(-8.216069076,2.624461891221));
#9897 = CARTESIAN_POINT('',(-4.951149120736,-5.769601349292));
#9898 = CARTESIAN_POINT('',(-1.686229165473,-14.1636645898));
#9899 = CARTESIAN_POINT('',(-10.58816115036,-12.79413659212));
#9900 = ( GEOMETRIC_REPRESENTATION_CONTEXT(2) 
PARAMETRIC_REPRESENTATION_CONTEXT() REPRESENTATION_CONTEXT('2D SPACE',''
  ) );
#9901 = PCURVE('',#9477,#9902);
#9902 = DEFINITIONAL_REPRESENTATION('',(#9903),#9907);
#9903 = LINE('',#9904,#9905);
#9904 = CARTESIAN_POINT('',(-0.,-0.41));
#9905 = VECTOR('',#9906,1.);
#9906 = DIRECTION('',(-1.,0.));
#9907 = ( GEOMETRIC_REPRESENTATION_CONTEXT(2) 
PARAMETRIC_REPRESENTATION_CONTEXT() REPRESENTATION_CONTEXT('2D SPACE',''
  ) );
#9908 = ADVANCED_FACE('',(#9909),#3746,.T.);
#9909 = FACE_BOUND('',#9910,.T.);
#9910 = EDGE_LOOP('',(#9911,#9912,#9913,#9936));
#9911 = ORIENTED_EDGE('',*,*,#9714,.F.);
#9912 = ORIENTED_EDGE('',*,*,#3731,.F.);
#9913 = ORIENTED_EDGE('',*,*,#9914,.T.);
#9914 = EDGE_CURVE('',#3706,#9915,#9917,.T.);
#9915 = VERTEX_POINT('',#9916);
#9916 = CARTESIAN_POINT('',(263.9478479906,-154.6818637212,
    44.695281374239));
#9917 = SURFACE_CURVE('',#9918,(#9922,#9929),.PCURVE_S1.);
#9918 = LINE('',#9919,#9920);
#9919 = CARTESIAN_POINT('',(226.43316748087,-133.0825022156,
    44.695281374239));
#9920 = VECTOR('',#9921,1.);
#9921 = DIRECTION('',(0.866622456874,-0.498964444867,0.));
#9922 = PCURVE('',#3746,#9923);
#9923 = DEFINITIONAL_REPRESENTATION('',(#9924),#9928);
#9924 = LINE('',#9925,#9926);
#9925 = CARTESIAN_POINT('',(-1.6,-0.41));
#9926 = VECTOR('',#9927,1.);
#9927 = DIRECTION('',(1.,0.));
#9928 = ( GEOMETRIC_REPRESENTATION_CONTEXT(2) 
PARAMETRIC_REPRESENTATION_CONTEXT() REPRESENTATION_CONTEXT('2D SPACE',''
  ) );
#9929 = PCURVE('',#3720,#9930);
#9930 = DEFINITIONAL_REPRESENTATION('',(#9931),#9935);
#9931 = LINE('',#9932,#9933);
#9932 = CARTESIAN_POINT('',(24.923015826242,18.797843499756));
#9933 = VECTOR('',#9934,1.);
#9934 = DIRECTION('',(-0.866622456874,-0.498964444867));
#9935 = ( GEOMETRIC_REPRESENTATION_CONTEXT(2) 
PARAMETRIC_REPRESENTATION_CONTEXT() REPRESENTATION_CONTEXT('2D SPACE',''
  ) );
#9936 = ORIENTED_EDGE('',*,*,#9937,.F.);
#9937 = EDGE_CURVE('',#9715,#9915,#9938,.T.);
#9938 = SURFACE_CURVE('',#9939,(#9943,#9950),.PCURVE_S1.);
#9939 = LINE('',#9940,#9941);
#9940 = CARTESIAN_POINT('',(263.9478479906,-154.6818637212,
    44.285281374239));
#9941 = VECTOR('',#9942,1.);
#9942 = DIRECTION('',(0.,-0.,1.));
#9943 = PCURVE('',#3746,#9944);
#9944 = DEFINITIONAL_REPRESENTATION('',(#9945),#9949);
#9945 = LINE('',#9946,#9947);
#9946 = CARTESIAN_POINT('',(41.688378015324,0.));
#9947 = VECTOR('',#9948,1.);
#9948 = DIRECTION('',(0.,-1.));
#9949 = ( GEOMETRIC_REPRESENTATION_CONTEXT(2) 
PARAMETRIC_REPRESENTATION_CONTEXT() REPRESENTATION_CONTEXT('2D SPACE',''
  ) );
#9950 = PCURVE('',#9752,#9951);
#9951 = DEFINITIONAL_REPRESENTATION('',(#9952),#9956);
#9952 = LINE('',#9953,#9954);
#9953 = CARTESIAN_POINT('',(-2.466539893478,0.));
#9954 = VECTOR('',#9955,1.);
#9955 = DIRECTION('',(-0.,-1.));
#9956 = ( GEOMETRIC_REPRESENTATION_CONTEXT(2) 
PARAMETRIC_REPRESENTATION_CONTEXT() REPRESENTATION_CONTEXT('2D SPACE',''
  ) );
#9957 = ADVANCED_FACE('',(#9958),#3720,.T.);
#9958 = FACE_BOUND('',#9959,.T.);
#9959 = EDGE_LOOP('',(#9960,#9961,#9962,#9983,#10012,#10038,#10064,
    #10085,#10108,#10131));
#9960 = ORIENTED_EDGE('',*,*,#9914,.F.);
#9961 = ORIENTED_EDGE('',*,*,#3705,.F.);
#9962 = ORIENTED_EDGE('',*,*,#9963,.T.);
#9963 = EDGE_CURVE('',#3680,#9964,#9966,.T.);
#9964 = VERTEX_POINT('',#9965);
#9965 = CARTESIAN_POINT('',(264.14743376855,-154.3352147384,
    44.695281374239));
#9966 = SURFACE_CURVE('',#9967,(#9971,#9977),.PCURVE_S1.);
#9967 = LINE('',#9968,#9969);
#9968 = CARTESIAN_POINT('',(240.92262127056,-140.9633529972,
    44.695281374239));
#9969 = VECTOR('',#9970,1.);
#9970 = DIRECTION('',(0.866622456874,-0.498964444867,0.));
#9971 = PCURVE('',#3720,#9972);
#9972 = DEFINITIONAL_REPRESENTATION('',(#9973),#9976);
#9973 = B_SPLINE_CURVE_WITH_KNOTS('',1,(#9974,#9975),.UNSPECIFIED.,.F.,
  .F.,(2,2),(-14.4891503773,26.799227638022),.PIECEWISE_BEZIER_KNOTS.);
#9974 = CARTESIAN_POINT('',(22.990185134547,18.146563592772));
#9975 = CARTESIAN_POINT('',(-12.79125046144,-2.454869023101));
#9976 = ( GEOMETRIC_REPRESENTATION_CONTEXT(2) 
PARAMETRIC_REPRESENTATION_CONTEXT() REPRESENTATION_CONTEXT('2D SPACE',''
  ) );
#9977 = PCURVE('',#3694,#9978);
#9978 = DEFINITIONAL_REPRESENTATION('',(#9979),#9982);
#9979 = B_SPLINE_CURVE_WITH_KNOTS('',1,(#9980,#9981),.UNSPECIFIED.,.F.,
  .F.,(2,2),(-14.4891503773,26.799227638022),.PIECEWISE_BEZIER_KNOTS.);
#9980 = CARTESIAN_POINT('',(0.,-9.999999999998E-03));
#9981 = CARTESIAN_POINT('',(41.288378015324,-9.999999999998E-03));
#9982 = ( GEOMETRIC_REPRESENTATION_CONTEXT(2) 
PARAMETRIC_REPRESENTATION_CONTEXT() REPRESENTATION_CONTEXT('2D SPACE',''
  ) );
#9983 = ORIENTED_EDGE('',*,*,#9984,.T.);
#9984 = EDGE_CURVE('',#9964,#9985,#9987,.T.);
#9985 = VERTEX_POINT('',#9986);
#9986 = CARTESIAN_POINT('',(267.08387728525,-158.6226063741,
    44.695281374239));
#9987 = SURFACE_CURVE('',#9988,(#9993,#10000),.PCURVE_S1.);
#9988 = CIRCLE('',#9989,6.);
#9989 = AXIS2_PLACEMENT_3D('',#9990,#9991,#9992);
#9990 = CARTESIAN_POINT('',(261.15364709935,-159.5349494797,
    44.695281374239));
#9991 = DIRECTION('',(0.,-0.,-1.));
#9992 = DIRECTION('',(0.152057184254,-0.988371697651,0.));
#9993 = PCURVE('',#3720,#9994);
#9994 = DEFINITIONAL_REPRESENTATION('',(#9995),#9999);
#9995 = CIRCLE('',#9996,6.);
#9996 = AXIS2_PLACEMENT_2D('',#9997,#9998);
#9997 = CARTESIAN_POINT('',(-9.797463792241,-7.654603764346));
#9998 = DIRECTION('',(-0.152057184254,-0.988371697651));
#9999 = ( GEOMETRIC_REPRESENTATION_CONTEXT(2) 
PARAMETRIC_REPRESENTATION_CONTEXT() REPRESENTATION_CONTEXT('2D SPACE',''
  ) );
#10000 = PCURVE('',#10001,#10006);
#10001 = CYLINDRICAL_SURFACE('',#10002,6.);
#10002 = AXIS2_PLACEMENT_3D('',#10003,#10004,#10005);
#10003 = CARTESIAN_POINT('',(261.15364709935,-159.5349494797,
    44.685281374239));
#10004 = DIRECTION('',(-0.,-0.,-1.));
#10005 = DIRECTION('',(0.152057184254,-0.988371697651,0.));
#10006 = DEFINITIONAL_REPRESENTATION('',(#10007),#10011);
#10007 = LINE('',#10008,#10009);
#10008 = CARTESIAN_POINT('',(-6.28318530718,-9.999999999998E-03));
#10009 = VECTOR('',#10010,1.);
#10010 = DIRECTION('',(1.,-0.));
#10011 = ( GEOMETRIC_REPRESENTATION_CONTEXT(2) 
PARAMETRIC_REPRESENTATION_CONTEXT() REPRESENTATION_CONTEXT('2D SPACE',''
  ) );
#10012 = ORIENTED_EDGE('',*,*,#10013,.T.);
#10013 = EDGE_CURVE('',#9985,#10014,#10016,.T.);
#10014 = VERTEX_POINT('',#10015);
#10015 = CARTESIAN_POINT('',(268.0826982321,-165.1149425287,
    44.695281374239));
#10016 = SURFACE_CURVE('',#10017,(#10021,#10027),.PCURVE_S1.);
#10017 = LINE('',#10018,#10019);
#10018 = CARTESIAN_POINT('',(266.39541036895,-154.1475714182,
    44.695281374239));
#10019 = VECTOR('',#10020,1.);
#10020 = DIRECTION('',(0.152057184254,-0.988371697651,0.));
#10021 = PCURVE('',#3720,#10022);
#10022 = DEFINITIONAL_REPRESENTATION('',(#10023),#10026);
#10023 = B_SPLINE_CURVE_WITH_KNOTS('',1,(#10024,#10025),.UNSPECIFIED.,
  .F.,.F.,(2,2),(4.527684237244,11.096403444774),
  .PIECEWISE_BEZIER_KNOTS.);
#10024 = CARTESIAN_POINT('',(-15.72769397814,-6.742260658822));
#10025 = CARTESIAN_POINT('',(-16.72651492499,-13.23459681335));
#10026 = ( GEOMETRIC_REPRESENTATION_CONTEXT(2) 
PARAMETRIC_REPRESENTATION_CONTEXT() REPRESENTATION_CONTEXT('2D SPACE',''
  ) );
#10027 = PCURVE('',#10028,#10033);
#10028 = PLANE('',#10029);
#10029 = AXIS2_PLACEMENT_3D('',#10030,#10031,#10032);
#10030 = CARTESIAN_POINT('',(267.08387728525,-158.6226063741,
    44.685281374239));
#10031 = DIRECTION('',(0.988371697651,0.152057184254,0.));
#10032 = DIRECTION('',(0.152057184254,-0.988371697651,0.));
#10033 = DEFINITIONAL_REPRESENTATION('',(#10034),#10037);
#10034 = B_SPLINE_CURVE_WITH_KNOTS('',1,(#10035,#10036),.UNSPECIFIED.,
  .F.,.F.,(2,2),(4.527684237244,11.096403444774),
  .PIECEWISE_BEZIER_KNOTS.);
#10035 = CARTESIAN_POINT('',(-1.59872115546E-14,-9.999999999998E-03));
#10036 = CARTESIAN_POINT('',(6.568719207531,-9.999999999998E-03));
#10037 = ( GEOMETRIC_REPRESENTATION_CONTEXT(2) 
PARAMETRIC_REPRESENTATION_CONTEXT() REPRESENTATION_CONTEXT('2D SPACE',''
  ) );
#10038 = ORIENTED_EDGE('',*,*,#10039,.T.);
#10039 = EDGE_CURVE('',#10014,#10040,#10042,.T.);
#10040 = VERTEX_POINT('',#10041);
#10041 = CARTESIAN_POINT('',(275.33088298389,-165.1149425287,
    44.695281374239));
#10042 = SURFACE_CURVE('',#10043,(#10047,#10053),.PCURVE_S1.);
#10043 = LINE('',#10044,#10045);
#10044 = CARTESIAN_POINT('',(259.71944076961,-165.1149425287,
    44.695281374239));
#10045 = VECTOR('',#10046,1.);
#10046 = DIRECTION('',(1.,0.,0.));
#10047 = PCURVE('',#3720,#10048);
#10048 = DEFINITIONAL_REPRESENTATION('',(#10049),#10052);
#10049 = B_SPLINE_CURVE_WITH_KNOTS('',1,(#10050,#10051),.UNSPECIFIED.,
  .F.,.F.,(2,2),(8.363257462498,21.361868716598),
  .PIECEWISE_BEZIER_KNOTS.);
#10050 = CARTESIAN_POINT('',(-16.72651492499,-13.23459681335));
#10051 = CARTESIAN_POINT('',(-29.72512617909,-13.23459681335));
#10052 = ( GEOMETRIC_REPRESENTATION_CONTEXT(2) 
PARAMETRIC_REPRESENTATION_CONTEXT() REPRESENTATION_CONTEXT('2D SPACE',''
  ) );
#10053 = PCURVE('',#10054,#10059);
#10054 = PLANE('',#10055);
#10055 = AXIS2_PLACEMENT_3D('',#10056,#10057,#10058);
#10056 = CARTESIAN_POINT('',(268.0826982321,-165.1149425287,
    44.685281374239));
#10057 = DIRECTION('',(0.,1.,0.));
#10058 = DIRECTION('',(1.,0.,-0.));
#10059 = DEFINITIONAL_REPRESENTATION('',(#10060),#10063);
#10060 = B_SPLINE_CURVE_WITH_KNOTS('',1,(#10061,#10062),.UNSPECIFIED.,
  .F.,.F.,(2,2),(8.363257462498,21.361868716598),
  .PIECEWISE_BEZIER_KNOTS.);
#10061 = CARTESIAN_POINT('',(0.,-9.999999999998E-03));
#10062 = CARTESIAN_POINT('',(12.9986112541,-9.999999999998E-03));
#10063 = ( GEOMETRIC_REPRESENTATION_CONTEXT(2) 
PARAMETRIC_REPRESENTATION_CONTEXT() REPRESENTATION_CONTEXT('2D SPACE',''
  ) );
#10064 = ORIENTED_EDGE('',*,*,#10065,.F.);
#10065 = EDGE_CURVE('',#10066,#10040,#10068,.T.);
#10066 = VERTEX_POINT('',#10067);
#10067 = CARTESIAN_POINT('',(275.31562766269,-165.5149425287,
    44.695281374239));
#10068 = SURFACE_CURVE('',#10069,(#10073,#10079),.PCURVE_S1.);
#10069 = LINE('',#10070,#10071);
#10070 = CARTESIAN_POINT('',(275.60361663078,-157.9637683707,
    44.695281374239));
#10071 = VECTOR('',#10072,1.);
#10072 = DIRECTION('',(3.811059657122E-02,0.999273527333,-0.));
#10073 = PCURVE('',#3720,#10074);
#10074 = DEFINITIONAL_REPRESENTATION('',(#10075),#10078);
#10075 = B_SPLINE_CURVE_WITH_KNOTS('',1,(#10076,#10077),.UNSPECIFIED.,
  .F.,.F.,(2,2),(-7.556663867748,-5.154919065797),
  .PIECEWISE_BEZIER_KNOTS.);
#10076 = CARTESIAN_POINT('',(-23.95944435558,-13.63459681335));
#10077 = CARTESIAN_POINT('',(-24.05097628279,-11.23459681335));
#10078 = ( GEOMETRIC_REPRESENTATION_CONTEXT(2) 
PARAMETRIC_REPRESENTATION_CONTEXT() REPRESENTATION_CONTEXT('2D SPACE',''
  ) );
#10079 = PCURVE('',#9556,#10080);
#10080 = DEFINITIONAL_REPRESENTATION('',(#10081),#10084);
#10081 = B_SPLINE_CURVE_WITH_KNOTS('',1,(#10082,#10083),.UNSPECIFIED.,
  .F.,.F.,(2,2),(-7.556663867748,-5.154919065797),
  .PIECEWISE_BEZIER_KNOTS.);
#10082 = CARTESIAN_POINT('',(2.401744801951,-37.50528137423));
#10083 = CARTESIAN_POINT('',(-3.552713678801E-15,-37.50528137423));
#10084 = ( GEOMETRIC_REPRESENTATION_CONTEXT(2) 
PARAMETRIC_REPRESENTATION_CONTEXT() REPRESENTATION_CONTEXT('2D SPACE',''
  ) );
#10085 = ORIENTED_EDGE('',*,*,#10086,.F.);
#10086 = EDGE_CURVE('',#10087,#10066,#10089,.T.);
#10087 = VERTEX_POINT('',#10088);
#10088 = CARTESIAN_POINT('',(267.7395306494,-165.5149425287,
    44.695281374239));
#10089 = SURFACE_CURVE('',#10090,(#10094,#10101),.PCURVE_S1.);
#10090 = LINE('',#10091,#10092);
#10091 = CARTESIAN_POINT('',(263.79310344827,-165.5149425287,
    44.695281374239));
#10092 = VECTOR('',#10093,1.);
#10093 = DIRECTION('',(1.,0.,-0.));
#10094 = PCURVE('',#3720,#10095);
#10095 = DEFINITIONAL_REPRESENTATION('',(#10096),#10100);
#10096 = LINE('',#10097,#10098);
#10097 = CARTESIAN_POINT('',(-12.43692014116,-13.63459681335));
#10098 = VECTOR('',#10099,1.);
#10099 = DIRECTION('',(-1.,0.));
#10100 = ( GEOMETRIC_REPRESENTATION_CONTEXT(2) 
PARAMETRIC_REPRESENTATION_CONTEXT() REPRESENTATION_CONTEXT('2D SPACE',''
  ) );
#10101 = PCURVE('',#9805,#10102);
#10102 = DEFINITIONAL_REPRESENTATION('',(#10103),#10107);
#10103 = LINE('',#10104,#10105);
#10104 = CARTESIAN_POINT('',(-3.946427201126,-0.41));
#10105 = VECTOR('',#10106,1.);
#10106 = DIRECTION('',(1.,0.));
#10107 = ( GEOMETRIC_REPRESENTATION_CONTEXT(2) 
PARAMETRIC_REPRESENTATION_CONTEXT() REPRESENTATION_CONTEXT('2D SPACE',''
  ) );
#10108 = ORIENTED_EDGE('',*,*,#10109,.F.);
#10109 = EDGE_CURVE('',#10110,#10087,#10112,.T.);
#10110 = VERTEX_POINT('',#10111);
#10111 = CARTESIAN_POINT('',(266.68852860619,-158.6834292479,
    44.695281374239));
#10112 = SURFACE_CURVE('',#10113,(#10117,#10124),.PCURVE_S1.);
#10113 = LINE('',#10114,#10115);
#10114 = CARTESIAN_POINT('',(266.61547532643,-158.2085829294,
    44.695281374239));
#10115 = VECTOR('',#10116,1.);
#10116 = DIRECTION('',(0.152057184254,-0.988371697651,0.));
#10117 = PCURVE('',#3720,#10118);
#10118 = DEFINITIONAL_REPRESENTATION('',(#10119),#10123);
#10119 = LINE('',#10120,#10121);
#10120 = CARTESIAN_POINT('',(-15.25929201932,-6.328237214067));
#10121 = VECTOR('',#10122,1.);
#10122 = DIRECTION('',(-0.152057184254,-0.988371697651));
#10123 = ( GEOMETRIC_REPRESENTATION_CONTEXT(2) 
PARAMETRIC_REPRESENTATION_CONTEXT() REPRESENTATION_CONTEXT('2D SPACE',''
  ) );
#10124 = PCURVE('',#9779,#10125);
#10125 = DEFINITIONAL_REPRESENTATION('',(#10126),#10130);
#10126 = LINE('',#10127,#10128);
#10127 = CARTESIAN_POINT('',(-0.480432937917,-0.41));
#10128 = VECTOR('',#10129,1.);
#10129 = DIRECTION('',(1.,0.));
#10130 = ( GEOMETRIC_REPRESENTATION_CONTEXT(2) 
PARAMETRIC_REPRESENTATION_CONTEXT() REPRESENTATION_CONTEXT('2D SPACE',''
  ) );
#10131 = ORIENTED_EDGE('',*,*,#10132,.T.);
#10132 = EDGE_CURVE('',#10110,#9915,#10133,.T.);
#10133 = SURFACE_CURVE('',#10134,(#10139,#10150),.PCURVE_S1.);
#10134 = CIRCLE('',#10135,5.6);
#10135 = AXIS2_PLACEMENT_3D('',#10136,#10137,#10138);
#10136 = CARTESIAN_POINT('',(261.15364709935,-159.5349494797,
    44.695281374239));
#10137 = DIRECTION('',(0.,0.,1.));
#10138 = DIRECTION('',(0.152057184254,-0.988371697651,0.));
#10139 = PCURVE('',#3720,#10140);
#10140 = DEFINITIONAL_REPRESENTATION('',(#10141),#10149);
#10141 = ( BOUNDED_CURVE() B_SPLINE_CURVE(2,(#10142,#10143,#10144,#10145
    ,#10146,#10147,#10148),.UNSPECIFIED.,.T.,.F.) 
B_SPLINE_CURVE_WITH_KNOTS((1,2,2,2,2,1),(-2.094395102393,0.,
    2.094395102393,4.188790204786,6.28318530718,8.377580409573),
.UNSPECIFIED.) CURVE() GEOMETRIC_REPRESENTATION_ITEM() 
RATIONAL_B_SPLINE_CURVE((1.,0.5,1.,0.5,1.,0.5,1.)) REPRESENTATION_ITEM(
  '') );
#10142 = CARTESIAN_POINT('',(-10.64898402406,-13.18948527118));
#10143 = CARTESIAN_POINT('',(-20.23568000778,-11.714608966));
#10144 = CARTESIAN_POINT('',(-14.16505166819,-4.14972485833));
#10145 = CARTESIAN_POINT('',(-8.094423328597,3.415159249341));
#10146 = CARTESIAN_POINT('',(-4.578355684467,-5.624601163518));
#10147 = CARTESIAN_POINT('',(-1.062288040337,-14.66436157637));
#10148 = CARTESIAN_POINT('',(-10.64898402406,-13.18948527118));
#10149 = ( GEOMETRIC_REPRESENTATION_CONTEXT(2) 
PARAMETRIC_REPRESENTATION_CONTEXT() REPRESENTATION_CONTEXT('2D SPACE',''
  ) );
#10150 = PCURVE('',#9752,#10151);
#10151 = DEFINITIONAL_REPRESENTATION('',(#10152),#10156);
#10152 = LINE('',#10153,#10154);
#10153 = CARTESIAN_POINT('',(-0.,-0.41));
#10154 = VECTOR('',#10155,1.);
#10155 = DIRECTION('',(-1.,0.));
#10156 = ( GEOMETRIC_REPRESENTATION_CONTEXT(2) 
PARAMETRIC_REPRESENTATION_CONTEXT() REPRESENTATION_CONTEXT('2D SPACE',''
  ) );
#10157 = ADVANCED_FACE('',(#10158),#3694,.T.);
#10158 = FACE_BOUND('',#10159,.T.);
#10159 = EDGE_LOOP('',(#10160,#10161,#10162,#10185));
#10160 = ORIENTED_EDGE('',*,*,#9963,.F.);
#10161 = ORIENTED_EDGE('',*,*,#3679,.F.);
#10162 = ORIENTED_EDGE('',*,*,#10163,.T.);
#10163 = EDGE_CURVE('',#3654,#10164,#10166,.T.);
#10164 = VERTEX_POINT('',#10165);
#10165 = CARTESIAN_POINT('',(264.14743376855,-154.3352147384,
    45.095281374239));
#10166 = SURFACE_CURVE('',#10167,(#10171,#10178),.PCURVE_S1.);
#10167 = LINE('',#10168,#10169);
#10168 = CARTESIAN_POINT('',(226.63275325881,-132.7358532328,
    45.095281374239));
#10169 = VECTOR('',#10170,1.);
#10170 = DIRECTION('',(0.866622456874,-0.498964444867,0.));
#10171 = PCURVE('',#3694,#10172);
#10172 = DEFINITIONAL_REPRESENTATION('',(#10173),#10177);
#10173 = LINE('',#10174,#10175);
#10174 = CARTESIAN_POINT('',(-2.,-0.41));
#10175 = VECTOR('',#10176,1.);
#10176 = DIRECTION('',(1.,0.));
#10177 = ( GEOMETRIC_REPRESENTATION_CONTEXT(2) 
PARAMETRIC_REPRESENTATION_CONTEXT() REPRESENTATION_CONTEXT('2D SPACE',''
  ) );
#10178 = PCURVE('',#3668,#10179);
#10179 = DEFINITIONAL_REPRESENTATION('',(#10180),#10184);
#10180 = LINE('',#10181,#10182);
#10181 = CARTESIAN_POINT('',(24.723430048295,19.144492482506));
#10182 = VECTOR('',#10183,1.);
#10183 = DIRECTION('',(-0.866622456874,-0.498964444867));
#10184 = ( GEOMETRIC_REPRESENTATION_CONTEXT(2) 
PARAMETRIC_REPRESENTATION_CONTEXT() REPRESENTATION_CONTEXT('2D SPACE',''
  ) );
#10185 = ORIENTED_EDGE('',*,*,#10186,.F.);
#10186 = EDGE_CURVE('',#9964,#10164,#10187,.T.);
#10187 = SURFACE_CURVE('',#10188,(#10192,#10199),.PCURVE_S1.);
#10188 = LINE('',#10189,#10190);
#10189 = CARTESIAN_POINT('',(264.14743376855,-154.3352147384,
    44.685281374239));
#10190 = VECTOR('',#10191,1.);
#10191 = DIRECTION('',(0.,-0.,1.));
#10192 = PCURVE('',#3694,#10193);
#10193 = DEFINITIONAL_REPRESENTATION('',(#10194),#10198);
#10194 = LINE('',#10195,#10196);
#10195 = CARTESIAN_POINT('',(41.288378015324,0.));
#10196 = VECTOR('',#10197,1.);
#10197 = DIRECTION('',(0.,-1.));
#10198 = ( GEOMETRIC_REPRESENTATION_CONTEXT(2) 
PARAMETRIC_REPRESENTATION_CONTEXT() REPRESENTATION_CONTEXT('2D SPACE',''
  ) );
#10199 = PCURVE('',#10001,#10200);
#10200 = DEFINITIONAL_REPRESENTATION('',(#10201),#10205);
#10201 = LINE('',#10202,#10203);
#10202 = CARTESIAN_POINT('',(-2.466539893478,0.));
#10203 = VECTOR('',#10204,1.);
#10204 = DIRECTION('',(-0.,-1.));
#10205 = ( GEOMETRIC_REPRESENTATION_CONTEXT(2) 
PARAMETRIC_REPRESENTATION_CONTEXT() REPRESENTATION_CONTEXT('2D SPACE',''
  ) );
#10206 = ADVANCED_FACE('',(#10207),#3668,.T.);
#10207 = FACE_BOUND('',#10208,.T.);
#10208 = EDGE_LOOP('',(#10209,#10210,#10211,#10232,#10261,#10287,#10313,
    #10334,#10357,#10380));
#10209 = ORIENTED_EDGE('',*,*,#10163,.F.);
#10210 = ORIENTED_EDGE('',*,*,#3653,.F.);
#10211 = ORIENTED_EDGE('',*,*,#10212,.T.);
#10212 = EDGE_CURVE('',#3628,#10213,#10215,.T.);
#10213 = VERTEX_POINT('',#10214);
#10214 = CARTESIAN_POINT('',(264.3470195465,-153.9885657557,
    45.095281374239));
#10215 = SURFACE_CURVE('',#10216,(#10220,#10226),.PCURVE_S1.);
#10216 = LINE('',#10217,#10218);
#10217 = CARTESIAN_POINT('',(241.29553153988,-140.7164969034,
    45.095281374239));
#10218 = VECTOR('',#10219,1.);
#10219 = DIRECTION('',(0.866622456874,-0.498964444867,0.));
#10220 = PCURVE('',#3668,#10221);
#10221 = DEFINITIONAL_REPRESENTATION('',(#10222),#10225);
#10222 = B_SPLINE_CURVE_WITH_KNOTS('',1,(#10223,#10224),.UNSPECIFIED.,
  .F.,.F.,(2,2),(-14.2891503773,26.599227638022),
  .PIECEWISE_BEZIER_KNOTS.);
#10223 = CARTESIAN_POINT('',(22.44395037385,18.293626797575));
#10224 = CARTESIAN_POINT('',(-12.99083623938,-2.108220040351));
#10225 = ( GEOMETRIC_REPRESENTATION_CONTEXT(2) 
PARAMETRIC_REPRESENTATION_CONTEXT() REPRESENTATION_CONTEXT('2D SPACE',''
  ) );
#10226 = PCURVE('',#3642,#10227);
#10227 = DEFINITIONAL_REPRESENTATION('',(#10228),#10231);
#10228 = B_SPLINE_CURVE_WITH_KNOTS('',1,(#10229,#10230),.UNSPECIFIED.,
  .F.,.F.,(2,2),(-14.2891503773,26.599227638022),
  .PIECEWISE_BEZIER_KNOTS.);
#10229 = CARTESIAN_POINT('',(0.,-9.999999999998E-03));
#10230 = CARTESIAN_POINT('',(40.888378015324,-9.999999999998E-03));
#10231 = ( GEOMETRIC_REPRESENTATION_CONTEXT(2) 
PARAMETRIC_REPRESENTATION_CONTEXT() REPRESENTATION_CONTEXT('2D SPACE',''
  ) );
#10232 = ORIENTED_EDGE('',*,*,#10233,.T.);
#10233 = EDGE_CURVE('',#10213,#10234,#10236,.T.);
#10234 = VERTEX_POINT('',#10235);
#10235 = CARTESIAN_POINT('',(267.47922596431,-158.5617835004,
    45.095281374239));
#10236 = SURFACE_CURVE('',#10237,(#10242,#10249),.PCURVE_S1.);
#10237 = CIRCLE('',#10238,6.4);
#10238 = AXIS2_PLACEMENT_3D('',#10239,#10240,#10241);
#10239 = CARTESIAN_POINT('',(261.15364709935,-159.5349494797,
    45.095281374239));
#10240 = DIRECTION('',(0.,-0.,-1.));
#10241 = DIRECTION('',(0.152057184254,-0.988371697651,0.));
#10242 = PCURVE('',#3668,#10243);
#10243 = DEFINITIONAL_REPRESENTATION('',(#10244),#10248);
#10244 = CIRCLE('',#10245,6.4);
#10245 = AXIS2_PLACEMENT_2D('',#10246,#10247);
#10246 = CARTESIAN_POINT('',(-9.797463792241,-7.654603764346));
#10247 = DIRECTION('',(-0.152057184254,-0.988371697651));
#10248 = ( GEOMETRIC_REPRESENTATION_CONTEXT(2) 
PARAMETRIC_REPRESENTATION_CONTEXT() REPRESENTATION_CONTEXT('2D SPACE',''
  ) );
#10249 = PCURVE('',#10250,#10255);
#10250 = CYLINDRICAL_SURFACE('',#10251,6.4);
#10251 = AXIS2_PLACEMENT_3D('',#10252,#10253,#10254);
#10252 = CARTESIAN_POINT('',(261.15364709935,-159.5349494797,
    45.085281374239));
#10253 = DIRECTION('',(-0.,-0.,-1.));
#10254 = DIRECTION('',(0.152057184254,-0.988371697651,0.));
#10255 = DEFINITIONAL_REPRESENTATION('',(#10256),#10260);
#10256 = LINE('',#10257,#10258);
#10257 = CARTESIAN_POINT('',(-6.28318530718,-9.999999999998E-03));
#10258 = VECTOR('',#10259,1.);
#10259 = DIRECTION('',(1.,-0.));
#10260 = ( GEOMETRIC_REPRESENTATION_CONTEXT(2) 
PARAMETRIC_REPRESENTATION_CONTEXT() REPRESENTATION_CONTEXT('2D SPACE',''
  ) );
#10261 = ORIENTED_EDGE('',*,*,#10262,.T.);
#10262 = EDGE_CURVE('',#10234,#10263,#10265,.T.);
#10263 = VERTEX_POINT('',#10264);
#10264 = CARTESIAN_POINT('',(268.42586581481,-164.7149425287,
    45.095281374239));
#10265 = SURFACE_CURVE('',#10266,(#10270,#10276),.PCURVE_S1.);
#10266 = LINE('',#10267,#10268);
#10267 = CARTESIAN_POINT('',(266.79075904801,-154.0867485445,
    45.095281374239));
#10268 = VECTOR('',#10269,1.);
#10269 = DIRECTION('',(0.152057184254,-0.988371697651,0.));
#10270 = PCURVE('',#3668,#10271);
#10271 = DEFINITIONAL_REPRESENTATION('',(#10272),#10275);
#10272 = B_SPLINE_CURVE_WITH_KNOTS('',1,(#10273,#10274),.UNSPECIFIED.,
  .F.,.F.,(2,2),(4.527684237244,10.753235862068),
  .PIECEWISE_BEZIER_KNOTS.);
#10273 = CARTESIAN_POINT('',(-16.1230426572,-6.68143778512));
#10274 = CARTESIAN_POINT('',(-17.0696825077,-12.83459681335));
#10275 = ( GEOMETRIC_REPRESENTATION_CONTEXT(2) 
PARAMETRIC_REPRESENTATION_CONTEXT() REPRESENTATION_CONTEXT('2D SPACE',''
  ) );
#10276 = PCURVE('',#10277,#10282);
#10277 = PLANE('',#10278);
#10278 = AXIS2_PLACEMENT_3D('',#10279,#10280,#10281);
#10279 = CARTESIAN_POINT('',(267.47922596431,-158.5617835004,
    45.085281374239));
#10280 = DIRECTION('',(0.988371697651,0.152057184254,0.));
#10281 = DIRECTION('',(0.152057184254,-0.988371697651,0.));
#10282 = DEFINITIONAL_REPRESENTATION('',(#10283),#10286);
#10283 = B_SPLINE_CURVE_WITH_KNOTS('',1,(#10284,#10285),.UNSPECIFIED.,
  .F.,.F.,(2,2),(4.527684237244,10.753235862068),
  .PIECEWISE_BEZIER_KNOTS.);
#10284 = CARTESIAN_POINT('',(-1.68753899743E-14,-9.999999999998E-03));
#10285 = CARTESIAN_POINT('',(6.225551624824,-9.999999999998E-03));
#10286 = ( GEOMETRIC_REPRESENTATION_CONTEXT(2) 
PARAMETRIC_REPRESENTATION_CONTEXT() REPRESENTATION_CONTEXT('2D SPACE',''
  ) );
#10287 = ORIENTED_EDGE('',*,*,#10288,.T.);
#10288 = EDGE_CURVE('',#10263,#10289,#10291,.T.);
#10289 = VERTEX_POINT('',#10290);
#10290 = CARTESIAN_POINT('',(275.3461383051,-164.7149425287,
    45.095281374239));
#10291 = SURFACE_CURVE('',#10292,(#10296,#10302),.PCURVE_S1.);
#10292 = LINE('',#10293,#10294);
#10293 = CARTESIAN_POINT('',(259.89102456096,-164.7149425287,
    45.095281374239));
#10294 = VECTOR('',#10295,1.);
#10295 = DIRECTION('',(1.,0.,0.));
#10296 = PCURVE('',#3668,#10297);
#10297 = DEFINITIONAL_REPRESENTATION('',(#10298),#10301);
#10298 = B_SPLINE_CURVE_WITH_KNOTS('',1,(#10299,#10300),.UNSPECIFIED.,
  .F.,.F.,(2,2),(8.534841253852,20.803226465751),
  .PIECEWISE_BEZIER_KNOTS.);
#10299 = CARTESIAN_POINT('',(-17.0696825077,-12.83459681335));
#10300 = CARTESIAN_POINT('',(-29.3380677196,-12.83459681335));
#10301 = ( GEOMETRIC_REPRESENTATION_CONTEXT(2) 
PARAMETRIC_REPRESENTATION_CONTEXT() REPRESENTATION_CONTEXT('2D SPACE',''
  ) );
#10302 = PCURVE('',#10303,#10308);
#10303 = PLANE('',#10304);
#10304 = AXIS2_PLACEMENT_3D('',#10305,#10306,#10307);
#10305 = CARTESIAN_POINT('',(268.42586581481,-164.7149425287,
    45.085281374239));
#10306 = DIRECTION('',(0.,1.,0.));
#10307 = DIRECTION('',(1.,0.,-0.));
#10308 = DEFINITIONAL_REPRESENTATION('',(#10309),#10312);
#10309 = B_SPLINE_CURVE_WITH_KNOTS('',1,(#10310,#10311),.UNSPECIFIED.,
  .F.,.F.,(2,2),(8.534841253852,20.803226465751),
  .PIECEWISE_BEZIER_KNOTS.);
#10310 = CARTESIAN_POINT('',(0.,-9.999999999998E-03));
#10311 = CARTESIAN_POINT('',(12.268385211899,-9.999999999998E-03));
#10312 = ( GEOMETRIC_REPRESENTATION_CONTEXT(2) 
PARAMETRIC_REPRESENTATION_CONTEXT() REPRESENTATION_CONTEXT('2D SPACE',''
  ) );
#10313 = ORIENTED_EDGE('',*,*,#10314,.F.);
#10314 = EDGE_CURVE('',#10315,#10289,#10317,.T.);
#10315 = VERTEX_POINT('',#10316);
#10316 = CARTESIAN_POINT('',(275.33088298389,-165.1149425287,
    45.095281374239));
#10317 = SURFACE_CURVE('',#10318,(#10322,#10328),.PCURVE_S1.);
#10318 = LINE('',#10319,#10320);
#10319 = CARTESIAN_POINT('',(275.60361663078,-157.9637683707,
    45.095281374239));
#10320 = VECTOR('',#10321,1.);
#10321 = DIRECTION('',(3.811059657122E-02,0.999273527333,-0.));
#10322 = PCURVE('',#3668,#10323);
#10323 = DEFINITIONAL_REPRESENTATION('',(#10324),#10327);
#10324 = B_SPLINE_CURVE_WITH_KNOTS('',1,(#10325,#10326),.UNSPECIFIED.,
  .F.,.F.,(2,2),(-7.156373067423,-5.154919065797),
  .PIECEWISE_BEZIER_KNOTS.);
#10325 = CARTESIAN_POINT('',(-23.97469967678,-13.23459681335));
#10326 = CARTESIAN_POINT('',(-24.05097628279,-11.23459681335));
#10327 = ( GEOMETRIC_REPRESENTATION_CONTEXT(2) 
PARAMETRIC_REPRESENTATION_CONTEXT() REPRESENTATION_CONTEXT('2D SPACE',''
  ) );
#10328 = PCURVE('',#9556,#10329);
#10329 = DEFINITIONAL_REPRESENTATION('',(#10330),#10333);
#10330 = B_SPLINE_CURVE_WITH_KNOTS('',1,(#10331,#10332),.UNSPECIFIED.,
  .F.,.F.,(2,2),(-7.156373067423,-5.154919065797),
  .PIECEWISE_BEZIER_KNOTS.);
#10331 = CARTESIAN_POINT('',(2.001454001626,-37.90528137423));
#10332 = CARTESIAN_POINT('',(-3.552713678801E-15,-37.90528137423));
#10333 = ( GEOMETRIC_REPRESENTATION_CONTEXT(2) 
PARAMETRIC_REPRESENTATION_CONTEXT() REPRESENTATION_CONTEXT('2D SPACE',''
  ) );
#10334 = ORIENTED_EDGE('',*,*,#10335,.F.);
#10335 = EDGE_CURVE('',#10336,#10315,#10338,.T.);
#10336 = VERTEX_POINT('',#10337);
#10337 = CARTESIAN_POINT('',(268.0826982321,-165.1149425287,
    45.095281374239));
#10338 = SURFACE_CURVE('',#10339,(#10343,#10350),.PCURVE_S1.);
#10339 = LINE('',#10340,#10341);
#10340 = CARTESIAN_POINT('',(263.79310344827,-165.1149425287,
    45.095281374239));
#10341 = VECTOR('',#10342,1.);
#10342 = DIRECTION('',(1.,0.,-0.));
#10343 = PCURVE('',#3668,#10344);
#10344 = DEFINITIONAL_REPRESENTATION('',(#10345),#10349);
#10345 = LINE('',#10346,#10347);
#10346 = CARTESIAN_POINT('',(-12.43692014116,-13.23459681335));
#10347 = VECTOR('',#10348,1.);
#10348 = DIRECTION('',(-1.,0.));
#10349 = ( GEOMETRIC_REPRESENTATION_CONTEXT(2) 
PARAMETRIC_REPRESENTATION_CONTEXT() REPRESENTATION_CONTEXT('2D SPACE',''
  ) );
#10350 = PCURVE('',#10054,#10351);
#10351 = DEFINITIONAL_REPRESENTATION('',(#10352),#10356);
#10352 = LINE('',#10353,#10354);
#10353 = CARTESIAN_POINT('',(-4.289594783833,-0.41));
#10354 = VECTOR('',#10355,1.);
#10355 = DIRECTION('',(1.,0.));
#10356 = ( GEOMETRIC_REPRESENTATION_CONTEXT(2) 
PARAMETRIC_REPRESENTATION_CONTEXT() REPRESENTATION_CONTEXT('2D SPACE',''
  ) );
#10357 = ORIENTED_EDGE('',*,*,#10358,.F.);
#10358 = EDGE_CURVE('',#10359,#10336,#10361,.T.);
#10359 = VERTEX_POINT('',#10360);
#10360 = CARTESIAN_POINT('',(267.08387728525,-158.6226063741,
    45.095281374239));
#10361 = SURFACE_CURVE('',#10362,(#10366,#10373),.PCURVE_S1.);
#10362 = LINE('',#10363,#10364);
#10363 = CARTESIAN_POINT('',(267.01082400549,-158.1477600557,
    45.095281374239));
#10364 = VECTOR('',#10365,1.);
#10365 = DIRECTION('',(0.152057184254,-0.988371697651,0.));
#10366 = PCURVE('',#3668,#10367);
#10367 = DEFINITIONAL_REPRESENTATION('',(#10368),#10372);
#10368 = LINE('',#10369,#10370);
#10369 = CARTESIAN_POINT('',(-15.65464069838,-6.267414340365));
#10370 = VECTOR('',#10371,1.);
#10371 = DIRECTION('',(-0.152057184254,-0.988371697651));
#10372 = ( GEOMETRIC_REPRESENTATION_CONTEXT(2) 
PARAMETRIC_REPRESENTATION_CONTEXT() REPRESENTATION_CONTEXT('2D SPACE',''
  ) );
#10373 = PCURVE('',#10028,#10374);
#10374 = DEFINITIONAL_REPRESENTATION('',(#10375),#10379);
#10375 = LINE('',#10376,#10377);
#10376 = CARTESIAN_POINT('',(-0.480432937917,-0.41));
#10377 = VECTOR('',#10378,1.);
#10378 = DIRECTION('',(1.,0.));
#10379 = ( GEOMETRIC_REPRESENTATION_CONTEXT(2) 
PARAMETRIC_REPRESENTATION_CONTEXT() REPRESENTATION_CONTEXT('2D SPACE',''
  ) );
#10380 = ORIENTED_EDGE('',*,*,#10381,.T.);
#10381 = EDGE_CURVE('',#10359,#10164,#10382,.T.);
#10382 = SURFACE_CURVE('',#10383,(#10388,#10399),.PCURVE_S1.);
#10383 = CIRCLE('',#10384,6.);
#10384 = AXIS2_PLACEMENT_3D('',#10385,#10386,#10387);
#10385 = CARTESIAN_POINT('',(261.15364709935,-159.5349494797,
    45.095281374239));
#10386 = DIRECTION('',(0.,0.,1.));
#10387 = DIRECTION('',(0.152057184254,-0.988371697651,0.));
#10388 = PCURVE('',#3668,#10389);
#10389 = DEFINITIONAL_REPRESENTATION('',(#10390),#10398);
#10390 = ( BOUNDED_CURVE() B_SPLINE_CURVE(2,(#10391,#10392,#10393,#10394
    ,#10395,#10396,#10397),.UNSPECIFIED.,.T.,.F.) 
B_SPLINE_CURVE_WITH_KNOTS((1,2,2,2,2,1),(-2.094395102393,0.,
    2.094395102393,4.188790204786,6.28318530718,8.377580409573),
.UNSPECIFIED.) CURVE() GEOMETRIC_REPRESENTATION_ITEM() 
RATIONAL_B_SPLINE_CURVE((1.,0.5,1.,0.5,1.,0.5,1.)) REPRESENTATION_ITEM(
  '') );
#10391 = CARTESIAN_POINT('',(-10.70980689776,-13.58483395024));
#10392 = CARTESIAN_POINT('',(-20.98126688032,-12.00460933754));
#10393 = CARTESIAN_POINT('',(-14.47702223076,-3.899376365043));
#10394 = CARTESIAN_POINT('',(-7.972777581194,4.205856607462));
#10395 = CARTESIAN_POINT('',(-4.205562248197,-5.479600977745));
#10396 = CARTESIAN_POINT('',(-0.438346915201,-15.16505856295));
#10397 = CARTESIAN_POINT('',(-10.70980689776,-13.58483395024));
#10398 = ( GEOMETRIC_REPRESENTATION_CONTEXT(2) 
PARAMETRIC_REPRESENTATION_CONTEXT() REPRESENTATION_CONTEXT('2D SPACE',''
  ) );
#10399 = PCURVE('',#10001,#10400);
#10400 = DEFINITIONAL_REPRESENTATION('',(#10401),#10405);
#10401 = LINE('',#10402,#10403);
#10402 = CARTESIAN_POINT('',(-0.,-0.41));
#10403 = VECTOR('',#10404,1.);
#10404 = DIRECTION('',(-1.,0.));
#10405 = ( GEOMETRIC_REPRESENTATION_CONTEXT(2) 
PARAMETRIC_REPRESENTATION_CONTEXT() REPRESENTATION_CONTEXT('2D SPACE',''
  ) );
#10406 = ADVANCED_FACE('',(#10407),#3642,.T.);
#10407 = FACE_BOUND('',#10408,.T.);
#10408 = EDGE_LOOP('',(#10409,#10410,#10411,#10434));
#10409 = ORIENTED_EDGE('',*,*,#10212,.F.);
#10410 = ORIENTED_EDGE('',*,*,#3627,.F.);
#10411 = ORIENTED_EDGE('',*,*,#10412,.T.);
#10412 = EDGE_CURVE('',#3602,#10413,#10415,.T.);
#10413 = VERTEX_POINT('',#10414);
#10414 = CARTESIAN_POINT('',(264.3470195465,-153.9885657557,
    45.495281374239));
#10415 = SURFACE_CURVE('',#10416,(#10420,#10427),.PCURVE_S1.);
#10416 = LINE('',#10417,#10418);
#10417 = CARTESIAN_POINT('',(226.83233903676,-132.3892042501,
    45.495281374239));
#10418 = VECTOR('',#10419,1.);
#10419 = DIRECTION('',(0.866622456874,-0.498964444867,0.));
#10420 = PCURVE('',#3642,#10421);
#10421 = DEFINITIONAL_REPRESENTATION('',(#10422),#10426);
#10422 = LINE('',#10423,#10424);
#10423 = CARTESIAN_POINT('',(-2.4,-0.41));
#10424 = VECTOR('',#10425,1.);
#10425 = DIRECTION('',(1.,0.));
#10426 = ( GEOMETRIC_REPRESENTATION_CONTEXT(2) 
PARAMETRIC_REPRESENTATION_CONTEXT() REPRESENTATION_CONTEXT('2D SPACE',''
  ) );
#10427 = PCURVE('',#3616,#10428);
#10428 = DEFINITIONAL_REPRESENTATION('',(#10429),#10433);
#10429 = LINE('',#10430,#10431);
#10430 = CARTESIAN_POINT('',(24.523844270348,19.491141465255));
#10431 = VECTOR('',#10432,1.);
#10432 = DIRECTION('',(-0.866622456874,-0.498964444867));
#10433 = ( GEOMETRIC_REPRESENTATION_CONTEXT(2) 
PARAMETRIC_REPRESENTATION_CONTEXT() REPRESENTATION_CONTEXT('2D SPACE',''
  ) );
#10434 = ORIENTED_EDGE('',*,*,#10435,.F.);
#10435 = EDGE_CURVE('',#10213,#10413,#10436,.T.);
#10436 = SURFACE_CURVE('',#10437,(#10441,#10448),.PCURVE_S1.);
#10437 = LINE('',#10438,#10439);
#10438 = CARTESIAN_POINT('',(264.3470195465,-153.9885657557,
    45.085281374239));
#10439 = VECTOR('',#10440,1.);
#10440 = DIRECTION('',(0.,-0.,1.));
#10441 = PCURVE('',#3642,#10442);
#10442 = DEFINITIONAL_REPRESENTATION('',(#10443),#10447);
#10443 = LINE('',#10444,#10445);
#10444 = CARTESIAN_POINT('',(40.888378015324,0.));
#10445 = VECTOR('',#10446,1.);
#10446 = DIRECTION('',(0.,-1.));
#10447 = ( GEOMETRIC_REPRESENTATION_CONTEXT(2) 
PARAMETRIC_REPRESENTATION_CONTEXT() REPRESENTATION_CONTEXT('2D SPACE',''
  ) );
#10448 = PCURVE('',#10250,#10449);
#10449 = DEFINITIONAL_REPRESENTATION('',(#10450),#10454);
#10450 = LINE('',#10451,#10452);
#10451 = CARTESIAN_POINT('',(-2.466539893478,0.));
#10452 = VECTOR('',#10453,1.);
#10453 = DIRECTION('',(-0.,-1.));
#10454 = ( GEOMETRIC_REPRESENTATION_CONTEXT(2) 
PARAMETRIC_REPRESENTATION_CONTEXT() REPRESENTATION_CONTEXT('2D SPACE',''
  ) );
#10455 = ADVANCED_FACE('',(#10456),#3616,.T.);
#10456 = FACE_BOUND('',#10457,.T.);
#10457 = EDGE_LOOP('',(#10458,#10459,#10460,#10481,#10510,#10536,#10562,
    #10583,#10606,#10629));
#10458 = ORIENTED_EDGE('',*,*,#10412,.F.);
#10459 = ORIENTED_EDGE('',*,*,#3601,.F.);
#10460 = ORIENTED_EDGE('',*,*,#10461,.T.);
#10461 = EDGE_CURVE('',#3576,#10462,#10464,.T.);
#10462 = VERTEX_POINT('',#10463);
#10463 = CARTESIAN_POINT('',(264.54660532444,-153.6419167729,
    45.495281374239));
#10464 = SURFACE_CURVE('',#10465,(#10469,#10475),.PCURVE_S1.);
#10465 = LINE('',#10466,#10467);
#10466 = CARTESIAN_POINT('',(241.6684418092,-140.4696408096,
    45.495281374239));
#10467 = VECTOR('',#10468,1.);
#10468 = DIRECTION('',(0.866622456874,-0.498964444867,0.));
#10469 = PCURVE('',#3616,#10470);
#10470 = DEFINITIONAL_REPRESENTATION('',(#10471),#10474);
#10471 = B_SPLINE_CURVE_WITH_KNOTS('',1,(#10472,#10473),.UNSPECIFIED.,
  .F.,.F.,(2,2),(-14.0891503773,26.399227638022),
  .PIECEWISE_BEZIER_KNOTS.);
#10472 = CARTESIAN_POINT('',(21.897715613154,18.440690002378));
#10473 = CARTESIAN_POINT('',(-13.19042201733,-1.761571057601));
#10474 = ( GEOMETRIC_REPRESENTATION_CONTEXT(2) 
PARAMETRIC_REPRESENTATION_CONTEXT() REPRESENTATION_CONTEXT('2D SPACE',''
  ) );
#10475 = PCURVE('',#3590,#10476);
#10476 = DEFINITIONAL_REPRESENTATION('',(#10477),#10480);
#10477 = B_SPLINE_CURVE_WITH_KNOTS('',1,(#10478,#10479),.UNSPECIFIED.,
  .F.,.F.,(2,2),(-14.0891503773,26.399227638022),
  .PIECEWISE_BEZIER_KNOTS.);
#10478 = CARTESIAN_POINT('',(0.,-9.999999999998E-03));
#10479 = CARTESIAN_POINT('',(40.488378015324,-9.999999999998E-03));
#10480 = ( GEOMETRIC_REPRESENTATION_CONTEXT(2) 
PARAMETRIC_REPRESENTATION_CONTEXT() REPRESENTATION_CONTEXT('2D SPACE',''
  ) );
#10481 = ORIENTED_EDGE('',*,*,#10482,.T.);
#10482 = EDGE_CURVE('',#10462,#10483,#10485,.T.);
#10483 = VERTEX_POINT('',#10484);
#10484 = CARTESIAN_POINT('',(267.87457464337,-158.5009606267,
    45.495281374239));
#10485 = SURFACE_CURVE('',#10486,(#10491,#10498),.PCURVE_S1.);
#10486 = CIRCLE('',#10487,6.8);
#10487 = AXIS2_PLACEMENT_3D('',#10488,#10489,#10490);
#10488 = CARTESIAN_POINT('',(261.15364709935,-159.5349494797,
    45.495281374239));
#10489 = DIRECTION('',(0.,-0.,-1.));
#10490 = DIRECTION('',(0.152057184254,-0.988371697651,0.));
#10491 = PCURVE('',#3616,#10492);
#10492 = DEFINITIONAL_REPRESENTATION('',(#10493),#10497);
#10493 = CIRCLE('',#10494,6.8);
#10494 = AXIS2_PLACEMENT_2D('',#10495,#10496);
#10495 = CARTESIAN_POINT('',(-9.797463792241,-7.654603764346));
#10496 = DIRECTION('',(-0.152057184254,-0.988371697651));
#10497 = ( GEOMETRIC_REPRESENTATION_CONTEXT(2) 
PARAMETRIC_REPRESENTATION_CONTEXT() REPRESENTATION_CONTEXT('2D SPACE',''
  ) );
#10498 = PCURVE('',#10499,#10504);
#10499 = CYLINDRICAL_SURFACE('',#10500,6.8);
#10500 = AXIS2_PLACEMENT_3D('',#10501,#10502,#10503);
#10501 = CARTESIAN_POINT('',(261.15364709935,-159.5349494797,
    45.485281374239));
#10502 = DIRECTION('',(-0.,-0.,-1.));
#10503 = DIRECTION('',(0.152057184254,-0.988371697651,0.));
#10504 = DEFINITIONAL_REPRESENTATION('',(#10505),#10509);
#10505 = LINE('',#10506,#10507);
#10506 = CARTESIAN_POINT('',(-6.28318530718,-9.999999999998E-03));
#10507 = VECTOR('',#10508,1.);
#10508 = DIRECTION('',(1.,-0.));
#10509 = ( GEOMETRIC_REPRESENTATION_CONTEXT(2) 
PARAMETRIC_REPRESENTATION_CONTEXT() REPRESENTATION_CONTEXT('2D SPACE',''
  ) );
#10510 = ORIENTED_EDGE('',*,*,#10511,.T.);
#10511 = EDGE_CURVE('',#10483,#10512,#10514,.T.);
#10512 = VERTEX_POINT('',#10513);
#10513 = CARTESIAN_POINT('',(268.76903339752,-164.3149425287,
    45.495281374239));
#10514 = SURFACE_CURVE('',#10515,(#10519,#10525),.PCURVE_S1.);
#10515 = LINE('',#10516,#10517);
#10516 = CARTESIAN_POINT('',(267.18610772707,-154.0259256708,
    45.495281374239));
#10517 = VECTOR('',#10518,1.);
#10518 = DIRECTION('',(0.152057184254,-0.988371697651,0.));
#10519 = PCURVE('',#3616,#10520);
#10520 = DEFINITIONAL_REPRESENTATION('',(#10521),#10524);
#10521 = B_SPLINE_CURVE_WITH_KNOTS('',1,(#10522,#10523),.UNSPECIFIED.,
  .F.,.F.,(2,2),(4.527684237244,10.410068279361),
  .PIECEWISE_BEZIER_KNOTS.);
#10522 = CARTESIAN_POINT('',(-16.51839133626,-6.620614911419));
#10523 = CARTESIAN_POINT('',(-17.41285009041,-12.43459681335));
#10524 = ( GEOMETRIC_REPRESENTATION_CONTEXT(2) 
PARAMETRIC_REPRESENTATION_CONTEXT() REPRESENTATION_CONTEXT('2D SPACE',''
  ) );
#10525 = PCURVE('',#10526,#10531);
#10526 = PLANE('',#10527);
#10527 = AXIS2_PLACEMENT_3D('',#10528,#10529,#10530);
#10528 = CARTESIAN_POINT('',(267.87457464337,-158.5009606267,
    45.485281374239));
#10529 = DIRECTION('',(0.988371697651,0.152057184254,0.));
#10530 = DIRECTION('',(0.152057184254,-0.988371697651,0.));
#10531 = DEFINITIONAL_REPRESENTATION('',(#10532),#10535);
#10532 = B_SPLINE_CURVE_WITH_KNOTS('',1,(#10533,#10534),.UNSPECIFIED.,
  .F.,.F.,(2,2),(4.527684237244,10.410068279361),
  .PIECEWISE_BEZIER_KNOTS.);
#10533 = CARTESIAN_POINT('',(-1.59872115546E-14,-9.999999999998E-03));
#10534 = CARTESIAN_POINT('',(5.882384042117,-9.999999999998E-03));
#10535 = ( GEOMETRIC_REPRESENTATION_CONTEXT(2) 
PARAMETRIC_REPRESENTATION_CONTEXT() REPRESENTATION_CONTEXT('2D SPACE',''
  ) );
#10536 = ORIENTED_EDGE('',*,*,#10537,.T.);
#10537 = EDGE_CURVE('',#10512,#10538,#10540,.T.);
#10538 = VERTEX_POINT('',#10539);
#10539 = CARTESIAN_POINT('',(275.3613936263,-164.3149425287,
    45.495281374239));
#10540 = SURFACE_CURVE('',#10541,(#10545,#10551),.PCURVE_S1.);
#10541 = LINE('',#10542,#10543);
#10542 = CARTESIAN_POINT('',(260.06260835231,-164.3149425287,
    45.495281374239));
#10543 = VECTOR('',#10544,1.);
#10544 = DIRECTION('',(1.,0.,0.));
#10545 = PCURVE('',#3616,#10546);
#10546 = DEFINITIONAL_REPRESENTATION('',(#10547),#10550);
#10547 = B_SPLINE_CURVE_WITH_KNOTS('',1,(#10548,#10549),.UNSPECIFIED.,
  .F.,.F.,(2,2),(8.706425045205,20.244584214903),
  .PIECEWISE_BEZIER_KNOTS.);
#10548 = CARTESIAN_POINT('',(-17.41285009041,-12.43459681335));
#10549 = CARTESIAN_POINT('',(-28.9510092601,-12.43459681335));
#10550 = ( GEOMETRIC_REPRESENTATION_CONTEXT(2) 
PARAMETRIC_REPRESENTATION_CONTEXT() REPRESENTATION_CONTEXT('2D SPACE',''
  ) );
#10551 = PCURVE('',#10552,#10557);
#10552 = PLANE('',#10553);
#10553 = AXIS2_PLACEMENT_3D('',#10554,#10555,#10556);
#10554 = CARTESIAN_POINT('',(268.76903339752,-164.3149425287,
    45.485281374239));
#10555 = DIRECTION('',(0.,1.,0.));
#10556 = DIRECTION('',(1.,0.,-0.));
#10557 = DEFINITIONAL_REPRESENTATION('',(#10558),#10561);
#10558 = B_SPLINE_CURVE_WITH_KNOTS('',1,(#10559,#10560),.UNSPECIFIED.,
  .F.,.F.,(2,2),(8.706425045205,20.244584214903),
  .PIECEWISE_BEZIER_KNOTS.);
#10559 = CARTESIAN_POINT('',(-3.552713678801E-15,-9.999999999998E-03));
#10560 = CARTESIAN_POINT('',(11.538159169698,-9.999999999998E-03));
#10561 = ( GEOMETRIC_REPRESENTATION_CONTEXT(2) 
PARAMETRIC_REPRESENTATION_CONTEXT() REPRESENTATION_CONTEXT('2D SPACE',''
  ) );
#10562 = ORIENTED_EDGE('',*,*,#10563,.F.);
#10563 = EDGE_CURVE('',#10564,#10538,#10566,.T.);
#10564 = VERTEX_POINT('',#10565);
#10565 = CARTESIAN_POINT('',(275.3461383051,-164.7149425287,
    45.495281374239));
#10566 = SURFACE_CURVE('',#10567,(#10571,#10577),.PCURVE_S1.);
#10567 = LINE('',#10568,#10569);
#10568 = CARTESIAN_POINT('',(275.60361663078,-157.9637683707,
    45.495281374239));
#10569 = VECTOR('',#10570,1.);
#10570 = DIRECTION('',(3.811059657122E-02,0.999273527333,-0.));
#10571 = PCURVE('',#3616,#10572);
#10572 = DEFINITIONAL_REPRESENTATION('',(#10573),#10576);
#10573 = B_SPLINE_CURVE_WITH_KNOTS('',1,(#10574,#10575),.UNSPECIFIED.,
  .F.,.F.,(2,2),(-6.756082267098,-5.154919065797),
  .PIECEWISE_BEZIER_KNOTS.);
#10574 = CARTESIAN_POINT('',(-23.98995499798,-12.83459681335));
#10575 = CARTESIAN_POINT('',(-24.05097628279,-11.23459681335));
#10576 = ( GEOMETRIC_REPRESENTATION_CONTEXT(2) 
PARAMETRIC_REPRESENTATION_CONTEXT() REPRESENTATION_CONTEXT('2D SPACE',''
  ) );
#10577 = PCURVE('',#9556,#10578);
#10578 = DEFINITIONAL_REPRESENTATION('',(#10579),#10582);
#10579 = B_SPLINE_CURVE_WITH_KNOTS('',1,(#10580,#10581),.UNSPECIFIED.,
  .F.,.F.,(2,2),(-6.756082267098,-5.154919065797),
  .PIECEWISE_BEZIER_KNOTS.);
#10580 = CARTESIAN_POINT('',(1.601163201301,-38.30528137423));
#10581 = CARTESIAN_POINT('',(-3.552713678801E-15,-38.30528137423));
#10582 = ( GEOMETRIC_REPRESENTATION_CONTEXT(2) 
PARAMETRIC_REPRESENTATION_CONTEXT() REPRESENTATION_CONTEXT('2D SPACE',''
  ) );
#10583 = ORIENTED_EDGE('',*,*,#10584,.F.);
#10584 = EDGE_CURVE('',#10585,#10564,#10587,.T.);
#10585 = VERTEX_POINT('',#10586);
#10586 = CARTESIAN_POINT('',(268.42586581481,-164.7149425287,
    45.495281374239));
#10587 = SURFACE_CURVE('',#10588,(#10592,#10599),.PCURVE_S1.);
#10588 = LINE('',#10589,#10590);
#10589 = CARTESIAN_POINT('',(263.79310344827,-164.7149425287,
    45.495281374239));
#10590 = VECTOR('',#10591,1.);
#10591 = DIRECTION('',(1.,0.,-0.));
#10592 = PCURVE('',#3616,#10593);
#10593 = DEFINITIONAL_REPRESENTATION('',(#10594),#10598);
#10594 = LINE('',#10595,#10596);
#10595 = CARTESIAN_POINT('',(-12.43692014116,-12.83459681335));
#10596 = VECTOR('',#10597,1.);
#10597 = DIRECTION('',(-1.,0.));
#10598 = ( GEOMETRIC_REPRESENTATION_CONTEXT(2) 
PARAMETRIC_REPRESENTATION_CONTEXT() REPRESENTATION_CONTEXT('2D SPACE',''
  ) );
#10599 = PCURVE('',#10303,#10600);
#10600 = DEFINITIONAL_REPRESENTATION('',(#10601),#10605);
#10601 = LINE('',#10602,#10603);
#10602 = CARTESIAN_POINT('',(-4.63276236654,-0.41));
#10603 = VECTOR('',#10604,1.);
#10604 = DIRECTION('',(1.,0.));
#10605 = ( GEOMETRIC_REPRESENTATION_CONTEXT(2) 
PARAMETRIC_REPRESENTATION_CONTEXT() REPRESENTATION_CONTEXT('2D SPACE',''
  ) );
#10606 = ORIENTED_EDGE('',*,*,#10607,.F.);
#10607 = EDGE_CURVE('',#10608,#10585,#10610,.T.);
#10608 = VERTEX_POINT('',#10609);
#10609 = CARTESIAN_POINT('',(267.47922596431,-158.5617835004,
    45.495281374239));
#10610 = SURFACE_CURVE('',#10611,(#10615,#10622),.PCURVE_S1.);
#10611 = LINE('',#10612,#10613);
#10612 = CARTESIAN_POINT('',(267.40617268455,-158.086937182,
    45.495281374239));
#10613 = VECTOR('',#10614,1.);
#10614 = DIRECTION('',(0.152057184254,-0.988371697651,0.));
#10615 = PCURVE('',#3616,#10616);
#10616 = DEFINITIONAL_REPRESENTATION('',(#10617),#10621);
#10617 = LINE('',#10618,#10619);
#10618 = CARTESIAN_POINT('',(-16.04998937744,-6.206591466664));
#10619 = VECTOR('',#10620,1.);
#10620 = DIRECTION('',(-0.152057184254,-0.988371697651));
#10621 = ( GEOMETRIC_REPRESENTATION_CONTEXT(2) 
PARAMETRIC_REPRESENTATION_CONTEXT() REPRESENTATION_CONTEXT('2D SPACE',''
  ) );
#10622 = PCURVE('',#10277,#10623);
#10623 = DEFINITIONAL_REPRESENTATION('',(#10624),#10628);
#10624 = LINE('',#10625,#10626);
#10625 = CARTESIAN_POINT('',(-0.480432937917,-0.41));
#10626 = VECTOR('',#10627,1.);
#10627 = DIRECTION('',(1.,0.));
#10628 = ( GEOMETRIC_REPRESENTATION_CONTEXT(2) 
PARAMETRIC_REPRESENTATION_CONTEXT() REPRESENTATION_CONTEXT('2D SPACE',''
  ) );
#10629 = ORIENTED_EDGE('',*,*,#10630,.T.);
#10630 = EDGE_CURVE('',#10608,#10413,#10631,.T.);
#10631 = SURFACE_CURVE('',#10632,(#10637,#10648),.PCURVE_S1.);
#10632 = CIRCLE('',#10633,6.4);
#10633 = AXIS2_PLACEMENT_3D('',#10634,#10635,#10636);
#10634 = CARTESIAN_POINT('',(261.15364709935,-159.5349494797,
    45.495281374239));
#10635 = DIRECTION('',(0.,0.,1.));
#10636 = DIRECTION('',(0.152057184254,-0.988371697651,0.));
#10637 = PCURVE('',#3616,#10638);
#10638 = DEFINITIONAL_REPRESENTATION('',(#10639),#10647);
#10639 = ( BOUNDED_CURVE() B_SPLINE_CURVE(2,(#10640,#10641,#10642,#10643
    ,#10644,#10645,#10646),.UNSPECIFIED.,.T.,.F.) 
B_SPLINE_CURVE_WITH_KNOTS((1,2,2,2,2,1),(-2.094395102393,0.,
    2.094395102393,4.188790204786,6.28318530718,8.377580409573),
.UNSPECIFIED.) CURVE() GEOMETRIC_REPRESENTATION_ITEM() 
RATIONAL_B_SPLINE_CURVE((1.,0.5,1.,0.5,1.,0.5,1.)) REPRESENTATION_ITEM(
  '') );
#10640 = CARTESIAN_POINT('',(-10.77062977146,-13.98018262931));
#10641 = CARTESIAN_POINT('',(-21.72685375286,-12.29460970909));
#10642 = CARTESIAN_POINT('',(-14.78899279332,-3.649027871756));
#10643 = CARTESIAN_POINT('',(-7.85113183379,4.996553965582));
#10644 = CARTESIAN_POINT('',(-3.832768811927,-5.334600791971));
#10645 = CARTESIAN_POINT('',(0.185594209935,-15.66575554952));
#10646 = CARTESIAN_POINT('',(-10.77062977146,-13.98018262931));
#10647 = ( GEOMETRIC_REPRESENTATION_CONTEXT(2) 
PARAMETRIC_REPRESENTATION_CONTEXT() REPRESENTATION_CONTEXT('2D SPACE',''
  ) );
#10648 = PCURVE('',#10250,#10649);
#10649 = DEFINITIONAL_REPRESENTATION('',(#10650),#10654);
#10650 = LINE('',#10651,#10652);
#10651 = CARTESIAN_POINT('',(-0.,-0.41));
#10652 = VECTOR('',#10653,1.);
#10653 = DIRECTION('',(-1.,0.));
#10654 = ( GEOMETRIC_REPRESENTATION_CONTEXT(2) 
PARAMETRIC_REPRESENTATION_CONTEXT() REPRESENTATION_CONTEXT('2D SPACE',''
  ) );
#10655 = ADVANCED_FACE('',(#10656),#3590,.T.);
#10656 = FACE_BOUND('',#10657,.T.);
#10657 = EDGE_LOOP('',(#10658,#10659,#10660,#10683));
#10658 = ORIENTED_EDGE('',*,*,#10461,.F.);
#10659 = ORIENTED_EDGE('',*,*,#3575,.F.);
#10660 = ORIENTED_EDGE('',*,*,#10661,.T.);
#10661 = EDGE_CURVE('',#3550,#10662,#10664,.T.);
#10662 = VERTEX_POINT('',#10663);
#10663 = CARTESIAN_POINT('',(264.54660532444,-153.6419167729,
    45.895281374239));
#10664 = SURFACE_CURVE('',#10665,(#10669,#10676),.PCURVE_S1.);
#10665 = LINE('',#10666,#10667);
#10666 = CARTESIAN_POINT('',(227.03192481471,-132.0425552673,
    45.895281374239));
#10667 = VECTOR('',#10668,1.);
#10668 = DIRECTION('',(0.866622456874,-0.498964444867,0.));
#10669 = PCURVE('',#3590,#10670);
#10670 = DEFINITIONAL_REPRESENTATION('',(#10671),#10675);
#10671 = LINE('',#10672,#10673);
#10672 = CARTESIAN_POINT('',(-2.8,-0.41));
#10673 = VECTOR('',#10674,1.);
#10674 = DIRECTION('',(1.,0.));
#10675 = ( GEOMETRIC_REPRESENTATION_CONTEXT(2) 
PARAMETRIC_REPRESENTATION_CONTEXT() REPRESENTATION_CONTEXT('2D SPACE',''
  ) );
#10676 = PCURVE('',#3564,#10677);
#10677 = DEFINITIONAL_REPRESENTATION('',(#10678),#10682);
#10678 = LINE('',#10679,#10680);
#10679 = CARTESIAN_POINT('',(24.324258492401,19.837790448005));
#10680 = VECTOR('',#10681,1.);
#10681 = DIRECTION('',(-0.866622456874,-0.498964444867));
#10682 = ( GEOMETRIC_REPRESENTATION_CONTEXT(2) 
PARAMETRIC_REPRESENTATION_CONTEXT() REPRESENTATION_CONTEXT('2D SPACE',''
  ) );
#10683 = ORIENTED_EDGE('',*,*,#10684,.F.);
#10684 = EDGE_CURVE('',#10462,#10662,#10685,.T.);
#10685 = SURFACE_CURVE('',#10686,(#10690,#10697),.PCURVE_S1.);
#10686 = LINE('',#10687,#10688);
#10687 = CARTESIAN_POINT('',(264.54660532444,-153.6419167729,
    45.485281374239));
#10688 = VECTOR('',#10689,1.);
#10689 = DIRECTION('',(0.,-0.,1.));
#10690 = PCURVE('',#3590,#10691);
#10691 = DEFINITIONAL_REPRESENTATION('',(#10692),#10696);
#10692 = LINE('',#10693,#10694);
#10693 = CARTESIAN_POINT('',(40.488378015324,0.));
#10694 = VECTOR('',#10695,1.);
#10695 = DIRECTION('',(0.,-1.));
#10696 = ( GEOMETRIC_REPRESENTATION_CONTEXT(2) 
PARAMETRIC_REPRESENTATION_CONTEXT() REPRESENTATION_CONTEXT('2D SPACE',''
  ) );
#10697 = PCURVE('',#10499,#10698);
#10698 = DEFINITIONAL_REPRESENTATION('',(#10699),#10703);
#10699 = LINE('',#10700,#10701);
#10700 = CARTESIAN_POINT('',(-2.466539893478,0.));
#10701 = VECTOR('',#10702,1.);
#10702 = DIRECTION('',(-0.,-1.));
#10703 = ( GEOMETRIC_REPRESENTATION_CONTEXT(2) 
PARAMETRIC_REPRESENTATION_CONTEXT() REPRESENTATION_CONTEXT('2D SPACE',''
  ) );
#10704 = ADVANCED_FACE('',(#10705),#3564,.T.);
#10705 = FACE_BOUND('',#10706,.T.);
#10706 = EDGE_LOOP('',(#10707,#10708,#10709,#10730,#10759,#10785,#10811,
    #10832,#10855,#10878));
#10707 = ORIENTED_EDGE('',*,*,#10661,.F.);
#10708 = ORIENTED_EDGE('',*,*,#3549,.F.);
#10709 = ORIENTED_EDGE('',*,*,#10710,.T.);
#10710 = EDGE_CURVE('',#3524,#10711,#10713,.T.);
#10711 = VERTEX_POINT('',#10712);
#10712 = CARTESIAN_POINT('',(264.74619110239,-153.2952677902,
    45.895281374239));
#10713 = SURFACE_CURVE('',#10714,(#10718,#10724),.PCURVE_S1.);
#10714 = LINE('',#10715,#10716);
#10715 = CARTESIAN_POINT('',(242.04135207852,-140.2227847158,
    45.895281374239));
#10716 = VECTOR('',#10717,1.);
#10717 = DIRECTION('',(0.866622456874,-0.498964444867,0.));
#10718 = PCURVE('',#3564,#10719);
#10719 = DEFINITIONAL_REPRESENTATION('',(#10720),#10723);
#10720 = B_SPLINE_CURVE_WITH_KNOTS('',1,(#10721,#10722),.UNSPECIFIED.,
  .F.,.F.,(2,2),(-13.8891503773,26.199227638022),
  .PIECEWISE_BEZIER_KNOTS.);
#10721 = CARTESIAN_POINT('',(21.351480852457,18.587753207181));
#10722 = CARTESIAN_POINT('',(-13.39000779528,-1.414922074852));
#10723 = ( GEOMETRIC_REPRESENTATION_CONTEXT(2) 
PARAMETRIC_REPRESENTATION_CONTEXT() REPRESENTATION_CONTEXT('2D SPACE',''
  ) );
#10724 = PCURVE('',#3538,#10725);
#10725 = DEFINITIONAL_REPRESENTATION('',(#10726),#10729);
#10726 = B_SPLINE_CURVE_WITH_KNOTS('',1,(#10727,#10728),.UNSPECIFIED.,
  .F.,.F.,(2,2),(-13.8891503773,26.199227638022),
  .PIECEWISE_BEZIER_KNOTS.);
#10727 = CARTESIAN_POINT('',(-1.7763568394E-15,-9.999999999991E-03));
#10728 = CARTESIAN_POINT('',(40.088378015324,-9.999999999991E-03));
#10729 = ( GEOMETRIC_REPRESENTATION_CONTEXT(2) 
PARAMETRIC_REPRESENTATION_CONTEXT() REPRESENTATION_CONTEXT('2D SPACE',''
  ) );
#10730 = ORIENTED_EDGE('',*,*,#10731,.T.);
#10731 = EDGE_CURVE('',#10711,#10732,#10734,.T.);
#10732 = VERTEX_POINT('',#10733);
#10733 = CARTESIAN_POINT('',(268.26992332243,-158.440137753,
    45.895281374239));
#10734 = SURFACE_CURVE('',#10735,(#10740,#10747),.PCURVE_S1.);
#10735 = CIRCLE('',#10736,7.2);
#10736 = AXIS2_PLACEMENT_3D('',#10737,#10738,#10739);
#10737 = CARTESIAN_POINT('',(261.15364709935,-159.5349494797,
    45.895281374239));
#10738 = DIRECTION('',(0.,-0.,-1.));
#10739 = DIRECTION('',(0.152057184254,-0.988371697651,0.));
#10740 = PCURVE('',#3564,#10741);
#10741 = DEFINITIONAL_REPRESENTATION('',(#10742),#10746);
#10742 = CIRCLE('',#10743,7.2);
#10743 = AXIS2_PLACEMENT_2D('',#10744,#10745);
#10744 = CARTESIAN_POINT('',(-9.797463792241,-7.654603764346));
#10745 = DIRECTION('',(-0.152057184254,-0.988371697651));
#10746 = ( GEOMETRIC_REPRESENTATION_CONTEXT(2) 
PARAMETRIC_REPRESENTATION_CONTEXT() REPRESENTATION_CONTEXT('2D SPACE',''
  ) );
#10747 = PCURVE('',#10748,#10753);
#10748 = CYLINDRICAL_SURFACE('',#10749,7.2);
#10749 = AXIS2_PLACEMENT_3D('',#10750,#10751,#10752);
#10750 = CARTESIAN_POINT('',(261.15364709935,-159.5349494797,
    45.885281374239));
#10751 = DIRECTION('',(-0.,-0.,-1.));
#10752 = DIRECTION('',(0.152057184254,-0.988371697651,0.));
#10753 = DEFINITIONAL_REPRESENTATION('',(#10754),#10758);
#10754 = LINE('',#10755,#10756);
#10755 = CARTESIAN_POINT('',(-6.28318530718,-9.999999999991E-03));
#10756 = VECTOR('',#10757,1.);
#10757 = DIRECTION('',(1.,-0.));
#10758 = ( GEOMETRIC_REPRESENTATION_CONTEXT(2) 
PARAMETRIC_REPRESENTATION_CONTEXT() REPRESENTATION_CONTEXT('2D SPACE',''
  ) );
#10759 = ORIENTED_EDGE('',*,*,#10760,.T.);
#10760 = EDGE_CURVE('',#10732,#10761,#10763,.T.);
#10761 = VERTEX_POINT('',#10762);
#10762 = CARTESIAN_POINT('',(269.11220098022,-163.9149425287,
    45.895281374239));
#10763 = SURFACE_CURVE('',#10764,(#10768,#10774),.PCURVE_S1.);
#10764 = LINE('',#10765,#10766);
#10765 = CARTESIAN_POINT('',(267.58145640613,-153.9651027971,
    45.895281374239));
#10766 = VECTOR('',#10767,1.);
#10767 = DIRECTION('',(0.152057184254,-0.988371697651,0.));
#10768 = PCURVE('',#3564,#10769);
#10769 = DEFINITIONAL_REPRESENTATION('',(#10770),#10773);
#10770 = B_SPLINE_CURVE_WITH_KNOTS('',1,(#10771,#10772),.UNSPECIFIED.,
  .F.,.F.,(2,2),(4.527684237244,10.066900696654),
  .PIECEWISE_BEZIER_KNOTS.);
#10771 = CARTESIAN_POINT('',(-16.91374001532,-6.559792037717));
#10772 = CARTESIAN_POINT('',(-17.75601767311,-12.03459681335));
#10773 = ( GEOMETRIC_REPRESENTATION_CONTEXT(2) 
PARAMETRIC_REPRESENTATION_CONTEXT() REPRESENTATION_CONTEXT('2D SPACE',''
  ) );
#10774 = PCURVE('',#10775,#10780);
#10775 = PLANE('',#10776);
#10776 = AXIS2_PLACEMENT_3D('',#10777,#10778,#10779);
#10777 = CARTESIAN_POINT('',(268.26992332243,-158.440137753,
    45.885281374239));
#10778 = DIRECTION('',(0.988371697651,0.152057184254,0.));
#10779 = DIRECTION('',(0.152057184254,-0.988371697651,0.));
#10780 = DEFINITIONAL_REPRESENTATION('',(#10781),#10784);
#10781 = B_SPLINE_CURVE_WITH_KNOTS('',1,(#10782,#10783),.UNSPECIFIED.,
  .F.,.F.,(2,2),(4.527684237244,10.066900696654),
  .PIECEWISE_BEZIER_KNOTS.);
#10782 = CARTESIAN_POINT('',(-1.59872115546E-14,-9.999999999991E-03));
#10783 = CARTESIAN_POINT('',(5.539216459411,-9.999999999991E-03));
#10784 = ( GEOMETRIC_REPRESENTATION_CONTEXT(2) 
PARAMETRIC_REPRESENTATION_CONTEXT() REPRESENTATION_CONTEXT('2D SPACE',''
  ) );
#10785 = ORIENTED_EDGE('',*,*,#10786,.T.);
#10786 = EDGE_CURVE('',#10761,#10787,#10789,.T.);
#10787 = VERTEX_POINT('',#10788);
#10788 = CARTESIAN_POINT('',(275.3766489475,-163.9149425287,
    45.895281374239));
#10789 = SURFACE_CURVE('',#10790,(#10794,#10800),.PCURVE_S1.);
#10790 = LINE('',#10791,#10792);
#10791 = CARTESIAN_POINT('',(260.23419214367,-163.9149425287,
    45.895281374239));
#10792 = VECTOR('',#10793,1.);
#10793 = DIRECTION('',(1.,0.,0.));
#10794 = PCURVE('',#3564,#10795);
#10795 = DEFINITIONAL_REPRESENTATION('',(#10796),#10799);
#10796 = B_SPLINE_CURVE_WITH_KNOTS('',1,(#10797,#10798),.UNSPECIFIED.,
  .F.,.F.,(2,2),(8.878008836558,19.685941964056),
  .PIECEWISE_BEZIER_KNOTS.);
#10797 = CARTESIAN_POINT('',(-17.75601767311,-12.03459681335));
#10798 = CARTESIAN_POINT('',(-28.56395080061,-12.03459681335));
#10799 = ( GEOMETRIC_REPRESENTATION_CONTEXT(2) 
PARAMETRIC_REPRESENTATION_CONTEXT() REPRESENTATION_CONTEXT('2D SPACE',''
  ) );
#10800 = PCURVE('',#10801,#10806);
#10801 = PLANE('',#10802);
#10802 = AXIS2_PLACEMENT_3D('',#10803,#10804,#10805);
#10803 = CARTESIAN_POINT('',(269.11220098022,-163.9149425287,
    45.885281374239));
#10804 = DIRECTION('',(0.,1.,0.));
#10805 = DIRECTION('',(1.,0.,-0.));
#10806 = DEFINITIONAL_REPRESENTATION('',(#10807),#10810);
#10807 = B_SPLINE_CURVE_WITH_KNOTS('',1,(#10808,#10809),.UNSPECIFIED.,
  .F.,.F.,(2,2),(8.878008836558,19.685941964056),
  .PIECEWISE_BEZIER_KNOTS.);
#10808 = CARTESIAN_POINT('',(-1.7763568394E-14,-9.999999999991E-03));
#10809 = CARTESIAN_POINT('',(10.807933127498,-9.999999999991E-03));
#10810 = ( GEOMETRIC_REPRESENTATION_CONTEXT(2) 
PARAMETRIC_REPRESENTATION_CONTEXT() REPRESENTATION_CONTEXT('2D SPACE',''
  ) );
#10811 = ORIENTED_EDGE('',*,*,#10812,.F.);
#10812 = EDGE_CURVE('',#10813,#10787,#10815,.T.);
#10813 = VERTEX_POINT('',#10814);
#10814 = CARTESIAN_POINT('',(275.3613936263,-164.3149425287,
    45.895281374239));
#10815 = SURFACE_CURVE('',#10816,(#10820,#10826),.PCURVE_S1.);
#10816 = LINE('',#10817,#10818);
#10817 = CARTESIAN_POINT('',(275.60361663078,-157.9637683707,
    45.895281374239));
#10818 = VECTOR('',#10819,1.);
#10819 = DIRECTION('',(3.811059657122E-02,0.999273527333,-0.));
#10820 = PCURVE('',#3564,#10821);
#10821 = DEFINITIONAL_REPRESENTATION('',(#10822),#10825);
#10822 = B_SPLINE_CURVE_WITH_KNOTS('',1,(#10823,#10824),.UNSPECIFIED.,
  .F.,.F.,(2,2),(-6.355791466773,-5.154919065797),
  .PIECEWISE_BEZIER_KNOTS.);
#10823 = CARTESIAN_POINT('',(-24.00521031919,-12.43459681335));
#10824 = CARTESIAN_POINT('',(-24.05097628279,-11.23459681335));
#10825 = ( GEOMETRIC_REPRESENTATION_CONTEXT(2) 
PARAMETRIC_REPRESENTATION_CONTEXT() REPRESENTATION_CONTEXT('2D SPACE',''
  ) );
#10826 = PCURVE('',#9556,#10827);
#10827 = DEFINITIONAL_REPRESENTATION('',(#10828),#10831);
#10828 = B_SPLINE_CURVE_WITH_KNOTS('',1,(#10829,#10830),.UNSPECIFIED.,
  .F.,.F.,(2,2),(-6.355791466773,-5.154919065797),
  .PIECEWISE_BEZIER_KNOTS.);
#10829 = CARTESIAN_POINT('',(1.200872400976,-38.70528137423));
#10830 = CARTESIAN_POINT('',(-3.552713678801E-15,-38.70528137423));
#10831 = ( GEOMETRIC_REPRESENTATION_CONTEXT(2) 
PARAMETRIC_REPRESENTATION_CONTEXT() REPRESENTATION_CONTEXT('2D SPACE',''
  ) );
#10832 = ORIENTED_EDGE('',*,*,#10833,.F.);
#10833 = EDGE_CURVE('',#10834,#10813,#10836,.T.);
#10834 = VERTEX_POINT('',#10835);
#10835 = CARTESIAN_POINT('',(268.76903339752,-164.3149425287,
    45.895281374239));
#10836 = SURFACE_CURVE('',#10837,(#10841,#10848),.PCURVE_S1.);
#10837 = LINE('',#10838,#10839);
#10838 = CARTESIAN_POINT('',(263.79310344827,-164.3149425287,
    45.895281374239));
#10839 = VECTOR('',#10840,1.);
#10840 = DIRECTION('',(1.,0.,-0.));
#10841 = PCURVE('',#3564,#10842);
#10842 = DEFINITIONAL_REPRESENTATION('',(#10843),#10847);
#10843 = LINE('',#10844,#10845);
#10844 = CARTESIAN_POINT('',(-12.43692014116,-12.43459681335));
#10845 = VECTOR('',#10846,1.);
#10846 = DIRECTION('',(-1.,0.));
#10847 = ( GEOMETRIC_REPRESENTATION_CONTEXT(2) 
PARAMETRIC_REPRESENTATION_CONTEXT() REPRESENTATION_CONTEXT('2D SPACE',''
  ) );
#10848 = PCURVE('',#10552,#10849);
#10849 = DEFINITIONAL_REPRESENTATION('',(#10850),#10854);
#10850 = LINE('',#10851,#10852);
#10851 = CARTESIAN_POINT('',(-4.975929949246,-0.41));
#10852 = VECTOR('',#10853,1.);
#10853 = DIRECTION('',(1.,0.));
#10854 = ( GEOMETRIC_REPRESENTATION_CONTEXT(2) 
PARAMETRIC_REPRESENTATION_CONTEXT() REPRESENTATION_CONTEXT('2D SPACE',''
  ) );
#10855 = ORIENTED_EDGE('',*,*,#10856,.F.);
#10856 = EDGE_CURVE('',#10857,#10834,#10859,.T.);
#10857 = VERTEX_POINT('',#10858);
#10858 = CARTESIAN_POINT('',(267.87457464337,-158.5009606267,
    45.895281374239));
#10859 = SURFACE_CURVE('',#10860,(#10864,#10871),.PCURVE_S1.);
#10860 = LINE('',#10861,#10862);
#10861 = CARTESIAN_POINT('',(267.80152136361,-158.0261143083,
    45.895281374239));
#10862 = VECTOR('',#10863,1.);
#10863 = DIRECTION('',(0.152057184254,-0.988371697651,0.));
#10864 = PCURVE('',#3564,#10865);
#10865 = DEFINITIONAL_REPRESENTATION('',(#10866),#10870);
#10866 = LINE('',#10867,#10868);
#10867 = CARTESIAN_POINT('',(-16.4453380565,-6.145768592962));
#10868 = VECTOR('',#10869,1.);
#10869 = DIRECTION('',(-0.152057184254,-0.988371697651));
#10870 = ( GEOMETRIC_REPRESENTATION_CONTEXT(2) 
PARAMETRIC_REPRESENTATION_CONTEXT() REPRESENTATION_CONTEXT('2D SPACE',''
  ) );
#10871 = PCURVE('',#10526,#10872);
#10872 = DEFINITIONAL_REPRESENTATION('',(#10873),#10877);
#10873 = LINE('',#10874,#10875);
#10874 = CARTESIAN_POINT('',(-0.480432937917,-0.41));
#10875 = VECTOR('',#10876,1.);
#10876 = DIRECTION('',(1.,0.));
#10877 = ( GEOMETRIC_REPRESENTATION_CONTEXT(2) 
PARAMETRIC_REPRESENTATION_CONTEXT() REPRESENTATION_CONTEXT('2D SPACE',''
  ) );
#10878 = ORIENTED_EDGE('',*,*,#10879,.T.);
#10879 = EDGE_CURVE('',#10857,#10662,#10880,.T.);
#10880 = SURFACE_CURVE('',#10881,(#10886,#10897),.PCURVE_S1.);
#10881 = CIRCLE('',#10882,6.8);
#10882 = AXIS2_PLACEMENT_3D('',#10883,#10884,#10885);
#10883 = CARTESIAN_POINT('',(261.15364709935,-159.5349494797,
    45.895281374239));
#10884 = DIRECTION('',(0.,0.,1.));
#10885 = DIRECTION('',(0.152057184254,-0.988371697651,0.));
#10886 = PCURVE('',#3564,#10887);
#10887 = DEFINITIONAL_REPRESENTATION('',(#10888),#10896);
#10888 = ( BOUNDED_CURVE() B_SPLINE_CURVE(2,(#10889,#10890,#10891,#10892
    ,#10893,#10894,#10895),.UNSPECIFIED.,.T.,.F.) 
B_SPLINE_CURVE_WITH_KNOTS((1,2,2,2,2,1),(-2.094395102393,0.,
    2.094395102393,4.188790204786,6.28318530718,8.377580409573),
.UNSPECIFIED.) CURVE() GEOMETRIC_REPRESENTATION_ITEM() 
RATIONAL_B_SPLINE_CURVE((1.,0.5,1.,0.5,1.,0.5,1.)) REPRESENTATION_ITEM(
  '') );
#10889 = CARTESIAN_POINT('',(-10.83145264516,-14.37553130837));
#10890 = CARTESIAN_POINT('',(-22.4724406254,-12.58461008064));
#10891 = CARTESIAN_POINT('',(-15.10096335589,-3.398679378469));
#10892 = CARTESIAN_POINT('',(-7.729486086387,5.787251323703));
#10893 = CARTESIAN_POINT('',(-3.459975375658,-5.189600606198));
#10894 = CARTESIAN_POINT('',(0.809535335071,-16.16645253609));
#10895 = CARTESIAN_POINT('',(-10.83145264516,-14.37553130837));
#10896 = ( GEOMETRIC_REPRESENTATION_CONTEXT(2) 
PARAMETRIC_REPRESENTATION_CONTEXT() REPRESENTATION_CONTEXT('2D SPACE',''
  ) );
#10897 = PCURVE('',#10499,#10898);
#10898 = DEFINITIONAL_REPRESENTATION('',(#10899),#10903);
#10899 = LINE('',#10900,#10901);
#10900 = CARTESIAN_POINT('',(-0.,-0.41));
#10901 = VECTOR('',#10902,1.);
#10902 = DIRECTION('',(-1.,0.));
#10903 = ( GEOMETRIC_REPRESENTATION_CONTEXT(2) 
PARAMETRIC_REPRESENTATION_CONTEXT() REPRESENTATION_CONTEXT('2D SPACE',''
  ) );
#10904 = ADVANCED_FACE('',(#10905),#3538,.T.);
#10905 = FACE_BOUND('',#10906,.T.);
#10906 = EDGE_LOOP('',(#10907,#10908,#10909,#10932));
#10907 = ORIENTED_EDGE('',*,*,#10710,.F.);
#10908 = ORIENTED_EDGE('',*,*,#3523,.F.);
#10909 = ORIENTED_EDGE('',*,*,#10910,.T.);
#10910 = EDGE_CURVE('',#3498,#10911,#10913,.T.);
#10911 = VERTEX_POINT('',#10912);
#10912 = CARTESIAN_POINT('',(264.74619110239,-153.2952677902,
    46.295281374239));
#10913 = SURFACE_CURVE('',#10914,(#10918,#10925),.PCURVE_S1.);
#10914 = LINE('',#10915,#10916);
#10915 = CARTESIAN_POINT('',(227.23151059265,-131.6959062846,
    46.295281374239));
#10916 = VECTOR('',#10917,1.);
#10917 = DIRECTION('',(0.866622456874,-0.498964444867,0.));
#10918 = PCURVE('',#3538,#10919);
#10919 = DEFINITIONAL_REPRESENTATION('',(#10920),#10924);
#10920 = LINE('',#10921,#10922);
#10921 = CARTESIAN_POINT('',(-3.2,-0.41));
#10922 = VECTOR('',#10923,1.);
#10923 = DIRECTION('',(1.,0.));
#10924 = ( GEOMETRIC_REPRESENTATION_CONTEXT(2) 
PARAMETRIC_REPRESENTATION_CONTEXT() REPRESENTATION_CONTEXT('2D SPACE',''
  ) );
#10925 = PCURVE('',#3512,#10926);
#10926 = DEFINITIONAL_REPRESENTATION('',(#10927),#10931);
#10927 = LINE('',#10928,#10929);
#10928 = CARTESIAN_POINT('',(24.124672714455,20.184439430755));
#10929 = VECTOR('',#10930,1.);
#10930 = DIRECTION('',(-0.866622456874,-0.498964444867));
#10931 = ( GEOMETRIC_REPRESENTATION_CONTEXT(2) 
PARAMETRIC_REPRESENTATION_CONTEXT() REPRESENTATION_CONTEXT('2D SPACE',''
  ) );
#10932 = ORIENTED_EDGE('',*,*,#10933,.F.);
#10933 = EDGE_CURVE('',#10711,#10911,#10934,.T.);
#10934 = SURFACE_CURVE('',#10935,(#10939,#10946),.PCURVE_S1.);
#10935 = LINE('',#10936,#10937);
#10936 = CARTESIAN_POINT('',(264.74619110239,-153.2952677902,
    45.885281374239));
#10937 = VECTOR('',#10938,1.);
#10938 = DIRECTION('',(0.,-0.,1.));
#10939 = PCURVE('',#3538,#10940);
#10940 = DEFINITIONAL_REPRESENTATION('',(#10941),#10945);
#10941 = LINE('',#10942,#10943);
#10942 = CARTESIAN_POINT('',(40.088378015324,0.));
#10943 = VECTOR('',#10944,1.);
#10944 = DIRECTION('',(0.,-1.));
#10945 = ( GEOMETRIC_REPRESENTATION_CONTEXT(2) 
PARAMETRIC_REPRESENTATION_CONTEXT() REPRESENTATION_CONTEXT('2D SPACE',''
  ) );
#10946 = PCURVE('',#10748,#10947);
#10947 = DEFINITIONAL_REPRESENTATION('',(#10948),#10952);
#10948 = LINE('',#10949,#10950);
#10949 = CARTESIAN_POINT('',(-2.466539893478,0.));
#10950 = VECTOR('',#10951,1.);
#10951 = DIRECTION('',(-0.,-1.));
#10952 = ( GEOMETRIC_REPRESENTATION_CONTEXT(2) 
PARAMETRIC_REPRESENTATION_CONTEXT() REPRESENTATION_CONTEXT('2D SPACE',''
  ) );
#10953 = ADVANCED_FACE('',(#10954),#3512,.T.);
#10954 = FACE_BOUND('',#10955,.T.);
#10955 = EDGE_LOOP('',(#10956,#10957,#10958,#10979,#11008,#11034,#11060,
    #11081,#11104,#11127));
#10956 = ORIENTED_EDGE('',*,*,#10910,.F.);
#10957 = ORIENTED_EDGE('',*,*,#3497,.F.);
#10958 = ORIENTED_EDGE('',*,*,#10959,.T.);
#10959 = EDGE_CURVE('',#3472,#10960,#10962,.T.);
#10960 = VERTEX_POINT('',#10961);
#10961 = CARTESIAN_POINT('',(264.94577688034,-152.9486188074,
    46.295281374239));
#10962 = SURFACE_CURVE('',#10963,(#10967,#10973),.PCURVE_S1.);
#10963 = LINE('',#10964,#10965);
#10964 = CARTESIAN_POINT('',(242.41426234784,-139.9759286221,
    46.295281374239));
#10965 = VECTOR('',#10966,1.);
#10966 = DIRECTION('',(0.866622456874,-0.498964444867,0.));
#10967 = PCURVE('',#3512,#10968);
#10968 = DEFINITIONAL_REPRESENTATION('',(#10969),#10972);
#10969 = B_SPLINE_CURVE_WITH_KNOTS('',1,(#10970,#10971),.UNSPECIFIED.,
  .F.,.F.,(2,2),(-13.6891503773,25.999227638022),
  .PIECEWISE_BEZIER_KNOTS.);
#10970 = CARTESIAN_POINT('',(20.805246091761,18.734816411984));
#10971 = CARTESIAN_POINT('',(-13.58959357323,-1.068273092102));
#10972 = ( GEOMETRIC_REPRESENTATION_CONTEXT(2) 
PARAMETRIC_REPRESENTATION_CONTEXT() REPRESENTATION_CONTEXT('2D SPACE',''
  ) );
#10973 = PCURVE('',#3486,#10974);
#10974 = DEFINITIONAL_REPRESENTATION('',(#10975),#10978);
#10975 = B_SPLINE_CURVE_WITH_KNOTS('',1,(#10976,#10977),.UNSPECIFIED.,
  .F.,.F.,(2,2),(-13.6891503773,25.999227638022),
  .PIECEWISE_BEZIER_KNOTS.);
#10976 = CARTESIAN_POINT('',(-2.48689957516E-14,-9.999999999998E-03));
#10977 = CARTESIAN_POINT('',(39.688378015324,-9.999999999998E-03));
#10978 = ( GEOMETRIC_REPRESENTATION_CONTEXT(2) 
PARAMETRIC_REPRESENTATION_CONTEXT() REPRESENTATION_CONTEXT('2D SPACE',''
  ) );
#10979 = ORIENTED_EDGE('',*,*,#10980,.T.);
#10980 = EDGE_CURVE('',#10960,#10981,#10983,.T.);
#10981 = VERTEX_POINT('',#10982);
#10982 = CARTESIAN_POINT('',(268.66527200149,-158.3793148793,
    46.295281374239));
#10983 = SURFACE_CURVE('',#10984,(#10989,#10996),.PCURVE_S1.);
#10984 = CIRCLE('',#10985,7.6);
#10985 = AXIS2_PLACEMENT_3D('',#10986,#10987,#10988);
#10986 = CARTESIAN_POINT('',(261.15364709935,-159.5349494797,
    46.295281374239));
#10987 = DIRECTION('',(0.,-0.,-1.));
#10988 = DIRECTION('',(0.152057184254,-0.988371697651,0.));
#10989 = PCURVE('',#3512,#10990);
#10990 = DEFINITIONAL_REPRESENTATION('',(#10991),#10995);
#10991 = CIRCLE('',#10992,7.6);
#10992 = AXIS2_PLACEMENT_2D('',#10993,#10994);
#10993 = CARTESIAN_POINT('',(-9.797463792241,-7.654603764346));
#10994 = DIRECTION('',(-0.152057184254,-0.988371697651));
#10995 = ( GEOMETRIC_REPRESENTATION_CONTEXT(2) 
PARAMETRIC_REPRESENTATION_CONTEXT() REPRESENTATION_CONTEXT('2D SPACE',''
  ) );
#10996 = PCURVE('',#10997,#11002);
#10997 = CYLINDRICAL_SURFACE('',#10998,7.6);
#10998 = AXIS2_PLACEMENT_3D('',#10999,#11000,#11001);
#10999 = CARTESIAN_POINT('',(261.15364709935,-159.5349494797,
    46.285281374239));
#11000 = DIRECTION('',(-0.,-0.,-1.));
#11001 = DIRECTION('',(0.152057184254,-0.988371697651,0.));
#11002 = DEFINITIONAL_REPRESENTATION('',(#11003),#11007);
#11003 = LINE('',#11004,#11005);
#11004 = CARTESIAN_POINT('',(-6.28318530718,-9.999999999998E-03));
#11005 = VECTOR('',#11006,1.);
#11006 = DIRECTION('',(1.,-0.));
#11007 = ( GEOMETRIC_REPRESENTATION_CONTEXT(2) 
PARAMETRIC_REPRESENTATION_CONTEXT() REPRESENTATION_CONTEXT('2D SPACE',''
  ) );
#11008 = ORIENTED_EDGE('',*,*,#11009,.T.);
#11009 = EDGE_CURVE('',#10981,#11010,#11012,.T.);
#11010 = VERTEX_POINT('',#11011);
#11011 = CARTESIAN_POINT('',(269.45536856293,-163.5149425287,
    46.295281374239));
#11012 = SURFACE_CURVE('',#11013,(#11017,#11023),.PCURVE_S1.);
#11013 = LINE('',#11014,#11015);
#11014 = CARTESIAN_POINT('',(267.97680508519,-153.9042799234,
    46.295281374239));
#11015 = VECTOR('',#11016,1.);
#11016 = DIRECTION('',(0.152057184254,-0.988371697651,0.));
#11017 = PCURVE('',#3512,#11018);
#11018 = DEFINITIONAL_REPRESENTATION('',(#11019),#11022);
#11019 = B_SPLINE_CURVE_WITH_KNOTS('',1,(#11020,#11021),.UNSPECIFIED.,
  .F.,.F.,(2,2),(4.527684237244,9.723733113948),
  .PIECEWISE_BEZIER_KNOTS.);
#11020 = CARTESIAN_POINT('',(-17.30908869438,-6.498969164016));
#11021 = CARTESIAN_POINT('',(-18.09918525582,-11.63459681335));
#11022 = ( GEOMETRIC_REPRESENTATION_CONTEXT(2) 
PARAMETRIC_REPRESENTATION_CONTEXT() REPRESENTATION_CONTEXT('2D SPACE',''
  ) );
#11023 = PCURVE('',#11024,#11029);
#11024 = PLANE('',#11025);
#11025 = AXIS2_PLACEMENT_3D('',#11026,#11027,#11028);
#11026 = CARTESIAN_POINT('',(268.66527200149,-158.3793148793,
    46.285281374239));
#11027 = DIRECTION('',(0.988371697651,0.152057184254,0.));
#11028 = DIRECTION('',(0.152057184254,-0.988371697651,0.));
#11029 = DEFINITIONAL_REPRESENTATION('',(#11030),#11033);
#11030 = B_SPLINE_CURVE_WITH_KNOTS('',1,(#11031,#11032),.UNSPECIFIED.,
  .F.,.F.,(2,2),(4.527684237244,9.723733113948),
  .PIECEWISE_BEZIER_KNOTS.);
#11031 = CARTESIAN_POINT('',(-1.59872115546E-14,-9.999999999998E-03));
#11032 = CARTESIAN_POINT('',(5.196048876704,-9.999999999998E-03));
#11033 = ( GEOMETRIC_REPRESENTATION_CONTEXT(2) 
PARAMETRIC_REPRESENTATION_CONTEXT() REPRESENTATION_CONTEXT('2D SPACE',''
  ) );
#11034 = ORIENTED_EDGE('',*,*,#11035,.T.);
#11035 = EDGE_CURVE('',#11010,#11036,#11038,.T.);
#11036 = VERTEX_POINT('',#11037);
#11037 = CARTESIAN_POINT('',(275.3919042687,-163.5149425287,
    46.295281374239));
#11038 = SURFACE_CURVE('',#11039,(#11043,#11049),.PCURVE_S1.);
#11039 = LINE('',#11040,#11041);
#11040 = CARTESIAN_POINT('',(260.40577593502,-163.5149425287,
    46.295281374239));
#11041 = VECTOR('',#11042,1.);
#11042 = DIRECTION('',(1.,0.,0.));
#11043 = PCURVE('',#3512,#11044);
#11044 = DEFINITIONAL_REPRESENTATION('',(#11045),#11048);
#11045 = B_SPLINE_CURVE_WITH_KNOTS('',1,(#11046,#11047),.UNSPECIFIED.,
  .F.,.F.,(2,2),(9.049592627911,19.127299713208),
  .PIECEWISE_BEZIER_KNOTS.);
#11046 = CARTESIAN_POINT('',(-18.09918525582,-11.63459681335));
#11047 = CARTESIAN_POINT('',(-28.17689234112,-11.63459681335));
#11048 = ( GEOMETRIC_REPRESENTATION_CONTEXT(2) 
PARAMETRIC_REPRESENTATION_CONTEXT() REPRESENTATION_CONTEXT('2D SPACE',''
  ) );
#11049 = PCURVE('',#11050,#11055);
#11050 = PLANE('',#11051);
#11051 = AXIS2_PLACEMENT_3D('',#11052,#11053,#11054);
#11052 = CARTESIAN_POINT('',(269.45536856293,-163.5149425287,
    46.285281374239));
#11053 = DIRECTION('',(0.,1.,0.));
#11054 = DIRECTION('',(1.,0.,-0.));
#11055 = DEFINITIONAL_REPRESENTATION('',(#11056),#11059);
#11056 = B_SPLINE_CURVE_WITH_KNOTS('',1,(#11057,#11058),.UNSPECIFIED.,
  .F.,.F.,(2,2),(9.049592627911,19.127299713208),
  .PIECEWISE_BEZIER_KNOTS.);
#11057 = CARTESIAN_POINT('',(-2.84217094304E-14,-9.999999999998E-03));
#11058 = CARTESIAN_POINT('',(10.077707085297,-9.999999999998E-03));
#11059 = ( GEOMETRIC_REPRESENTATION_CONTEXT(2) 
PARAMETRIC_REPRESENTATION_CONTEXT() REPRESENTATION_CONTEXT('2D SPACE',''
  ) );
#11060 = ORIENTED_EDGE('',*,*,#11061,.F.);
#11061 = EDGE_CURVE('',#11062,#11036,#11064,.T.);
#11062 = VERTEX_POINT('',#11063);
#11063 = CARTESIAN_POINT('',(275.3766489475,-163.9149425287,
    46.295281374239));
#11064 = SURFACE_CURVE('',#11065,(#11069,#11075),.PCURVE_S1.);
#11065 = LINE('',#11066,#11067);
#11066 = CARTESIAN_POINT('',(275.60361663078,-157.9637683707,
    46.295281374239));
#11067 = VECTOR('',#11068,1.);
#11068 = DIRECTION('',(3.811059657122E-02,0.999273527333,-0.));
#11069 = PCURVE('',#3512,#11070);
#11070 = DEFINITIONAL_REPRESENTATION('',(#11071),#11074);
#11071 = B_SPLINE_CURVE_WITH_KNOTS('',1,(#11072,#11073),.UNSPECIFIED.,
  .F.,.F.,(2,2),(-5.955500666448,-5.154919065797),
  .PIECEWISE_BEZIER_KNOTS.);
#11072 = CARTESIAN_POINT('',(-24.02046564039,-12.03459681335));
#11073 = CARTESIAN_POINT('',(-24.05097628279,-11.23459681335));
#11074 = ( GEOMETRIC_REPRESENTATION_CONTEXT(2) 
PARAMETRIC_REPRESENTATION_CONTEXT() REPRESENTATION_CONTEXT('2D SPACE',''
  ) );
#11075 = PCURVE('',#9556,#11076);
#11076 = DEFINITIONAL_REPRESENTATION('',(#11077),#11080);
#11077 = B_SPLINE_CURVE_WITH_KNOTS('',1,(#11078,#11079),.UNSPECIFIED.,
  .F.,.F.,(2,2),(-5.955500666448,-5.154919065797),
  .PIECEWISE_BEZIER_KNOTS.);
#11078 = CARTESIAN_POINT('',(0.80058160065,-39.10528137423));
#11079 = CARTESIAN_POINT('',(-3.552713678801E-15,-39.10528137423));
#11080 = ( GEOMETRIC_REPRESENTATION_CONTEXT(2) 
PARAMETRIC_REPRESENTATION_CONTEXT() REPRESENTATION_CONTEXT('2D SPACE',''
  ) );
#11081 = ORIENTED_EDGE('',*,*,#11082,.F.);
#11082 = EDGE_CURVE('',#11083,#11062,#11085,.T.);
#11083 = VERTEX_POINT('',#11084);
#11084 = CARTESIAN_POINT('',(269.11220098022,-163.9149425287,
    46.295281374239));
#11085 = SURFACE_CURVE('',#11086,(#11090,#11097),.PCURVE_S1.);
#11086 = LINE('',#11087,#11088);
#11087 = CARTESIAN_POINT('',(263.79310344827,-163.9149425287,
    46.295281374239));
#11088 = VECTOR('',#11089,1.);
#11089 = DIRECTION('',(1.,0.,-0.));
#11090 = PCURVE('',#3512,#11091);
#11091 = DEFINITIONAL_REPRESENTATION('',(#11092),#11096);
#11092 = LINE('',#11093,#11094);
#11093 = CARTESIAN_POINT('',(-12.43692014116,-12.03459681335));
#11094 = VECTOR('',#11095,1.);
#11095 = DIRECTION('',(-1.,0.));
#11096 = ( GEOMETRIC_REPRESENTATION_CONTEXT(2) 
PARAMETRIC_REPRESENTATION_CONTEXT() REPRESENTATION_CONTEXT('2D SPACE',''
  ) );
#11097 = PCURVE('',#10801,#11098);
#11098 = DEFINITIONAL_REPRESENTATION('',(#11099),#11103);
#11099 = LINE('',#11100,#11101);
#11100 = CARTESIAN_POINT('',(-5.319097531953,-0.41));
#11101 = VECTOR('',#11102,1.);
#11102 = DIRECTION('',(1.,0.));
#11103 = ( GEOMETRIC_REPRESENTATION_CONTEXT(2) 
PARAMETRIC_REPRESENTATION_CONTEXT() REPRESENTATION_CONTEXT('2D SPACE',''
  ) );
#11104 = ORIENTED_EDGE('',*,*,#11105,.F.);
#11105 = EDGE_CURVE('',#11106,#11083,#11108,.T.);
#11106 = VERTEX_POINT('',#11107);
#11107 = CARTESIAN_POINT('',(268.26992332243,-158.440137753,
    46.295281374239));
#11108 = SURFACE_CURVE('',#11109,(#11113,#11120),.PCURVE_S1.);
#11109 = LINE('',#11110,#11111);
#11110 = CARTESIAN_POINT('',(268.19687004267,-157.9652914346,
    46.295281374239));
#11111 = VECTOR('',#11112,1.);
#11112 = DIRECTION('',(0.152057184254,-0.988371697651,0.));
#11113 = PCURVE('',#3512,#11114);
#11114 = DEFINITIONAL_REPRESENTATION('',(#11115),#11119);
#11115 = LINE('',#11116,#11117);
#11116 = CARTESIAN_POINT('',(-16.84068673556,-6.084945719261));
#11117 = VECTOR('',#11118,1.);
#11118 = DIRECTION('',(-0.152057184254,-0.988371697651));
#11119 = ( GEOMETRIC_REPRESENTATION_CONTEXT(2) 
PARAMETRIC_REPRESENTATION_CONTEXT() REPRESENTATION_CONTEXT('2D SPACE',''
  ) );
#11120 = PCURVE('',#10775,#11121);
#11121 = DEFINITIONAL_REPRESENTATION('',(#11122),#11126);
#11122 = LINE('',#11123,#11124);
#11123 = CARTESIAN_POINT('',(-0.480432937917,-0.41));
#11124 = VECTOR('',#11125,1.);
#11125 = DIRECTION('',(1.,0.));
#11126 = ( GEOMETRIC_REPRESENTATION_CONTEXT(2) 
PARAMETRIC_REPRESENTATION_CONTEXT() REPRESENTATION_CONTEXT('2D SPACE',''
  ) );
#11127 = ORIENTED_EDGE('',*,*,#11128,.T.);
#11128 = EDGE_CURVE('',#11106,#10911,#11129,.T.);
#11129 = SURFACE_CURVE('',#11130,(#11135,#11146),.PCURVE_S1.);
#11130 = CIRCLE('',#11131,7.2);
#11131 = AXIS2_PLACEMENT_3D('',#11132,#11133,#11134);
#11132 = CARTESIAN_POINT('',(261.15364709935,-159.5349494797,
    46.295281374239));
#11133 = DIRECTION('',(0.,0.,1.));
#11134 = DIRECTION('',(0.152057184254,-0.988371697651,0.));
#11135 = PCURVE('',#3512,#11136);
#11136 = DEFINITIONAL_REPRESENTATION('',(#11137),#11145);
#11137 = ( BOUNDED_CURVE() B_SPLINE_CURVE(2,(#11138,#11139,#11140,#11141
    ,#11142,#11143,#11144),.UNSPECIFIED.,.T.,.F.) 
B_SPLINE_CURVE_WITH_KNOTS((1,2,2,2,2,1),(-2.094395102393,0.,
    2.094395102393,4.188790204786,6.28318530718,8.377580409573),
.UNSPECIFIED.) CURVE() GEOMETRIC_REPRESENTATION_ITEM() 
RATIONAL_B_SPLINE_CURVE((1.,0.5,1.,0.5,1.,0.5,1.)) REPRESENTATION_ITEM(
  '') );
#11138 = CARTESIAN_POINT('',(-10.89227551886,-14.77087998743));
#11139 = CARTESIAN_POINT('',(-23.21802749794,-12.87461045218));
#11140 = CARTESIAN_POINT('',(-15.41293391846,-3.148330885182));
#11141 = CARTESIAN_POINT('',(-7.607840338984,6.577948681823));
#11142 = CARTESIAN_POINT('',(-3.087181939388,-5.044600420425));
#11143 = CARTESIAN_POINT('',(1.433476460207,-16.66714952267));
#11144 = CARTESIAN_POINT('',(-10.89227551886,-14.77087998743));
#11145 = ( GEOMETRIC_REPRESENTATION_CONTEXT(2) 
PARAMETRIC_REPRESENTATION_CONTEXT() REPRESENTATION_CONTEXT('2D SPACE',''
  ) );
#11146 = PCURVE('',#10748,#11147);
#11147 = DEFINITIONAL_REPRESENTATION('',(#11148),#11152);
#11148 = LINE('',#11149,#11150);
#11149 = CARTESIAN_POINT('',(-0.,-0.41));
#11150 = VECTOR('',#11151,1.);
#11151 = DIRECTION('',(-1.,0.));
#11152 = ( GEOMETRIC_REPRESENTATION_CONTEXT(2) 
PARAMETRIC_REPRESENTATION_CONTEXT() REPRESENTATION_CONTEXT('2D SPACE',''
  ) );
#11153 = ADVANCED_FACE('',(#11154),#3486,.T.);
#11154 = FACE_BOUND('',#11155,.T.);
#11155 = EDGE_LOOP('',(#11156,#11157,#11158,#11179));
#11156 = ORIENTED_EDGE('',*,*,#10959,.F.);
#11157 = ORIENTED_EDGE('',*,*,#3471,.F.);
#11158 = ORIENTED_EDGE('',*,*,#11159,.F.);
#11159 = EDGE_CURVE('',#11160,#3444,#11162,.T.);
#11160 = VERTEX_POINT('',#11161);
#11161 = CARTESIAN_POINT('',(264.94577688034,-152.9486188074,
    46.685281374239));
#11162 = SURFACE_CURVE('',#11163,(#11167,#11173),.PCURVE_S1.);
#11163 = LINE('',#11164,#11165);
#11164 = CARTESIAN_POINT('',(208.28772775574,-120.3273177963,
    46.685281374239));
#11165 = VECTOR('',#11166,1.);
#11166 = DIRECTION('',(-0.866622456874,0.498964444867,0.));
#11167 = PCURVE('',#3486,#11168);
#11168 = DEFINITIONAL_REPRESENTATION('',(#11169),#11172);
#11169 = B_SPLINE_CURVE_WITH_KNOTS('',1,(#11170,#11171),.UNSPECIFIED.,
  .F.,.F.,(2,2),(-65.37800708391,-29.39489222648),
  .PIECEWISE_BEZIER_KNOTS.);
#11170 = CARTESIAN_POINT('',(39.688378015324,-0.4));
#11171 = CARTESIAN_POINT('',(3.705263157895,-0.4));
#11172 = ( GEOMETRIC_REPRESENTATION_CONTEXT(2) 
PARAMETRIC_REPRESENTATION_CONTEXT() REPRESENTATION_CONTEXT('2D SPACE',''
  ) );
#11173 = PCURVE('',#3459,#11174);
#11174 = DEFINITIONAL_REPRESENTATION('',(#11175),#11178);
#11175 = B_SPLINE_CURVE_WITH_KNOTS('',1,(#11176,#11177),.UNSPECIFIED.,
  .F.,.F.,(2,2),(-65.37800708391,-29.39489222648),
  .PIECEWISE_BEZIER_KNOTS.);
#11176 = CARTESIAN_POINT('',(84.215894539339,-36.24356585925));
#11177 = CARTESIAN_POINT('',(53.032119135609,-18.28927092983));
#11178 = ( GEOMETRIC_REPRESENTATION_CONTEXT(2) 
PARAMETRIC_REPRESENTATION_CONTEXT() REPRESENTATION_CONTEXT('2D SPACE',''
  ) );
#11179 = ORIENTED_EDGE('',*,*,#11180,.F.);
#11180 = EDGE_CURVE('',#10960,#11160,#11181,.T.);
#11181 = SURFACE_CURVE('',#11182,(#11186,#11193),.PCURVE_S1.);
#11182 = LINE('',#11183,#11184);
#11183 = CARTESIAN_POINT('',(264.94577688034,-152.9486188074,
    46.285281374239));
#11184 = VECTOR('',#11185,1.);
#11185 = DIRECTION('',(0.,-0.,1.));
#11186 = PCURVE('',#3486,#11187);
#11187 = DEFINITIONAL_REPRESENTATION('',(#11188),#11192);
#11188 = LINE('',#11189,#11190);
#11189 = CARTESIAN_POINT('',(39.688378015324,0.));
#11190 = VECTOR('',#11191,1.);
#11191 = DIRECTION('',(0.,-1.));
#11192 = ( GEOMETRIC_REPRESENTATION_CONTEXT(2) 
PARAMETRIC_REPRESENTATION_CONTEXT() REPRESENTATION_CONTEXT('2D SPACE',''
  ) );
#11193 = PCURVE('',#10997,#11194);
#11194 = DEFINITIONAL_REPRESENTATION('',(#11195),#11199);
#11195 = LINE('',#11196,#11197);
#11196 = CARTESIAN_POINT('',(-2.466539893478,0.));
#11197 = VECTOR('',#11198,1.);
#11198 = DIRECTION('',(-0.,-1.));
#11199 = ( GEOMETRIC_REPRESENTATION_CONTEXT(2) 
PARAMETRIC_REPRESENTATION_CONTEXT() REPRESENTATION_CONTEXT('2D SPACE',''
  ) );
#11200 = ADVANCED_FACE('',(#11201),#3459,.T.);
#11201 = FACE_BOUND('',#11202,.T.);
#11202 = EDGE_LOOP('',(#11203,#11204,#11205,#11228,#11251,#11274,#11295,
    #11316,#11342));
#11203 = ORIENTED_EDGE('',*,*,#3443,.F.);
#11204 = ORIENTED_EDGE('',*,*,#4565,.T.);
#11205 = ORIENTED_EDGE('',*,*,#11206,.T.);
#11206 = EDGE_CURVE('',#4566,#11207,#11209,.T.);
#11207 = VERTEX_POINT('',#11208);
#11208 = CARTESIAN_POINT('',(258.49562168727,-168.5636771771,
    46.685281374239));
#11209 = SURFACE_CURVE('',#11210,(#11214,#11221),.PCURVE_S1.);
#11210 = LINE('',#11211,#11212);
#11211 = CARTESIAN_POINT('',(257.12710702898,-159.6683318982,
    46.685281374239));
#11212 = VECTOR('',#11213,1.);
#11213 = DIRECTION('',(0.152057184254,-0.988371697651,-0.));
#11214 = PCURVE('',#3459,#11215);
#11215 = DEFINITIONAL_REPRESENTATION('',(#11216),#11220);
#11216 = LINE('',#11217,#11218);
#11217 = CARTESIAN_POINT('',(76.397224687985,-42.96327895005));
#11218 = VECTOR('',#11219,1.);
#11219 = DIRECTION('',(0.152057184254,-0.988371697651));
#11220 = ( GEOMETRIC_REPRESENTATION_CONTEXT(2) 
PARAMETRIC_REPRESENTATION_CONTEXT() REPRESENTATION_CONTEXT('2D SPACE',''
  ) );
#11221 = PCURVE('',#4604,#11222);
#11222 = DEFINITIONAL_REPRESENTATION('',(#11223),#11227);
#11223 = LINE('',#11224,#11225);
#11224 = CARTESIAN_POINT('',(-2.402164689586,-39.49528137423));
#11225 = VECTOR('',#11226,1.);
#11226 = DIRECTION('',(1.,0.));
#11227 = ( GEOMETRIC_REPRESENTATION_CONTEXT(2) 
PARAMETRIC_REPRESENTATION_CONTEXT() REPRESENTATION_CONTEXT('2D SPACE',''
  ) );
#11228 = ORIENTED_EDGE('',*,*,#11229,.F.);
#11229 = EDGE_CURVE('',#11230,#11207,#11232,.T.);
#11230 = VERTEX_POINT('',#11231);
#11231 = CARTESIAN_POINT('',(275.29794054733,-165.9787050448,
    46.685281374239));
#11232 = SURFACE_CURVE('',#11233,(#11237,#11244),.PCURVE_S1.);
#11233 = LINE('',#11234,#11235);
#11234 = CARTESIAN_POINT('',(275.29794054733,-165.9787050448,
    46.685281374239));
#11235 = VECTOR('',#11236,1.);
#11236 = DIRECTION('',(-0.988371697651,-0.152057184254,0.));
#11237 = PCURVE('',#3459,#11238);
#11238 = DEFINITIONAL_REPRESENTATION('',(#11239),#11243);
#11239 = LINE('',#11240,#11241);
#11240 = CARTESIAN_POINT('',(94.568058206331,-49.27365209659));
#11241 = VECTOR('',#11242,1.);
#11242 = DIRECTION('',(-0.988371697651,-0.152057184254));
#11243 = ( GEOMETRIC_REPRESENTATION_CONTEXT(2) 
PARAMETRIC_REPRESENTATION_CONTEXT() REPRESENTATION_CONTEXT('2D SPACE',''
  ) );
#11244 = PCURVE('',#4813,#11245);
#11245 = DEFINITIONAL_REPRESENTATION('',(#11246),#11250);
#11246 = LINE('',#11247,#11248);
#11247 = CARTESIAN_POINT('',(0.,-39.49528137423));
#11248 = VECTOR('',#11249,1.);
#11249 = DIRECTION('',(1.,0.));
#11250 = ( GEOMETRIC_REPRESENTATION_CONTEXT(2) 
PARAMETRIC_REPRESENTATION_CONTEXT() REPRESENTATION_CONTEXT('2D SPACE',''
  ) );
#11251 = ORIENTED_EDGE('',*,*,#11252,.F.);
#11252 = EDGE_CURVE('',#11253,#11230,#11255,.T.);
#11253 = VERTEX_POINT('',#11254);
#11254 = CARTESIAN_POINT('',(275.3919042687,-163.5149425287,
    46.685281374239));
#11255 = SURFACE_CURVE('',#11256,(#11260,#11267),.PCURVE_S1.);
#11256 = LINE('',#11257,#11258);
#11257 = CARTESIAN_POINT('',(275.92965870271,-149.4148281654,
    46.685281374239));
#11258 = VECTOR('',#11259,1.);
#11259 = DIRECTION('',(-3.811059657122E-02,-0.999273527333,0.));
#11260 = PCURVE('',#3459,#11261);
#11261 = DEFINITIONAL_REPRESENTATION('',(#11262),#11266);
#11262 = LINE('',#11263,#11264);
#11263 = CARTESIAN_POINT('',(95.19977636171,-32.70977521719));
#11264 = VECTOR('',#11265,1.);
#11265 = DIRECTION('',(-3.811059657122E-02,-0.999273527333));
#11266 = ( GEOMETRIC_REPRESENTATION_CONTEXT(2) 
PARAMETRIC_REPRESENTATION_CONTEXT() REPRESENTATION_CONTEXT('2D SPACE',''
  ) );
#11267 = PCURVE('',#9556,#11268);
#11268 = DEFINITIONAL_REPRESENTATION('',(#11269),#11273);
#11269 = LINE('',#11270,#11271);
#11270 = CARTESIAN_POINT('',(-13.71007435759,-39.49528137423));
#11271 = VECTOR('',#11272,1.);
#11272 = DIRECTION('',(1.,0.));
#11273 = ( GEOMETRIC_REPRESENTATION_CONTEXT(2) 
PARAMETRIC_REPRESENTATION_CONTEXT() REPRESENTATION_CONTEXT('2D SPACE',''
  ) );
#11274 = ORIENTED_EDGE('',*,*,#11275,.T.);
#11275 = EDGE_CURVE('',#11253,#11276,#11278,.T.);
#11276 = VERTEX_POINT('',#11277);
#11277 = CARTESIAN_POINT('',(269.45536856293,-163.5149425287,
    46.685281374239));
#11278 = SURFACE_CURVE('',#11279,(#11283,#11289),.PCURVE_S1.);
#11279 = LINE('',#11280,#11281);
#11280 = CARTESIAN_POINT('',(225.09262545196,-163.5149425287,
    46.685281374239));
#11281 = VECTOR('',#11282,1.);
#11282 = DIRECTION('',(-1.,0.,0.));
#11283 = PCURVE('',#3459,#11284);
#11284 = DEFINITIONAL_REPRESENTATION('',(#11285),#11288);
#11285 = B_SPLINE_CURVE_WITH_KNOTS('',1,(#11286,#11287),.UNSPECIFIED.,
  .F.,.F.,(2,2),(-50.31453413794,-44.36274311096),
  .PIECEWISE_BEZIER_KNOTS.);
#11286 = CARTESIAN_POINT('',(94.677277248907,-46.8098895805));
#11287 = CARTESIAN_POINT('',(88.725486221933,-46.8098895805));
#11288 = ( GEOMETRIC_REPRESENTATION_CONTEXT(2) 
PARAMETRIC_REPRESENTATION_CONTEXT() REPRESENTATION_CONTEXT('2D SPACE',''
  ) );
#11289 = PCURVE('',#11050,#11290);
#11290 = DEFINITIONAL_REPRESENTATION('',(#11291),#11294);
#11291 = B_SPLINE_CURVE_WITH_KNOTS('',1,(#11292,#11293),.UNSPECIFIED.,
  .F.,.F.,(2,2),(-50.31453413794,-44.36274311096),
  .PIECEWISE_BEZIER_KNOTS.);
#11292 = CARTESIAN_POINT('',(5.951791026974,-0.4));
#11293 = CARTESIAN_POINT('',(-2.84217094304E-14,-0.4));
#11294 = ( GEOMETRIC_REPRESENTATION_CONTEXT(2) 
PARAMETRIC_REPRESENTATION_CONTEXT() REPRESENTATION_CONTEXT('2D SPACE',''
  ) );
#11295 = ORIENTED_EDGE('',*,*,#11296,.T.);
#11296 = EDGE_CURVE('',#11276,#11297,#11299,.T.);
#11297 = VERTEX_POINT('',#11298);
#11298 = CARTESIAN_POINT('',(268.66527200149,-158.3793148793,
    46.685281374239));
#11299 = SURFACE_CURVE('',#11300,(#11304,#11310),.PCURVE_S1.);
#11300 = LINE('',#11301,#11302);
#11301 = CARTESIAN_POINT('',(264.51708596435,-131.4161056379,
    46.685281374239));
#11302 = VECTOR('',#11303,1.);
#11303 = DIRECTION('',(-0.152057184254,0.988371697651,0.));
#11304 = PCURVE('',#3459,#11305);
#11305 = DEFINITIONAL_REPRESENTATION('',(#11306),#11309);
#11306 = B_SPLINE_CURVE_WITH_KNOTS('',1,(#11307,#11308),.UNSPECIFIED.,
  .F.,.F.,(2,2),(-32.47648325734,-27.28043438064),
  .PIECEWISE_BEZIER_KNOTS.);
#11307 = CARTESIAN_POINT('',(88.725486221933,-46.8098895805));
#11308 = CARTESIAN_POINT('',(87.935389660495,-41.67426193116));
#11309 = ( GEOMETRIC_REPRESENTATION_CONTEXT(2) 
PARAMETRIC_REPRESENTATION_CONTEXT() REPRESENTATION_CONTEXT('2D SPACE',''
  ) );
#11310 = PCURVE('',#11024,#11311);
#11311 = DEFINITIONAL_REPRESENTATION('',(#11312),#11315);
#11312 = B_SPLINE_CURVE_WITH_KNOTS('',1,(#11313,#11314),.UNSPECIFIED.,
  .F.,.F.,(2,2),(-32.47648325734,-27.28043438064),
  .PIECEWISE_BEZIER_KNOTS.);
#11313 = CARTESIAN_POINT('',(5.196048876704,-0.4));
#11314 = CARTESIAN_POINT('',(-1.7763568394E-14,-0.4));
#11315 = ( GEOMETRIC_REPRESENTATION_CONTEXT(2) 
PARAMETRIC_REPRESENTATION_CONTEXT() REPRESENTATION_CONTEXT('2D SPACE',''
  ) );
#11316 = ORIENTED_EDGE('',*,*,#11317,.F.);
#11317 = EDGE_CURVE('',#11160,#11297,#11318,.T.);
#11318 = SURFACE_CURVE('',#11319,(#11324,#11335),.PCURVE_S1.);
#11319 = CIRCLE('',#11320,7.6);
#11320 = AXIS2_PLACEMENT_3D('',#11321,#11322,#11323);
#11321 = CARTESIAN_POINT('',(261.15364709935,-159.5349494797,
    46.685281374239));
#11322 = DIRECTION('',(0.,-0.,-1.));
#11323 = DIRECTION('',(0.152057184254,-0.988371697651,0.));
#11324 = PCURVE('',#3459,#11325);
#11325 = DEFINITIONAL_REPRESENTATION('',(#11326),#11334);
#11326 = ( BOUNDED_CURVE() B_SPLINE_CURVE(2,(#11327,#11328,#11329,#11330
    ,#11331,#11332,#11333),.UNSPECIFIED.,.T.,.F.) 
B_SPLINE_CURVE_WITH_KNOTS((1,2,2,2,2,1),(-2.094395102393,0.,
    2.094395102393,4.188790204786,6.28318530718,8.377580409573),
.UNSPECIFIED.) CURVE() GEOMETRIC_REPRESENTATION_ITEM() 
RATIONAL_B_SPLINE_CURVE((1.,0.5,1.,0.5,1.,0.5,1.)) REPRESENTATION_ITEM(
  '') );
#11327 = CARTESIAN_POINT('',(81.57939935868,-50.34152143363));
#11328 = CARTESIAN_POINT('',(68.568883380766,-52.34313927639));
#11329 = CARTESIAN_POINT('',(73.340689469228,-40.0748930018));
#11330 = CARTESIAN_POINT('',(78.11249555769,-27.8066467272));
#11331 = CARTESIAN_POINT('',(86.351205447143,-38.07327515904));
#11332 = CARTESIAN_POINT('',(94.589915336595,-48.33990359088));
#11333 = CARTESIAN_POINT('',(81.57939935868,-50.34152143363));
#11334 = ( GEOMETRIC_REPRESENTATION_CONTEXT(2) 
PARAMETRIC_REPRESENTATION_CONTEXT() REPRESENTATION_CONTEXT('2D SPACE',''
  ) );
#11335 = PCURVE('',#10997,#11336);
#11336 = DEFINITIONAL_REPRESENTATION('',(#11337),#11341);
#11337 = LINE('',#11338,#11339);
#11338 = CARTESIAN_POINT('',(-6.28318530718,-0.4));
#11339 = VECTOR('',#11340,1.);
#11340 = DIRECTION('',(1.,-0.));
#11341 = ( GEOMETRIC_REPRESENTATION_CONTEXT(2) 
PARAMETRIC_REPRESENTATION_CONTEXT() REPRESENTATION_CONTEXT('2D SPACE',''
  ) );
#11342 = ORIENTED_EDGE('',*,*,#11159,.T.);
#11343 = ADVANCED_FACE('',(#11344),#4604,.F.);
#11344 = FACE_BOUND('',#11345,.F.);
#11345 = EDGE_LOOP('',(#11346,#11347,#11348,#11349,#11372,#11393));
#11346 = ORIENTED_EDGE('',*,*,#4691,.T.);
#11347 = ORIENTED_EDGE('',*,*,#4588,.T.);
#11348 = ORIENTED_EDGE('',*,*,#11206,.T.);
#11349 = ORIENTED_EDGE('',*,*,#11350,.F.);
#11350 = EDGE_CURVE('',#11351,#11207,#11353,.T.);
#11351 = VERTEX_POINT('',#11352);
#11352 = CARTESIAN_POINT('',(258.49562168727,-168.5636771771,7.19));
#11353 = SURFACE_CURVE('',#11354,(#11358,#11365),.PCURVE_S1.);
#11354 = LINE('',#11355,#11356);
#11355 = CARTESIAN_POINT('',(258.49562168727,-168.5636771771,7.19));
#11356 = VECTOR('',#11357,1.);
#11357 = DIRECTION('',(0.,0.,1.));
#11358 = PCURVE('',#4604,#11359);
#11359 = DEFINITIONAL_REPRESENTATION('',(#11360),#11364);
#11360 = LINE('',#11361,#11362);
#11361 = CARTESIAN_POINT('',(6.597835310414,0.));
#11362 = VECTOR('',#11363,1.);
#11363 = DIRECTION('',(0.,-1.));
#11364 = ( GEOMETRIC_REPRESENTATION_CONTEXT(2) 
PARAMETRIC_REPRESENTATION_CONTEXT() REPRESENTATION_CONTEXT('2D SPACE',''
  ) );
#11365 = PCURVE('',#4813,#11366);
#11366 = DEFINITIONAL_REPRESENTATION('',(#11367),#11371);
#11367 = LINE('',#11368,#11369);
#11368 = CARTESIAN_POINT('',(17.,0.));
#11369 = VECTOR('',#11370,1.);
#11370 = DIRECTION('',(0.,-1.));
#11371 = ( GEOMETRIC_REPRESENTATION_CONTEXT(2) 
PARAMETRIC_REPRESENTATION_CONTEXT() REPRESENTATION_CONTEXT('2D SPACE',''
  ) );
#11372 = ORIENTED_EDGE('',*,*,#11373,.F.);
#11373 = EDGE_CURVE('',#4825,#11351,#11374,.T.);
#11374 = SURFACE_CURVE('',#11375,(#11379,#11386),.PCURVE_S1.);
#11375 = LINE('',#11376,#11377);
#11376 = CARTESIAN_POINT('',(257.12710702898,-159.6683318982,7.19));
#11377 = VECTOR('',#11378,1.);
#11378 = DIRECTION('',(0.152057184254,-0.988371697651,-0.));
#11379 = PCURVE('',#4604,#11380);
#11380 = DEFINITIONAL_REPRESENTATION('',(#11381),#11385);
#11381 = LINE('',#11382,#11383);
#11382 = CARTESIAN_POINT('',(-2.402164689586,-0.));
#11383 = VECTOR('',#11384,1.);
#11384 = DIRECTION('',(1.,0.));
#11385 = ( GEOMETRIC_REPRESENTATION_CONTEXT(2) 
PARAMETRIC_REPRESENTATION_CONTEXT() REPRESENTATION_CONTEXT('2D SPACE',''
  ) );
#11386 = PCURVE('',#4841,#11387);
#11387 = DEFINITIONAL_REPRESENTATION('',(#11388),#11392);
#11388 = LINE('',#11389,#11390);
#11389 = CARTESIAN_POINT('',(76.397224687985,-42.96327895005));
#11390 = VECTOR('',#11391,1.);
#11391 = DIRECTION('',(0.152057184254,-0.988371697651));
#11392 = ( GEOMETRIC_REPRESENTATION_CONTEXT(2) 
PARAMETRIC_REPRESENTATION_CONTEXT() REPRESENTATION_CONTEXT('2D SPACE',''
  ) );
#11393 = ORIENTED_EDGE('',*,*,#4857,.F.);
#11394 = ADVANCED_FACE('',(#11395),#4841,.F.);
#11395 = FACE_BOUND('',#11396,.F.);
#11396 = EDGE_LOOP('',(#11397,#11398,#11399));
#11397 = ORIENTED_EDGE('',*,*,#4824,.T.);
#11398 = ORIENTED_EDGE('',*,*,#11373,.T.);
#11399 = ORIENTED_EDGE('',*,*,#11400,.F.);
#11400 = EDGE_CURVE('',#4799,#11351,#11401,.T.);
#11401 = SURFACE_CURVE('',#11402,(#11406,#11413),.PCURVE_S1.);
#11402 = LINE('',#11403,#11404);
#11403 = CARTESIAN_POINT('',(275.29794054733,-165.9787050448,7.19));
#11404 = VECTOR('',#11405,1.);
#11405 = DIRECTION('',(-0.988371697651,-0.152057184254,0.));
#11406 = PCURVE('',#4841,#11407);
#11407 = DEFINITIONAL_REPRESENTATION('',(#11408),#11412);
#11408 = LINE('',#11409,#11410);
#11409 = CARTESIAN_POINT('',(94.568058206331,-49.27365209659));
#11410 = VECTOR('',#11411,1.);
#11411 = DIRECTION('',(-0.988371697651,-0.152057184254));
#11412 = ( GEOMETRIC_REPRESENTATION_CONTEXT(2) 
PARAMETRIC_REPRESENTATION_CONTEXT() REPRESENTATION_CONTEXT('2D SPACE',''
  ) );
#11413 = PCURVE('',#4813,#11414);
#11414 = DEFINITIONAL_REPRESENTATION('',(#11415),#11419);
#11415 = LINE('',#11416,#11417);
#11416 = CARTESIAN_POINT('',(0.,0.));
#11417 = VECTOR('',#11418,1.);
#11418 = DIRECTION('',(1.,0.));
#11419 = ( GEOMETRIC_REPRESENTATION_CONTEXT(2) 
PARAMETRIC_REPRESENTATION_CONTEXT() REPRESENTATION_CONTEXT('2D SPACE',''
  ) );
#11420 = ADVANCED_FACE('',(#11421),#4813,.T.);
#11421 = FACE_BOUND('',#11422,.T.);
#11422 = EDGE_LOOP('',(#11423,#11444,#11445,#11446,#11465,#11466,#11485,
    #11486,#11505,#11506,#11525,#11526,#11545,#11546,#11565,#11566,
    #11585,#11586,#11605,#11606,#11625,#11626,#11645,#11646,#11665,
    #11666,#11685,#11686,#11705,#11706,#11727,#11728,#11729,#11730,
    #11731,#11750));
#11423 = ORIENTED_EDGE('',*,*,#11424,.F.);
#11424 = EDGE_CURVE('',#6689,#5186,#11425,.T.);
#11425 = SURFACE_CURVE('',#11426,(#11430,#11437),.PCURVE_S1.);
#11426 = LINE('',#11427,#11428);
#11427 = CARTESIAN_POINT('',(275.29794054733,-165.9787050448,7.19));
#11428 = VECTOR('',#11429,1.);
#11429 = DIRECTION('',(-0.988371697651,-0.152057184254,0.));
#11430 = PCURVE('',#4813,#11431);
#11431 = DEFINITIONAL_REPRESENTATION('',(#11432),#11436);
#11432 = LINE('',#11433,#11434);
#11433 = CARTESIAN_POINT('',(0.,0.));
#11434 = VECTOR('',#11435,1.);
#11435 = DIRECTION('',(1.,0.));
#11436 = ( GEOMETRIC_REPRESENTATION_CONTEXT(2) 
PARAMETRIC_REPRESENTATION_CONTEXT() REPRESENTATION_CONTEXT('2D SPACE',''
  ) );
#11437 = PCURVE('',#5202,#11438);
#11438 = DEFINITIONAL_REPRESENTATION('',(#11439),#11443);
#11439 = LINE('',#11440,#11441);
#11440 = CARTESIAN_POINT('',(94.568058206331,-49.27365209659));
#11441 = VECTOR('',#11442,1.);
#11442 = DIRECTION('',(-0.988371697651,-0.152057184254));
#11443 = ( GEOMETRIC_REPRESENTATION_CONTEXT(2) 
PARAMETRIC_REPRESENTATION_CONTEXT() REPRESENTATION_CONTEXT('2D SPACE',''
  ) );
#11444 = ORIENTED_EDGE('',*,*,#6735,.T.);
#11445 = ORIENTED_EDGE('',*,*,#6861,.T.);
#11446 = ORIENTED_EDGE('',*,*,#11447,.T.);
#11447 = EDGE_CURVE('',#6834,#6940,#11448,.T.);
#11448 = SURFACE_CURVE('',#11449,(#11453,#11459),.PCURVE_S1.);
#11449 = LINE('',#11450,#11451);
#11450 = CARTESIAN_POINT('',(262.44910847787,-167.9554484401,7.695));
#11451 = VECTOR('',#11452,1.);
#11452 = DIRECTION('',(0.,0.,1.));
#11453 = PCURVE('',#4813,#11454);
#11454 = DEFINITIONAL_REPRESENTATION('',(#11455),#11458);
#11455 = B_SPLINE_CURVE_WITH_KNOTS('',1,(#11456,#11457),.UNSPECIFIED.,
  .F.,.F.,(2,2),(0.505,31.400281374239),.PIECEWISE_BEZIER_KNOTS.);
#11456 = CARTESIAN_POINT('',(13.,-1.01));
#11457 = CARTESIAN_POINT('',(13.,-31.90528137423));
#11458 = ( GEOMETRIC_REPRESENTATION_CONTEXT(2) 
PARAMETRIC_REPRESENTATION_CONTEXT() REPRESENTATION_CONTEXT('2D SPACE',''
  ) );
#11459 = PCURVE('',#6849,#11460);
#11460 = DEFINITIONAL_REPRESENTATION('',(#11461),#11464);
#11461 = B_SPLINE_CURVE_WITH_KNOTS('',1,(#11462,#11463),.UNSPECIFIED.,
  .F.,.F.,(2,2),(0.505,31.400281374239),.PIECEWISE_BEZIER_KNOTS.);
#11462 = CARTESIAN_POINT('',(8.519567062083,0.));
#11463 = CARTESIAN_POINT('',(8.519567062083,-30.89528137423));
#11464 = ( GEOMETRIC_REPRESENTATION_CONTEXT(2) 
PARAMETRIC_REPRESENTATION_CONTEXT() REPRESENTATION_CONTEXT('2D SPACE',''
  ) );
#11465 = ORIENTED_EDGE('',*,*,#6962,.F.);
#11466 = ORIENTED_EDGE('',*,*,#11467,.T.);
#11467 = EDGE_CURVE('',#6963,#7192,#11468,.T.);
#11468 = SURFACE_CURVE('',#11469,(#11473,#11479),.PCURVE_S1.);
#11469 = LINE('',#11470,#11471);
#11470 = CARTESIAN_POINT('',(262.84445715693,-167.8946255664,
    23.137640687119));
#11471 = VECTOR('',#11472,1.);
#11472 = DIRECTION('',(-0.,0.,1.));
#11473 = PCURVE('',#4813,#11474);
#11474 = DEFINITIONAL_REPRESENTATION('',(#11475),#11478);
#11475 = B_SPLINE_CURVE_WITH_KNOTS('',1,(#11476,#11477),.UNSPECIFIED.,
  .F.,.F.,(2,2),(15.957640687119,16.357640687119),
  .PIECEWISE_BEZIER_KNOTS.);
#11476 = CARTESIAN_POINT('',(12.6,-31.90528137423));
#11477 = CARTESIAN_POINT('',(12.6,-32.30528137423));
#11478 = ( GEOMETRIC_REPRESENTATION_CONTEXT(2) 
PARAMETRIC_REPRESENTATION_CONTEXT() REPRESENTATION_CONTEXT('2D SPACE',''
  ) );
#11479 = PCURVE('',#6998,#11480);
#11480 = DEFINITIONAL_REPRESENTATION('',(#11481),#11484);
#11481 = B_SPLINE_CURVE_WITH_KNOTS('',1,(#11482,#11483),.UNSPECIFIED.,
  .F.,.F.,(2,2),(15.957640687119,16.357640687119),
  .PIECEWISE_BEZIER_KNOTS.);
#11482 = CARTESIAN_POINT('',(8.519567062083,-9.999999999998E-03));
#11483 = CARTESIAN_POINT('',(8.519567062083,-0.41));
#11484 = ( GEOMETRIC_REPRESENTATION_CONTEXT(2) 
PARAMETRIC_REPRESENTATION_CONTEXT() REPRESENTATION_CONTEXT('2D SPACE',''
  ) );
#11485 = ORIENTED_EDGE('',*,*,#7191,.T.);
#11486 = ORIENTED_EDGE('',*,*,#11487,.T.);
#11487 = EDGE_CURVE('',#7166,#7392,#11488,.T.);
#11488 = SURFACE_CURVE('',#11489,(#11493,#11499),.PCURVE_S1.);
#11489 = LINE('',#11490,#11491);
#11490 = CARTESIAN_POINT('',(263.23980583599,-167.8338026927,
    23.337640687119));
#11491 = VECTOR('',#11492,1.);
#11492 = DIRECTION('',(-0.,0.,1.));
#11493 = PCURVE('',#4813,#11494);
#11494 = DEFINITIONAL_REPRESENTATION('',(#11495),#11498);
#11495 = B_SPLINE_CURVE_WITH_KNOTS('',1,(#11496,#11497),.UNSPECIFIED.,
  .F.,.F.,(2,2),(16.157640687119,16.557640687119),
  .PIECEWISE_BEZIER_KNOTS.);
#11496 = CARTESIAN_POINT('',(12.2,-32.30528137423));
#11497 = CARTESIAN_POINT('',(12.2,-32.70528137423));
#11498 = ( GEOMETRIC_REPRESENTATION_CONTEXT(2) 
PARAMETRIC_REPRESENTATION_CONTEXT() REPRESENTATION_CONTEXT('2D SPACE',''
  ) );
#11499 = PCURVE('',#7180,#11500);
#11500 = DEFINITIONAL_REPRESENTATION('',(#11501),#11504);
#11501 = B_SPLINE_CURVE_WITH_KNOTS('',1,(#11502,#11503),.UNSPECIFIED.,
  .F.,.F.,(2,2),(16.157640687119,16.557640687119),
  .PIECEWISE_BEZIER_KNOTS.);
#11502 = CARTESIAN_POINT('',(8.519567062083,-9.999999999998E-03));
#11503 = CARTESIAN_POINT('',(8.519567062083,-0.41));
#11504 = ( GEOMETRIC_REPRESENTATION_CONTEXT(2) 
PARAMETRIC_REPRESENTATION_CONTEXT() REPRESENTATION_CONTEXT('2D SPACE',''
  ) );
#11505 = ORIENTED_EDGE('',*,*,#7391,.T.);
#11506 = ORIENTED_EDGE('',*,*,#11507,.T.);
#11507 = EDGE_CURVE('',#7366,#7592,#11508,.T.);
#11508 = SURFACE_CURVE('',#11509,(#11513,#11519),.PCURVE_S1.);
#11509 = LINE('',#11510,#11511);
#11510 = CARTESIAN_POINT('',(263.63515451505,-167.772979819,
    23.537640687119));
#11511 = VECTOR('',#11512,1.);
#11512 = DIRECTION('',(-0.,0.,1.));
#11513 = PCURVE('',#4813,#11514);
#11514 = DEFINITIONAL_REPRESENTATION('',(#11515),#11518);
#11515 = B_SPLINE_CURVE_WITH_KNOTS('',1,(#11516,#11517),.UNSPECIFIED.,
  .F.,.F.,(2,2),(16.357640687119,16.757640687119),
  .PIECEWISE_BEZIER_KNOTS.);
#11516 = CARTESIAN_POINT('',(11.8,-32.70528137423));
#11517 = CARTESIAN_POINT('',(11.8,-33.10528137423));
#11518 = ( GEOMETRIC_REPRESENTATION_CONTEXT(2) 
PARAMETRIC_REPRESENTATION_CONTEXT() REPRESENTATION_CONTEXT('2D SPACE',''
  ) );
#11519 = PCURVE('',#7380,#11520);
#11520 = DEFINITIONAL_REPRESENTATION('',(#11521),#11524);
#11521 = B_SPLINE_CURVE_WITH_KNOTS('',1,(#11522,#11523),.UNSPECIFIED.,
  .F.,.F.,(2,2),(16.357640687119,16.757640687119),
  .PIECEWISE_BEZIER_KNOTS.);
#11522 = CARTESIAN_POINT('',(8.519567062083,-9.999999999991E-03));
#11523 = CARTESIAN_POINT('',(8.519567062083,-0.41));
#11524 = ( GEOMETRIC_REPRESENTATION_CONTEXT(2) 
PARAMETRIC_REPRESENTATION_CONTEXT() REPRESENTATION_CONTEXT('2D SPACE',''
  ) );
#11525 = ORIENTED_EDGE('',*,*,#7591,.T.);
#11526 = ORIENTED_EDGE('',*,*,#11527,.T.);
#11527 = EDGE_CURVE('',#7566,#7792,#11528,.T.);
#11528 = SURFACE_CURVE('',#11529,(#11533,#11539),.PCURVE_S1.);
#11529 = LINE('',#11530,#11531);
#11530 = CARTESIAN_POINT('',(264.03050319411,-167.7121569453,
    23.737640687119));
#11531 = VECTOR('',#11532,1.);
#11532 = DIRECTION('',(-0.,0.,1.));
#11533 = PCURVE('',#4813,#11534);
#11534 = DEFINITIONAL_REPRESENTATION('',(#11535),#11538);
#11535 = B_SPLINE_CURVE_WITH_KNOTS('',1,(#11536,#11537),.UNSPECIFIED.,
  .F.,.F.,(2,2),(16.557640687119,16.957640687119),
  .PIECEWISE_BEZIER_KNOTS.);
#11536 = CARTESIAN_POINT('',(11.4,-33.10528137423));
#11537 = CARTESIAN_POINT('',(11.4,-33.50528137423));
#11538 = ( GEOMETRIC_REPRESENTATION_CONTEXT(2) 
PARAMETRIC_REPRESENTATION_CONTEXT() REPRESENTATION_CONTEXT('2D SPACE',''
  ) );
#11539 = PCURVE('',#7580,#11540);
#11540 = DEFINITIONAL_REPRESENTATION('',(#11541),#11544);
#11541 = B_SPLINE_CURVE_WITH_KNOTS('',1,(#11542,#11543),.UNSPECIFIED.,
  .F.,.F.,(2,2),(16.557640687119,16.957640687119),
  .PIECEWISE_BEZIER_KNOTS.);
#11542 = CARTESIAN_POINT('',(8.519567062083,-9.999999999998E-03));
#11543 = CARTESIAN_POINT('',(8.519567062083,-0.41));
#11544 = ( GEOMETRIC_REPRESENTATION_CONTEXT(2) 
PARAMETRIC_REPRESENTATION_CONTEXT() REPRESENTATION_CONTEXT('2D SPACE',''
  ) );
#11545 = ORIENTED_EDGE('',*,*,#7791,.T.);
#11546 = ORIENTED_EDGE('',*,*,#11547,.T.);
#11547 = EDGE_CURVE('',#7766,#7992,#11548,.T.);
#11548 = SURFACE_CURVE('',#11549,(#11553,#11559),.PCURVE_S1.);
#11549 = LINE('',#11550,#11551);
#11550 = CARTESIAN_POINT('',(264.42585187317,-167.6513340716,
    23.937640687119));
#11551 = VECTOR('',#11552,1.);
#11552 = DIRECTION('',(-0.,0.,1.));
#11553 = PCURVE('',#4813,#11554);
#11554 = DEFINITIONAL_REPRESENTATION('',(#11555),#11558);
#11555 = B_SPLINE_CURVE_WITH_KNOTS('',1,(#11556,#11557),.UNSPECIFIED.,
  .F.,.F.,(2,2),(16.757640687119,17.157640687119),
  .PIECEWISE_BEZIER_KNOTS.);
#11556 = CARTESIAN_POINT('',(11.,-33.50528137423));
#11557 = CARTESIAN_POINT('',(11.,-33.90528137423));
#11558 = ( GEOMETRIC_REPRESENTATION_CONTEXT(2) 
PARAMETRIC_REPRESENTATION_CONTEXT() REPRESENTATION_CONTEXT('2D SPACE',''
  ) );
#11559 = PCURVE('',#7780,#11560);
#11560 = DEFINITIONAL_REPRESENTATION('',(#11561),#11564);
#11561 = B_SPLINE_CURVE_WITH_KNOTS('',1,(#11562,#11563),.UNSPECIFIED.,
  .F.,.F.,(2,2),(16.757640687119,17.157640687119),
  .PIECEWISE_BEZIER_KNOTS.);
#11562 = CARTESIAN_POINT('',(8.519567062083,-9.999999999998E-03));
#11563 = CARTESIAN_POINT('',(8.519567062083,-0.41));
#11564 = ( GEOMETRIC_REPRESENTATION_CONTEXT(2) 
PARAMETRIC_REPRESENTATION_CONTEXT() REPRESENTATION_CONTEXT('2D SPACE',''
  ) );
#11565 = ORIENTED_EDGE('',*,*,#7991,.T.);
#11566 = ORIENTED_EDGE('',*,*,#11567,.T.);
#11567 = EDGE_CURVE('',#7966,#8192,#11568,.T.);
#11568 = SURFACE_CURVE('',#11569,(#11573,#11579),.PCURVE_S1.);
#11569 = LINE('',#11570,#11571);
#11570 = CARTESIAN_POINT('',(264.82120055223,-167.5905111979,
    24.137640687119));
#11571 = VECTOR('',#11572,1.);
#11572 = DIRECTION('',(-0.,0.,1.));
#11573 = PCURVE('',#4813,#11574);
#11574 = DEFINITIONAL_REPRESENTATION('',(#11575),#11578);
#11575 = B_SPLINE_CURVE_WITH_KNOTS('',1,(#11576,#11577),.UNSPECIFIED.,
  .F.,.F.,(2,2),(16.957640687119,17.357640687119),
  .PIECEWISE_BEZIER_KNOTS.);
#11576 = CARTESIAN_POINT('',(10.6,-33.90528137423));
#11577 = CARTESIAN_POINT('',(10.6,-34.30528137423));
#11578 = ( GEOMETRIC_REPRESENTATION_CONTEXT(2) 
PARAMETRIC_REPRESENTATION_CONTEXT() REPRESENTATION_CONTEXT('2D SPACE',''
  ) );
#11579 = PCURVE('',#7980,#11580);
#11580 = DEFINITIONAL_REPRESENTATION('',(#11581),#11584);
#11581 = B_SPLINE_CURVE_WITH_KNOTS('',1,(#11582,#11583),.UNSPECIFIED.,
  .F.,.F.,(2,2),(16.957640687119,17.357640687119),
  .PIECEWISE_BEZIER_KNOTS.);
#11582 = CARTESIAN_POINT('',(8.519567062083,-9.999999999998E-03));
#11583 = CARTESIAN_POINT('',(8.519567062083,-0.41));
#11584 = ( GEOMETRIC_REPRESENTATION_CONTEXT(2) 
PARAMETRIC_REPRESENTATION_CONTEXT() REPRESENTATION_CONTEXT('2D SPACE',''
  ) );
#11585 = ORIENTED_EDGE('',*,*,#8191,.T.);
#11586 = ORIENTED_EDGE('',*,*,#11587,.T.);
#11587 = EDGE_CURVE('',#8166,#8392,#11588,.T.);
#11588 = SURFACE_CURVE('',#11589,(#11593,#11599),.PCURVE_S1.);
#11589 = LINE('',#11590,#11591);
#11590 = CARTESIAN_POINT('',(265.21654923129,-167.5296883242,
    24.337640687119));
#11591 = VECTOR('',#11592,1.);
#11592 = DIRECTION('',(-0.,0.,1.));
#11593 = PCURVE('',#4813,#11594);
#11594 = DEFINITIONAL_REPRESENTATION('',(#11595),#11598);
#11595 = B_SPLINE_CURVE_WITH_KNOTS('',1,(#11596,#11597),.UNSPECIFIED.,
  .F.,.F.,(2,2),(17.157640687119,17.557640687119),
  .PIECEWISE_BEZIER_KNOTS.);
#11596 = CARTESIAN_POINT('',(10.2,-34.30528137423));
#11597 = CARTESIAN_POINT('',(10.2,-34.70528137423));
#11598 = ( GEOMETRIC_REPRESENTATION_CONTEXT(2) 
PARAMETRIC_REPRESENTATION_CONTEXT() REPRESENTATION_CONTEXT('2D SPACE',''
  ) );
#11599 = PCURVE('',#8180,#11600);
#11600 = DEFINITIONAL_REPRESENTATION('',(#11601),#11604);
#11601 = B_SPLINE_CURVE_WITH_KNOTS('',1,(#11602,#11603),.UNSPECIFIED.,
  .F.,.F.,(2,2),(17.157640687119,17.557640687119),
  .PIECEWISE_BEZIER_KNOTS.);
#11602 = CARTESIAN_POINT('',(8.519567062083,-9.999999999998E-03));
#11603 = CARTESIAN_POINT('',(8.519567062083,-0.41));
#11604 = ( GEOMETRIC_REPRESENTATION_CONTEXT(2) 
PARAMETRIC_REPRESENTATION_CONTEXT() REPRESENTATION_CONTEXT('2D SPACE',''
  ) );
#11605 = ORIENTED_EDGE('',*,*,#8391,.T.);
#11606 = ORIENTED_EDGE('',*,*,#11607,.T.);
#11607 = EDGE_CURVE('',#8366,#8592,#11608,.T.);
#11608 = SURFACE_CURVE('',#11609,(#11613,#11619),.PCURVE_S1.);
#11609 = LINE('',#11610,#11611);
#11610 = CARTESIAN_POINT('',(265.61189791035,-167.4688654505,
    24.537640687119));
#11611 = VECTOR('',#11612,1.);
#11612 = DIRECTION('',(-0.,0.,1.));
#11613 = PCURVE('',#4813,#11614);
#11614 = DEFINITIONAL_REPRESENTATION('',(#11615),#11618);
#11615 = B_SPLINE_CURVE_WITH_KNOTS('',1,(#11616,#11617),.UNSPECIFIED.,
  .F.,.F.,(2,2),(17.357640687119,17.757640687119),
  .PIECEWISE_BEZIER_KNOTS.);
#11616 = CARTESIAN_POINT('',(9.8,-34.70528137423));
#11617 = CARTESIAN_POINT('',(9.8,-35.10528137423));
#11618 = ( GEOMETRIC_REPRESENTATION_CONTEXT(2) 
PARAMETRIC_REPRESENTATION_CONTEXT() REPRESENTATION_CONTEXT('2D SPACE',''
  ) );
#11619 = PCURVE('',#8380,#11620);
#11620 = DEFINITIONAL_REPRESENTATION('',(#11621),#11624);
#11621 = B_SPLINE_CURVE_WITH_KNOTS('',1,(#11622,#11623),.UNSPECIFIED.,
  .F.,.F.,(2,2),(17.357640687119,17.757640687119),
  .PIECEWISE_BEZIER_KNOTS.);
#11622 = CARTESIAN_POINT('',(8.519567062083,-9.999999999991E-03));
#11623 = CARTESIAN_POINT('',(8.519567062083,-0.41));
#11624 = ( GEOMETRIC_REPRESENTATION_CONTEXT(2) 
PARAMETRIC_REPRESENTATION_CONTEXT() REPRESENTATION_CONTEXT('2D SPACE',''
  ) );
#11625 = ORIENTED_EDGE('',*,*,#8591,.T.);
#11626 = ORIENTED_EDGE('',*,*,#11627,.T.);
#11627 = EDGE_CURVE('',#8566,#8818,#11628,.T.);
#11628 = SURFACE_CURVE('',#11629,(#11633,#11639),.PCURVE_S1.);
#11629 = LINE('',#11630,#11631);
#11630 = CARTESIAN_POINT('',(266.00724658941,-167.4080425768,
    24.737640687119));
#11631 = VECTOR('',#11632,1.);
#11632 = DIRECTION('',(-0.,0.,1.));
#11633 = PCURVE('',#4813,#11634);
#11634 = DEFINITIONAL_REPRESENTATION('',(#11635),#11638);
#11635 = B_SPLINE_CURVE_WITH_KNOTS('',1,(#11636,#11637),.UNSPECIFIED.,
  .F.,.F.,(2,2),(17.557640687119,17.957640687119),
  .PIECEWISE_BEZIER_KNOTS.);
#11636 = CARTESIAN_POINT('',(9.4,-35.10528137423));
#11637 = CARTESIAN_POINT('',(9.4,-35.50528137423));
#11638 = ( GEOMETRIC_REPRESENTATION_CONTEXT(2) 
PARAMETRIC_REPRESENTATION_CONTEXT() REPRESENTATION_CONTEXT('2D SPACE',''
  ) );
#11639 = PCURVE('',#8580,#11640);
#11640 = DEFINITIONAL_REPRESENTATION('',(#11641),#11644);
#11641 = B_SPLINE_CURVE_WITH_KNOTS('',1,(#11642,#11643),.UNSPECIFIED.,
  .F.,.F.,(2,2),(17.557640687119,17.957640687119),
  .PIECEWISE_BEZIER_KNOTS.);
#11642 = CARTESIAN_POINT('',(8.519567062083,-9.999999999998E-03));
#11643 = CARTESIAN_POINT('',(8.519567062083,-0.41));
#11644 = ( GEOMETRIC_REPRESENTATION_CONTEXT(2) 
PARAMETRIC_REPRESENTATION_CONTEXT() REPRESENTATION_CONTEXT('2D SPACE',''
  ) );
#11645 = ORIENTED_EDGE('',*,*,#8817,.T.);
#11646 = ORIENTED_EDGE('',*,*,#11647,.T.);
#11647 = EDGE_CURVE('',#8792,#9044,#11648,.T.);
#11648 = SURFACE_CURVE('',#11649,(#11653,#11659),.PCURVE_S1.);
#11649 = LINE('',#11650,#11651);
#11650 = CARTESIAN_POINT('',(267.91239690188,-167.1149425287,
    24.937640687119));
#11651 = VECTOR('',#11652,1.);
#11652 = DIRECTION('',(-0.,0.,1.));
#11653 = PCURVE('',#4813,#11654);
#11654 = DEFINITIONAL_REPRESENTATION('',(#11655),#11658);
#11655 = B_SPLINE_CURVE_WITH_KNOTS('',1,(#11656,#11657),.UNSPECIFIED.,
  .F.,.F.,(2,2),(17.757640687119,18.157640687119),
  .PIECEWISE_BEZIER_KNOTS.);
#11656 = CARTESIAN_POINT('',(7.472435383377,-35.50528137423));
#11657 = CARTESIAN_POINT('',(7.472435383377,-35.90528137423));
#11658 = ( GEOMETRIC_REPRESENTATION_CONTEXT(2) 
PARAMETRIC_REPRESENTATION_CONTEXT() REPRESENTATION_CONTEXT('2D SPACE',''
  ) );
#11659 = PCURVE('',#8806,#11660);
#11660 = DEFINITIONAL_REPRESENTATION('',(#11661),#11664);
#11661 = B_SPLINE_CURVE_WITH_KNOTS('',1,(#11662,#11663),.UNSPECIFIED.,
  .F.,.F.,(2,2),(17.757640687119,18.157640687119),
  .PIECEWISE_BEZIER_KNOTS.);
#11662 = CARTESIAN_POINT('',(1.545536583305,-9.999999999998E-03));
#11663 = CARTESIAN_POINT('',(1.545536583305,-0.41));
#11664 = ( GEOMETRIC_REPRESENTATION_CONTEXT(2) 
PARAMETRIC_REPRESENTATION_CONTEXT() REPRESENTATION_CONTEXT('2D SPACE',''
  ) );
#11665 = ORIENTED_EDGE('',*,*,#9043,.T.);
#11666 = ORIENTED_EDGE('',*,*,#11667,.T.);
#11667 = EDGE_CURVE('',#9018,#9293,#11668,.T.);
#11668 = SURFACE_CURVE('',#11669,(#11673,#11679),.PCURVE_S1.);
#11669 = LINE('',#11670,#11671);
#11670 = CARTESIAN_POINT('',(270.51239690188,-166.7149425287,
    25.137640687119));
#11671 = VECTOR('',#11672,1.);
#11672 = DIRECTION('',(-0.,0.,1.));
#11673 = PCURVE('',#4813,#11674);
#11674 = DEFINITIONAL_REPRESENTATION('',(#11675),#11678);
#11675 = B_SPLINE_CURVE_WITH_KNOTS('',1,(#11676,#11677),.UNSPECIFIED.,
  .F.,.F.,(2,2),(17.957640687119,18.357640687119),
  .PIECEWISE_BEZIER_KNOTS.);
#11676 = CARTESIAN_POINT('',(4.841846095784,-35.90528137423));
#11677 = CARTESIAN_POINT('',(4.841846095784,-36.30528137423));
#11678 = ( GEOMETRIC_REPRESENTATION_CONTEXT(2) 
PARAMETRIC_REPRESENTATION_CONTEXT() REPRESENTATION_CONTEXT('2D SPACE',''
  ) );
#11679 = PCURVE('',#9032,#11680);
#11680 = DEFINITIONAL_REPRESENTATION('',(#11681),#11684);
#11681 = B_SPLINE_CURVE_WITH_KNOTS('',1,(#11682,#11683),.UNSPECIFIED.,
  .F.,.F.,(2,2),(17.957640687119,18.357640687119),
  .PIECEWISE_BEZIER_KNOTS.);
#11682 = CARTESIAN_POINT('',(3.802369000599,-9.999999999998E-03));
#11683 = CARTESIAN_POINT('',(3.802369000599,-0.41));
#11684 = ( GEOMETRIC_REPRESENTATION_CONTEXT(2) 
PARAMETRIC_REPRESENTATION_CONTEXT() REPRESENTATION_CONTEXT('2D SPACE',''
  ) );
#11685 = ORIENTED_EDGE('',*,*,#9292,.T.);
#11686 = ORIENTED_EDGE('',*,*,#11687,.T.);
#11687 = EDGE_CURVE('',#9267,#9568,#11688,.T.);
#11688 = SURFACE_CURVE('',#11689,(#11693,#11699),.PCURVE_S1.);
#11689 = LINE('',#11690,#11691);
#11690 = CARTESIAN_POINT('',(273.11239690188,-166.3149425287,
    25.337640687119));
#11691 = VECTOR('',#11692,1.);
#11692 = DIRECTION('',(-0.,0.,1.));
#11693 = PCURVE('',#4813,#11694);
#11694 = DEFINITIONAL_REPRESENTATION('',(#11695),#11698);
#11695 = B_SPLINE_CURVE_WITH_KNOTS('',1,(#11696,#11697),.UNSPECIFIED.,
  .F.,.F.,(2,2),(18.157640687119,18.557640687119),
  .PIECEWISE_BEZIER_KNOTS.);
#11696 = CARTESIAN_POINT('',(2.211256808191,-36.30528137423));
#11697 = CARTESIAN_POINT('',(2.211256808191,-36.70528137423));
#11698 = ( GEOMETRIC_REPRESENTATION_CONTEXT(2) 
PARAMETRIC_REPRESENTATION_CONTEXT() REPRESENTATION_CONTEXT('2D SPACE',''
  ) );
#11699 = PCURVE('',#9281,#11700);
#11700 = DEFINITIONAL_REPRESENTATION('',(#11701),#11704);
#11701 = B_SPLINE_CURVE_WITH_KNOTS('',1,(#11702,#11703),.UNSPECIFIED.,
  .F.,.F.,(2,2),(18.157640687119,18.557640687119),
  .PIECEWISE_BEZIER_KNOTS.);
#11702 = CARTESIAN_POINT('',(6.059201417892,-9.999999999998E-03));
#11703 = CARTESIAN_POINT('',(6.059201417892,-0.41));
#11704 = ( GEOMETRIC_REPRESENTATION_CONTEXT(2) 
PARAMETRIC_REPRESENTATION_CONTEXT() REPRESENTATION_CONTEXT('2D SPACE',''
  ) );
#11705 = ORIENTED_EDGE('',*,*,#9567,.T.);
#11706 = ORIENTED_EDGE('',*,*,#11707,.T.);
#11707 = EDGE_CURVE('',#9542,#11230,#11708,.T.);
#11708 = SURFACE_CURVE('',#11709,(#11713,#11720),.PCURVE_S1.);
#11709 = LINE('',#11710,#11711);
#11710 = CARTESIAN_POINT('',(275.29794054733,-165.9787050448,7.19));
#11711 = VECTOR('',#11712,1.);
#11712 = DIRECTION('',(0.,0.,1.));
#11713 = PCURVE('',#4813,#11714);
#11714 = DEFINITIONAL_REPRESENTATION('',(#11715),#11719);
#11715 = LINE('',#11716,#11717);
#11716 = CARTESIAN_POINT('',(0.,0.));
#11717 = VECTOR('',#11718,1.);
#11718 = DIRECTION('',(0.,-1.));
#11719 = ( GEOMETRIC_REPRESENTATION_CONTEXT(2) 
PARAMETRIC_REPRESENTATION_CONTEXT() REPRESENTATION_CONTEXT('2D SPACE',''
  ) );
#11720 = PCURVE('',#9556,#11721);
#11721 = DEFINITIONAL_REPRESENTATION('',(#11722),#11726);
#11722 = LINE('',#11723,#11724);
#11723 = CARTESIAN_POINT('',(2.865844473762,0.));
#11724 = VECTOR('',#11725,1.);
#11725 = DIRECTION('',(0.,-1.));
#11726 = ( GEOMETRIC_REPRESENTATION_CONTEXT(2) 
PARAMETRIC_REPRESENTATION_CONTEXT() REPRESENTATION_CONTEXT('2D SPACE',''
  ) );
#11727 = ORIENTED_EDGE('',*,*,#11229,.T.);
#11728 = ORIENTED_EDGE('',*,*,#11350,.F.);
#11729 = ORIENTED_EDGE('',*,*,#11400,.F.);
#11730 = ORIENTED_EDGE('',*,*,#4798,.F.);
#11731 = ORIENTED_EDGE('',*,*,#11732,.T.);
#11732 = EDGE_CURVE('',#4766,#5219,#11733,.T.);
#11733 = SURFACE_CURVE('',#11734,(#11738,#11744),.PCURVE_S1.);
#11734 = LINE('',#11735,#11736);
#11735 = CARTESIAN_POINT('',(269.70737735187,-166.8387916902,7.2));
#11736 = VECTOR('',#11737,1.);
#11737 = DIRECTION('',(0.988371697651,0.152057184254,-0.));
#11738 = PCURVE('',#4813,#11739);
#11739 = DEFINITIONAL_REPRESENTATION('',(#11740),#11743);
#11740 = B_SPLINE_CURVE_WITH_KNOTS('',1,(#11741,#11742),.UNSPECIFIED.,
  .F.,.F.,(2,2),(-9.931252505899,5.656336789846),
  .PIECEWISE_BEZIER_KNOTS.);
#11741 = CARTESIAN_POINT('',(15.587589295745,-1.E-02));
#11742 = CARTESIAN_POINT('',(0.,-1.E-02));
#11743 = ( GEOMETRIC_REPRESENTATION_CONTEXT(2) 
PARAMETRIC_REPRESENTATION_CONTEXT() REPRESENTATION_CONTEXT('2D SPACE',''
  ) );
#11744 = PCURVE('',#4782,#11745);
#11745 = DEFINITIONAL_REPRESENTATION('',(#11746),#11749);
#11746 = B_SPLINE_CURVE_WITH_KNOTS('',1,(#11747,#11748),.UNSPECIFIED.,
  .F.,.F.,(2,2),(-9.931252505899,5.656336789846),
  .PIECEWISE_BEZIER_KNOTS.);
#11747 = CARTESIAN_POINT('',(1.585711483549,-38.4209933631));
#11748 = CARTESIAN_POINT('',(16.992043578065,-36.05078842548));
#11749 = ( GEOMETRIC_REPRESENTATION_CONTEXT(2) 
PARAMETRIC_REPRESENTATION_CONTEXT() REPRESENTATION_CONTEXT('2D SPACE',''
  ) );
#11750 = ORIENTED_EDGE('',*,*,#5218,.T.);
#11751 = ADVANCED_FACE('',(#11752),#4782,.T.);
#11752 = FACE_BOUND('',#11753,.T.);
#11753 = EDGE_LOOP('',(#11754,#11755,#11756,#11757,#11758,#11759));
#11754 = ORIENTED_EDGE('',*,*,#11732,.F.);
#11755 = ORIENTED_EDGE('',*,*,#4765,.F.);
#11756 = ORIENTED_EDGE('',*,*,#4909,.T.);
#11757 = ORIENTED_EDGE('',*,*,#5007,.F.);
#11758 = ORIENTED_EDGE('',*,*,#5066,.F.);
#11759 = ORIENTED_EDGE('',*,*,#5239,.F.);
#11760 = ADVANCED_FACE('',(#11761),#5202,.F.);
#11761 = FACE_BOUND('',#11762,.F.);
#11762 = EDGE_LOOP('',(#11763,#11764,#11765));
#11763 = ORIENTED_EDGE('',*,*,#5185,.T.);
#11764 = ORIENTED_EDGE('',*,*,#11424,.F.);
#11765 = ORIENTED_EDGE('',*,*,#6688,.F.);
#11766 = ADVANCED_FACE('',(#11767),#6421,.F.);
#11767 = FACE_BOUND('',#11768,.F.);
#11768 = EDGE_LOOP('',(#11769));
#11769 = ORIENTED_EDGE('',*,*,#6406,.T.);
#11770 = ADVANCED_FACE('',(#11771,#11774),#6455,.T.);
#11771 = FACE_BOUND('',#11772,.T.);
#11772 = EDGE_LOOP('',(#11773));
#11773 = ORIENTED_EDGE('',*,*,#6783,.T.);
#11774 = FACE_BOUND('',#11775,.T.);
#11775 = EDGE_LOOP('',(#11776));
#11776 = ORIENTED_EDGE('',*,*,#6438,.F.);
#11777 = ADVANCED_FACE('',(#11778),#6849,.T.);
#11778 = FACE_BOUND('',#11779,.T.);
#11779 = EDGE_LOOP('',(#11780,#11781,#11782,#11783));
#11780 = ORIENTED_EDGE('',*,*,#6833,.F.);
#11781 = ORIENTED_EDGE('',*,*,#6913,.T.);
#11782 = ORIENTED_EDGE('',*,*,#6939,.T.);
#11783 = ORIENTED_EDGE('',*,*,#11447,.F.);
#11784 = ADVANCED_FACE('',(#11785),#7030,.T.);
#11785 = FACE_BOUND('',#11786,.F.);
#11786 = EDGE_LOOP('',(#11787,#11788,#11809,#11810));
#11787 = ORIENTED_EDGE('',*,*,#7009,.T.);
#11788 = ORIENTED_EDGE('',*,*,#11789,.T.);
#11789 = EDGE_CURVE('',#6984,#7213,#11790,.T.);
#11790 = SURFACE_CURVE('',#11791,(#11795,#11802),.PCURVE_S1.);
#11791 = LINE('',#11792,#11793);
#11792 = CARTESIAN_POINT('',(261.54899577841,-159.474126606,
    39.085281374239));
#11793 = VECTOR('',#11794,1.);
#11794 = DIRECTION('',(0.,-0.,1.));
#11795 = PCURVE('',#7030,#11796);
#11796 = DEFINITIONAL_REPRESENTATION('',(#11797),#11801);
#11797 = LINE('',#11798,#11799);
#11798 = CARTESIAN_POINT('',(-1.570796326795,0.));
#11799 = VECTOR('',#11800,1.);
#11800 = DIRECTION('',(-0.,-1.));
#11801 = ( GEOMETRIC_REPRESENTATION_CONTEXT(2) 
PARAMETRIC_REPRESENTATION_CONTEXT() REPRESENTATION_CONTEXT('2D SPACE',''
  ) );
#11802 = PCURVE('',#6998,#11803);
#11803 = DEFINITIONAL_REPRESENTATION('',(#11804),#11808);
#11804 = LINE('',#11805,#11806);
#11805 = CARTESIAN_POINT('',(0.,0.));
#11806 = VECTOR('',#11807,1.);
#11807 = DIRECTION('',(0.,-1.));
#11808 = ( GEOMETRIC_REPRESENTATION_CONTEXT(2) 
PARAMETRIC_REPRESENTATION_CONTEXT() REPRESENTATION_CONTEXT('2D SPACE',''
  ) );
#11809 = ORIENTED_EDGE('',*,*,#7235,.T.);
#11810 = ORIENTED_EDGE('',*,*,#7064,.F.);
#11811 = ADVANCED_FACE('',(#11812),#6998,.T.);
#11812 = FACE_BOUND('',#11813,.T.);
#11813 = EDGE_LOOP('',(#11814,#11815,#11816,#11817));
#11814 = ORIENTED_EDGE('',*,*,#11467,.F.);
#11815 = ORIENTED_EDGE('',*,*,#6983,.T.);
#11816 = ORIENTED_EDGE('',*,*,#11789,.T.);
#11817 = ORIENTED_EDGE('',*,*,#7212,.T.);
#11818 = ADVANCED_FACE('',(#11819),#7180,.T.);
#11819 = FACE_BOUND('',#11820,.T.);
#11820 = EDGE_LOOP('',(#11821,#11822,#11843,#11844));
#11821 = ORIENTED_EDGE('',*,*,#7165,.F.);
#11822 = ORIENTED_EDGE('',*,*,#11823,.T.);
#11823 = EDGE_CURVE('',#7137,#7413,#11824,.T.);
#11824 = SURFACE_CURVE('',#11825,(#11829,#11836),.PCURVE_S1.);
#11825 = LINE('',#11826,#11827);
#11826 = CARTESIAN_POINT('',(261.94434445747,-159.4133037323,
    39.485281374239));
#11827 = VECTOR('',#11828,1.);
#11828 = DIRECTION('',(0.,-0.,1.));
#11829 = PCURVE('',#7180,#11830);
#11830 = DEFINITIONAL_REPRESENTATION('',(#11831),#11835);
#11831 = LINE('',#11832,#11833);
#11832 = CARTESIAN_POINT('',(0.,0.));
#11833 = VECTOR('',#11834,1.);
#11834 = DIRECTION('',(0.,-1.));
#11835 = ( GEOMETRIC_REPRESENTATION_CONTEXT(2) 
PARAMETRIC_REPRESENTATION_CONTEXT() REPRESENTATION_CONTEXT('2D SPACE',''
  ) );
#11836 = PCURVE('',#7153,#11837);
#11837 = DEFINITIONAL_REPRESENTATION('',(#11838),#11842);
#11838 = LINE('',#11839,#11840);
#11839 = CARTESIAN_POINT('',(-1.570796326795,0.));
#11840 = VECTOR('',#11841,1.);
#11841 = DIRECTION('',(-0.,-1.));
#11842 = ( GEOMETRIC_REPRESENTATION_CONTEXT(2) 
PARAMETRIC_REPRESENTATION_CONTEXT() REPRESENTATION_CONTEXT('2D SPACE',''
  ) );
#11843 = ORIENTED_EDGE('',*,*,#7412,.T.);
#11844 = ORIENTED_EDGE('',*,*,#11487,.F.);
#11845 = ADVANCED_FACE('',(#11846),#7153,.T.);
#11846 = FACE_BOUND('',#11847,.F.);
#11847 = EDGE_LOOP('',(#11848,#11849,#11850,#11851));
#11848 = ORIENTED_EDGE('',*,*,#7136,.T.);
#11849 = ORIENTED_EDGE('',*,*,#11823,.T.);
#11850 = ORIENTED_EDGE('',*,*,#7435,.T.);
#11851 = ORIENTED_EDGE('',*,*,#7289,.F.);
#11852 = ADVANCED_FACE('',(#11853),#7380,.T.);
#11853 = FACE_BOUND('',#11854,.T.);
#11854 = EDGE_LOOP('',(#11855,#11856,#11877,#11878));
#11855 = ORIENTED_EDGE('',*,*,#7365,.F.);
#11856 = ORIENTED_EDGE('',*,*,#11857,.T.);
#11857 = EDGE_CURVE('',#7337,#7613,#11858,.T.);
#11858 = SURFACE_CURVE('',#11859,(#11863,#11870),.PCURVE_S1.);
#11859 = LINE('',#11860,#11861);
#11860 = CARTESIAN_POINT('',(262.33969313653,-159.3524808586,
    39.885281374239));
#11861 = VECTOR('',#11862,1.);
#11862 = DIRECTION('',(0.,-0.,1.));
#11863 = PCURVE('',#7380,#11864);
#11864 = DEFINITIONAL_REPRESENTATION('',(#11865),#11869);
#11865 = LINE('',#11866,#11867);
#11866 = CARTESIAN_POINT('',(0.,0.));
#11867 = VECTOR('',#11868,1.);
#11868 = DIRECTION('',(0.,-1.));
#11869 = ( GEOMETRIC_REPRESENTATION_CONTEXT(2) 
PARAMETRIC_REPRESENTATION_CONTEXT() REPRESENTATION_CONTEXT('2D SPACE',''
  ) );
#11870 = PCURVE('',#7353,#11871);
#11871 = DEFINITIONAL_REPRESENTATION('',(#11872),#11876);
#11872 = LINE('',#11873,#11874);
#11873 = CARTESIAN_POINT('',(-1.570796326795,0.));
#11874 = VECTOR('',#11875,1.);
#11875 = DIRECTION('',(-0.,-1.));
#11876 = ( GEOMETRIC_REPRESENTATION_CONTEXT(2) 
PARAMETRIC_REPRESENTATION_CONTEXT() REPRESENTATION_CONTEXT('2D SPACE',''
  ) );
#11877 = ORIENTED_EDGE('',*,*,#7612,.T.);
#11878 = ORIENTED_EDGE('',*,*,#11507,.F.);
#11879 = ADVANCED_FACE('',(#11880),#7353,.T.);
#11880 = FACE_BOUND('',#11881,.F.);
#11881 = EDGE_LOOP('',(#11882,#11883,#11884,#11885));
#11882 = ORIENTED_EDGE('',*,*,#7336,.T.);
#11883 = ORIENTED_EDGE('',*,*,#11857,.T.);
#11884 = ORIENTED_EDGE('',*,*,#7635,.T.);
#11885 = ORIENTED_EDGE('',*,*,#7489,.F.);
#11886 = ADVANCED_FACE('',(#11887),#7580,.T.);
#11887 = FACE_BOUND('',#11888,.T.);
#11888 = EDGE_LOOP('',(#11889,#11890,#11911,#11912));
#11889 = ORIENTED_EDGE('',*,*,#7565,.F.);
#11890 = ORIENTED_EDGE('',*,*,#11891,.T.);
#11891 = EDGE_CURVE('',#7537,#7813,#11892,.T.);
#11892 = SURFACE_CURVE('',#11893,(#11897,#11904),.PCURVE_S1.);
#11893 = LINE('',#11894,#11895);
#11894 = CARTESIAN_POINT('',(262.73504181559,-159.2916579849,
    40.285281374239));
#11895 = VECTOR('',#11896,1.);
#11896 = DIRECTION('',(0.,-0.,1.));
#11897 = PCURVE('',#7580,#11898);
#11898 = DEFINITIONAL_REPRESENTATION('',(#11899),#11903);
#11899 = LINE('',#11900,#11901);
#11900 = CARTESIAN_POINT('',(0.,0.));
#11901 = VECTOR('',#11902,1.);
#11902 = DIRECTION('',(0.,-1.));
#11903 = ( GEOMETRIC_REPRESENTATION_CONTEXT(2) 
PARAMETRIC_REPRESENTATION_CONTEXT() REPRESENTATION_CONTEXT('2D SPACE',''
  ) );
#11904 = PCURVE('',#7553,#11905);
#11905 = DEFINITIONAL_REPRESENTATION('',(#11906),#11910);
#11906 = LINE('',#11907,#11908);
#11907 = CARTESIAN_POINT('',(-1.570796326795,0.));
#11908 = VECTOR('',#11909,1.);
#11909 = DIRECTION('',(-0.,-1.));
#11910 = ( GEOMETRIC_REPRESENTATION_CONTEXT(2) 
PARAMETRIC_REPRESENTATION_CONTEXT() REPRESENTATION_CONTEXT('2D SPACE',''
  ) );
#11911 = ORIENTED_EDGE('',*,*,#7812,.T.);
#11912 = ORIENTED_EDGE('',*,*,#11527,.F.);
#11913 = ADVANCED_FACE('',(#11914),#7553,.T.);
#11914 = FACE_BOUND('',#11915,.F.);
#11915 = EDGE_LOOP('',(#11916,#11917,#11918,#11919));
#11916 = ORIENTED_EDGE('',*,*,#7536,.T.);
#11917 = ORIENTED_EDGE('',*,*,#11891,.T.);
#11918 = ORIENTED_EDGE('',*,*,#7835,.T.);
#11919 = ORIENTED_EDGE('',*,*,#7689,.F.);
#11920 = ADVANCED_FACE('',(#11921),#7780,.T.);
#11921 = FACE_BOUND('',#11922,.T.);
#11922 = EDGE_LOOP('',(#11923,#11924,#11945,#11946));
#11923 = ORIENTED_EDGE('',*,*,#7765,.F.);
#11924 = ORIENTED_EDGE('',*,*,#11925,.T.);
#11925 = EDGE_CURVE('',#7737,#8013,#11926,.T.);
#11926 = SURFACE_CURVE('',#11927,(#11931,#11938),.PCURVE_S1.);
#11927 = LINE('',#11928,#11929);
#11928 = CARTESIAN_POINT('',(263.13039049465,-159.2308351112,
    40.685281374239));
#11929 = VECTOR('',#11930,1.);
#11930 = DIRECTION('',(0.,-0.,1.));
#11931 = PCURVE('',#7780,#11932);
#11932 = DEFINITIONAL_REPRESENTATION('',(#11933),#11937);
#11933 = LINE('',#11934,#11935);
#11934 = CARTESIAN_POINT('',(0.,0.));
#11935 = VECTOR('',#11936,1.);
#11936 = DIRECTION('',(0.,-1.));
#11937 = ( GEOMETRIC_REPRESENTATION_CONTEXT(2) 
PARAMETRIC_REPRESENTATION_CONTEXT() REPRESENTATION_CONTEXT('2D SPACE',''
  ) );
#11938 = PCURVE('',#7753,#11939);
#11939 = DEFINITIONAL_REPRESENTATION('',(#11940),#11944);
#11940 = LINE('',#11941,#11942);
#11941 = CARTESIAN_POINT('',(-1.570796326795,0.));
#11942 = VECTOR('',#11943,1.);
#11943 = DIRECTION('',(-0.,-1.));
#11944 = ( GEOMETRIC_REPRESENTATION_CONTEXT(2) 
PARAMETRIC_REPRESENTATION_CONTEXT() REPRESENTATION_CONTEXT('2D SPACE',''
  ) );
#11945 = ORIENTED_EDGE('',*,*,#8012,.T.);
#11946 = ORIENTED_EDGE('',*,*,#11547,.F.);
#11947 = ADVANCED_FACE('',(#11948),#7753,.T.);
#11948 = FACE_BOUND('',#11949,.F.);
#11949 = EDGE_LOOP('',(#11950,#11951,#11952,#11953));
#11950 = ORIENTED_EDGE('',*,*,#7736,.T.);
#11951 = ORIENTED_EDGE('',*,*,#11925,.T.);
#11952 = ORIENTED_EDGE('',*,*,#8035,.T.);
#11953 = ORIENTED_EDGE('',*,*,#7889,.F.);
#11954 = ADVANCED_FACE('',(#11955),#7980,.T.);
#11955 = FACE_BOUND('',#11956,.T.);
#11956 = EDGE_LOOP('',(#11957,#11958,#11979,#11980));
#11957 = ORIENTED_EDGE('',*,*,#7965,.F.);
#11958 = ORIENTED_EDGE('',*,*,#11959,.T.);
#11959 = EDGE_CURVE('',#7937,#8213,#11960,.T.);
#11960 = SURFACE_CURVE('',#11961,(#11965,#11972),.PCURVE_S1.);
#11961 = LINE('',#11962,#11963);
#11962 = CARTESIAN_POINT('',(263.52573917371,-159.1700122375,
    41.085281374239));
#11963 = VECTOR('',#11964,1.);
#11964 = DIRECTION('',(0.,-0.,1.));
#11965 = PCURVE('',#7980,#11966);
#11966 = DEFINITIONAL_REPRESENTATION('',(#11967),#11971);
#11967 = LINE('',#11968,#11969);
#11968 = CARTESIAN_POINT('',(0.,0.));
#11969 = VECTOR('',#11970,1.);
#11970 = DIRECTION('',(0.,-1.));
#11971 = ( GEOMETRIC_REPRESENTATION_CONTEXT(2) 
PARAMETRIC_REPRESENTATION_CONTEXT() REPRESENTATION_CONTEXT('2D SPACE',''
  ) );
#11972 = PCURVE('',#7953,#11973);
#11973 = DEFINITIONAL_REPRESENTATION('',(#11974),#11978);
#11974 = LINE('',#11975,#11976);
#11975 = CARTESIAN_POINT('',(-1.570796326795,0.));
#11976 = VECTOR('',#11977,1.);
#11977 = DIRECTION('',(-0.,-1.));
#11978 = ( GEOMETRIC_REPRESENTATION_CONTEXT(2) 
PARAMETRIC_REPRESENTATION_CONTEXT() REPRESENTATION_CONTEXT('2D SPACE',''
  ) );
#11979 = ORIENTED_EDGE('',*,*,#8212,.T.);
#11980 = ORIENTED_EDGE('',*,*,#11567,.F.);
#11981 = ADVANCED_FACE('',(#11982),#7953,.T.);
#11982 = FACE_BOUND('',#11983,.F.);
#11983 = EDGE_LOOP('',(#11984,#11985,#11986,#11987));
#11984 = ORIENTED_EDGE('',*,*,#7936,.T.);
#11985 = ORIENTED_EDGE('',*,*,#11959,.T.);
#11986 = ORIENTED_EDGE('',*,*,#8235,.T.);
#11987 = ORIENTED_EDGE('',*,*,#8089,.F.);
#11988 = ADVANCED_FACE('',(#11989),#8180,.T.);
#11989 = FACE_BOUND('',#11990,.T.);
#11990 = EDGE_LOOP('',(#11991,#11992,#12013,#12014));
#11991 = ORIENTED_EDGE('',*,*,#8165,.F.);
#11992 = ORIENTED_EDGE('',*,*,#11993,.T.);
#11993 = EDGE_CURVE('',#8137,#8413,#11994,.T.);
#11994 = SURFACE_CURVE('',#11995,(#11999,#12006),.PCURVE_S1.);
#11995 = LINE('',#11996,#11997);
#11996 = CARTESIAN_POINT('',(263.92108785277,-159.1091893638,
    41.485281374239));
#11997 = VECTOR('',#11998,1.);
#11998 = DIRECTION('',(0.,-0.,1.));
#11999 = PCURVE('',#8180,#12000);
#12000 = DEFINITIONAL_REPRESENTATION('',(#12001),#12005);
#12001 = LINE('',#12002,#12003);
#12002 = CARTESIAN_POINT('',(0.,0.));
#12003 = VECTOR('',#12004,1.);
#12004 = DIRECTION('',(0.,-1.));
#12005 = ( GEOMETRIC_REPRESENTATION_CONTEXT(2) 
PARAMETRIC_REPRESENTATION_CONTEXT() REPRESENTATION_CONTEXT('2D SPACE',''
  ) );
#12006 = PCURVE('',#8153,#12007);
#12007 = DEFINITIONAL_REPRESENTATION('',(#12008),#12012);
#12008 = LINE('',#12009,#12010);
#12009 = CARTESIAN_POINT('',(-1.570796326795,0.));
#12010 = VECTOR('',#12011,1.);
#12011 = DIRECTION('',(-0.,-1.));
#12012 = ( GEOMETRIC_REPRESENTATION_CONTEXT(2) 
PARAMETRIC_REPRESENTATION_CONTEXT() REPRESENTATION_CONTEXT('2D SPACE',''
  ) );
#12013 = ORIENTED_EDGE('',*,*,#8412,.T.);
#12014 = ORIENTED_EDGE('',*,*,#11587,.F.);
#12015 = ADVANCED_FACE('',(#12016),#8153,.T.);
#12016 = FACE_BOUND('',#12017,.F.);
#12017 = EDGE_LOOP('',(#12018,#12019,#12020,#12021));
#12018 = ORIENTED_EDGE('',*,*,#8136,.T.);
#12019 = ORIENTED_EDGE('',*,*,#11993,.T.);
#12020 = ORIENTED_EDGE('',*,*,#8435,.T.);
#12021 = ORIENTED_EDGE('',*,*,#8289,.F.);
#12022 = ADVANCED_FACE('',(#12023),#8380,.T.);
#12023 = FACE_BOUND('',#12024,.T.);
#12024 = EDGE_LOOP('',(#12025,#12026,#12047,#12048));
#12025 = ORIENTED_EDGE('',*,*,#8365,.F.);
#12026 = ORIENTED_EDGE('',*,*,#12027,.T.);
#12027 = EDGE_CURVE('',#8337,#8613,#12028,.T.);
#12028 = SURFACE_CURVE('',#12029,(#12033,#12040),.PCURVE_S1.);
#12029 = LINE('',#12030,#12031);
#12030 = CARTESIAN_POINT('',(264.31643653183,-159.0483664901,
    41.885281374239));
#12031 = VECTOR('',#12032,1.);
#12032 = DIRECTION('',(0.,-0.,1.));
#12033 = PCURVE('',#8380,#12034);
#12034 = DEFINITIONAL_REPRESENTATION('',(#12035),#12039);
#12035 = LINE('',#12036,#12037);
#12036 = CARTESIAN_POINT('',(0.,0.));
#12037 = VECTOR('',#12038,1.);
#12038 = DIRECTION('',(0.,-1.));
#12039 = ( GEOMETRIC_REPRESENTATION_CONTEXT(2) 
PARAMETRIC_REPRESENTATION_CONTEXT() REPRESENTATION_CONTEXT('2D SPACE',''
  ) );
#12040 = PCURVE('',#8353,#12041);
#12041 = DEFINITIONAL_REPRESENTATION('',(#12042),#12046);
#12042 = LINE('',#12043,#12044);
#12043 = CARTESIAN_POINT('',(-1.570796326795,0.));
#12044 = VECTOR('',#12045,1.);
#12045 = DIRECTION('',(-0.,-1.));
#12046 = ( GEOMETRIC_REPRESENTATION_CONTEXT(2) 
PARAMETRIC_REPRESENTATION_CONTEXT() REPRESENTATION_CONTEXT('2D SPACE',''
  ) );
#12047 = ORIENTED_EDGE('',*,*,#8612,.T.);
#12048 = ORIENTED_EDGE('',*,*,#11607,.F.);
#12049 = ADVANCED_FACE('',(#12050),#8353,.T.);
#12050 = FACE_BOUND('',#12051,.F.);
#12051 = EDGE_LOOP('',(#12052,#12053,#12054,#12055));
#12052 = ORIENTED_EDGE('',*,*,#8336,.T.);
#12053 = ORIENTED_EDGE('',*,*,#12027,.T.);
#12054 = ORIENTED_EDGE('',*,*,#8635,.T.);
#12055 = ORIENTED_EDGE('',*,*,#8489,.F.);
#12056 = ADVANCED_FACE('',(#12057),#8580,.T.);
#12057 = FACE_BOUND('',#12058,.T.);
#12058 = EDGE_LOOP('',(#12059,#12060,#12081,#12082));
#12059 = ORIENTED_EDGE('',*,*,#8565,.F.);
#12060 = ORIENTED_EDGE('',*,*,#12061,.T.);
#12061 = EDGE_CURVE('',#8537,#8839,#12062,.T.);
#12062 = SURFACE_CURVE('',#12063,(#12067,#12074),.PCURVE_S1.);
#12063 = LINE('',#12064,#12065);
#12064 = CARTESIAN_POINT('',(264.71178521089,-158.9875436164,
    42.285281374239));
#12065 = VECTOR('',#12066,1.);
#12066 = DIRECTION('',(0.,-0.,1.));
#12067 = PCURVE('',#8580,#12068);
#12068 = DEFINITIONAL_REPRESENTATION('',(#12069),#12073);
#12069 = LINE('',#12070,#12071);
#12070 = CARTESIAN_POINT('',(0.,0.));
#12071 = VECTOR('',#12072,1.);
#12072 = DIRECTION('',(0.,-1.));
#12073 = ( GEOMETRIC_REPRESENTATION_CONTEXT(2) 
PARAMETRIC_REPRESENTATION_CONTEXT() REPRESENTATION_CONTEXT('2D SPACE',''
  ) );
#12074 = PCURVE('',#8553,#12075);
#12075 = DEFINITIONAL_REPRESENTATION('',(#12076),#12080);
#12076 = LINE('',#12077,#12078);
#12077 = CARTESIAN_POINT('',(-1.570796326795,0.));
#12078 = VECTOR('',#12079,1.);
#12079 = DIRECTION('',(-0.,-1.));
#12080 = ( GEOMETRIC_REPRESENTATION_CONTEXT(2) 
PARAMETRIC_REPRESENTATION_CONTEXT() REPRESENTATION_CONTEXT('2D SPACE',''
  ) );
#12081 = ORIENTED_EDGE('',*,*,#8838,.T.);
#12082 = ORIENTED_EDGE('',*,*,#11627,.F.);
#12083 = ADVANCED_FACE('',(#12084),#8553,.T.);
#12084 = FACE_BOUND('',#12085,.F.);
#12085 = EDGE_LOOP('',(#12086,#12087,#12088,#12089));
#12086 = ORIENTED_EDGE('',*,*,#8536,.T.);
#12087 = ORIENTED_EDGE('',*,*,#12061,.T.);
#12088 = ORIENTED_EDGE('',*,*,#8861,.T.);
#12089 = ORIENTED_EDGE('',*,*,#8689,.F.);
#12090 = ADVANCED_FACE('',(#12091),#8806,.T.);
#12091 = FACE_BOUND('',#12092,.T.);
#12092 = EDGE_LOOP('',(#12093,#12094,#12115,#12116));
#12093 = ORIENTED_EDGE('',*,*,#8791,.F.);
#12094 = ORIENTED_EDGE('',*,*,#12095,.T.);
#12095 = EDGE_CURVE('',#8766,#9065,#12096,.T.);
#12096 = SURFACE_CURVE('',#12097,(#12101,#12108),.PCURVE_S1.);
#12097 = LINE('',#12098,#12099);
#12098 = CARTESIAN_POINT('',(266.36686031857,-167.1149425287,
    42.685281374239));
#12099 = VECTOR('',#12100,1.);
#12100 = DIRECTION('',(0.,-0.,1.));
#12101 = PCURVE('',#8806,#12102);
#12102 = DEFINITIONAL_REPRESENTATION('',(#12103),#12107);
#12103 = LINE('',#12104,#12105);
#12104 = CARTESIAN_POINT('',(0.,0.));
#12105 = VECTOR('',#12106,1.);
#12106 = DIRECTION('',(0.,-1.));
#12107 = ( GEOMETRIC_REPRESENTATION_CONTEXT(2) 
PARAMETRIC_REPRESENTATION_CONTEXT() REPRESENTATION_CONTEXT('2D SPACE',''
  ) );
#12108 = PCURVE('',#8780,#12109);
#12109 = DEFINITIONAL_REPRESENTATION('',(#12110),#12114);
#12110 = LINE('',#12111,#12112);
#12111 = CARTESIAN_POINT('',(8.284557121064,0.));
#12112 = VECTOR('',#12113,1.);
#12113 = DIRECTION('',(0.,-1.));
#12114 = ( GEOMETRIC_REPRESENTATION_CONTEXT(2) 
PARAMETRIC_REPRESENTATION_CONTEXT() REPRESENTATION_CONTEXT('2D SPACE',''
  ) );
#12115 = ORIENTED_EDGE('',*,*,#9064,.T.);
#12116 = ORIENTED_EDGE('',*,*,#11647,.F.);
#12117 = ADVANCED_FACE('',(#12118),#8780,.T.);
#12118 = FACE_BOUND('',#12119,.T.);
#12119 = EDGE_LOOP('',(#12120,#12121,#12142,#12143));
#12120 = ORIENTED_EDGE('',*,*,#8765,.F.);
#12121 = ORIENTED_EDGE('',*,*,#12122,.T.);
#12122 = EDGE_CURVE('',#8737,#9088,#12123,.T.);
#12123 = SURFACE_CURVE('',#12124,(#12128,#12135),.PCURVE_S1.);
#12124 = LINE('',#12125,#12126);
#12125 = CARTESIAN_POINT('',(265.10713388995,-158.9267207427,
    42.685281374239));
#12126 = VECTOR('',#12127,1.);
#12127 = DIRECTION('',(0.,-0.,1.));
#12128 = PCURVE('',#8780,#12129);
#12129 = DEFINITIONAL_REPRESENTATION('',(#12130),#12134);
#12130 = LINE('',#12131,#12132);
#12131 = CARTESIAN_POINT('',(0.,0.));
#12132 = VECTOR('',#12133,1.);
#12133 = DIRECTION('',(0.,-1.));
#12134 = ( GEOMETRIC_REPRESENTATION_CONTEXT(2) 
PARAMETRIC_REPRESENTATION_CONTEXT() REPRESENTATION_CONTEXT('2D SPACE',''
  ) );
#12135 = PCURVE('',#8753,#12136);
#12136 = DEFINITIONAL_REPRESENTATION('',(#12137),#12141);
#12137 = LINE('',#12138,#12139);
#12138 = CARTESIAN_POINT('',(-1.570796326795,0.));
#12139 = VECTOR('',#12140,1.);
#12140 = DIRECTION('',(-0.,-1.));
#12141 = ( GEOMETRIC_REPRESENTATION_CONTEXT(2) 
PARAMETRIC_REPRESENTATION_CONTEXT() REPRESENTATION_CONTEXT('2D SPACE',''
  ) );
#12142 = ORIENTED_EDGE('',*,*,#9087,.T.);
#12143 = ORIENTED_EDGE('',*,*,#12095,.F.);
#12144 = ADVANCED_FACE('',(#12145),#8753,.T.);
#12145 = FACE_BOUND('',#12146,.F.);
#12146 = EDGE_LOOP('',(#12147,#12148,#12149,#12150));
#12147 = ORIENTED_EDGE('',*,*,#8736,.T.);
#12148 = ORIENTED_EDGE('',*,*,#12122,.T.);
#12149 = ORIENTED_EDGE('',*,*,#9110,.T.);
#12150 = ORIENTED_EDGE('',*,*,#8915,.F.);
#12151 = ADVANCED_FACE('',(#12152),#9032,.T.);
#12152 = FACE_BOUND('',#12153,.T.);
#12153 = EDGE_LOOP('',(#12154,#12155,#12176,#12177));
#12154 = ORIENTED_EDGE('',*,*,#9017,.F.);
#12155 = ORIENTED_EDGE('',*,*,#12156,.T.);
#12156 = EDGE_CURVE('',#8992,#9314,#12157,.T.);
#12157 = SURFACE_CURVE('',#12158,(#12162,#12169),.PCURVE_S1.);
#12158 = LINE('',#12159,#12160);
#12159 = CARTESIAN_POINT('',(266.71002790128,-166.7149425287,
    43.085281374239));
#12160 = VECTOR('',#12161,1.);
#12161 = DIRECTION('',(0.,-0.,1.));
#12162 = PCURVE('',#9032,#12163);
#12163 = DEFINITIONAL_REPRESENTATION('',(#12164),#12168);
#12164 = LINE('',#12165,#12166);
#12165 = CARTESIAN_POINT('',(0.,0.));
#12166 = VECTOR('',#12167,1.);
#12167 = DIRECTION('',(0.,-1.));
#12168 = ( GEOMETRIC_REPRESENTATION_CONTEXT(2) 
PARAMETRIC_REPRESENTATION_CONTEXT() REPRESENTATION_CONTEXT('2D SPACE',''
  ) );
#12169 = PCURVE('',#9006,#12170);
#12170 = DEFINITIONAL_REPRESENTATION('',(#12171),#12175);
#12171 = LINE('',#12172,#12173);
#12172 = CARTESIAN_POINT('',(7.941389538357,0.));
#12173 = VECTOR('',#12174,1.);
#12174 = DIRECTION('',(0.,-1.));
#12175 = ( GEOMETRIC_REPRESENTATION_CONTEXT(2) 
PARAMETRIC_REPRESENTATION_CONTEXT() REPRESENTATION_CONTEXT('2D SPACE',''
  ) );
#12176 = ORIENTED_EDGE('',*,*,#9313,.T.);
#12177 = ORIENTED_EDGE('',*,*,#11667,.F.);
#12178 = ADVANCED_FACE('',(#12179),#9006,.T.);
#12179 = FACE_BOUND('',#12180,.T.);
#12180 = EDGE_LOOP('',(#12181,#12182,#12203,#12204));
#12181 = ORIENTED_EDGE('',*,*,#8991,.F.);
#12182 = ORIENTED_EDGE('',*,*,#12183,.T.);
#12183 = EDGE_CURVE('',#8963,#9337,#12184,.T.);
#12184 = SURFACE_CURVE('',#12185,(#12189,#12196),.PCURVE_S1.);
#12185 = LINE('',#12186,#12187);
#12186 = CARTESIAN_POINT('',(265.50248256901,-158.865897869,
    43.085281374239));
#12187 = VECTOR('',#12188,1.);
#12188 = DIRECTION('',(0.,-0.,1.));
#12189 = PCURVE('',#9006,#12190);
#12190 = DEFINITIONAL_REPRESENTATION('',(#12191),#12195);
#12191 = LINE('',#12192,#12193);
#12192 = CARTESIAN_POINT('',(0.,0.));
#12193 = VECTOR('',#12194,1.);
#12194 = DIRECTION('',(0.,-1.));
#12195 = ( GEOMETRIC_REPRESENTATION_CONTEXT(2) 
PARAMETRIC_REPRESENTATION_CONTEXT() REPRESENTATION_CONTEXT('2D SPACE',''
  ) );
#12196 = PCURVE('',#8979,#12197);
#12197 = DEFINITIONAL_REPRESENTATION('',(#12198),#12202);
#12198 = LINE('',#12199,#12200);
#12199 = CARTESIAN_POINT('',(-1.570796326795,0.));
#12200 = VECTOR('',#12201,1.);
#12201 = DIRECTION('',(-0.,-1.));
#12202 = ( GEOMETRIC_REPRESENTATION_CONTEXT(2) 
PARAMETRIC_REPRESENTATION_CONTEXT() REPRESENTATION_CONTEXT('2D SPACE',''
  ) );
#12203 = ORIENTED_EDGE('',*,*,#9336,.T.);
#12204 = ORIENTED_EDGE('',*,*,#12156,.F.);
#12205 = ADVANCED_FACE('',(#12206),#8979,.T.);
#12206 = FACE_BOUND('',#12207,.F.);
#12207 = EDGE_LOOP('',(#12208,#12209,#12210,#12211));
#12208 = ORIENTED_EDGE('',*,*,#8962,.T.);
#12209 = ORIENTED_EDGE('',*,*,#12183,.T.);
#12210 = ORIENTED_EDGE('',*,*,#9359,.T.);
#12211 = ORIENTED_EDGE('',*,*,#9164,.F.);
#12212 = ADVANCED_FACE('',(#12213),#9281,.T.);
#12213 = FACE_BOUND('',#12214,.T.);
#12214 = EDGE_LOOP('',(#12215,#12216,#12237,#12238));
#12215 = ORIENTED_EDGE('',*,*,#9266,.F.);
#12216 = ORIENTED_EDGE('',*,*,#12217,.T.);
#12217 = EDGE_CURVE('',#9241,#9589,#12218,.T.);
#12218 = SURFACE_CURVE('',#12219,(#12223,#12230),.PCURVE_S1.);
#12219 = LINE('',#12220,#12221);
#12220 = CARTESIAN_POINT('',(267.05319548398,-166.3149425287,
    43.485281374239));
#12221 = VECTOR('',#12222,1.);
#12222 = DIRECTION('',(0.,-0.,1.));
#12223 = PCURVE('',#9281,#12224);
#12224 = DEFINITIONAL_REPRESENTATION('',(#12225),#12229);
#12225 = LINE('',#12226,#12227);
#12226 = CARTESIAN_POINT('',(0.,0.));
#12227 = VECTOR('',#12228,1.);
#12228 = DIRECTION('',(0.,-1.));
#12229 = ( GEOMETRIC_REPRESENTATION_CONTEXT(2) 
PARAMETRIC_REPRESENTATION_CONTEXT() REPRESENTATION_CONTEXT('2D SPACE',''
  ) );
#12230 = PCURVE('',#9255,#12231);
#12231 = DEFINITIONAL_REPRESENTATION('',(#12232),#12236);
#12232 = LINE('',#12233,#12234);
#12233 = CARTESIAN_POINT('',(7.598221955651,0.));
#12234 = VECTOR('',#12235,1.);
#12235 = DIRECTION('',(0.,-1.));
#12236 = ( GEOMETRIC_REPRESENTATION_CONTEXT(2) 
PARAMETRIC_REPRESENTATION_CONTEXT() REPRESENTATION_CONTEXT('2D SPACE',''
  ) );
#12237 = ORIENTED_EDGE('',*,*,#9588,.T.);
#12238 = ORIENTED_EDGE('',*,*,#11687,.F.);
#12239 = ADVANCED_FACE('',(#12240),#9255,.T.);
#12240 = FACE_BOUND('',#12241,.T.);
#12241 = EDGE_LOOP('',(#12242,#12243,#12264,#12265));
#12242 = ORIENTED_EDGE('',*,*,#9240,.F.);
#12243 = ORIENTED_EDGE('',*,*,#12244,.T.);
#12244 = EDGE_CURVE('',#9212,#9612,#12245,.T.);
#12245 = SURFACE_CURVE('',#12246,(#12250,#12257),.PCURVE_S1.);
#12246 = LINE('',#12247,#12248);
#12247 = CARTESIAN_POINT('',(265.89783124807,-158.8050749953,
    43.485281374239));
#12248 = VECTOR('',#12249,1.);
#12249 = DIRECTION('',(0.,-0.,1.));
#12250 = PCURVE('',#9255,#12251);
#12251 = DEFINITIONAL_REPRESENTATION('',(#12252),#12256);
#12252 = LINE('',#12253,#12254);
#12253 = CARTESIAN_POINT('',(0.,0.));
#12254 = VECTOR('',#12255,1.);
#12255 = DIRECTION('',(0.,-1.));
#12256 = ( GEOMETRIC_REPRESENTATION_CONTEXT(2) 
PARAMETRIC_REPRESENTATION_CONTEXT() REPRESENTATION_CONTEXT('2D SPACE',''
  ) );
#12257 = PCURVE('',#9228,#12258);
#12258 = DEFINITIONAL_REPRESENTATION('',(#12259),#12263);
#12259 = LINE('',#12260,#12261);
#12260 = CARTESIAN_POINT('',(-1.570796326795,0.));
#12261 = VECTOR('',#12262,1.);
#12262 = DIRECTION('',(-0.,-1.));
#12263 = ( GEOMETRIC_REPRESENTATION_CONTEXT(2) 
PARAMETRIC_REPRESENTATION_CONTEXT() REPRESENTATION_CONTEXT('2D SPACE',''
  ) );
#12264 = ORIENTED_EDGE('',*,*,#9611,.T.);
#12265 = ORIENTED_EDGE('',*,*,#12217,.F.);
#12266 = ADVANCED_FACE('',(#12267),#9228,.T.);
#12267 = FACE_BOUND('',#12268,.F.);
#12268 = EDGE_LOOP('',(#12269,#12270,#12271,#12272));
#12269 = ORIENTED_EDGE('',*,*,#9211,.T.);
#12270 = ORIENTED_EDGE('',*,*,#12244,.T.);
#12271 = ORIENTED_EDGE('',*,*,#9634,.T.);
#12272 = ORIENTED_EDGE('',*,*,#9413,.F.);
#12273 = ADVANCED_FACE('',(#12274),#9556,.T.);
#12274 = FACE_BOUND('',#12275,.T.);
#12275 = EDGE_LOOP('',(#12276,#12295,#12296,#12297,#12298,#12317,#12318,
    #12337,#12338,#12357,#12358,#12377,#12378,#12397,#12398,#12417));
#12276 = ORIENTED_EDGE('',*,*,#12277,.T.);
#12277 = EDGE_CURVE('',#11036,#11253,#12278,.T.);
#12278 = SURFACE_CURVE('',#12279,(#12283,#12289),.PCURVE_S1.);
#12279 = LINE('',#12280,#12281);
#12280 = CARTESIAN_POINT('',(275.3919042687,-163.5149425287,
    26.737640687119));
#12281 = VECTOR('',#12282,1.);
#12282 = DIRECTION('',(-0.,0.,1.));
#12283 = PCURVE('',#9556,#12284);
#12284 = DEFINITIONAL_REPRESENTATION('',(#12285),#12288);
#12285 = B_SPLINE_CURVE_WITH_KNOTS('',1,(#12286,#12287),.UNSPECIFIED.,
  .F.,.F.,(2,2),(19.557640687119,19.947640687119),
  .PIECEWISE_BEZIER_KNOTS.);
#12286 = CARTESIAN_POINT('',(0.400290800325,-39.10528137423));
#12287 = CARTESIAN_POINT('',(0.400290800325,-39.49528137423));
#12288 = ( GEOMETRIC_REPRESENTATION_CONTEXT(2) 
PARAMETRIC_REPRESENTATION_CONTEXT() REPRESENTATION_CONTEXT('2D SPACE',''
  ) );
#12289 = PCURVE('',#11050,#12290);
#12290 = DEFINITIONAL_REPRESENTATION('',(#12291),#12294);
#12291 = B_SPLINE_CURVE_WITH_KNOTS('',1,(#12292,#12293),.UNSPECIFIED.,
  .F.,.F.,(2,2),(19.557640687119,19.947640687119),
  .PIECEWISE_BEZIER_KNOTS.);
#12292 = CARTESIAN_POINT('',(5.936535705772,-9.999999999998E-03));
#12293 = CARTESIAN_POINT('',(5.936535705772,-0.4));
#12294 = ( GEOMETRIC_REPRESENTATION_CONTEXT(2) 
PARAMETRIC_REPRESENTATION_CONTEXT() REPRESENTATION_CONTEXT('2D SPACE',''
  ) );
#12295 = ORIENTED_EDGE('',*,*,#11252,.T.);
#12296 = ORIENTED_EDGE('',*,*,#11707,.F.);
#12297 = ORIENTED_EDGE('',*,*,#9541,.T.);
#12298 = ORIENTED_EDGE('',*,*,#12299,.T.);
#12299 = EDGE_CURVE('',#9516,#9817,#12300,.T.);
#12300 = SURFACE_CURVE('',#12301,(#12305,#12311),.PCURVE_S1.);
#12301 = LINE('',#12302,#12303);
#12302 = CARTESIAN_POINT('',(275.30037234149,-165.9149425287,
    25.537640687119));
#12303 = VECTOR('',#12304,1.);
#12304 = DIRECTION('',(-0.,0.,1.));
#12305 = PCURVE('',#9556,#12306);
#12306 = DEFINITIONAL_REPRESENTATION('',(#12307),#12310);
#12307 = B_SPLINE_CURVE_WITH_KNOTS('',1,(#12308,#12309),.UNSPECIFIED.,
  .F.,.F.,(2,2),(18.357640687119,18.757640687119),
  .PIECEWISE_BEZIER_KNOTS.);
#12308 = CARTESIAN_POINT('',(2.802035602276,-36.70528137423));
#12309 = CARTESIAN_POINT('',(2.802035602276,-37.10528137423));
#12310 = ( GEOMETRIC_REPRESENTATION_CONTEXT(2) 
PARAMETRIC_REPRESENTATION_CONTEXT() REPRESENTATION_CONTEXT('2D SPACE',''
  ) );
#12311 = PCURVE('',#9530,#12312);
#12312 = DEFINITIONAL_REPRESENTATION('',(#12313),#12316);
#12313 = B_SPLINE_CURVE_WITH_KNOTS('',1,(#12314,#12315),.UNSPECIFIED.,
  .F.,.F.,(2,2),(18.357640687119,18.757640687119),
  .PIECEWISE_BEZIER_KNOTS.);
#12314 = CARTESIAN_POINT('',(7.904009274797,-9.999999999991E-03));
#12315 = CARTESIAN_POINT('',(7.904009274797,-0.41));
#12316 = ( GEOMETRIC_REPRESENTATION_CONTEXT(2) 
PARAMETRIC_REPRESENTATION_CONTEXT() REPRESENTATION_CONTEXT('2D SPACE',''
  ) );
#12317 = ORIENTED_EDGE('',*,*,#9816,.T.);
#12318 = ORIENTED_EDGE('',*,*,#12319,.T.);
#12319 = EDGE_CURVE('',#9791,#10066,#12320,.T.);
#12320 = SURFACE_CURVE('',#12321,(#12325,#12331),.PCURVE_S1.);
#12321 = LINE('',#12322,#12323);
#12322 = CARTESIAN_POINT('',(275.31562766269,-165.5149425287,
    25.737640687119));
#12323 = VECTOR('',#12324,1.);
#12324 = DIRECTION('',(-0.,0.,1.));
#12325 = PCURVE('',#9556,#12326);
#12326 = DEFINITIONAL_REPRESENTATION('',(#12327),#12330);
#12327 = B_SPLINE_CURVE_WITH_KNOTS('',1,(#12328,#12329),.UNSPECIFIED.,
  .F.,.F.,(2,2),(18.557640687119,18.957640687119),
  .PIECEWISE_BEZIER_KNOTS.);
#12328 = CARTESIAN_POINT('',(2.401744801951,-37.10528137423));
#12329 = CARTESIAN_POINT('',(2.401744801951,-37.50528137423));
#12330 = ( GEOMETRIC_REPRESENTATION_CONTEXT(2) 
PARAMETRIC_REPRESENTATION_CONTEXT() REPRESENTATION_CONTEXT('2D SPACE',''
  ) );
#12331 = PCURVE('',#9805,#12332);
#12332 = DEFINITIONAL_REPRESENTATION('',(#12333),#12336);
#12333 = B_SPLINE_CURVE_WITH_KNOTS('',1,(#12334,#12335),.UNSPECIFIED.,
  .F.,.F.,(2,2),(18.557640687119,18.957640687119),
  .PIECEWISE_BEZIER_KNOTS.);
#12334 = CARTESIAN_POINT('',(7.576097013293,-9.999999999998E-03));
#12335 = CARTESIAN_POINT('',(7.576097013293,-0.41));
#12336 = ( GEOMETRIC_REPRESENTATION_CONTEXT(2) 
PARAMETRIC_REPRESENTATION_CONTEXT() REPRESENTATION_CONTEXT('2D SPACE',''
  ) );
#12337 = ORIENTED_EDGE('',*,*,#10065,.T.);
#12338 = ORIENTED_EDGE('',*,*,#12339,.T.);
#12339 = EDGE_CURVE('',#10040,#10315,#12340,.T.);
#12340 = SURFACE_CURVE('',#12341,(#12345,#12351),.PCURVE_S1.);
#12341 = LINE('',#12342,#12343);
#12342 = CARTESIAN_POINT('',(275.33088298389,-165.1149425287,
    25.937640687119));
#12343 = VECTOR('',#12344,1.);
#12344 = DIRECTION('',(-0.,0.,1.));
#12345 = PCURVE('',#9556,#12346);
#12346 = DEFINITIONAL_REPRESENTATION('',(#12347),#12350);
#12347 = B_SPLINE_CURVE_WITH_KNOTS('',1,(#12348,#12349),.UNSPECIFIED.,
  .F.,.F.,(2,2),(18.757640687119,19.157640687119),
  .PIECEWISE_BEZIER_KNOTS.);
#12348 = CARTESIAN_POINT('',(2.001454001626,-37.50528137423));
#12349 = CARTESIAN_POINT('',(2.001454001626,-37.90528137423));
#12350 = ( GEOMETRIC_REPRESENTATION_CONTEXT(2) 
PARAMETRIC_REPRESENTATION_CONTEXT() REPRESENTATION_CONTEXT('2D SPACE',''
  ) );
#12351 = PCURVE('',#10054,#12352);
#12352 = DEFINITIONAL_REPRESENTATION('',(#12353),#12356);
#12353 = B_SPLINE_CURVE_WITH_KNOTS('',1,(#12354,#12355),.UNSPECIFIED.,
  .F.,.F.,(2,2),(18.757640687119,19.157640687119),
  .PIECEWISE_BEZIER_KNOTS.);
#12354 = CARTESIAN_POINT('',(7.248184751789,-9.999999999998E-03));
#12355 = CARTESIAN_POINT('',(7.248184751789,-0.41));
#12356 = ( GEOMETRIC_REPRESENTATION_CONTEXT(2) 
PARAMETRIC_REPRESENTATION_CONTEXT() REPRESENTATION_CONTEXT('2D SPACE',''
  ) );
#12357 = ORIENTED_EDGE('',*,*,#10314,.T.);
#12358 = ORIENTED_EDGE('',*,*,#12359,.T.);
#12359 = EDGE_CURVE('',#10289,#10564,#12360,.T.);
#12360 = SURFACE_CURVE('',#12361,(#12365,#12371),.PCURVE_S1.);
#12361 = LINE('',#12362,#12363);
#12362 = CARTESIAN_POINT('',(275.3461383051,-164.7149425287,
    26.137640687119));
#12363 = VECTOR('',#12364,1.);
#12364 = DIRECTION('',(-0.,0.,1.));
#12365 = PCURVE('',#9556,#12366);
#12366 = DEFINITIONAL_REPRESENTATION('',(#12367),#12370);
#12367 = B_SPLINE_CURVE_WITH_KNOTS('',1,(#12368,#12369),.UNSPECIFIED.,
  .F.,.F.,(2,2),(18.957640687119,19.357640687119),
  .PIECEWISE_BEZIER_KNOTS.);
#12368 = CARTESIAN_POINT('',(1.601163201301,-37.90528137423));
#12369 = CARTESIAN_POINT('',(1.601163201301,-38.30528137423));
#12370 = ( GEOMETRIC_REPRESENTATION_CONTEXT(2) 
PARAMETRIC_REPRESENTATION_CONTEXT() REPRESENTATION_CONTEXT('2D SPACE',''
  ) );
#12371 = PCURVE('',#10303,#12372);
#12372 = DEFINITIONAL_REPRESENTATION('',(#12373),#12376);
#12373 = B_SPLINE_CURVE_WITH_KNOTS('',1,(#12374,#12375),.UNSPECIFIED.,
  .F.,.F.,(2,2),(18.957640687119,19.357640687119),
  .PIECEWISE_BEZIER_KNOTS.);
#12374 = CARTESIAN_POINT('',(6.920272490285,-9.999999999998E-03));
#12375 = CARTESIAN_POINT('',(6.920272490285,-0.41));
#12376 = ( GEOMETRIC_REPRESENTATION_CONTEXT(2) 
PARAMETRIC_REPRESENTATION_CONTEXT() REPRESENTATION_CONTEXT('2D SPACE',''
  ) );
#12377 = ORIENTED_EDGE('',*,*,#10563,.T.);
#12378 = ORIENTED_EDGE('',*,*,#12379,.T.);
#12379 = EDGE_CURVE('',#10538,#10813,#12380,.T.);
#12380 = SURFACE_CURVE('',#12381,(#12385,#12391),.PCURVE_S1.);
#12381 = LINE('',#12382,#12383);
#12382 = CARTESIAN_POINT('',(275.3613936263,-164.3149425287,
    26.337640687119));
#12383 = VECTOR('',#12384,1.);
#12384 = DIRECTION('',(-0.,0.,1.));
#12385 = PCURVE('',#9556,#12386);
#12386 = DEFINITIONAL_REPRESENTATION('',(#12387),#12390);
#12387 = B_SPLINE_CURVE_WITH_KNOTS('',1,(#12388,#12389),.UNSPECIFIED.,
  .F.,.F.,(2,2),(19.157640687119,19.557640687119),
  .PIECEWISE_BEZIER_KNOTS.);
#12388 = CARTESIAN_POINT('',(1.200872400976,-38.30528137423));
#12389 = CARTESIAN_POINT('',(1.200872400976,-38.70528137423));
#12390 = ( GEOMETRIC_REPRESENTATION_CONTEXT(2) 
PARAMETRIC_REPRESENTATION_CONTEXT() REPRESENTATION_CONTEXT('2D SPACE',''
  ) );
#12391 = PCURVE('',#10552,#12392);
#12392 = DEFINITIONAL_REPRESENTATION('',(#12393),#12396);
#12393 = B_SPLINE_CURVE_WITH_KNOTS('',1,(#12394,#12395),.UNSPECIFIED.,
  .F.,.F.,(2,2),(19.157640687119,19.557640687119),
  .PIECEWISE_BEZIER_KNOTS.);
#12394 = CARTESIAN_POINT('',(6.59236022878,-9.999999999998E-03));
#12395 = CARTESIAN_POINT('',(6.59236022878,-0.41));
#12396 = ( GEOMETRIC_REPRESENTATION_CONTEXT(2) 
PARAMETRIC_REPRESENTATION_CONTEXT() REPRESENTATION_CONTEXT('2D SPACE',''
  ) );
#12397 = ORIENTED_EDGE('',*,*,#10812,.T.);
#12398 = ORIENTED_EDGE('',*,*,#12399,.T.);
#12399 = EDGE_CURVE('',#10787,#11062,#12400,.T.);
#12400 = SURFACE_CURVE('',#12401,(#12405,#12411),.PCURVE_S1.);
#12401 = LINE('',#12402,#12403);
#12402 = CARTESIAN_POINT('',(275.3766489475,-163.9149425287,
    26.537640687119));
#12403 = VECTOR('',#12404,1.);
#12404 = DIRECTION('',(-0.,0.,1.));
#12405 = PCURVE('',#9556,#12406);
#12406 = DEFINITIONAL_REPRESENTATION('',(#12407),#12410);
#12407 = B_SPLINE_CURVE_WITH_KNOTS('',1,(#12408,#12409),.UNSPECIFIED.,
  .F.,.F.,(2,2),(19.357640687119,19.757640687119),
  .PIECEWISE_BEZIER_KNOTS.);
#12408 = CARTESIAN_POINT('',(0.80058160065,-38.70528137423));
#12409 = CARTESIAN_POINT('',(0.80058160065,-39.10528137423));
#12410 = ( GEOMETRIC_REPRESENTATION_CONTEXT(2) 
PARAMETRIC_REPRESENTATION_CONTEXT() REPRESENTATION_CONTEXT('2D SPACE',''
  ) );
#12411 = PCURVE('',#10801,#12412);
#12412 = DEFINITIONAL_REPRESENTATION('',(#12413),#12416);
#12413 = B_SPLINE_CURVE_WITH_KNOTS('',1,(#12414,#12415),.UNSPECIFIED.,
  .F.,.F.,(2,2),(19.357640687119,19.757640687119),
  .PIECEWISE_BEZIER_KNOTS.);
#12414 = CARTESIAN_POINT('',(6.264447967276,-9.999999999991E-03));
#12415 = CARTESIAN_POINT('',(6.264447967276,-0.41));
#12416 = ( GEOMETRIC_REPRESENTATION_CONTEXT(2) 
PARAMETRIC_REPRESENTATION_CONTEXT() REPRESENTATION_CONTEXT('2D SPACE',''
  ) );
#12417 = ORIENTED_EDGE('',*,*,#11061,.T.);
#12418 = ADVANCED_FACE('',(#12419),#9530,.T.);
#12419 = FACE_BOUND('',#12420,.T.);
#12420 = EDGE_LOOP('',(#12421,#12422,#12443,#12444));
#12421 = ORIENTED_EDGE('',*,*,#9515,.F.);
#12422 = ORIENTED_EDGE('',*,*,#12423,.T.);
#12423 = EDGE_CURVE('',#9490,#9838,#12424,.T.);
#12424 = SURFACE_CURVE('',#12425,(#12429,#12436),.PCURVE_S1.);
#12425 = LINE('',#12426,#12427);
#12426 = CARTESIAN_POINT('',(267.39636306669,-165.9149425287,
    43.885281374239));
#12427 = VECTOR('',#12428,1.);
#12428 = DIRECTION('',(0.,-0.,1.));
#12429 = PCURVE('',#9530,#12430);
#12430 = DEFINITIONAL_REPRESENTATION('',(#12431),#12435);
#12431 = LINE('',#12432,#12433);
#12432 = CARTESIAN_POINT('',(0.,0.));
#12433 = VECTOR('',#12434,1.);
#12434 = DIRECTION('',(0.,-1.));
#12435 = ( GEOMETRIC_REPRESENTATION_CONTEXT(2) 
PARAMETRIC_REPRESENTATION_CONTEXT() REPRESENTATION_CONTEXT('2D SPACE',''
  ) );
#12436 = PCURVE('',#9504,#12437);
#12437 = DEFINITIONAL_REPRESENTATION('',(#12438),#12442);
#12438 = LINE('',#12439,#12440);
#12439 = CARTESIAN_POINT('',(7.255054372944,0.));
#12440 = VECTOR('',#12441,1.);
#12441 = DIRECTION('',(0.,-1.));
#12442 = ( GEOMETRIC_REPRESENTATION_CONTEXT(2) 
PARAMETRIC_REPRESENTATION_CONTEXT() REPRESENTATION_CONTEXT('2D SPACE',''
  ) );
#12443 = ORIENTED_EDGE('',*,*,#9837,.T.);
#12444 = ORIENTED_EDGE('',*,*,#12299,.F.);
#12445 = ADVANCED_FACE('',(#12446),#9504,.T.);
#12446 = FACE_BOUND('',#12447,.T.);
#12447 = EDGE_LOOP('',(#12448,#12449,#12470,#12471));
#12448 = ORIENTED_EDGE('',*,*,#9489,.F.);
#12449 = ORIENTED_EDGE('',*,*,#12450,.T.);
#12450 = EDGE_CURVE('',#9461,#9861,#12451,.T.);
#12451 = SURFACE_CURVE('',#12452,(#12456,#12463),.PCURVE_S1.);
#12452 = LINE('',#12453,#12454);
#12453 = CARTESIAN_POINT('',(266.29317992713,-158.7442521216,
    43.885281374239));
#12454 = VECTOR('',#12455,1.);
#12455 = DIRECTION('',(0.,-0.,1.));
#12456 = PCURVE('',#9504,#12457);
#12457 = DEFINITIONAL_REPRESENTATION('',(#12458),#12462);
#12458 = LINE('',#12459,#12460);
#12459 = CARTESIAN_POINT('',(0.,0.));
#12460 = VECTOR('',#12461,1.);
#12461 = DIRECTION('',(0.,-1.));
#12462 = ( GEOMETRIC_REPRESENTATION_CONTEXT(2) 
PARAMETRIC_REPRESENTATION_CONTEXT() REPRESENTATION_CONTEXT('2D SPACE',''
  ) );
#12463 = PCURVE('',#9477,#12464);
#12464 = DEFINITIONAL_REPRESENTATION('',(#12465),#12469);
#12465 = LINE('',#12466,#12467);
#12466 = CARTESIAN_POINT('',(-1.570796326795,0.));
#12467 = VECTOR('',#12468,1.);
#12468 = DIRECTION('',(-0.,-1.));
#12469 = ( GEOMETRIC_REPRESENTATION_CONTEXT(2) 
PARAMETRIC_REPRESENTATION_CONTEXT() REPRESENTATION_CONTEXT('2D SPACE',''
  ) );
#12470 = ORIENTED_EDGE('',*,*,#9860,.T.);
#12471 = ORIENTED_EDGE('',*,*,#12423,.F.);
#12472 = ADVANCED_FACE('',(#12473),#9477,.T.);
#12473 = FACE_BOUND('',#12474,.F.);
#12474 = EDGE_LOOP('',(#12475,#12476,#12477,#12478));
#12475 = ORIENTED_EDGE('',*,*,#9460,.T.);
#12476 = ORIENTED_EDGE('',*,*,#12450,.T.);
#12477 = ORIENTED_EDGE('',*,*,#9883,.T.);
#12478 = ORIENTED_EDGE('',*,*,#9688,.F.);
#12479 = ADVANCED_FACE('',(#12480),#9805,.T.);
#12480 = FACE_BOUND('',#12481,.T.);
#12481 = EDGE_LOOP('',(#12482,#12483,#12504,#12505));
#12482 = ORIENTED_EDGE('',*,*,#9790,.F.);
#12483 = ORIENTED_EDGE('',*,*,#12484,.T.);
#12484 = EDGE_CURVE('',#9765,#10087,#12485,.T.);
#12485 = SURFACE_CURVE('',#12486,(#12490,#12497),.PCURVE_S1.);
#12486 = LINE('',#12487,#12488);
#12487 = CARTESIAN_POINT('',(267.7395306494,-165.5149425287,
    44.285281374239));
#12488 = VECTOR('',#12489,1.);
#12489 = DIRECTION('',(0.,-0.,1.));
#12490 = PCURVE('',#9805,#12491);
#12491 = DEFINITIONAL_REPRESENTATION('',(#12492),#12496);
#12492 = LINE('',#12493,#12494);
#12493 = CARTESIAN_POINT('',(0.,0.));
#12494 = VECTOR('',#12495,1.);
#12495 = DIRECTION('',(0.,-1.));
#12496 = ( GEOMETRIC_REPRESENTATION_CONTEXT(2) 
PARAMETRIC_REPRESENTATION_CONTEXT() REPRESENTATION_CONTEXT('2D SPACE',''
  ) );
#12497 = PCURVE('',#9779,#12498);
#12498 = DEFINITIONAL_REPRESENTATION('',(#12499),#12503);
#12499 = LINE('',#12500,#12501);
#12500 = CARTESIAN_POINT('',(6.911886790237,0.));
#12501 = VECTOR('',#12502,1.);
#12502 = DIRECTION('',(0.,-1.));
#12503 = ( GEOMETRIC_REPRESENTATION_CONTEXT(2) 
PARAMETRIC_REPRESENTATION_CONTEXT() REPRESENTATION_CONTEXT('2D SPACE',''
  ) );
#12504 = ORIENTED_EDGE('',*,*,#10086,.T.);
#12505 = ORIENTED_EDGE('',*,*,#12319,.F.);
#12506 = ADVANCED_FACE('',(#12507),#9779,.T.);
#12507 = FACE_BOUND('',#12508,.T.);
#12508 = EDGE_LOOP('',(#12509,#12510,#12531,#12532));
#12509 = ORIENTED_EDGE('',*,*,#9764,.F.);
#12510 = ORIENTED_EDGE('',*,*,#12511,.T.);
#12511 = EDGE_CURVE('',#9736,#10110,#12512,.T.);
#12512 = SURFACE_CURVE('',#12513,(#12517,#12524),.PCURVE_S1.);
#12513 = LINE('',#12514,#12515);
#12514 = CARTESIAN_POINT('',(266.68852860619,-158.6834292479,
    44.285281374239));
#12515 = VECTOR('',#12516,1.);
#12516 = DIRECTION('',(0.,-0.,1.));
#12517 = PCURVE('',#9779,#12518);
#12518 = DEFINITIONAL_REPRESENTATION('',(#12519),#12523);
#12519 = LINE('',#12520,#12521);
#12520 = CARTESIAN_POINT('',(0.,0.));
#12521 = VECTOR('',#12522,1.);
#12522 = DIRECTION('',(0.,-1.));
#12523 = ( GEOMETRIC_REPRESENTATION_CONTEXT(2) 
PARAMETRIC_REPRESENTATION_CONTEXT() REPRESENTATION_CONTEXT('2D SPACE',''
  ) );
#12524 = PCURVE('',#9752,#12525);
#12525 = DEFINITIONAL_REPRESENTATION('',(#12526),#12530);
#12526 = LINE('',#12527,#12528);
#12527 = CARTESIAN_POINT('',(-1.570796326795,0.));
#12528 = VECTOR('',#12529,1.);
#12529 = DIRECTION('',(-0.,-1.));
#12530 = ( GEOMETRIC_REPRESENTATION_CONTEXT(2) 
PARAMETRIC_REPRESENTATION_CONTEXT() REPRESENTATION_CONTEXT('2D SPACE',''
  ) );
#12531 = ORIENTED_EDGE('',*,*,#10109,.T.);
#12532 = ORIENTED_EDGE('',*,*,#12484,.F.);
#12533 = ADVANCED_FACE('',(#12534),#9752,.T.);
#12534 = FACE_BOUND('',#12535,.F.);
#12535 = EDGE_LOOP('',(#12536,#12537,#12538,#12539));
#12536 = ORIENTED_EDGE('',*,*,#9735,.T.);
#12537 = ORIENTED_EDGE('',*,*,#12511,.T.);
#12538 = ORIENTED_EDGE('',*,*,#10132,.T.);
#12539 = ORIENTED_EDGE('',*,*,#9937,.F.);
#12540 = ADVANCED_FACE('',(#12541),#10054,.T.);
#12541 = FACE_BOUND('',#12542,.T.);
#12542 = EDGE_LOOP('',(#12543,#12544,#12565,#12566));
#12543 = ORIENTED_EDGE('',*,*,#10039,.F.);
#12544 = ORIENTED_EDGE('',*,*,#12545,.T.);
#12545 = EDGE_CURVE('',#10014,#10336,#12546,.T.);
#12546 = SURFACE_CURVE('',#12547,(#12551,#12558),.PCURVE_S1.);
#12547 = LINE('',#12548,#12549);
#12548 = CARTESIAN_POINT('',(268.0826982321,-165.1149425287,
    44.685281374239));
#12549 = VECTOR('',#12550,1.);
#12550 = DIRECTION('',(0.,-0.,1.));
#12551 = PCURVE('',#10054,#12552);
#12552 = DEFINITIONAL_REPRESENTATION('',(#12553),#12557);
#12553 = LINE('',#12554,#12555);
#12554 = CARTESIAN_POINT('',(0.,0.));
#12555 = VECTOR('',#12556,1.);
#12556 = DIRECTION('',(0.,-1.));
#12557 = ( GEOMETRIC_REPRESENTATION_CONTEXT(2) 
PARAMETRIC_REPRESENTATION_CONTEXT() REPRESENTATION_CONTEXT('2D SPACE',''
  ) );
#12558 = PCURVE('',#10028,#12559);
#12559 = DEFINITIONAL_REPRESENTATION('',(#12560),#12564);
#12560 = LINE('',#12561,#12562);
#12561 = CARTESIAN_POINT('',(6.568719207531,0.));
#12562 = VECTOR('',#12563,1.);
#12563 = DIRECTION('',(0.,-1.));
#12564 = ( GEOMETRIC_REPRESENTATION_CONTEXT(2) 
PARAMETRIC_REPRESENTATION_CONTEXT() REPRESENTATION_CONTEXT('2D SPACE',''
  ) );
#12565 = ORIENTED_EDGE('',*,*,#10335,.T.);
#12566 = ORIENTED_EDGE('',*,*,#12339,.F.);
#12567 = ADVANCED_FACE('',(#12568),#10028,.T.);
#12568 = FACE_BOUND('',#12569,.T.);
#12569 = EDGE_LOOP('',(#12570,#12571,#12592,#12593));
#12570 = ORIENTED_EDGE('',*,*,#10013,.F.);
#12571 = ORIENTED_EDGE('',*,*,#12572,.T.);
#12572 = EDGE_CURVE('',#9985,#10359,#12573,.T.);
#12573 = SURFACE_CURVE('',#12574,(#12578,#12585),.PCURVE_S1.);
#12574 = LINE('',#12575,#12576);
#12575 = CARTESIAN_POINT('',(267.08387728525,-158.6226063741,
    44.685281374239));
#12576 = VECTOR('',#12577,1.);
#12577 = DIRECTION('',(0.,-0.,1.));
#12578 = PCURVE('',#10028,#12579);
#12579 = DEFINITIONAL_REPRESENTATION('',(#12580),#12584);
#12580 = LINE('',#12581,#12582);
#12581 = CARTESIAN_POINT('',(0.,0.));
#12582 = VECTOR('',#12583,1.);
#12583 = DIRECTION('',(0.,-1.));
#12584 = ( GEOMETRIC_REPRESENTATION_CONTEXT(2) 
PARAMETRIC_REPRESENTATION_CONTEXT() REPRESENTATION_CONTEXT('2D SPACE',''
  ) );
#12585 = PCURVE('',#10001,#12586);
#12586 = DEFINITIONAL_REPRESENTATION('',(#12587),#12591);
#12587 = LINE('',#12588,#12589);
#12588 = CARTESIAN_POINT('',(-1.570796326795,0.));
#12589 = VECTOR('',#12590,1.);
#12590 = DIRECTION('',(-0.,-1.));
#12591 = ( GEOMETRIC_REPRESENTATION_CONTEXT(2) 
PARAMETRIC_REPRESENTATION_CONTEXT() REPRESENTATION_CONTEXT('2D SPACE',''
  ) );
#12592 = ORIENTED_EDGE('',*,*,#10358,.T.);
#12593 = ORIENTED_EDGE('',*,*,#12545,.F.);
#12594 = ADVANCED_FACE('',(#12595),#10001,.T.);
#12595 = FACE_BOUND('',#12596,.F.);
#12596 = EDGE_LOOP('',(#12597,#12598,#12599,#12600));
#12597 = ORIENTED_EDGE('',*,*,#9984,.T.);
#12598 = ORIENTED_EDGE('',*,*,#12572,.T.);
#12599 = ORIENTED_EDGE('',*,*,#10381,.T.);
#12600 = ORIENTED_EDGE('',*,*,#10186,.F.);
#12601 = ADVANCED_FACE('',(#12602),#10303,.T.);
#12602 = FACE_BOUND('',#12603,.T.);
#12603 = EDGE_LOOP('',(#12604,#12605,#12626,#12627));
#12604 = ORIENTED_EDGE('',*,*,#10288,.F.);
#12605 = ORIENTED_EDGE('',*,*,#12606,.T.);
#12606 = EDGE_CURVE('',#10263,#10585,#12607,.T.);
#12607 = SURFACE_CURVE('',#12608,(#12612,#12619),.PCURVE_S1.);
#12608 = LINE('',#12609,#12610);
#12609 = CARTESIAN_POINT('',(268.42586581481,-164.7149425287,
    45.085281374239));
#12610 = VECTOR('',#12611,1.);
#12611 = DIRECTION('',(0.,-0.,1.));
#12612 = PCURVE('',#10303,#12613);
#12613 = DEFINITIONAL_REPRESENTATION('',(#12614),#12618);
#12614 = LINE('',#12615,#12616);
#12615 = CARTESIAN_POINT('',(0.,0.));
#12616 = VECTOR('',#12617,1.);
#12617 = DIRECTION('',(0.,-1.));
#12618 = ( GEOMETRIC_REPRESENTATION_CONTEXT(2) 
PARAMETRIC_REPRESENTATION_CONTEXT() REPRESENTATION_CONTEXT('2D SPACE',''
  ) );
#12619 = PCURVE('',#10277,#12620);
#12620 = DEFINITIONAL_REPRESENTATION('',(#12621),#12625);
#12621 = LINE('',#12622,#12623);
#12622 = CARTESIAN_POINT('',(6.225551624824,0.));
#12623 = VECTOR('',#12624,1.);
#12624 = DIRECTION('',(0.,-1.));
#12625 = ( GEOMETRIC_REPRESENTATION_CONTEXT(2) 
PARAMETRIC_REPRESENTATION_CONTEXT() REPRESENTATION_CONTEXT('2D SPACE',''
  ) );
#12626 = ORIENTED_EDGE('',*,*,#10584,.T.);
#12627 = ORIENTED_EDGE('',*,*,#12359,.F.);
#12628 = ADVANCED_FACE('',(#12629),#10277,.T.);
#12629 = FACE_BOUND('',#12630,.T.);
#12630 = EDGE_LOOP('',(#12631,#12632,#12653,#12654));
#12631 = ORIENTED_EDGE('',*,*,#10262,.F.);
#12632 = ORIENTED_EDGE('',*,*,#12633,.T.);
#12633 = EDGE_CURVE('',#10234,#10608,#12634,.T.);
#12634 = SURFACE_CURVE('',#12635,(#12639,#12646),.PCURVE_S1.);
#12635 = LINE('',#12636,#12637);
#12636 = CARTESIAN_POINT('',(267.47922596431,-158.5617835004,
    45.085281374239));
#12637 = VECTOR('',#12638,1.);
#12638 = DIRECTION('',(0.,-0.,1.));
#12639 = PCURVE('',#10277,#12640);
#12640 = DEFINITIONAL_REPRESENTATION('',(#12641),#12645);
#12641 = LINE('',#12642,#12643);
#12642 = CARTESIAN_POINT('',(0.,0.));
#12643 = VECTOR('',#12644,1.);
#12644 = DIRECTION('',(0.,-1.));
#12645 = ( GEOMETRIC_REPRESENTATION_CONTEXT(2) 
PARAMETRIC_REPRESENTATION_CONTEXT() REPRESENTATION_CONTEXT('2D SPACE',''
  ) );
#12646 = PCURVE('',#10250,#12647);
#12647 = DEFINITIONAL_REPRESENTATION('',(#12648),#12652);
#12648 = LINE('',#12649,#12650);
#12649 = CARTESIAN_POINT('',(-1.570796326795,0.));
#12650 = VECTOR('',#12651,1.);
#12651 = DIRECTION('',(-0.,-1.));
#12652 = ( GEOMETRIC_REPRESENTATION_CONTEXT(2) 
PARAMETRIC_REPRESENTATION_CONTEXT() REPRESENTATION_CONTEXT('2D SPACE',''
  ) );
#12653 = ORIENTED_EDGE('',*,*,#10607,.T.);
#12654 = ORIENTED_EDGE('',*,*,#12606,.F.);
#12655 = ADVANCED_FACE('',(#12656),#10250,.T.);
#12656 = FACE_BOUND('',#12657,.F.);
#12657 = EDGE_LOOP('',(#12658,#12659,#12660,#12661));
#12658 = ORIENTED_EDGE('',*,*,#10233,.T.);
#12659 = ORIENTED_EDGE('',*,*,#12633,.T.);
#12660 = ORIENTED_EDGE('',*,*,#10630,.T.);
#12661 = ORIENTED_EDGE('',*,*,#10435,.F.);
#12662 = ADVANCED_FACE('',(#12663),#10552,.T.);
#12663 = FACE_BOUND('',#12664,.T.);
#12664 = EDGE_LOOP('',(#12665,#12666,#12687,#12688));
#12665 = ORIENTED_EDGE('',*,*,#10537,.F.);
#12666 = ORIENTED_EDGE('',*,*,#12667,.T.);
#12667 = EDGE_CURVE('',#10512,#10834,#12668,.T.);
#12668 = SURFACE_CURVE('',#12669,(#12673,#12680),.PCURVE_S1.);
#12669 = LINE('',#12670,#12671);
#12670 = CARTESIAN_POINT('',(268.76903339752,-164.3149425287,
    45.485281374239));
#12671 = VECTOR('',#12672,1.);
#12672 = DIRECTION('',(0.,-0.,1.));
#12673 = PCURVE('',#10552,#12674);
#12674 = DEFINITIONAL_REPRESENTATION('',(#12675),#12679);
#12675 = LINE('',#12676,#12677);
#12676 = CARTESIAN_POINT('',(0.,0.));
#12677 = VECTOR('',#12678,1.);
#12678 = DIRECTION('',(0.,-1.));
#12679 = ( GEOMETRIC_REPRESENTATION_CONTEXT(2) 
PARAMETRIC_REPRESENTATION_CONTEXT() REPRESENTATION_CONTEXT('2D SPACE',''
  ) );
#12680 = PCURVE('',#10526,#12681);
#12681 = DEFINITIONAL_REPRESENTATION('',(#12682),#12686);
#12682 = LINE('',#12683,#12684);
#12683 = CARTESIAN_POINT('',(5.882384042117,0.));
#12684 = VECTOR('',#12685,1.);
#12685 = DIRECTION('',(0.,-1.));
#12686 = ( GEOMETRIC_REPRESENTATION_CONTEXT(2) 
PARAMETRIC_REPRESENTATION_CONTEXT() REPRESENTATION_CONTEXT('2D SPACE',''
  ) );
#12687 = ORIENTED_EDGE('',*,*,#10833,.T.);
#12688 = ORIENTED_EDGE('',*,*,#12379,.F.);
#12689 = ADVANCED_FACE('',(#12690),#10526,.T.);
#12690 = FACE_BOUND('',#12691,.T.);
#12691 = EDGE_LOOP('',(#12692,#12693,#12714,#12715));
#12692 = ORIENTED_EDGE('',*,*,#10511,.F.);
#12693 = ORIENTED_EDGE('',*,*,#12694,.T.);
#12694 = EDGE_CURVE('',#10483,#10857,#12695,.T.);
#12695 = SURFACE_CURVE('',#12696,(#12700,#12707),.PCURVE_S1.);
#12696 = LINE('',#12697,#12698);
#12697 = CARTESIAN_POINT('',(267.87457464337,-158.5009606267,
    45.485281374239));
#12698 = VECTOR('',#12699,1.);
#12699 = DIRECTION('',(0.,-0.,1.));
#12700 = PCURVE('',#10526,#12701);
#12701 = DEFINITIONAL_REPRESENTATION('',(#12702),#12706);
#12702 = LINE('',#12703,#12704);
#12703 = CARTESIAN_POINT('',(0.,0.));
#12704 = VECTOR('',#12705,1.);
#12705 = DIRECTION('',(0.,-1.));
#12706 = ( GEOMETRIC_REPRESENTATION_CONTEXT(2) 
PARAMETRIC_REPRESENTATION_CONTEXT() REPRESENTATION_CONTEXT('2D SPACE',''
  ) );
#12707 = PCURVE('',#10499,#12708);
#12708 = DEFINITIONAL_REPRESENTATION('',(#12709),#12713);
#12709 = LINE('',#12710,#12711);
#12710 = CARTESIAN_POINT('',(-1.570796326795,0.));
#12711 = VECTOR('',#12712,1.);
#12712 = DIRECTION('',(-0.,-1.));
#12713 = ( GEOMETRIC_REPRESENTATION_CONTEXT(2) 
PARAMETRIC_REPRESENTATION_CONTEXT() REPRESENTATION_CONTEXT('2D SPACE',''
  ) );
#12714 = ORIENTED_EDGE('',*,*,#10856,.T.);
#12715 = ORIENTED_EDGE('',*,*,#12667,.F.);
#12716 = ADVANCED_FACE('',(#12717),#10499,.T.);
#12717 = FACE_BOUND('',#12718,.F.);
#12718 = EDGE_LOOP('',(#12719,#12720,#12721,#12722));
#12719 = ORIENTED_EDGE('',*,*,#10482,.T.);
#12720 = ORIENTED_EDGE('',*,*,#12694,.T.);
#12721 = ORIENTED_EDGE('',*,*,#10879,.T.);
#12722 = ORIENTED_EDGE('',*,*,#10684,.F.);
#12723 = ADVANCED_FACE('',(#12724),#10801,.T.);
#12724 = FACE_BOUND('',#12725,.T.);
#12725 = EDGE_LOOP('',(#12726,#12727,#12748,#12749));
#12726 = ORIENTED_EDGE('',*,*,#10786,.F.);
#12727 = ORIENTED_EDGE('',*,*,#12728,.T.);
#12728 = EDGE_CURVE('',#10761,#11083,#12729,.T.);
#12729 = SURFACE_CURVE('',#12730,(#12734,#12741),.PCURVE_S1.);
#12730 = LINE('',#12731,#12732);
#12731 = CARTESIAN_POINT('',(269.11220098022,-163.9149425287,
    45.885281374239));
#12732 = VECTOR('',#12733,1.);
#12733 = DIRECTION('',(0.,-0.,1.));
#12734 = PCURVE('',#10801,#12735);
#12735 = DEFINITIONAL_REPRESENTATION('',(#12736),#12740);
#12736 = LINE('',#12737,#12738);
#12737 = CARTESIAN_POINT('',(0.,0.));
#12738 = VECTOR('',#12739,1.);
#12739 = DIRECTION('',(0.,-1.));
#12740 = ( GEOMETRIC_REPRESENTATION_CONTEXT(2) 
PARAMETRIC_REPRESENTATION_CONTEXT() REPRESENTATION_CONTEXT('2D SPACE',''
  ) );
#12741 = PCURVE('',#10775,#12742);
#12742 = DEFINITIONAL_REPRESENTATION('',(#12743),#12747);
#12743 = LINE('',#12744,#12745);
#12744 = CARTESIAN_POINT('',(5.539216459411,0.));
#12745 = VECTOR('',#12746,1.);
#12746 = DIRECTION('',(0.,-1.));
#12747 = ( GEOMETRIC_REPRESENTATION_CONTEXT(2) 
PARAMETRIC_REPRESENTATION_CONTEXT() REPRESENTATION_CONTEXT('2D SPACE',''
  ) );
#12748 = ORIENTED_EDGE('',*,*,#11082,.T.);
#12749 = ORIENTED_EDGE('',*,*,#12399,.F.);
#12750 = ADVANCED_FACE('',(#12751),#10775,.T.);
#12751 = FACE_BOUND('',#12752,.T.);
#12752 = EDGE_LOOP('',(#12753,#12754,#12775,#12776));
#12753 = ORIENTED_EDGE('',*,*,#10760,.F.);
#12754 = ORIENTED_EDGE('',*,*,#12755,.T.);
#12755 = EDGE_CURVE('',#10732,#11106,#12756,.T.);
#12756 = SURFACE_CURVE('',#12757,(#12761,#12768),.PCURVE_S1.);
#12757 = LINE('',#12758,#12759);
#12758 = CARTESIAN_POINT('',(268.26992332243,-158.440137753,
    45.885281374239));
#12759 = VECTOR('',#12760,1.);
#12760 = DIRECTION('',(0.,-0.,1.));
#12761 = PCURVE('',#10775,#12762);
#12762 = DEFINITIONAL_REPRESENTATION('',(#12763),#12767);
#12763 = LINE('',#12764,#12765);
#12764 = CARTESIAN_POINT('',(0.,0.));
#12765 = VECTOR('',#12766,1.);
#12766 = DIRECTION('',(0.,-1.));
#12767 = ( GEOMETRIC_REPRESENTATION_CONTEXT(2) 
PARAMETRIC_REPRESENTATION_CONTEXT() REPRESENTATION_CONTEXT('2D SPACE',''
  ) );
#12768 = PCURVE('',#10748,#12769);
#12769 = DEFINITIONAL_REPRESENTATION('',(#12770),#12774);
#12770 = LINE('',#12771,#12772);
#12771 = CARTESIAN_POINT('',(-1.570796326795,0.));
#12772 = VECTOR('',#12773,1.);
#12773 = DIRECTION('',(-0.,-1.));
#12774 = ( GEOMETRIC_REPRESENTATION_CONTEXT(2) 
PARAMETRIC_REPRESENTATION_CONTEXT() REPRESENTATION_CONTEXT('2D SPACE',''
  ) );
#12775 = ORIENTED_EDGE('',*,*,#11105,.T.);
#12776 = ORIENTED_EDGE('',*,*,#12728,.F.);
#12777 = ADVANCED_FACE('',(#12778),#10748,.T.);
#12778 = FACE_BOUND('',#12779,.F.);
#12779 = EDGE_LOOP('',(#12780,#12781,#12782,#12783));
#12780 = ORIENTED_EDGE('',*,*,#10731,.T.);
#12781 = ORIENTED_EDGE('',*,*,#12755,.T.);
#12782 = ORIENTED_EDGE('',*,*,#11128,.T.);
#12783 = ORIENTED_EDGE('',*,*,#10933,.F.);
#12784 = ADVANCED_FACE('',(#12785),#11050,.T.);
#12785 = FACE_BOUND('',#12786,.T.);
#12786 = EDGE_LOOP('',(#12787,#12788,#12809,#12810));
#12787 = ORIENTED_EDGE('',*,*,#11035,.F.);
#12788 = ORIENTED_EDGE('',*,*,#12789,.T.);
#12789 = EDGE_CURVE('',#11010,#11276,#12790,.T.);
#12790 = SURFACE_CURVE('',#12791,(#12795,#12802),.PCURVE_S1.);
#12791 = LINE('',#12792,#12793);
#12792 = CARTESIAN_POINT('',(269.45536856293,-163.5149425287,
    46.285281374239));
#12793 = VECTOR('',#12794,1.);
#12794 = DIRECTION('',(0.,-0.,1.));
#12795 = PCURVE('',#11050,#12796);
#12796 = DEFINITIONAL_REPRESENTATION('',(#12797),#12801);
#12797 = LINE('',#12798,#12799);
#12798 = CARTESIAN_POINT('',(0.,0.));
#12799 = VECTOR('',#12800,1.);
#12800 = DIRECTION('',(0.,-1.));
#12801 = ( GEOMETRIC_REPRESENTATION_CONTEXT(2) 
PARAMETRIC_REPRESENTATION_CONTEXT() REPRESENTATION_CONTEXT('2D SPACE',''
  ) );
#12802 = PCURVE('',#11024,#12803);
#12803 = DEFINITIONAL_REPRESENTATION('',(#12804),#12808);
#12804 = LINE('',#12805,#12806);
#12805 = CARTESIAN_POINT('',(5.196048876704,0.));
#12806 = VECTOR('',#12807,1.);
#12807 = DIRECTION('',(0.,-1.));
#12808 = ( GEOMETRIC_REPRESENTATION_CONTEXT(2) 
PARAMETRIC_REPRESENTATION_CONTEXT() REPRESENTATION_CONTEXT('2D SPACE',''
  ) );
#12809 = ORIENTED_EDGE('',*,*,#11275,.F.);
#12810 = ORIENTED_EDGE('',*,*,#12277,.F.);
#12811 = ADVANCED_FACE('',(#12812),#11024,.T.);
#12812 = FACE_BOUND('',#12813,.T.);
#12813 = EDGE_LOOP('',(#12814,#12815,#12836,#12837));
#12814 = ORIENTED_EDGE('',*,*,#11009,.F.);
#12815 = ORIENTED_EDGE('',*,*,#12816,.T.);
#12816 = EDGE_CURVE('',#10981,#11297,#12817,.T.);
#12817 = SURFACE_CURVE('',#12818,(#12822,#12829),.PCURVE_S1.);
#12818 = LINE('',#12819,#12820);
#12819 = CARTESIAN_POINT('',(268.66527200149,-158.3793148793,
    46.285281374239));
#12820 = VECTOR('',#12821,1.);
#12821 = DIRECTION('',(0.,-0.,1.));
#12822 = PCURVE('',#11024,#12823);
#12823 = DEFINITIONAL_REPRESENTATION('',(#12824),#12828);
#12824 = LINE('',#12825,#12826);
#12825 = CARTESIAN_POINT('',(0.,0.));
#12826 = VECTOR('',#12827,1.);
#12827 = DIRECTION('',(0.,-1.));
#12828 = ( GEOMETRIC_REPRESENTATION_CONTEXT(2) 
PARAMETRIC_REPRESENTATION_CONTEXT() REPRESENTATION_CONTEXT('2D SPACE',''
  ) );
#12829 = PCURVE('',#10997,#12830);
#12830 = DEFINITIONAL_REPRESENTATION('',(#12831),#12835);
#12831 = LINE('',#12832,#12833);
#12832 = CARTESIAN_POINT('',(-1.570796326795,0.));
#12833 = VECTOR('',#12834,1.);
#12834 = DIRECTION('',(-0.,-1.));
#12835 = ( GEOMETRIC_REPRESENTATION_CONTEXT(2) 
PARAMETRIC_REPRESENTATION_CONTEXT() REPRESENTATION_CONTEXT('2D SPACE',''
  ) );
#12836 = ORIENTED_EDGE('',*,*,#11296,.F.);
#12837 = ORIENTED_EDGE('',*,*,#12789,.F.);
#12838 = ADVANCED_FACE('',(#12839),#10997,.T.);
#12839 = FACE_BOUND('',#12840,.F.);
#12840 = EDGE_LOOP('',(#12841,#12842,#12843,#12844));
#12841 = ORIENTED_EDGE('',*,*,#11180,.F.);
#12842 = ORIENTED_EDGE('',*,*,#10980,.T.);
#12843 = ORIENTED_EDGE('',*,*,#12816,.T.);
#12844 = ORIENTED_EDGE('',*,*,#11317,.F.);
#12845 = ( GEOMETRIC_REPRESENTATION_CONTEXT(3) 
GLOBAL_UNCERTAINTY_ASSIGNED_CONTEXT((#12849)) 
GLOBAL_UNIT_ASSIGNED_CONTEXT((#12846,#12847,#12848)) 
REPRESENTATION_CONTEXT('Context #1',
  '3D Context with UNIT and UNCERTAINTY') );
#12846 = ( LENGTH_UNIT() NAMED_UNIT(*) SI_UNIT(.MILLI.,.METRE.) );
#12847 = ( NAMED_UNIT(*) PLANE_ANGLE_UNIT() SI_UNIT($,.RADIAN.) );
#12848 = ( NAMED_UNIT(*) SI_UNIT($,.STERADIAN.) SOLID_ANGLE_UNIT() );
#12849 = UNCERTAINTY_MEASURE_WITH_UNIT(LENGTH_MEASURE(2.E-07),#12846,
  'distance_accuracy_value','confusion accuracy');
#12850 = CONTEXT_DEPENDENT_SHAPE_REPRESENTATION(#12851,#12853);
#12851 = ( REPRESENTATION_RELATIONSHIP('','',#32,#10) 
REPRESENTATION_RELATIONSHIP_WITH_TRANSFORMATION(#12852) 
SHAPE_REPRESENTATION_RELATIONSHIP() );
#12852 = ITEM_DEFINED_TRANSFORMATION('','',#11,#15);
#12853 = PRODUCT_DEFINITION_SHAPE('Placement','Placement of an item',
  #12854);
#12854 = NEXT_ASSEMBLY_USAGE_OCCURRENCE('2','=>[0:1:1:2]','',#5,#27,$);
#12855 = PRODUCT_RELATED_PRODUCT_CATEGORY('part',$,(#29));
ENDSEC;
END-ISO-10303-21;
